id,discipline,statement,source,page,stage,reviewStatus,flags,reviewLevel,semanticVerdict,location
ca_Mrc7LZYx,艺术,能演奏简单的锣鼓经片段或其他节奏型，并进行独奏、合奏或为演唱和游戏伴奏,• 会演奏简单的锣鼓经片段或其他节奏型，能进行独奏、合奏或为演唱和游戏伴奏。,24,"{""min"": ""G1"", ""max"": ""G2""}",ai-reviewed,[],deterministic-screen-only,not-adjudicated,anchors/art.jsonl:2
ca_9MTwuMQj,艺术,能听辨音乐中的情绪和情感变化，并判断是哪些音乐要素引起,· 能听辨音乐中的情绪和情感变化，并判断是哪些音乐要素引起,29,"{""min"": ""G3"", ""max"": ""G5""}",ai-reviewed,"[""A13""]",deterministic-screen-only,not-adjudicated,anchors/art.jsonl:7
ca_HDJJgXgG,艺术,能根据情感表达和生活需要，为具体情境选用合适的音乐,初步了解不同体裁与形式、不同风格的音乐与生活的关系，能根据情感表达和生活需要，选用合适的音乐。,30,"{""min"": ""G3"", ""max"": ""G5""}",ai-reviewed,"[""A08"", ""A13""]",deterministic-screen-only,not-adjudicated,anchors/art.jsonl:8
ca_CLymqGRK,艺术,能从音乐要素的角度简单分析音乐情绪、情感产生变化的原因,·能听辨音乐中的情绪和情感变化，能从音乐要素的角度简单分析音乐情绪、情感产生变化的原因。,31,"{""min"": ""G8"", ""max"": ""G9""}",ai-reviewed,"[""A13""]",deterministic-screen-only,not-adjudicated,anchors/art.jsonl:10
ca_3cFkErs7,艺术,能区分歌曲的不同类别和演唱形式,·能区分歌曲的不同类别和演唱形式；,31,"{""min"": ""G8"", ""max"": ""G9""}",ai-reviewed,[],deterministic-screen-only,not-adjudicated,anchors/art.jsonl:13
ca_SibDLmx3,艺术,能区分我国有代表性的地区和民族音乐的风格,能区分我国有代表性的地区和民族音乐的风格。,31,"{""min"": ""G8"", ""max"": ""G9""}",ai-reviewed,[],deterministic-screen-only,not-adjudicated,anchors/art.jsonl:15
ca_4Rj3vE85,艺术,能说出音乐与舞蹈、戏剧、影视在表现形式上的区别和联系,• 初步了解音乐在舞蹈、戏剧（含戏曲）、影视（含数字媒体艺术）等综合艺术中的作用，能说出它们在表现形式上的区别和联系。,32,"{""min"": ""G8"", ""max"": ""G9""}",ai-reviewed,[],deterministic-screen-only,not-adjudicated,anchors/art.jsonl:16
ca_UNbvxHKe,艺术,能根据情感表达或与人交流的需要，选用合适的音乐,• 在生活中，能根据情感表达或与人交流的需要，选用合适的音乐。,32,"{""min"": ""G8"", ""max"": ""G9""}",ai-reviewed,"[""A13""]",deterministic-screen-only,not-adjudicated,anchors/art.jsonl:18
ca_NBdvkmXC,艺术,能说出所听乐曲的体裁、类别和表现形式，并分析其特点与表现作用,• 能区分所听音乐的体裁、类别和表现形式，运用所学知识分析其特点和表现作用，阐述音乐表现要素与体裁、形式之间的关系；,32,"{""min"": ""G8"", ""max"": ""G9""}",ai-reviewed,[],deterministic-screen-only,not-adjudicated,anchors/art.jsonl:19
ca_SxrKsY92,艺术,能区分所听音乐的体裁、类别和表现形式，并运用所学知识分析其特点和表现作用,• 能区分所听音乐的体裁、类别和表现形式，运用所学知识分析其特点和表现作用，阐述音乐表现要素与体裁、形式之间的关系；,32,"{""min"": ""G8"", ""max"": ""G9""}",ai-reviewed,"[""A09""]",deterministic-screen-only,not-adjudicated,anchors/art.jsonl:20
ca_n2A3hBPG,艺术,能运用所学知识和听觉经验区分中国民歌的基本体裁,• 感知、了解中国民族音乐的体裁、形式和审美特征，能运用所学知识和听觉经验，区分民歌的基本体裁，对我国有代表性的民歌或器乐曲的体裁、特点、风格、意蕴等作出判断和简单描述。,32,"{""min"": ""G8"", ""max"": ""G9""}",ai-reviewed,[],deterministic-screen-only,not-adjudicated,anchors/art.jsonl:21
ca_MQCrMQfj,艺术,能对有代表性的世界民族民间音乐及优秀创作作品的体裁、形式、审美特征和风格类型作出判断和简单描述,• 感知、了解有代表性的世界民族民间音乐，以及优秀创作作品的体裁、形式、审美特征和风格类型，能作出判断和简单描述。,32,"{""min"": ""G8"", ""max"": ""G9""}",ai-reviewed,[],deterministic-screen-only,not-adjudicated,anchors/art.jsonl:22
ca_tYiB4tEC,艺术,能对舞蹈、戏剧（含戏曲）、影视（含数字媒体艺术）等姊妹艺术中音乐的特点及其表现作用作出分析和评价,• 能对舞蹈、戏剧（含戏曲）、影视（含数字媒体艺术）等姊妹艺术中音乐的特点及其表现作用作出分析和评价。,32,"{""min"": ""G8"", ""max"": ""G9""}",ai-reviewed,[],deterministic-screen-only,not-adjudicated,anchors/art.jsonl:23
ca_HNcVRaNT,艺术,熟悉常用音乐记号，在演唱中能正确地加以表现或根据指挥提示调整自己的演唱,· 熟悉常用音乐记号，在演唱中能正确地加以表现或根据指挥提示调整自己的演唱；,36,"{""min"": ""G6"", ""max"": ""G7""}",ai-reviewed,[],deterministic-screen-only,not-adjudicated,anchors/art.jsonl:29
ca_JQ2P7v3R,艺术,能比较顺畅地识读简单乐谱,• 具备识谱能力，能比较顺畅地识读简单乐谱。,38,"{""min"": ""G8"", ""max"": ""G9""}",ai-reviewed,[],deterministic-screen-only,not-adjudicated,anchors/art.jsonl:33
ca_P75d86DG,艺术,能在演奏中融入个性化的理解和创意，表现音乐的风格和特点,· 能在演奏中融入个性化的理解和创意，表现音乐的风格和特点。,41,"{""min"": ""G8"", ""max"": ""G9""}",ai-reviewed,[],deterministic-screen-only,not-adjudicated,anchors/art.jsonl:45
ca_Y65MiK6b,艺术,运用乐器编创和表现具有完整结构的短小音乐作品，表达自己的想法和情感,运用乐器编创和表现具有完整结构的短小音乐作品，表达自己的想法和情感。,41,"{""min"": ""G8"", ""max"": ""G9""}",ai-reviewed,"[""A13""]",deterministic-screen-only,not-adjudicated,anchors/art.jsonl:47
ca_HueWm8JV,艺术,能根据要求，采用合适的方式进行即兴创作，完成配乐或伴奏,• 能根据要求，采用合适的方式进行即兴创作，完成配乐或伴奏。,44,"{""min"": ""G8"", ""max"": ""G9""}",ai-reviewed,[],deterministic-screen-only,not-adjudicated,anchors/art.jsonl:52
ca_ViFhCEpr,艺术,按要求独立或与他人合作编创、表现有重复和变化的节奏或旋律,• 按要求独立或与他人合作编创、表现有重复和变化的节奏或旋律；,44,"{""min"": ""G8"", ""max"": ""G9""}",ai-reviewed,"[""A09""]",deterministic-screen-only,not-adjudicated,anchors/art.jsonl:53
ca_KZnXdrmV,艺术,能构思音乐创作的主题和内容，并运用一定的技法完成富有新意的节奏型、简单歌曲或乐曲编创,·能构思音乐创作的主题和内容，并运用一定的技法完成富有新意的节奏型、简单歌曲或乐曲编创。,45,"{""min"": ""G8"", ""max"": ""G9""}",ai-reviewed,[],deterministic-screen-only,not-adjudicated,anchors/art.jsonl:54
ca_aeXFwdhF,艺术,能运用相关软件或其他技术，进行简单的音乐编创或编辑,·能运用相关软件或其他技术，进行简单的音乐编创或编辑。,45,"{""min"": ""G8"", ""max"": ""G9""}",ai-reviewed,[],deterministic-screen-only,not-adjudicated,anchors/art.jsonl:55
ca_ZybYqDTi,艺术,能说出一段舞蹈或戏剧片段的审美特征与风格特点，并解释其表现内容和内在意蕴,7年级· 能感知和了解舞蹈、戏剧（含戏曲）等综合性表演艺术的审美特征与风格特点，理解作品的表现内容和内在意蕴。,48,"{""min"": ""G8"", ""max"": ""G9""}",ai-reviewed,"[""A09""]",deterministic-screen-only,not-adjudicated,anchors/art.jsonl:59
ca_KzbhtJPw,艺术,能对音乐在舞蹈、戏剧（含戏曲）、影视（含数字媒体艺术）等艺术中的表现作用作出一定的分析评价,· 能对音乐在舞蹈、戏剧（含戏曲）、影视（含数字媒体艺术）等艺术中的表现作用作出一定的分析评价。,48,"{""min"": ""G8"", ""max"": ""G9""}",ai-reviewed,[],deterministic-screen-only,not-adjudicated,anchors/art.jsonl:62
ca_y8igaEis,艺术,能用动作、人声、乐器及其他声音材料进行模仿或表现,·能发现自然界和生活中一些有规律或有特点的声音，能用动作、人声、乐器及其他声音材料进行模仿或表现。,51,"{""min"": ""G3"", ""max"": ""G5""}",ai-reviewed,[],deterministic-screen-only,not-adjudicated,anchors/art.jsonl:67
ca_9h3jXhQd,艺术,能在家庭或社会音乐活动中表演节目或提供服务,积极参加家庭或社会的音乐活动，能在其中承担表演或服务的任务。,52,"{""min"": ""G8"", ""max"": ""G9""}",ai-reviewed,[],deterministic-screen-only,not-adjudicated,anchors/art.jsonl:77
ca_JuwMpqAG,艺术,能在艺术活动结束后，收拾整理工具和材料，保持课桌和教室整洁,· 在活动结束时，能收拾、整理工具和材料，保持课桌和教室的整洁。,57,"{""min"": ""G1"", ""max"": ""G1""}",ai-reviewed,[],deterministic-screen-only,not-adjudicated,anchors/art.jsonl:87
ca_E7X5tLJn,艺术,能使用图形化工具和简单的程序语言设计日常物品与居室环境,• 尝试通过图形化工具，运用简单的程序语言，设计日常物品与居室环境，体验编程与设计的关系。,64,"{""min"": ""G6"", ""max"": ""G7""}",ai-reviewed,"[""A09""]",deterministic-screen-only,not-adjudicated,anchors/art.jsonl:94
ca_Rg2mNCdA,艺术,能提出各种构想，尝试用多种表现形式和方法创作美术作品,• 能提出各种构想，尝试用多种表现形式和方法创作美术作品。,68,"{""min"": ""G8"", ""max"": ""G9""}",ai-reviewed,[],deterministic-screen-only,not-adjudicated,anchors/art.jsonl:97
ca_AmiAFxFQ,艺术,能主动探寻解决方案，持之以恒地认真完成创作,• 在创作中遇到问题时，能主动探寻解决方案，持之以恒地认真完成创作。,68,"{""min"": ""G8"", ""max"": ""G9""}",ai-reviewed,[],deterministic-screen-only,not-adjudicated,anchors/art.jsonl:98
ca_CAPMuZru,艺术,能根据需要设计海报、请柬等,· 能根据需要设计海报、请柬等。,69,"{""min"": ""G8"", ""max"": ""G9""}",ai-reviewed,"[""A09""]",deterministic-screen-only,not-adjudicated,anchors/art.jsonl:100
ca_MAWDR2Ra,艺术,年级· 能用传统工艺的方法制作或创作陶艺作品,7年级• 能用传统工艺的方法制作或创作陶艺作品。,70,"{""min"": ""G8"", ""max"": ""G9""}",ai-reviewed,[],deterministic-screen-only,not-adjudicated,anchors/art.jsonl:101
ca_nAqbRdhc,艺术,能基本协调、连贯、节奏准确地呈现舞蹈动作,【学业要求】·在舞蹈体验过程中，能基本协调、连贯、节奏准确地呈现舞蹈动作。,82,"{""min"": ""G6"", ""max"": ""G7""}",ai-reviewed,[],deterministic-screen-only,not-adjudicated,anchors/art.jsonl:117
ca_HRdKnswY,艺术,能选用2~3种不同的形式进行情境表演，基本表现出情境表演的主题和内容，动作符合音乐特点和角色特征,（艺术表现）• 能选用2～3种不同的形式进行情境表演，基本表现出情境表演的主题和内容，动作符合音乐特点和角色特征，能体现自己的想法。,108,"{""min"": ""G1"", ""max"": ""G9""}",ai-reviewed,"[""A06""]",deterministic-screen-only,not-adjudicated,anchors/art.jsonl:139
ca_i4vVPJMs,艺术,能聆听音乐并描述其体裁、形式、风格等特征,（文化理解）第二学段（3～5年级）• 聆听音乐，对音乐表现要素及其表现作用，以及音乐的体裁、形式、风格等的感知、理解和判断基本正确，描述与分析中能较清楚地表明它们的特征。,108,"{""min"": ""G3"", ""max"": ""G3""}",ai-reviewed,[],deterministic-screen-only,not-adjudicated,anchors/art.jsonl:140
ca_CKMvWy2e,艺术,能根据需求选择音乐并说明原因,• 在生活中会运用合适的音乐满足自己的需求，并能说明选择这些音乐的原因。,109,"{""min"": ""G1"", ""max"": ""G9""}",disputed,"[""A02"", ""A06""]",deterministic-screen-only,not-adjudicated,anchors/art.jsonl:143
ca_y3iJdP8v,艺术,能识别并说出至少5种生活中常见的标识及其用途,（审美感知）• 能识别至少5种生活中常见的标识，知道其用途和所传递的信息，并能用自己的语言与同学分享、交流。,111,"{""min"": ""G1"", ""max"": ""G9""}",ai-reviewed,"[""A06""]",deterministic-screen-only,not-adjudicated,anchors/art.jsonl:153
ca_kVWrSGi6,艺术,能对1~2件生活用品的设计提出改进想法，并进行装饰美化,（艺术表现、创意实践）• 能针对1～2件生活用品的设计提出改进的想法，并能进行装饰和美化。,111,"{""min"": ""G1"", ""max"": ""G1""}",ai-reviewed,[],deterministic-screen-only,not-adjudicated,anchors/art.jsonl:154
ca_VAUpUXhS,艺术,能用讨论和比较的方法描述作品的主要内容和特点,（审美感知）• 能运用感悟、讨论和比较的方法，描述、分析作品的主要内容和特点。,111,"{""min"": ""G1"", ""max"": ""G9""}",ai-reviewed,"[""A06""]",deterministic-screen-only,not-adjudicated,anchors/art.jsonl:157
ca_EPeydzSh,艺术,能为班级或学校的活动设计2~3件作品（如标识、请柬、贺卡或海报等）,（审美感知、创意实践）·能为班级或学校的活动设计2～3件作品（如标识、请柬、贺卡或海报等）。,112,"{""min"": ""G3"", ""max"": ""G5""}",ai-reviewed,[],deterministic-screen-only,not-adjudicated,anchors/art.jsonl:158
ca_AB39EVss,艺术,能用身体语言配合音乐旋律、节奏表达自己的情绪与情感,·能用身体语言配合音乐旋律、节奏表达自己的情绪与情感。,114,"{""min"": ""G8"", ""max"": ""G9""}",ai-reviewed,"[""A13""]",deterministic-screen-only,not-adjudicated,anchors/art.jsonl:162
ca_emrgtzaY,艺术,能基本模仿一段舞蹈并体验其舞姿美感，说出该舞蹈的风格或文化背景特点,能辨别不同舞蹈的动作、风格、服饰、道具等特点，并基本能在模仿表现中体验舞姿的美感，体会舞蹈文化的内涵；,115,"{""min"": ""G8"", ""max"": ""G9""}",ai-reviewed,[],deterministic-screen-only,not-adjudicated,anchors/art.jsonl:163
ca_q4XM68Nq,艺术,能识别不同舞蹈表现形式的异同,（审美感知、艺术表现、文化理解）• 能识别不同舞蹈表现形式的异同；,115,"{""min"": ""G8"", ""max"": ""G9""}",ai-reviewed,[],deterministic-screen-only,not-adjudicated,anchors/art.jsonl:164
ca_2nRzECfc,艺术,能在体验与想象的基础上，有感情地运用语言、肢体扮演剧目中的角色,能在体验与想象的基础上，有感情地运用语言、肢体扮演剧目中的角色；,115,"{""min"": ""G8"", ""max"": ""G9""}",ai-reviewed,[],deterministic-screen-only,not-adjudicated,anchors/art.jsonl:167
ca_BJaacPhS,艺术,能分工协作，综合运用舞台艺术手段，完成剧目演出,能分工协作，综合运用舞台艺术手段，完成剧目演出；,115,"{""min"": ""G8"", ""max"": ""G9""}",ai-reviewed,[],deterministic-screen-only,not-adjudicated,anchors/art.jsonl:169
ca_wdxeb4JG,艺术,能对影视（含数字媒体艺术）作品进行辨析、描述和评价,能对影视（含数字媒体艺术）作品进行辨析、描述和评价；,117,"{""min"": ""G8"", ""max"": ""G9""}",ai-reviewed,[],deterministic-screen-only,not-adjudicated,anchors/art.jsonl:172
ca_2FJC4B83,艺术,能说出《中华人民共和国国歌》是学唱歌曲之一,学唱《中华人民共和国国歌》，以及富有中华优秀传统文化特色、主题鲜明、技法简洁的短小歌曲，以儿歌、童谣为主。,23,"{""min"": ""G1"", ""max"": ""G2""}",ai-adjudicated,[],deterministic-screen-only,not-adjudicated,anchors/art.jsonl:175
ca_3auPHa3i,艺术,能说出听赏与评述是重要的音乐学习任务,听赏与评述是重要的音乐学习任务，是培育学生审美感知和文化理解素养的有效途径，对学生丰富情感体验和审美体验、积累欣赏音乐的经验、理解音乐相关文化、提高审美情趣具有重要作用。,29,"{""min"": ""G3"", ""max"": ""G9""}",ai-adjudicated,"[""A06""]",deterministic-screen-only,not-adjudicated,anchors/art.jsonl:176
ca_YWL1eBtl,艺术,能说出简谱和五线谱是我国目前使用的两种主要乐谱形式,简谱和五线谱是我国目前使用的两种主要乐谱形式,38,"{""min"": ""G7"", ""max"": ""G9""}",ai-adjudicated,[],deterministic-screen-only,not-adjudicated,anchors/art.jsonl:177
ca_ugSgRPcr,艺术,能说出广义的音乐作品可以是一段节奏或旋律,广义的音乐作品可以是一段节奏或旋律,46,"{""min"": ""G7"", ""max"": ""G9""}",ai-adjudicated,[],deterministic-screen-only,not-adjudicated,anchors/art.jsonl:178
ca_nutkmCrm,艺术,能说出广义的音乐作品可以是一组动作或舞蹈,广义的音乐作品也可以是一组动作或舞蹈,46,"{""min"": ""G7"", ""max"": ""G9""}",ai-adjudicated,[],deterministic-screen-only,not-adjudicated,anchors/art.jsonl:179
ca_X3pI2fSV,艺术,能说出广义的音乐作品可以是戏剧片段等,广义的音乐作品也可以是戏剧片段等,46,"{""min"": ""G7"", ""max"": ""G9""}",ai-adjudicated,[],deterministic-screen-only,not-adjudicated,anchors/art.jsonl:180
ca_E1EwtpHn,艺术,能选择身边的材料自制简易乐器并尝试演奏,选择身边的材料，自制简易乐器，尝试演奏。,51,"{""min"": ""G3"", ""max"": ""G5""}",ai-reviewed,[],deterministic-screen-only,not-adjudicated,anchors/art.jsonl:181
ca_LLtE7WXj,艺术,能运用生活中的物品自制简易乐器，为歌曲伴奏或表现音乐情境,能运用生活中的物品自制简易乐器，为歌曲伴奏或表现音乐情境。,51,"{""min"": ""G3"", ""max"": ""G5""}",ai-reviewed,[],deterministic-screen-only,not-adjudicated,anchors/art.jsonl:182
ca_5FxoiynX,艺术,能尝试用毛笔等工具在宣纸上进行水墨游戏活动,尝试用毛笔等工具，在宣纸上进行水墨游戏活动，体验笔墨趣味。,57,"{""min"": ""G1"", ""max"": ""G2""}",ai-reviewed,[],deterministic-screen-only,not-adjudicated,anchors/art.jsonl:184
ca_4oJdnTHW,艺术,尝试利用图形的对印在各种材质的纸上进行表现,尝试利用图形的对印，在各种材质的纸上进行表现，体会对称的形式原理。,57,"{""min"": ""G1"", ""max"": ""G2""}",ai-reviewed,[],deterministic-screen-only,not-adjudicated,anchors/art.jsonl:185
ca_EqYJ50K3,艺术,能尝试用数码相机、摄像设备拍摄，制作定格动画作品,选择自己喜欢的玩具或制作的泥塑，尝试用数码相机、摄像设备拍摄，制作定格动画作品。,57,"{""min"": ""G1"", ""max"": ""G2""}",ai-reviewed,"[""A09""]",deterministic-screen-only,not-adjudicated,anchors/art.jsonl:186
ca_wxy93nLa,艺术,能说出中国传统工艺是中华民族文化艺术的瑰宝,知道中国传统工艺来自民间，是中华民族文化艺术的瑰宝。,58,"{""min"": ""G1"", ""max"": ""G2""}",ai-adjudicated,[],deterministic-screen-only,not-adjudicated,anchors/art.jsonl:187
ca_e5u7YFZu,艺术,能说出日常生活用品都是经过设计的,知道我们的生活离不开设计，日常生活用品都是经过设计的。,58,"{""min"": ""G1"", ""max"": ""G2""}",ai-adjudicated,[],deterministic-screen-only,not-adjudicated,anchors/art.jsonl:188
ca_aznbaEsx,艺术,"能说出平行透视的知识是物体在空间中""近大远小""的变化规律",观察室内或室外物体在空间中“近大远小”的变化规律，了解平行透视的知识。,62,"{""min"": ""G3"", ""max"": ""G4""}",ai-reviewed,[],deterministic-screen-only,not-adjudicated,anchors/art.jsonl:189
ca_4mBPhXJr,艺术,能说出中国传统绘画技法是由我国历代画家不断探索、总结而成的,知道中国传统绘画技法是由我国历代画家不断探索、总结而成的。,62,"{""min"": ""G3"", ""max"": ""G4""}",ai-adjudicated,[],deterministic-screen-only,not-adjudicated,anchors/art.jsonl:190
ca_o5ghwPHL,艺术,"能说出""实用与美观相结合""是设计原则",观察学习与生活用品，了解“实用与美观相结合”的设计原则,62,"{""min"": ""G3"", ""max"": ""G4""}",ai-reviewed,[],deterministic-screen-only,not-adjudicated,anchors/art.jsonl:191
ca_6kuQkLDH,艺术,能说出形状、色彩、空间是造型元素,运用形状、色彩、空间等造型元素，以及对称、节奏、比例、变化、统一等形式原理，欣赏、评述各国不同民族的建筑，领略各民族的智慧与深厚的文化底蕴。,66,"{""min"": ""G5"", ""max"": ""G6""}",ai-reviewed,[],deterministic-screen-only,not-adjudicated,anchors/art.jsonl:193
ca_TIMBScHh,艺术,能说出中国传统绘画是中华优秀传统文化的重要组成部分,了解中国传统绘画的主要特点，知道中国传统绘画是中华优秀传统文化的重要组成部分。,68,"{""min"": ""G7"", ""max"": ""G9""}",ai-adjudicated,[],deterministic-screen-only,not-adjudicated,anchors/art.jsonl:194
ca_aflpJ0Do,艺术,"能说出""人与自然和谐共生""是环境设计的原则",了解环境设计的定义、类别、要素和方法，领会“人与自然和谐共生”的设计原则。,69,"{""min"": ""G5"", ""max"": ""G6""}",ai-reviewed,[],deterministic-screen-only,not-adjudicated,anchors/art.jsonl:195
ca_6v98UFFD,艺术,能说出世界各国的美术作品是不同文化的重要载体,世界各国的美术作品是不同文化的重要载体,72,"{""min"": ""G5"", ""max"": ""G6""}",ai-adjudicated,[],deterministic-screen-only,not-adjudicated,anchors/art.jsonl:198
ca_JNUfKbit,艺术,能说出美术是认识与表现自我、他人和周围世界的重要方式,美术是认识与表现自我、他人和周围世界的重要方式,72,"{""min"": ""G5"", ""max"": ""G6""}",ai-adjudicated,[],deterministic-screen-only,not-adjudicated,anchors/art.jsonl:199
ca_b3k9s1Df,艺术,能说出继承与创新是传统工艺创作的重要原则,继承与创新是传统工艺创作的重要原则,72,"{""min"": ""G5"", ""max"": ""G6""}",ai-adjudicated,[],deterministic-screen-only,not-adjudicated,anchors/art.jsonl:200
ca_w4O2D1Xr,艺术,能说出中国画三远法是高远、平远、深远,了解中国画有关形似、神似的概念，以及三远法（高远、平远、深远）、勾勒、点厾、没骨等术语。,75,"{""min"": ""G7"", ""max"": ""G9""}",ai-adjudicated,[],deterministic-screen-only,not-adjudicated,anchors/art.jsonl:202
ca_BVd9yLg4,艺术,能说出设计原则是形式、功能和社会责任相统一,理解形式、功能和社会责任相统一的设计原则。,76,"{""min"": ""G7"", ""max"": ""G9""}",ai-reviewed,[],deterministic-screen-only,not-adjudicated,anchors/art.jsonl:203
ca_Go3P6uox,艺术,能说出3~7年级舞蹈学习任务包括小型歌舞剧表演和即兴表演,3~7年级主要依托音乐及体育与健康、综合实践活动实施，学习任务为小型歌舞剧表演、即兴表演,81,"{""min"": ""G3"", ""max"": ""G7""}",ai-reviewed,"[""A06""]",deterministic-screen-only,not-adjudicated,anchors/art.jsonl:208
ca_6tiC4rHQ,艺术,能说出戏剧游戏的重点学习内容是声音、肢体、情感的表现方法和技能,通过戏剧游戏重点学习声音、肢体、情感的表现方法和技能。,90,"{""min"": ""G7"", ""max"": ""G9""}",ai-reviewed,"[""A13""]",deterministic-screen-only,not-adjudicated,anchors/art.jsonl:213
ca_GcHZA1D2,艺术,能说出第四学段的学习任务1是演出舞台剧目,第四学段（8～9年级）学习任务1：演出舞台剧目,91,"{""min"": ""G7"", ""max"": ""G9""}",ai-reviewed,[],deterministic-screen-only,not-adjudicated,anchors/art.jsonl:214
ca_HitSfjqU,艺术,"能说出3~7年级影视（含数字媒体艺术）的学习任务包括""领略蒙太奇""和""接触多媒体""",3~7年级主要依托美术及信息科技实施，学习任务包括“领略蒙太奇”和“接触多媒体”,98,"{""min"": ""G3"", ""max"": ""G7""}",ai-adjudicated,"[""A06""]",deterministic-screen-only,not-adjudicated,anchors/art.jsonl:215
ca_nQXPLl5G,艺术,能解释影视（含数字媒体艺术）是记录历史、解释历史的重要方式和载体,影视（含数字媒体艺术）是记录历史、解释历史的重要方式和载体,103,"{""min"": ""G7"", ""max"": ""G9""}",ai-reviewed,[],deterministic-screen-only,not-adjudicated,anchors/art.jsonl:216
ca_pP52rwAH,艺术,能区分所听音乐的体裁,• 能区分所听音乐的体裁、类别和表现形式，运用所学知识分析其特点和表现作用，阐述音乐表现要素与体裁、形式之间的关系；,32,"{""min"": ""G8"", ""max"": ""G9""}",ai-reviewed,[],deterministic-screen-only,not-adjudicated,anchors/art.jsonl:217
ca_jygTd3sQ,艺术,能区分所听音乐的类别,• 能区分所听音乐的体裁、类别和表现形式，运用所学知识分析其特点和表现作用，阐述音乐表现要素与体裁、形式之间的关系；,32,"{""min"": ""G8"", ""max"": ""G9""}",ai-reviewed,[],deterministic-screen-only,not-adjudicated,anchors/art.jsonl:218
ca_gShcURME,艺术,能区分所听音乐的表现形式,• 能区分所听音乐的体裁、类别和表现形式，运用所学知识分析其特点和表现作用，阐述音乐表现要素与体裁、形式之间的关系；,32,"{""min"": ""G8"", ""max"": ""G9""}",ai-reviewed,[],deterministic-screen-only,not-adjudicated,anchors/art.jsonl:219
ca_dyQNHCBB,艺术,能运用所学知识分析其特点,• 能区分所听音乐的体裁、类别和表现形式，运用所学知识分析其特点和表现作用，阐述音乐表现要素与体裁、形式之间的关系；,32,"{""min"": ""G8"", ""max"": ""G9""}",ai-reviewed,[],deterministic-screen-only,not-adjudicated,anchors/art.jsonl:220
ca_YEXJBaja,艺术,能运用所学知识分析其表现作用,• 能区分所听音乐的体裁、类别和表现形式，运用所学知识分析其特点和表现作用，阐述音乐表现要素与体裁、形式之间的关系；,32,"{""min"": ""G8"", ""max"": ""G9""}",ai-reviewed,[],deterministic-screen-only,not-adjudicated,anchors/art.jsonl:221
ca_kMJGYbpW,艺术,按要求独立或与他人合作编创有重复和变化的节奏或旋律,• 按要求独立或与他人合作编创、表现有重复和变化的节奏或旋律；,44,"{""min"": ""G8"", ""max"": ""G9""}",ai-reviewed,[],deterministic-screen-only,not-adjudicated,anchors/art.jsonl:222
ca_H3MjYiKy,艺术,按要求独立或与他人合作表现有重复和变化的节奏或旋律,• 按要求独立或与他人合作编创、表现有重复和变化的节奏或旋律；,44,"{""min"": ""G8"", ""max"": ""G9""}",ai-reviewed,[],deterministic-screen-only,not-adjudicated,anchors/art.jsonl:223
ca_zFPssDTW,艺术,能说出一段舞蹈的审美特征与风格特点,7年级· 能感知和了解舞蹈、戏剧（含戏曲）等综合性表演艺术的审美特征与风格特点，理解作品的表现内容和内在意蕴。,48,"{""min"": ""G8"", ""max"": ""G9""}",ai-reviewed,[],deterministic-screen-only,not-adjudicated,anchors/art.jsonl:224
ca_nFsezrqA,艺术,能说出一段戏剧片段的审美特征与风格特点,7年级· 能感知和了解舞蹈、戏剧（含戏曲）等综合性表演艺术的审美特征与风格特点，理解作品的表现内容和内在意蕴。,48,"{""min"": ""G8"", ""max"": ""G9""}",ai-reviewed,[],deterministic-screen-only,not-adjudicated,anchors/art.jsonl:225
ca_HUrN6TiQ,艺术,能解释一段舞蹈的表现内容和内在意蕴,7年级· 能感知和了解舞蹈、戏剧（含戏曲）等综合性表演艺术的审美特征与风格特点，理解作品的表现内容和内在意蕴。,48,"{""min"": ""G8"", ""max"": ""G9""}",ai-reviewed,[],deterministic-screen-only,not-adjudicated,anchors/art.jsonl:226
ca_uhkRPdSF,艺术,能解释一段戏剧片段的表现内容和内在意蕴,7年级· 能感知和了解舞蹈、戏剧（含戏曲）等综合性表演艺术的审美特征与风格特点，理解作品的表现内容和内在意蕴。,48,"{""min"": ""G8"", ""max"": ""G9""}",ai-reviewed,[],deterministic-screen-only,not-adjudicated,anchors/art.jsonl:227
ca_fPETeiQk,艺术,能使用图形化工具设计日常物品与居室环境,• 尝试通过图形化工具，运用简单的程序语言，设计日常物品与居室环境，体验编程与设计的关系。,64,"{""min"": ""G6"", ""max"": ""G7""}",ai-reviewed,[],deterministic-screen-only,not-adjudicated,anchors/art.jsonl:228
ca_nN3MyATF,艺术,能使用简单的程序语言设计日常物品与居室环境,• 尝试通过图形化工具，运用简单的程序语言，设计日常物品与居室环境，体验编程与设计的关系。,64,"{""min"": ""G6"", ""max"": ""G7""}",ai-reviewed,[],deterministic-screen-only,not-adjudicated,anchors/art.jsonl:229
ca_aaxFZgki,艺术,能根据需要设计海报,· 能根据需要设计海报、请柬等。,69,"{""min"": ""G8"", ""max"": ""G9""}",ai-reviewed,[],deterministic-screen-only,not-adjudicated,anchors/art.jsonl:230
ca_iZ76CL7U,艺术,能根据需要设计请柬,· 能根据需要设计海报、请柬等。,69,"{""min"": ""G8"", ""max"": ""G9""}",ai-reviewed,[],deterministic-screen-only,not-adjudicated,anchors/art.jsonl:231
ca_LjfxKLWv,艺术,能尝试用数码相机拍摄,选择自己喜欢的玩具或制作的泥塑，尝试用数码相机、摄像设备拍摄，制作定格动画作品。,57,"{""min"": ""G1"", ""max"": ""G2""}",ai-reviewed,[],deterministic-screen-only,not-adjudicated,anchors/art.jsonl:232
ca_qejhLsuT,艺术,能尝试用摄像设备拍摄,选择自己喜欢的玩具或制作的泥塑，尝试用数码相机、摄像设备拍摄，制作定格动画作品。,57,"{""min"": ""G1"", ""max"": ""G2""}",ai-reviewed,[],deterministic-screen-only,not-adjudicated,anchors/art.jsonl:233
ca_SgkzaBtW,艺术,能制作定格动画作品,选择自己喜欢的玩具或制作的泥塑，尝试用数码相机、摄像设备拍摄，制作定格动画作品。,57,"{""min"": ""G1"", ""max"": ""G2""}",ai-reviewed,[],deterministic-screen-only,not-adjudicated,anchors/art.jsonl:234
ca_W6HKyPCz,艺术,能识别数字媒体艺术与传统艺术之间的差异,正确的媒体艺术判断力，识别数字媒体艺术与传统艺术之间的差异和相互作用，以及数字媒体在实践运用中的利弊效应。,37,"{""min"": ""G10"", ""max"": ""G12""}",ai-reviewed,[],deterministic-screen-only,not-adjudicated,anchors/art.jsonl:235
ca_hFHPFZaM,艺术,能识别数字媒体艺术与传统艺术之间的相互作用,正确的媒体艺术判断力，识别数字媒体艺术与传统艺术之间的差异和相互作用，以及数字媒体在实践运用中的利弊效应。,37,"{""min"": ""G10"", ""max"": ""G12""}",ai-reviewed,[],deterministic-screen-only,not-adjudicated,anchors/art.jsonl:236
ca_7deF4pSt,艺术,能识别数字媒体在实践运用中的利弊效应,正确的媒体艺术判断力，识别数字媒体艺术与传统艺术之间的差异和相互作用，以及数字媒体在实践运用中的利弊效应。,37,"{""min"": ""G10"", ""max"": ""G12""}",ai-reviewed,[],deterministic-screen-only,not-adjudicated,anchors/art.jsonl:237
ca_d2GEqrj7,艺术,能运用不同考查形式进行学业水平考试,运用不同考查形式和题型进行学业水平考试。,51,"{""min"": ""G10"", ""max"": ""G12""}",ai-reviewed,[],deterministic-screen-only,not-adjudicated,anchors/art.jsonl:238
ca_QE4CKL3S,艺术,能运用远古艺术的元素创造新的、有个性的艺术,学生能从远古艺术中受到启迪，运用远古艺术的元素、形式法则创造新的、有个性的艺术。二、教学重点与难点,59,"{""min"": ""G10"", ""max"": ""G12""}",ai-reviewed,[],deterministic-screen-only,not-adjudicated,anchors/art.jsonl:240
ca_RpyL9Fqn,艺术,能运用远古艺术的形式法则创造新的、有个性的艺术,学生能从远古艺术中受到启迪，运用远古艺术的元素、形式法则创造新的、有个性的艺术。二、教学重点与难点,59,"{""min"": ""G10"", ""max"": ""G12""}",ai-reviewed,[],deterministic-screen-only,not-adjudicated,anchors/art.jsonl:241
ca_yfxKiT48,艺术,能识别不同艺术门类中龙的造型,四、教学评价水平 内容 自评 同学评 教师评 总评1.能说出与龙相关的成语、故事，能识别不同艺术门类中龙的造型、表现特征。,63,"{""min"": ""G10"", ""max"": ""G12""}",ai-reviewed,[],deterministic-screen-only,not-adjudicated,anchors/art.jsonl:242
ca_KxUpKk2F,艺术,能识别不同艺术门类中龙的表现特征,四、教学评价水平 内容 自评 同学评 教师评 总评1.能说出与龙相关的成语、故事，能识别不同艺术门类中龙的造型、表现特征。,63,"{""min"": ""G10"", ""max"": ""G12""}",ai-reviewed,[],deterministic-screen-only,not-adjudicated,anchors/art.jsonl:243
ca_vmtXjEer,艺术,能运用对称、比例等形式原理，分析一件建筑作品的造型特点,运用形状、色彩、空间等造型元素，以及对称、节奏、比例、变化、统一等形式原理，欣赏、评述各国不同民族的建筑，领略各民族的智慧与深厚的文化底蕴。,66,"{""min"": ""G5"", ""max"": ""G6""}",ai-reviewed,"[""A04""]",deterministic-screen-only,not-adjudicated,anchors/art.jsonl:244
ca_A6dhSDJA,艺术,能运用对称、比例等形式原理，评述一件建筑作品的造型特点,运用形状、色彩、空间等造型元素，以及对称、节奏、比例、变化、统一等形式原理，欣赏、评述各国不同民族的建筑，领略各民族的智慧与深厚的文化底蕴。,66,"{""min"": ""G5"", ""max"": ""G6""}",ai-reviewed,"[""A04""]",deterministic-screen-only,not-adjudicated,anchors/art.jsonl:245
ca_j3aZY9i9,艺术,能举例说出至少两种中国传统绘画的典型题材,了解中国传统绘画的主要特点，知道中国传统绘画是中华优秀传统文化的重要组成部分。,68,"{""min"": ""G7"", ""max"": ""G9""}",ai-reviewed,"[""A04""]",deterministic-screen-only,not-adjudicated,anchors/art.jsonl:246
ca_JWpX9Hte,艺术,能举例说出至少两种中国传统绘画的典型技法,了解中国传统绘画的主要特点，知道中国传统绘画是中华优秀传统文化的重要组成部分。,68,"{""min"": ""G7"", ""max"": ""G9""}",ai-reviewed,"[""A04""]",deterministic-screen-only,not-adjudicated,anchors/art.jsonl:247
ca_NbsNMYCr,艺术,能说明中国传统绘画的文化寓意,了解中国传统绘画的主要特点，知道中国传统绘画是中华优秀传统文化的重要组成部分。,68,"{""min"": ""G7"", ""max"": ""G9""}",ai-reviewed,"[""A04""]",deterministic-screen-only,not-adjudicated,anchors/art.jsonl:248
ca_jTXkKuP3,艺术,能举例说明美术如何用于表达个人情感,美术是认识与表现自我、他人和周围世界的重要方式,72,"{""min"": ""G5"", ""max"": ""G6""}",ai-reviewed,"[""A04"", ""A13""]",deterministic-screen-only,not-adjudicated,anchors/art.jsonl:249
ca_54GeMubQ,艺术,能举例说明美术如何用于描绘他人,美术是认识与表现自我、他人和周围世界的重要方式,72,"{""min"": ""G5"", ""max"": ""G6""}",ai-reviewed,"[""A04""]",deterministic-screen-only,not-adjudicated,anchors/art.jsonl:250
ca_kgT7AJNx,艺术,能举例说明美术如何用于反映周围环境,美术是认识与表现自我、他人和周围世界的重要方式,72,"{""min"": ""G5"", ""max"": ""G6""}",ai-reviewed,"[""A04""]",deterministic-screen-only,not-adjudicated,anchors/art.jsonl:251
ca_HBRjZrwk,艺术,能举例说明一个设计作品如何满足形式美感的要求,理解形式、功能和社会责任相统一的设计原则。,76,"{""min"": ""G7"", ""max"": ""G9""}",ai-reviewed,"[""A04""]",deterministic-screen-only,not-adjudicated,anchors/art.jsonl:252
ca_ztGAW7fw,艺术,能举例说明一个设计作品如何满足实用功能的要求,理解形式、功能和社会责任相统一的设计原则。,76,"{""min"": ""G7"", ""max"": ""G9""}",ai-reviewed,"[""A04""]",deterministic-screen-only,not-adjudicated,anchors/art.jsonl:253
ca_GUJAxpz5,艺术,能举例说明一个设计作品如何满足社会责任的要求,理解形式、功能和社会责任相统一的设计原则。,76,"{""min"": ""G7"", ""max"": ""G9""}",ai-reviewed,"[""A04""]",deterministic-screen-only,not-adjudicated,anchors/art.jsonl:254
ca_qJhCQUD2,艺术,能说出戏剧游戏重点学习的声音表现方法各一种,通过戏剧游戏重点学习声音、肢体、情感的表现方法和技能。,90,"{""min"": ""G7"", ""max"": ""G9""}",ai-reviewed,"[""A04""]",deterministic-screen-only,not-adjudicated,anchors/art.jsonl:255
ca_Ah9CM7hK,艺术,能说出戏剧游戏重点学习的肢体表现方法各一种,通过戏剧游戏重点学习声音、肢体、情感的表现方法和技能。,90,"{""min"": ""G7"", ""max"": ""G9""}",ai-reviewed,"[""A04""]",deterministic-screen-only,not-adjudicated,anchors/art.jsonl:256
ca_Ld8fcr8L,艺术,能说出戏剧游戏重点学习的情感表现方法各一种,通过戏剧游戏重点学习声音、肢体、情感的表现方法和技能。,90,"{""min"": ""G7"", ""max"": ""G9""}",ai-reviewed,"[""A04"", ""A13""]",deterministic-screen-only,not-adjudicated,anchors/art.jsonl:257
ca_tztBYJnj,艺术,能分析艺术作品的品位和意蕴，体现健康、高雅的审美情趣,学生学习本模块之后能做到：（1）认识艺术与各民族生活和生产实践的密切联系，发现生活和环境中蕴含的艺术要素；在中外各民族艺术与生活的实际情境中，了解艺术语言，感受艺术表现力。 （素养1“艺术感知” ）（2）选用多种艺术形式表达对生活的感受，交流情感；选用适当的材料有创意地设计、美化自己的生活环境。 （素养2“创意表达” ）（3）用艺术的眼光发现自然景观、生活环境中美的元素，欣赏表现生活的艺术作品，分析艺术作品的品位和意蕴，体现健康、高雅的审美情趣。 （素养3“审美情趣” ）（4）有选择地探寻不同国家、民族、地域生活中艺术的表现特点；理解艺术在民俗活动和节日庆典中的意义和作用，增强文化自信，增进对世界文化的理解。 （素养4“文化理解” ）,21,"{""min"": ""G10"", ""max"": ""G12""}",disputed,"[""A02""]",deterministic-screen-only,not-adjudicated,anchors/art.jsonl:258
ca_gezPWryU,艺术,能运用多媒体设备进行艺术创作,学生学习本模块之后能做到：（1）了解自然中有序和无序的现象，感受和谐与混沌在艺术与科学中的表现和魅力，认识科学技术对艺术形象塑造的作用。 （素养1“艺术感知” ）（2）发挥想象力，利用多种艺术形式创造具有秩序之美与混沌魅力的艺术作品；探索现代科学开拓的艺术新领域，运用多媒体设备进行艺术创作。 （素养2“创意表达” ）（3）从科学家、艺术家对真善美追求的事例中受到启迪，探究艺术与科学的相互影响和作用，激发学生的学习兴趣和创造性思维，培养审美情趣和人文精神。 （素养3“审美情趣” ）（4）了解艺术和科学的发展脉络及其与特定时代的联系，理解科学与艺术的相通和区别，认识它们的功能和价值。 （素养4“文化理解 ”）,27,"{""min"": ""G10"", ""max"": ""G12""}",ai-reviewed,[],deterministic-screen-only,not-adjudicated,anchors/art.jsonl:259
ca_YEtV9Zer,艺术,能从大自然和生活中发现美的要素，选择相应的美术手段装饰生活和环境,学生学习本模块之后能做到：（1）感知美术中点、线、面、形、色、肌理等要素及组织形式在形象塑造、情感表达中的作用。鉴赏美术作品的主题内容、思想内涵和艺术感染力。 （素养1“艺术感知” ）（2）运用适当的材料媒介及艺术形式法则，发挥想象力，关注美术与其他艺术门类及学科要素的关联，进行有个性的美术表现与创作。 （素养2“创意表达” ）（3）从大自然和生活中发现美的要素，选择相应的美术手段装饰生活和环境，表达自己的审美意趣。 （素养3“审美情趣” ）（4）理解中国传统美术的文化特征，将其运用于“诗书画印”融为一体的美术创作实践中。联系文化情境，分析与评价有代表性的世界美术风格，理解不同文化对美术创作的影响。 （素养4“文化理解” ）,29,"{""min"": ""G10"", ""max"": ""G12""}",disputed,"[""A02""]",deterministic-screen-only,not-adjudicated,anchors/art.jsonl:260
ca_iUwuFeTu,艺术,能表达自己的审美意趣,学生学习本模块之后能做到：（1）感知美术中点、线、面、形、色、肌理等要素及组织形式在形象塑造、情感表达中的作用。鉴赏美术作品的主题内容、思想内涵和艺术感染力。 （素养1“艺术感知” ）（2）运用适当的材料媒介及艺术形式法则，发挥想象力，关注美术与其他艺术门类及学科要素的关联，进行有个性的美术表现与创作。 （素养2“创意表达” ）（3）从大自然和生活中发现美的要素，选择相应的美术手段装饰生活和环境，表达自己的审美意趣。 （素养3“审美情趣” ）（4）理解中国传统美术的文化特征，将其运用于“诗书画印”融为一体的美术创作实践中。联系文化情境，分析与评价有代表性的世界美术风格，理解不同文化对美术创作的影响。 （素养4“文化理解” ）,29,"{""min"": ""G10"", ""max"": ""G12""}",ai-reviewed,[],deterministic-screen-only,not-adjudicated,anchors/art.jsonl:261
ca_mThVibMq,艺术,"能理解中国传统美术的文化特征，将其运用于""诗书画印""融为一体的美术创作实践中",学生学习本模块之后能做到：（1）感知美术中点、线、面、形、色、肌理等要素及组织形式在形象塑造、情感表达中的作用。鉴赏美术作品的主题内容、思想内涵和艺术感染力。 （素养1“艺术感知” ）（2）运用适当的材料媒介及艺术形式法则，发挥想象力，关注美术与其他艺术门类及学科要素的关联，进行有个性的美术表现与创作。 （素养2“创意表达” ）（3）从大自然和生活中发现美的要素，选择相应的美术手段装饰生活和环境，表达自己的审美意趣。 （素养3“审美情趣” ）（4）理解中国传统美术的文化特征，将其运用于“诗书画印”融为一体的美术创作实践中。联系文化情境，分析与评价有代表性的世界美术风格，理解不同文化对美术创作的影响。 （素养4“文化理解” ）,29,"{""min"": ""G10"", ""max"": ""G12""}",disputed,"[""A02""]",deterministic-screen-only,not-adjudicated,anchors/art.jsonl:262
ca_Sr5K4mkB,艺术,能分析与评价有代表性的世界美术风格,学生学习本模块之后能做到：（1）感知美术中点、线、面、形、色、肌理等要素及组织形式在形象塑造、情感表达中的作用。鉴赏美术作品的主题内容、思想内涵和艺术感染力。 （素养1“艺术感知” ）（2）运用适当的材料媒介及艺术形式法则，发挥想象力，关注美术与其他艺术门类及学科要素的关联，进行有个性的美术表现与创作。 （素养2“创意表达” ）（3）从大自然和生活中发现美的要素，选择相应的美术手段装饰生活和环境，表达自己的审美意趣。 （素养3“审美情趣” ）（4）理解中国传统美术的文化特征，将其运用于“诗书画印”融为一体的美术创作实践中。联系文化情境，分析与评价有代表性的世界美术风格，理解不同文化对美术创作的影响。 （素养4“文化理解” ）,29,"{""min"": ""G10"", ""max"": ""G12""}",ai-reviewed,[],deterministic-screen-only,not-adjudicated,anchors/art.jsonl:263
ca_9qKembgt,艺术,能表达思想情感，拓展艺术感知能力,学生学习本模块之后能做到：（1）参与民族音乐文化的情境表演，运用旋律、节奏、音色、织体、速度、力度等音乐要素，表达思想情感，拓展艺术感知能力。（素养 1“艺术感知” ）（2）参与音乐即兴表演和有设计的创造性表演，发挥想象力，结合多种艺术形式，相互配合进行角色创造。 （素养2“创意表达” ）（3）观摩、欣赏中外优秀音乐作品，感悟其中的审美情趣和人文精神，形成自主的审美判断。 （素养3“审美情趣” ）（4）了解古今中外生活情境中音乐的多样性和丰富性，解释不同音乐风格与自然、地域、人文环境的关系，学习中外优秀传统音乐文化，理解世界多元音乐文化。 （素养4“文化理解” ）,32,"{""min"": ""G10"", ""max"": ""G12""}",ai-reviewed,"[""A13""]",deterministic-screen-only,not-adjudicated,anchors/art.jsonl:264
ca_sKi9KP5s,艺术,能表达人文情怀，提升审美品位,学生学习本模块之后能做到：（1）感知戏剧的艺术语言、形象塑造和情感表现在戏剧表演中的作用和意义，理解戏剧与其他艺术门类紧密关联的综合性特征。 （素养 1“艺术感知” ）（2）发挥对角色创造的想象力，参与戏剧实践活动。运用布景、道具、灯光、音效等戏剧表演综合要素，在团队的协作配合中创造舞台形象。 （素养2“创意表达” ）（3）理解戏剧与生活的关系，提高对生活的观察力和表现力，丰富思想情感，体验戏剧之美，表达人文情怀，提升审美品位。 （素养3“审美情趣” ）（4）认识中华优秀传统戏曲艺术，赏析经典戏曲选段，理解其文化内涵；拓展文化视野，了解戏剧艺术的多样性和丰富性。 （素养4“文化理解” ）,36,"{""min"": ""G10"", ""max"": ""G12""}",disputed,"[""A02""]",deterministic-screen-only,not-adjudicated,anchors/art.jsonl:265
ca_PWus3vBn,生物学,识别动植物细胞的结构并说出其异同点，说明细胞是生物体结构和功能的基本单位,(2) 识别动植物细胞的结构并说出其异同点，说明细胞是生物体结构和功能的基本单位。,17,"{""min"": ""G7"", ""max"": ""G9""}",ai-reviewed,[],deterministic-screen-only,not-adjudicated,anchors/biology.jsonl:1
ca_jDwi3ta4,生物学,运用控制变量的方法,(4) 运用控制变量的方法，设计简单的实验，探究单细胞生物的运动或趋性。,17,"{""min"": ""G7"", ""max"": ""G9""}",ai-reviewed,[],deterministic-screen-only,not-adjudicated,anchors/biology.jsonl:3
ca_U7atfeh7,生物学,对于给定的一组生物，尝试根据一定的特征对其进行分类,(2) 对于给定的一组生物，尝试根据一定的特征对其进行分类。,20,"{""min"": ""G7"", ""max"": ""G9""}",ai-reviewed,[],deterministic-screen-only,not-adjudicated,anchors/biology.jsonl:5
ca_4fd7rTGW,生物学,运用图示或模型表示生态系统中各生物成分之间的营养关系,(2) 运用图示或模型表示生态系统中各生物成分之间的营养关系。,22,"{""min"": ""G7"", ""max"": ""G9""}",ai-reviewed,[],deterministic-screen-only,not-adjudicated,anchors/biology.jsonl:7
ca_D6vUcgaG,生物学,能运用营养成分、消化吸收和均衡膳食的知识，设计一份合理的食谱,（3）运用食物中的营养成分、消化与吸收、均衡膳食等知识，设计一份合理的食谱。,30,"{""min"": ""G7"", ""max"": ""G9""}",ai-reviewed,[],deterministic-screen-only,not-adjudicated,anchors/biology.jsonl:10
ca_HbuRndqT,生物学,学会根据血常规、尿常规等化验的主要结果初步判断身体的健康状况,（5）学会根据血常规、尿常规等化验的主要结果初步判断身体的健康状况。,30,"{""min"": ""G7"", ""max"": ""G9""}",ai-reviewed,[],deterministic-screen-only,not-adjudicated,anchors/biology.jsonl:11
ca_rjfNMFME,生物学,能结合具体实例，分析神经系统、内分泌系统和免疫功能对内外环境变化作出的反应并阐明其意义,（7）结合具体实例，分析人体的神经系统、内分泌系统和免疫功能对机体内外环境变化所作出的反应，阐明其重要意义。,30,"{""min"": ""G7"", ""max"": ""G7""}",ai-reviewed,"[""A09""]",deterministic-screen-only,not-adjudicated,anchors/biology.jsonl:14
ca_CdnpYavt,生物学,运用结构与功能相适应的观念,（8）运用结构与功能相适应的观念，分析由于机体特定结构受损可能导致的机体功能障碍或异常行为表现，提出相应的预防措施。,30,"{""min"": ""G7"", ""max"": ""G9""}",ai-reviewed,[],deterministic-screen-only,not-adjudicated,anchors/biology.jsonl:15
ca_ttxu9WN2,生物学,分析由于机体特定结构受损可能导致的机体功能障碍或异常行为表现，提出相应的预防措施,（8）运用结构与功能相适应的观念，分析由于机体特定结构受损可能导致的机体功能障碍或异常行为表现，提出相应的预防措施。,30,"{""min"": ""G7"", ""max"": ""G9""}",ai-reviewed,[],deterministic-screen-only,not-adjudicated,anchors/biology.jsonl:16
ca_Gq5PrGnr,生物学,能够解释遗传信息在生殖过程中完成了传递，并控制新个体的生长发育,(1) 能够解释遗传信息在生殖过程中完成了传递，并控制新个体的生长发育。,33,"{""min"": ""G7"", ""max"": ""G9""}",ai-reviewed,[],deterministic-screen-only,not-adjudicated,anchors/biology.jsonl:18
ca_z2DmYx8w,生物学,根据观察到的生物学现象或与生物学相关的现实需求，尝试提出需要解决的生物学或跨学科实践问题,(1) 根据观察到的生物学现象或与生物学相关的现实需求，尝试提出需要解决的生物学或跨学科实践问题。,38,"{""min"": ""G7"", ""max"": ""G9""}",ai-reviewed,[],deterministic-screen-only,not-adjudicated,anchors/biology.jsonl:20
ca_fctHvPkz,生物学,能够运用证据进行交流和讨论，并在此基础上反思研究中的不足，改进实践方案,(5) 通过书面或口头方式分享实践成果，针对他人提出的问题，能够运用证据进行交流和讨论，并在此基础上反思研究中的不足，改进实践方案。,38,"{""min"": ""G7"", ""max"": ""G9""}",ai-reviewed,[],deterministic-screen-only,not-adjudicated,anchors/biology.jsonl:21
ca_ZrLX88F9,生物学,运用进化与适应观和生态观分析生物在形态结构和行为等方面与环境相适应的特征,运用进化与适应观和生态观分析生物在形态结构和行为等方面与环境相适应的特征；,41,"{""min"": ""G7"", ""max"": ""G9""}",ai-reviewed,[],deterministic-screen-only,not-adjudicated,anchors/biology.jsonl:24
ca_7J6zuftI,生物学,能说出细胞是生物体结构和功能的基本单位,1.1 细胞是生物体结构和功能的基本单位,16,"{""min"": ""G7"", ""max"": ""G9""}",ai-adjudicated,[],deterministic-screen-only,not-adjudicated,anchors/biology.jsonl:25
ca_RzSTXDfr,生物学,能说出细胞核是遗传信息库,1.1.5 细胞核是遗传信息库,16,"{""min"": ""G7"", ""max"": ""G9""}",ai-adjudicated,[],deterministic-screen-only,not-adjudicated,anchors/biology.jsonl:26
ca_tNjzu3t5,生物学,能说出生物体在结构和功能上是一个有机整体,识别给定生物材料所属的结构层次，并阐明生物体在结构和功能上是一个有机整体。,17,"{""min"": ""G7"", ""max"": ""G9""}",ai-reviewed,[],deterministic-screen-only,not-adjudicated,anchors/biology.jsonl:27
ca_BHjoMc49,生物学,"能说出克隆羊""多莉""是与细胞研究有关的科学研究成果",与细胞研究有关的科学研究成果，如克隆羊“多莉”、克隆猴“中中”“华华”等,18,"{""min"": ""G7"", ""max"": ""G9""}",ai-adjudicated,"[""A08""]",deterministic-screen-only,not-adjudicated,anchors/biology.jsonl:28
ca_7BYZSO01,生物学,"能说出克隆猴""中中""""华华""是与细胞研究有关的科学研究成果",与细胞研究有关的科学研究成果，如克隆羊“多莉”、克隆猴“中中”“华华”等,18,"{""min"": ""G7"", ""max"": ""G9""}",ai-adjudicated,"[""A08""]",deterministic-screen-only,not-adjudicated,anchors/biology.jsonl:29
ca_wPZ9yHl9,生物学,能制作植物细胞、动物细胞的临时装片,实验探究活动：练习使用光学显微镜；用显微镜观察池塘水中的微小生物；制作植物细胞、动物细胞的临时装片，用显微镜观察细胞结构,18,"{""min"": ""G7"", ""max"": ""G9""}",ai-reviewed,[],deterministic-screen-only,not-adjudicated,anchors/biology.jsonl:30
ca_0BTsN2qb,生物学,能制作植物细胞临时装片并用显微镜观察细胞结构,实验探究活动：练习使用光学显微镜；用显微镜观察池塘水中的微小生物；制作植物细胞、动物细胞的临时装片，用显微镜观察细胞结构,18,"{""min"": ""G7"", ""max"": ""G9""}",ai-reviewed,[],deterministic-screen-only,not-adjudicated,anchors/biology.jsonl:31
ca_fRyQWcZy,生物学,能制作动物细胞的临时装片，用显微镜观察细胞结构,实验探究活动：练习使用光学显微镜；用显微镜观察池塘水中的微小生物；制作植物细胞、动物细胞的临时装片，用显微镜观察细胞结构,18,"{""min"": ""G7"", ""max"": ""G9""}",ai-reviewed,[],deterministic-screen-only,not-adjudicated,anchors/biology.jsonl:32
ca_2u711pdY,生物学,能说出观察人体和植物体的基本组织是观察组织的实验活动,实验探究活动：观察人体和植物体的基本组织,18,"{""min"": ""G7"", ""max"": ""G9""}",ai-reviewed,[],deterministic-screen-only,not-adjudicated,anchors/biology.jsonl:34
ca_zPz2SHT0,生物学,能说出观察草履虫并探究其取食、运动或趋性是观察原生动物的实验活动,实验探究活动：观察某种原生动物（如草履虫），并探究其取食、运动或趋性,18,"{""min"": ""G7"", ""max"": ""G9""}",ai-reviewed,[],deterministic-screen-only,not-adjudicated,anchors/biology.jsonl:35
ca_GDa1Fpk3,生物学,能说出藻类是能够进行光合作用的结构简单的生物,藻类是能够进行光合作用的结构简单的生物,19,"{""min"": ""G7"", ""max"": ""G9""}",ai-adjudicated,[],deterministic-screen-only,not-adjudicated,anchors/biology.jsonl:36
ca_eo9JKTzq,生物学,能说出细菌是单细胞生物，无成形的细胞核,细菌是单细胞生物，无成形的细胞核,19,"{""min"": ""G7"", ""max"": ""G9""}",ai-adjudicated,[],deterministic-screen-only,not-adjudicated,anchors/biology.jsonl:37
ca_XytL6wdF,生物学,能说出真菌是单细胞或多细胞生物，有成形的细胞核,真菌是单细胞或多细胞生物，有成形的细胞核,19,"{""min"": ""G7"", ""max"": ""G9""}",ai-adjudicated,[],deterministic-screen-only,not-adjudicated,anchors/biology.jsonl:38
ca_H6ytpMqn,生物学,能说出保护生物资源的基本遵循是有关野生动植物资源保护的法律法规,2.4.2 有关野生动植物资源保护的法律法规是保护生物资源的基本遵循,20,"{""min"": ""G7"", ""max"": ""G9""}",ai-adjudicated,[],deterministic-screen-only,not-adjudicated,anchors/biology.jsonl:39
ca_tmtysh6f,生物学,能说出生态系统是由生产者、消费者、分解者与非生物环境构成的有机整体,3.1.3 生态系统是由生产者、消费者、分解者与非生物环境构成的有机整体,22,"{""min"": ""G7"", ""max"": ""G9""}",ai-adjudicated,[],deterministic-screen-only,not-adjudicated,anchors/biology.jsonl:40
ca_BqWnjQmY,生物学,能说出生物圈是包含多种类型生态系统的最大生态系统,3.1.6 生物圈是包含多种类型生态系统的最大生态系统,22,"{""min"": ""G7"", ""max"": ""G9""}",ai-adjudicated,[],deterministic-screen-only,not-adjudicated,anchors/biology.jsonl:41
ca_PZqHTEtQ,生物学,能分析某生态系统受到破坏的具体实例，阐明生态系统的自我调节能力是有限的,分析某生态系统受到破坏的具体实例，阐明生态系统的自我调节能力是有限的。,23,"{""min"": ""G7"", ""max"": ""G9""}",ai-reviewed,[],deterministic-screen-only,not-adjudicated,anchors/biology.jsonl:42
ca_LNvwMtTL,生物学,能说出花中最重要的结构是雄蕊和雌蕊,花中最重要的结构是雄蕊和雌蕊,24,"{""min"": ""G7"", ""max"": ""G9""}",ai-adjudicated,[],deterministic-screen-only,not-adjudicated,anchors/biology.jsonl:43
ca_CM8MERid,生物学,能说出科学的发展是众多科学家经过长期探索、共同努力的结果,认识到科学的发展是众多科学家经过长期探索、共同努力的结果。,26,"{""min"": ""G7"", ""max"": ""G9""}",ai-adjudicated,[],deterministic-screen-only,not-adjudicated,anchors/biology.jsonl:44
ca_GRw9UYL6,生物学,能说出呼吸系统的主要功能是从大气中摄取代谢所需要的氧气，排出代谢产生的二氧化碳,5.3.1 呼吸系统由呼吸道和肺构成，其主要功能是从大气中摄取代谢所需要的氧气，排出代谢产生的二氧化碳,28,"{""min"": ""G7"", ""max"": ""G9""}",ai-adjudicated,[],deterministic-screen-only,not-adjudicated,anchors/biology.jsonl:45
ca_XrqQfYjF,生物学,能说出反射是神经调节的基本方式,5.5.2 反射是神经调节的基本方式，反射弧是反射的结构基础,28,"{""min"": ""G7"", ""max"": ""G9""}",ai-adjudicated,[],deterministic-screen-only,not-adjudicated,anchors/biology.jsonl:46
ca_FOVNDUal,生物学,能说出反射弧是反射的结构基础,5.5.2 反射是神经调节的基本方式，反射弧是反射的结构基础,28,"{""min"": ""G7"", ""max"": ""G9""}",ai-adjudicated,[],deterministic-screen-only,not-adjudicated,anchors/biology.jsonl:47
ca_5MtL0zOb,生物学,能说出人体的运动是在神经系统支配下，由肌肉牵拉着骨围绕关节进行的,5.5.3 人体的运动是在神经系统支配下，由肌肉牵拉着骨围绕关节进行的,28,"{""min"": ""G7"", ""max"": ""G9""}",ai-adjudicated,[],deterministic-screen-only,not-adjudicated,anchors/biology.jsonl:48
ca_jcmZYUF1,生物学,能说出常见的寄生虫病、细菌性传染病、病毒性传染病是人体健康的威胁,6.1.2 常见的寄生虫病（如血吸虫病、肠道蠕虫病等）、细菌性传染病（如淋病）、病毒性传染病（如严重急性呼吸综合征、新型冠状病毒肺炎、艾滋病、乙型肝炎、丙型肝炎等）是人体健康的威胁,29,"{""min"": ""G7"", ""max"": ""G9""}",ai-adjudicated,[],deterministic-screen-only,not-adjudicated,anchors/biology.jsonl:49
ca_SD35szK8,生物学,能说出DNA是主要的遗传物质,7.2.1 DNA是主要的遗传物质,33,"{""min"": ""G7"", ""max"": ""G9""}",ai-adjudicated,[],deterministic-screen-only,not-adjudicated,anchors/biology.jsonl:50
ca_xIMHmtWO,生物学,能说出基因是包含遗传信息的DNA片段,7.2.2 基因是包含遗传信息的DNA片段,33,"{""min"": ""G7"", ""max"": ""G9""}",ai-adjudicated,[],deterministic-screen-only,not-adjudicated,anchors/biology.jsonl:51
ca_zA8p6mbL,生物学,能说出人的性别是由性染色体的组成决定的,7.2.3 基因位于染色体上，人的性别是由性染色体的组成决定的,33,"{""min"": ""G7"", ""max"": ""G9""}",ai-adjudicated,[],deterministic-screen-only,not-adjudicated,anchors/biology.jsonl:52
ca_lrnGX7N8,生物学,能说出生物的性状是由基因组成和环境共同决定的,7.2.4 生物的性状是由基因组成和环境共同决定的,33,"{""min"": ""G7"", ""max"": ""G9""}",ai-adjudicated,[],deterministic-screen-only,not-adjudicated,anchors/biology.jsonl:53
ca_b8UGLxuK,生物学,能说出化石记录是生物进化的直接证据,8.1.2 化石记录是生物进化的直接证据,33,"{""min"": ""G7"", ""max"": ""G9""}",ai-adjudicated,[],deterministic-screen-only,not-adjudicated,anchors/biology.jsonl:54
ca_q0fisxt4,生物学,能说出多种多样的生物是经过自然选择长期进化的结果,8.2 多种多样的生物是经过自然选择长期进化的结果,33,"{""min"": ""G7"", ""max"": ""G9""}",ai-adjudicated,[],deterministic-screen-only,not-adjudicated,anchors/biology.jsonl:55
ca_Pq10wkgY,生物学,能说出人类和现代类人猿都是由古猿进化而来的,8.2.3 人类和现代类人猿都是由古猿进化而来的,33,"{""min"": ""G7"", ""max"": ""G9""}",ai-adjudicated,[],deterministic-screen-only,not-adjudicated,anchors/biology.jsonl:56
ca_Hn3rdC4d,生物学,能运用多学科的知识和方法自制实验装置模拟吸烟有害健康,（2）制作实验装置，模拟吸烟有害健康。运用多学科的知识和方法自制实验装置，模拟香烟烟雾对呼吸道黏膜的危害；,35,"{""min"": ""G7"", ""max"": ""G9""}",ai-reviewed,[],deterministic-screen-only,not-adjudicated,anchors/biology.jsonl:57
ca_WxXBUqtq,生物学,能结合具体实例，分析神经系统对内外环境变化作出的反应并阐明其意义,（7）结合具体实例，分析人体的神经系统、内分泌系统和免疫功能对机体内外环境变化所作出的反应，阐明其重要意义。,30,"{""min"": ""G7"", ""max"": ""G7""}",ai-reviewed,[],deterministic-screen-only,not-adjudicated,anchors/biology.jsonl:58
ca_Vej5Qf8H,生物学,能结合具体实例，分析内分泌系统对内外环境变化作出的反应并阐明其意义,（7）结合具体实例，分析人体的神经系统、内分泌系统和免疫功能对机体内外环境变化所作出的反应，阐明其重要意义。,30,"{""min"": ""G7"", ""max"": ""G7""}",ai-reviewed,[],deterministic-screen-only,not-adjudicated,anchors/biology.jsonl:59
ca_PiPJEr7Z,生物学,能结合具体实例，分析免疫功能对内外环境变化作出的反应并阐明其意义,（7）结合具体实例，分析人体的神经系统、内分泌系统和免疫功能对机体内外环境变化所作出的反应，阐明其重要意义。,30,"{""min"": ""G7"", ""max"": ""G7""}",ai-reviewed,[],deterministic-screen-only,not-adjudicated,anchors/biology.jsonl:60
ca_ykagAQGK,生物学,能描述细胞通过不同的方式进行分裂,描述细胞通过不同的方式进行分裂，其中有丝分裂保证了遗传信息在亲代和子代细胞中的一致性,23,"{""min"": ""G10"", ""max"": ""G12""}",ai-reviewed,[],deterministic-screen-only,not-adjudicated,anchors/biology.jsonl:61
ca_pT5CiwR7,生物学,能描述有丝分裂保证了遗传信息在亲代和子代细胞中的一致性,描述细胞通过不同的方式进行分裂，其中有丝分裂保证了遗传信息在亲代和子代细胞中的一致性,23,"{""min"": ""G10"", ""max"": ""G12""}",ai-reviewed,[],deterministic-screen-only,not-adjudicated,anchors/biology.jsonl:62
ca_u9zE8qCm,生物学,能举例说明染色体结构的变异可能导致生物性状的改变甚至死亡,举例说明染色体结构和数量的变异都可能导致生物性状的改变甚至死亡,26,"{""min"": ""G10"", ""max"": ""G12""}",ai-reviewed,[],deterministic-screen-only,not-adjudicated,anchors/biology.jsonl:63
ca_bF2pHDbA,生物学,能举例说明染色体数量的变异可能导致生物性状的改变甚至死亡,举例说明染色体结构和数量的变异都可能导致生物性状的改变甚至死亡,26,"{""min"": ""G10"", ""max"": ""G12""}",ai-reviewed,[],deterministic-screen-only,not-adjudicated,anchors/biology.jsonl:64
ca_3jkNNed3,生物学,能举例说明激素通过分级调节维持机体的稳态,举例说明激素通过分级调节、反馈调节等机制维持机体的稳态，如甲状腺激素分泌的调节和血糖平衡的调节等,30,"{""min"": ""G10"", ""max"": ""G12""}",ai-reviewed,[],deterministic-screen-only,not-adjudicated,anchors/biology.jsonl:65
ca_3QKQnMGW,生物学,能举例说明激素通过反馈调节维持机体的稳态,举例说明激素通过分级调节、反馈调节等机制维持机体的稳态，如甲状腺激素分泌的调节和血糖平衡的调节等,30,"{""min"": ""G10"", ""max"": ""G12""}",ai-reviewed,[],deterministic-screen-only,not-adjudicated,anchors/biology.jsonl:66
ca_fKLJp7YQ,生物学,能举例说明甲状腺激素分泌的调节,举例说明激素通过分级调节、反馈调节等机制维持机体的稳态，如甲状腺激素分泌的调节和血糖平衡的调节等,30,"{""min"": ""G10"", ""max"": ""G12""}",ai-reviewed,[],deterministic-screen-only,not-adjudicated,anchors/biology.jsonl:67
ca_JKMZVBFa,生物学,能举例说明血糖平衡的调节,举例说明激素通过分级调节、反馈调节等机制维持机体的稳态，如甲状腺激素分泌的调节和血糖平衡的调节等,30,"{""min"": ""G10"", ""max"": ""G12""}",ai-reviewed,[],deterministic-screen-only,not-adjudicated,anchors/biology.jsonl:68
ca_kM3pBbCz,生物学,能举例说明阳光、温度和水等非生物因素会影响生物的种群特征,举例说明阳光、温度和水等非生物因素以及不同物种之间的相互作用都会影响生物的种群特征,33,"{""min"": ""G10"", ""max"": ""G12""}",ai-reviewed,[],deterministic-screen-only,not-adjudicated,anchors/biology.jsonl:69
ca_JnRcwrKf,生物学,能举例说明不同物种之间的相互作用会影响生物的种群特征,举例说明阳光、温度和水等非生物因素以及不同物种之间的相互作用都会影响生物的种群特征,33,"{""min"": ""G10"", ""max"": ""G12""}",ai-reviewed,[],deterministic-screen-only,not-adjudicated,anchors/biology.jsonl:70
ca_t7uJet5W,生物学,能描述群落具有垂直结构等特征,描述群落具有垂直结构和水平结构等特征，并可随时间而改变,33,"{""min"": ""G10"", ""max"": ""G12""}",ai-reviewed,[],deterministic-screen-only,not-adjudicated,anchors/biology.jsonl:71
ca_TLaTdDzB,生物学,能描述群落具有水平结构等特征,描述群落具有垂直结构和水平结构等特征，并可随时间而改变,33,"{""min"": ""G10"", ""max"": ""G12""}",ai-reviewed,[],deterministic-screen-only,not-adjudicated,anchors/biology.jsonl:72
ca_6AZmgqgf,生物学,能描述群落可随时间而改变,描述群落具有垂直结构和水平结构等特征，并可随时间而改变,33,"{""min"": ""G10"", ""max"": ""G12""}",ai-reviewed,[],deterministic-screen-only,not-adjudicated,anchors/biology.jsonl:73
ca_YqrTxSkG,生物学,能分析不同群落中的生物具有与该群落环境相适应的形态结构,分析不同群落中的生物具有与该群落环境相适应的形态结构、生理特征和分布特点,33,"{""min"": ""G10"", ""max"": ""G12""}",ai-reviewed,[],deterministic-screen-only,not-adjudicated,anchors/biology.jsonl:74
ca_ug92BsqZ,生物学,能分析不同群落中的生物具有与该群落环境相适应的生理特征,分析不同群落中的生物具有与该群落环境相适应的形态结构、生理特征和分布特点,33,"{""min"": ""G10"", ""max"": ""G12""}",ai-reviewed,[],deterministic-screen-only,not-adjudicated,anchors/biology.jsonl:75
ca_VNiiN5X3,生物学,能分析不同群落中的生物具有与该群落环境相适应的分布特点,分析不同群落中的生物具有与该群落环境相适应的形态结构、生理特征和分布特点,33,"{""min"": ""G10"", ""max"": ""G12""}",ai-reviewed,[],deterministic-screen-only,not-adjudicated,anchors/biology.jsonl:76
ca_YvPaELMu,生物学,能分析生态系统中的物质在生物群落与无机环境之间不断循环的规律,分析生态系统中的物质在生物群落与无机环境之间不断循环、能量在生物群落中单向流动并逐级递减的规律,33,"{""min"": ""G10"", ""max"": ""G12""}",ai-reviewed,[],deterministic-screen-only,not-adjudicated,anchors/biology.jsonl:77
ca_j8SFu7tP,生物学,能分析能量在生物群落中单向流动并逐级递减的规律,分析生态系统中的物质在生物群落与无机环境之间不断循环、能量在生物群落中单向流动并逐级递减的规律,33,"{""min"": ""G10"", ""max"": ""G12""}",ai-reviewed,[],deterministic-screen-only,not-adjudicated,anchors/biology.jsonl:78
ca_baqRCf9d,生物学,能指出花的结构图中雄蕊的位置,花中最重要的结构是雄蕊和雌蕊,24,"{""min"": ""G7"", ""max"": ""G9""}",ai-reviewed,"[""A04""]",deterministic-screen-only,not-adjudicated,anchors/biology.jsonl:79
ca_hpdY9SuU,生物学,能说明雄蕊的功能,花中最重要的结构是雄蕊和雌蕊,24,"{""min"": ""G7"", ""max"": ""G9""}",ai-reviewed,"[""A04""]",deterministic-screen-only,not-adjudicated,anchors/biology.jsonl:81
ca_vbkmtfjV,生物学,能说明雌蕊的功能,花中最重要的结构是雄蕊和雌蕊,24,"{""min"": ""G7"", ""max"": ""G9""}",ai-reviewed,"[""A04""]",deterministic-screen-only,not-adjudicated,anchors/biology.jsonl:82
ca_sxRh4VFs,生物学,能列举出至少两种不同类型的传染病,6.1.2 常见的寄生虫病（如血吸虫病、肠道蠕虫病等）、细菌性传染病（如淋病）、病毒性传染病（如严重急性呼吸综合征、新型冠状病毒肺炎、艾滋病、乙型肝炎、丙型肝炎等）是人体健康的威胁,29,"{""min"": ""G7"", ""max"": ""G9""}",ai-reviewed,"[""A04""]",deterministic-screen-only,not-adjudicated,anchors/biology.jsonl:83
ca_zw2wJ2GL,生物学,能说明不同类型的传染病对人体健康的威胁,6.1.2 常见的寄生虫病（如血吸虫病、肠道蠕虫病等）、细菌性传染病（如淋病）、病毒性传染病（如严重急性呼吸综合征、新型冠状病毒肺炎、艾滋病、乙型肝炎、丙型肝炎等）是人体健康的威胁,29,"{""min"": ""G7"", ""max"": ""G9""}",ai-reviewed,"[""A04""]",deterministic-screen-only,not-adjudicated,anchors/biology.jsonl:84
ca_8ssxsWsR,生物学,能从物质与能量视角，探索光合作用与呼吸作用，阐明细胞生命活动过程中贯穿着物质与能量的变化,完成本模块学习后，学生应该能够：● 从结构与功能相适应这一视角，解释细胞由多种多样的分子组成，这些分子是细胞执行各项生命活动的物质基础（生命观念、科学● 建构并使用细胞模型，阐明细胞各部分结构通过分工与合作，形成相互协调的有机整体，实现细胞水平的各项生命活动（ 生命观念、科学思维、科学探究）；● 从物质与能量视角，探索光合作用与呼吸作用，阐明细胞生命活动过程中贯穿着物质与能量的变化（生命观念、科学思维、科学探● 观察多种多样的细胞，说明这些细胞具有多种形态和功能，但同时又都具有相似的基本结构（生命观念、科学探究）；● 观察处于细胞周期不同阶段的细胞，结合有丝分裂模型，描述细胞增殖的主要特征，并举例说明细胞的分化、衰老、死亡等生命现象（生命观念、科学探究、社会责任）。模块2 遗传与进化本模块包括遗传的细胞基础、遗传的分子基础、遗传的基本规律、生物的变异和生物的进化等内容。生物通过生殖、发育和遗传实现生命的延续和种族的繁衍，通过进化形成物种多样性和适应性，进化的本质是遗传物质的改变。本模块选取的减数分裂和受精作用、DNA分子的结构和功能、遗传和变异的基本原理及应用等知识，主要是从细胞水平和分子水平阐述生命的延续性；选取的现代生物进化理论和物种形成等知识，主要是为了阐明生物进化的过程和原因。本模块的内容，对于学生理解生命的延续和发展，认识生物界及生物多样性，形成生物进化的观点，树立正确的自然观有重要意义；同时，对于学生理解有关原理在促进经济与社会发展、 增进人类健康等方面的价值，也是十分重要的。,24,"{""min"": ""G10"", ""max"": ""G12""}",disputed,"[""A02""]",deterministic-screen-only,not-adjudicated,anchors/biology.jsonl:85
ca_y5VbqdFc,生物学,能运用细胞减数分裂的模型，阐明遗传信息在有性生殖中的传递规律,完成本模块学习后，学生应该能够：● 结合 DNA双螺旋结构模型，阐明 DNA分子作为遗传物质所具有的特征，以及通过复制、转录、翻译等过程传递和表达遗传信息（生命观念、科学思维）；● 运用细胞减数分裂的模型，阐明遗传信息在有性生殖中的传递规律（生命观念、科学思维）；● 基于证据，论证可遗传的变异来自基因重组、基因突变和染色体变异（科学思维、科学探究）；● 运用统计与概率的相关知识，解释并预测种群内某一遗传性状的分布及变化（科学思维、科学探究）；● 运用遗传与变异的观点，解释常规遗传学技术在现实生产生活中的应用（生命观念、社会责任）；● 分析不同类型的证据，探讨地球上现存的丰富多样的物种是由共同祖先长期进化形成的（生命观念、科学思维、社会责任）；● 基于可遗传的变异，以及变异可能带来的生存与繁殖优势等方面的实例，解释生物的适应是自然选择的结果（ 生命观念、科学,27,"{""min"": ""G10"", ""max"": ""G12""}",ai-reviewed,[],deterministic-screen-only,not-adjudicated,anchors/biology.jsonl:86
ca_vnwiCQVr,生物学,能论证可遗传的变异来自基因重组、基因突变和染色体变异,完成本模块学习后，学生应该能够：● 结合 DNA双螺旋结构模型，阐明 DNA分子作为遗传物质所具有的特征，以及通过复制、转录、翻译等过程传递和表达遗传信息（生命观念、科学思维）；● 运用细胞减数分裂的模型，阐明遗传信息在有性生殖中的传递规律（生命观念、科学思维）；● 基于证据，论证可遗传的变异来自基因重组、基因突变和染色体变异（科学思维、科学探究）；● 运用统计与概率的相关知识，解释并预测种群内某一遗传性状的分布及变化（科学思维、科学探究）；● 运用遗传与变异的观点，解释常规遗传学技术在现实生产生活中的应用（生命观念、社会责任）；● 分析不同类型的证据，探讨地球上现存的丰富多样的物种是由共同祖先长期进化形成的（生命观念、科学思维、社会责任）；● 基于可遗传的变异，以及变异可能带来的生存与繁殖优势等方面的实例，解释生物的适应是自然选择的结果（ 生命观念、科学,27,"{""min"": ""G10"", ""max"": ""G12""}",ai-reviewed,[],deterministic-screen-only,not-adjudicated,anchors/biology.jsonl:87
ca_WTUZTQeA,生物学,能运用统计与概率的相关知识,完成本模块学习后，学生应该能够：● 结合 DNA双螺旋结构模型，阐明 DNA分子作为遗传物质所具有的特征，以及通过复制、转录、翻译等过程传递和表达遗传信息（生命观念、科学思维）；● 运用细胞减数分裂的模型，阐明遗传信息在有性生殖中的传递规律（生命观念、科学思维）；● 基于证据，论证可遗传的变异来自基因重组、基因突变和染色体变异（科学思维、科学探究）；● 运用统计与概率的相关知识，解释并预测种群内某一遗传性状的分布及变化（科学思维、科学探究）；● 运用遗传与变异的观点，解释常规遗传学技术在现实生产生活中的应用（生命观念、社会责任）；● 分析不同类型的证据，探讨地球上现存的丰富多样的物种是由共同祖先长期进化形成的（生命观念、科学思维、社会责任）；● 基于可遗传的变异，以及变异可能带来的生存与繁殖优势等方面的实例，解释生物的适应是自然选择的结果（ 生命观念、科学,27,"{""min"": ""G10"", ""max"": ""G12""}",disputed,"[""A02""]",deterministic-screen-only,not-adjudicated,anchors/biology.jsonl:88
ca_6AsrGVfb,生物学,能解释并预测种群内某一遗传性状的分布及变化,完成本模块学习后，学生应该能够：● 结合 DNA双螺旋结构模型，阐明 DNA分子作为遗传物质所具有的特征，以及通过复制、转录、翻译等过程传递和表达遗传信息（生命观念、科学思维）；● 运用细胞减数分裂的模型，阐明遗传信息在有性生殖中的传递规律（生命观念、科学思维）；● 基于证据，论证可遗传的变异来自基因重组、基因突变和染色体变异（科学思维、科学探究）；● 运用统计与概率的相关知识，解释并预测种群内某一遗传性状的分布及变化（科学思维、科学探究）；● 运用遗传与变异的观点，解释常规遗传学技术在现实生产生活中的应用（生命观念、社会责任）；● 分析不同类型的证据，探讨地球上现存的丰富多样的物种是由共同祖先长期进化形成的（生命观念、科学思维、社会责任）；● 基于可遗传的变异，以及变异可能带来的生存与繁殖优势等方面的实例，解释生物的适应是自然选择的结果（ 生命观念、科学,27,"{""min"": ""G10"", ""max"": ""G12""}",ai-reviewed,[],deterministic-screen-only,not-adjudicated,anchors/biology.jsonl:89
ca_LfkmWWwV,生物学,能运用遗传与变异的观点,完成本模块学习后，学生应该能够：● 结合 DNA双螺旋结构模型，阐明 DNA分子作为遗传物质所具有的特征，以及通过复制、转录、翻译等过程传递和表达遗传信息（生命观念、科学思维）；● 运用细胞减数分裂的模型，阐明遗传信息在有性生殖中的传递规律（生命观念、科学思维）；● 基于证据，论证可遗传的变异来自基因重组、基因突变和染色体变异（科学思维、科学探究）；● 运用统计与概率的相关知识，解释并预测种群内某一遗传性状的分布及变化（科学思维、科学探究）；● 运用遗传与变异的观点，解释常规遗传学技术在现实生产生活中的应用（生命观念、社会责任）；● 分析不同类型的证据，探讨地球上现存的丰富多样的物种是由共同祖先长期进化形成的（生命观念、科学思维、社会责任）；● 基于可遗传的变异，以及变异可能带来的生存与繁殖优势等方面的实例，解释生物的适应是自然选择的结果（ 生命观念、科学,27,"{""min"": ""G10"", ""max"": ""G12""}",disputed,"[""A02""]",deterministic-screen-only,not-adjudicated,anchors/biology.jsonl:90
ca_Y2bSgNCn,生物学,能运用图示和模型等方法，表征并阐释内环境为机体细胞提供适宜的生存环境并与外界环境进行物质交换,完成本模块学习后，学生应该能够：● 运用图示和模型等方法，表征并阐释内环境为机体细胞提供适宜的生存环境并与外界环境进行物质交换（生命观念、科学思维）；● 结合日常生活中的情境，分析说明人体通过神经系统、内分泌系统以及免疫系统的调节作用对内外环境的变化作出反应，以维持内环境稳态（生命观念、科学思维）；● 评估多种生活方案，认同并采纳健康文明的生活方式，远离毒品，向他人宣传毒品的危害及传染病的防控措施等（科学思维、社会● 基于植物激素在生产生活中应用的相关资料，结合植物激素和其他因素对植物生命活动的调节，分析并尝试提出生产实践方案（科学探究、社会责任）。模块2 生物与环境本模块包括种群和群落、 生态系统、 环境保护等内容。在生态系统中，生物与环境之间相互影响，种群数量不断变化，群落也处在演替过程中。生态系统通过自动调节作用，实现物质循环和能量流动的相对稳定，形成稳态。人类的活动对环境产生重大的影响，环境保护已成为全人类共同关心的问题。本模块选取有关生物与环境的知识，有助于学生理解生命活动的本质，了解系统分析的思想和方法，提高对生命系统与环境关系的认识，并为学生树立人与自然和谐共处的观念、形成生态意识、环保意识和践行绿色低碳生活方式奠定基础。,31,"{""min"": ""G10"", ""max"": ""G12""}",ai-reviewed,[],deterministic-screen-only,not-adjudicated,anchors/biology.jsonl:91
ca_6U5kzBeZ,生物学,能运用数学模型表征种群数量变化的规律,完成本模块学习后，学生应该能够：● 运用数学模型表征种群数量变化的规律，分析和解释影响这一变化规律的因素，并应用于相关实践活动中（ 生命观念、科学思维、● 举例说明不同类型群落的结构、特征及演替规律（生命观念）；● 使用图示等方式表征和说明生态系统中物质循环、能量流动和信息传递的过程和特征，并对相关的生态学实践应用作出合理的分析和判断（生命观念、科学思维、社会责任）；● 从生态系统具备有限自我调节能力的视角，预测和论证某一因素对生态系统的干扰可能引发的多种潜在变化（生命观念、科学探究、● 分析或探讨人类活动对自然生态系统动态平衡的影响及人工生态系统带来的经济、生态和社会效益，并尝试提出人与环境和谐共处的合理化建议（生命观念、科学探究、社会责任）。模块3 生物技术与工程本模块的内容包括发酵工程、细胞工程、基因工程和生物技术安全与伦理等。生物学知识是生物工程的设计基础，而生物工程则应在法律和伦理的约束下，以人类需求为目标进行产品的开发，进而推动生物学的不断进步，提高人类生活质量。本模块包括 4 个较为具体的概念，这些概念既是对必修内容的扩展和应用，又是对生物技术和工程的认识和理解。实践的环节是帮助学生达成教学目标的关键。这里所涉及的实验有的使学生了解基本原理或获得基本知识，有的偏重于实际应用。教师要充分利用学校的现有条件，为学生提供实践的机会。,35,"{""min"": ""G10"", ""max"": ""G12""}",ai-reviewed,[],deterministic-screen-only,not-adjudicated,anchors/biology.jsonl:92
ca_5LdM3KcR,生物学,能分析和解释影响这一变化规律的因素，并应用于相关实践活动中,完成本模块学习后，学生应该能够：● 运用数学模型表征种群数量变化的规律，分析和解释影响这一变化规律的因素，并应用于相关实践活动中（ 生命观念、科学思维、● 举例说明不同类型群落的结构、特征及演替规律（生命观念）；● 使用图示等方式表征和说明生态系统中物质循环、能量流动和信息传递的过程和特征，并对相关的生态学实践应用作出合理的分析和判断（生命观念、科学思维、社会责任）；● 从生态系统具备有限自我调节能力的视角，预测和论证某一因素对生态系统的干扰可能引发的多种潜在变化（生命观念、科学探究、● 分析或探讨人类活动对自然生态系统动态平衡的影响及人工生态系统带来的经济、生态和社会效益，并尝试提出人与环境和谐共处的合理化建议（生命观念、科学探究、社会责任）。模块3 生物技术与工程本模块的内容包括发酵工程、细胞工程、基因工程和生物技术安全与伦理等。生物学知识是生物工程的设计基础，而生物工程则应在法律和伦理的约束下，以人类需求为目标进行产品的开发，进而推动生物学的不断进步，提高人类生活质量。本模块包括 4 个较为具体的概念，这些概念既是对必修内容的扩展和应用，又是对生物技术和工程的认识和理解。实践的环节是帮助学生达成教学目标的关键。这里所涉及的实验有的使学生了解基本原理或获得基本知识，有的偏重于实际应用。教师要充分利用学校的现有条件，为学生提供实践的机会。,35,"{""min"": ""G10"", ""max"": ""G12""}",disputed,"[""A02""]",deterministic-screen-only,not-adjudicated,anchors/biology.jsonl:93
ca_7iBWnKFi,生物学,能举例说明不同类型群落的结构、特征及演替规律,完成本模块学习后，学生应该能够：● 运用数学模型表征种群数量变化的规律，分析和解释影响这一变化规律的因素，并应用于相关实践活动中（ 生命观念、科学思维、● 举例说明不同类型群落的结构、特征及演替规律（生命观念）；● 使用图示等方式表征和说明生态系统中物质循环、能量流动和信息传递的过程和特征，并对相关的生态学实践应用作出合理的分析和判断（生命观念、科学思维、社会责任）；● 从生态系统具备有限自我调节能力的视角，预测和论证某一因素对生态系统的干扰可能引发的多种潜在变化（生命观念、科学探究、● 分析或探讨人类活动对自然生态系统动态平衡的影响及人工生态系统带来的经济、生态和社会效益，并尝试提出人与环境和谐共处的合理化建议（生命观念、科学探究、社会责任）。模块3 生物技术与工程本模块的内容包括发酵工程、细胞工程、基因工程和生物技术安全与伦理等。生物学知识是生物工程的设计基础，而生物工程则应在法律和伦理的约束下，以人类需求为目标进行产品的开发，进而推动生物学的不断进步，提高人类生活质量。本模块包括 4 个较为具体的概念，这些概念既是对必修内容的扩展和应用，又是对生物技术和工程的认识和理解。实践的环节是帮助学生达成教学目标的关键。这里所涉及的实验有的使学生了解基本原理或获得基本知识，有的偏重于实际应用。教师要充分利用学校的现有条件，为学生提供实践的机会。,35,"{""min"": ""G10"", ""max"": ""G12""}",ai-reviewed,[],deterministic-screen-only,not-adjudicated,anchors/biology.jsonl:94
ca_9ttgkDtB,生物学,能结合生活或生产实例，举例说出发酵工程、细胞工程和基因工程等生物工程及相关技术的基本原理,完成本模块学习后，学生应该能够：● 结合生活或生产实例，举例说出发酵工程、细胞工程和基因工程等生物工程及相关技术的基本原理（生命观念）；● 针对人类生产或生活的某一需求，在发酵工程、细胞工程和基因工程中选取恰当的技术和方法，尝试提出初步的工程学构想，进行简单的设计和制作（生命观念、科学探究）；● 面对日常生活或社会热点话题中与生物技术和工程有关的话题，基于证据运用生物学基本概念和原理，就生物技术与工程的安全与伦理问题表明自己的观点并展开讨论（科学思维、社会责任）。,40,"{""min"": ""G10"", ""max"": ""G12""}",ai-reviewed,[],deterministic-screen-only,not-adjudicated,anchors/biology.jsonl:95
ca_LVQeDEyG,化学,能举例说明化学科学对促进社会发展的重要作用，列举化学家创造的对日常生活有价值的物质,1. 能举例说明化学科学对促进社会发展的重要作用，列举化学家创造的对日常生活有价值的物质；,22,"{""min"": ""G9"", ""max"": ""G9""}",ai-reviewed,"[""A09""]",deterministic-screen-only,not-adjudicated,anchors/chemistry.jsonl:1
ca_ynNqkgVB,化学,能结合具体探究活动说明科学探究的要素及各要素之间的关系,2. 能结合具体探究活动说明科学探究的要素及各要素之间的关系；,22,"{""min"": ""G9"", ""max"": ""G9""}",ai-reviewed,[],deterministic-screen-only,not-adjudicated,anchors/chemistry.jsonl:3
ca_nnmdcP4z,化学,能撰写简单的实验报告，并与他人交流和评价探究过程及结果,能撰写简单的实验报告，并与他人交流和评价探究过程及结果。,22,"{""min"": ""G9"", ""max"": ""G9""}",ai-reviewed,"[""A09""]",deterministic-screen-only,not-adjudicated,anchors/chemistry.jsonl:6
ca_iryMPNTf,化学,能严格遵守实验室安全规则,3. 能严格遵守实验室安全规则，能识别实验室安全警示标志和常用危险化学品标志，具有预防化学实验安全事故的意识。,22,"{""min"": ""G9"", ""max"": ""G9""}",ai-reviewed,[],deterministic-screen-only,not-adjudicated,anchors/chemistry.jsonl:7
ca_Zn3ndpd9,化学,能识别实验室安全警示标志和常用危险化学品标志，具有预防化学实验安全事故的意识,3. 能严格遵守实验室安全规则，能识别实验室安全警示标志和常用危险化学品标志，具有预防化学实验安全事故的意识。,22,"{""min"": ""G9"", ""max"": ""G9""}",ai-reviewed,"[""A09""]",deterministic-screen-only,not-adjudicated,anchors/chemistry.jsonl:8
ca_8kM8yTux,化学,能说明必做实验的基本思路与方法,能说明必做实验的基本思路与方法，分析实验实施的合理性，能体现严谨求实、敢于质疑的科学,22,"{""min"": ""G9"", ""max"": ""G9""}",ai-reviewed,[],deterministic-screen-only,not-adjudicated,anchors/chemistry.jsonl:9
ca_va5X2eqH,化学,能基于必做实验形成的探究思路与方法，结合物质的组成及变化等相关知识，分析解决真实情境中的简单实验问题,5. 能基于必做实验形成的探究思路与方法，结合物质的组成及变化等相关知识，分析解决真实情境中的简单实验问题。,23,"{""min"": ""G9"", ""max"": ""G9""}",ai-reviewed,[],deterministic-screen-only,not-adjudicated,anchors/chemistry.jsonl:11
ca_jbt8Fpra,化学,能依据物质的组成对物质进行分类，并能识别纯净物和混合物、单质和化合物,1. 能依据物质的组成对物质进行分类，并能识别纯净物和混合物、单质和化合物；,27,"{""min"": ""G7"", ""max"": ""G9""}",ai-reviewed,[],deterministic-screen-only,not-adjudicated,anchors/chemistry.jsonl:12
ca_QJ7jXWkN,化学,能举例说明物质性质的广泛应用及性质与用途的关系,能举例说明物质性质的广泛应用及性质与用途的关系；,27,"{""min"": ""G7"", ""max"": ""G9""}",ai-reviewed,[],deterministic-screen-only,not-adjudicated,anchors/chemistry.jsonl:13
ca_WUaQK3ev,化学,能设计简单实验，制备并检验氧气和二氧化碳,能设计简单实验，制备并检验氧气和二氧化碳；,27,"{""min"": ""G7"", ""max"": ""G9""}",ai-reviewed,"[""A09""]",deterministic-screen-only,not-adjudicated,anchors/chemistry.jsonl:14
ca_XAZaEVhY,化学,能检验溶液的酸碱性,能检验溶液的酸碱性。,27,"{""min"": ""G7"", ""max"": ""G9""}",ai-reviewed,[],deterministic-screen-only,not-adjudicated,anchors/chemistry.jsonl:15
ca_DB8Ucfs9,化学,能从定性和定量的视角，说明饱和溶液、溶解度和溶质质量,4. 能从定性和定量的视角，说明饱和溶液、溶解度和溶质质量,27,"{""min"": ""G7"", ""max"": ""G9""}",ai-reviewed,[],deterministic-screen-only,not-adjudicated,anchors/chemistry.jsonl:16
ca_e6279rGZ,化学,能基于真实问题情境，依据常见物质的性质，初步分析和解决相关的综合问题,5. 能基于真实问题情境，依据常见物质的性质，初步分析和解决相关的综合问题；,28,"{""min"": ""G7"", ""max"": ""G9""}",ai-reviewed,"[""A09""]",deterministic-screen-only,not-adjudicated,anchors/chemistry.jsonl:17
ca_ysq6TuHB,化学,能识记并正确书写常见元素的名称和符号,1. 能对元素进行简单分类，能识记并正确书写常见元素的名称和符号，能从组成物质的元素的角度判断物质的类别，能根据原子的核电荷数判断核内质子数和核外电子数，能根据元素的原子序数在元素周期表中查到该元素的名称、符号、相对原子质量等信息。,31,"{""min"": ""G9"", ""max"": ""G9""}",ai-reviewed,[],deterministic-screen-only,not-adjudicated,anchors/chemistry.jsonl:18
ca_SgnHE5EY,化学,能从组成物质的元素的角度判断物质的类别,1. 能对元素进行简单分类，能识记并正确书写常见元素的名称和符号，能从组成物质的元素的角度判断物质的类别，能根据原子的核电荷数判断核内质子数和核外电子数，能根据元素的原子序数在元素周期表中查到该元素的名称、符号、相对原子质量等信息。,31,"{""min"": ""G9"", ""max"": ""G9""}",ai-reviewed,[],deterministic-screen-only,not-adjudicated,anchors/chemistry.jsonl:19
ca_qdz7E5Jr,化学,能根据原子的核电荷数判断核内质子数和核外电子数,1. 能对元素进行简单分类，能识记并正确书写常见元素的名称和符号，能从组成物质的元素的角度判断物质的类别，能根据原子的核电荷数判断核内质子数和核外电子数，能根据元素的原子序数在元素周期表中查到该元素的名称、符号、相对原子质量等信息。,31,"{""min"": ""G9"", ""max"": ""G9""}",ai-reviewed,[],deterministic-screen-only,not-adjudicated,anchors/chemistry.jsonl:20
ca_n4gPxEFM,化学,能用化学式表示某些常见物质的组成,2. 能用化学式表示某些常见物质的组成，能分析常见物质中元素的化合价；,31,"{""min"": ""G9"", ""max"": ""G9""}",ai-reviewed,[],deterministic-screen-only,not-adjudicated,anchors/chemistry.jsonl:21
ca_awKKEAPV,化学,能分析常见物质中元素的化合价,2. 能用化学式表示某些常见物质的组成，能分析常见物质中元素的化合价；,31,"{""min"": ""G9"", ""max"": ""G9""}",ai-reviewed,[],deterministic-screen-only,not-adjudicated,anchors/chemistry.jsonl:22
ca_aHUYYMDq,化学,能从宏观与微观、定性与定量相结合的视角说明化学式的含义,能从宏观与微观、定性与定量相结合的视角说明化学式的含义；,31,"{""min"": ""G9"", ""max"": ""G9""}",ai-reviewed,[],deterministic-screen-only,not-adjudicated,anchors/chemistry.jsonl:23
ca_MQ57rcRz,化学,能说明分子、原子、离子的区别和联系,3. 能说明分子、原子、离子的区别和联系，能用分子的观点解释生活中的某些变化或现象；,32,"{""min"": ""G9"", ""max"": ""G9""}",ai-reviewed,"[""A09""]",deterministic-screen-only,not-adjudicated,anchors/chemistry.jsonl:24
ca_huPXSnri,化学,能用分子的观点解释生活中的某些变化或现象,3. 能说明分子、原子、离子的区别和联系，能用分子的观点解释生活中的某些变化或现象；,32,"{""min"": ""G9"", ""max"": ""G9""}",ai-reviewed,[],deterministic-screen-only,not-adjudicated,anchors/chemistry.jsonl:25
ca_rZNYUphi,化学,能依据化学反应过程中元素不变的规律，推断反应物或生成物的元素组成,能依据化学反应过程中元素不变的规律，推断反应物或生成物的元素组成。,32,"{""min"": ""G9"", ""max"": ""G9""}",ai-reviewed,[],deterministic-screen-only,not-adjudicated,anchors/chemistry.jsonl:26
ca_zWiSsqiF,化学,能判断常见的物理变化和化学变化，并能从宏观和微观的视角说明二者的区别,1. 能判断常见的物理变化和化学变化，并能从宏观和微观的视角说明二者的区别；,35,"{""min"": ""G9"", ""max"": ""G9""}",ai-reviewed,[],deterministic-screen-only,not-adjudicated,anchors/chemistry.jsonl:27
ca_f6Z8kJrp,化学,能选取实验证据说明质量守恒定律，并阐释其微观本质,2. 能选取实验证据说明质量守恒定律，并阐释其微观本质；,35,"{""min"": ""G9"", ""max"": ""G9""}",ai-reviewed,[],deterministic-screen-only,not-adjudicated,anchors/chemistry.jsonl:28
ca_H76eUtzw,化学,能根据实验事实用文字和符号描述、表示化学变化，并正确书写常见的化学方程式,能根据实验事实用文字和符号描述、表示化学变化，并正确书写常见的化学方程式。,35,"{""min"": ""G9"", ""max"": ""G9""}",ai-reviewed,[],deterministic-screen-only,not-adjudicated,anchors/chemistry.jsonl:29
ca_kNu5WjAj,化学,能利用化学反应相关知识分析和解释自然界、生产生活、实验中的常见现象,4. 能利用化学反应相关知识分析和解释自然界、生产生活、实验中的常见现象；,35,"{""min"": ""G9"", ""max"": ""G9""}",ai-reviewed,[],deterministic-screen-only,not-adjudicated,anchors/chemistry.jsonl:31
ca_FREUUGu7,化学,能基于守恒和比例关系推断化学反应的相关信息,能基于守恒和比例关系推断化学反应的相关信息；,35,"{""min"": ""G9"", ""max"": ""G9""}",ai-reviewed,[],deterministic-screen-only,not-adjudicated,anchors/chemistry.jsonl:32
ca_Zg2asLLp,化学,能根据化学方程式进行简单的计算，并解决生产生活中的简单问题,能根据化学方程式进行简单的计算，并解决生产生活中的简单问题。,35,"{""min"": ""G9"", ""max"": ""G9""}",ai-reviewed,[],deterministic-screen-only,not-adjudicated,anchors/chemistry.jsonl:33
ca_5KUZWfRS,化学,能运用变量控制思想设计燃烧条件等实验探究方案,5. 能运用变量控制思想设计燃烧条件等实验探究方案；,35,"{""min"": ""G9"", ""max"": ""G9""}",ai-reviewed,[],deterministic-screen-only,not-adjudicated,anchors/chemistry.jsonl:34
ca_Xj9y5FL2,化学,能积极参加与化学有关的社会热点问题的讨论并作出合理的价值判断,6. 能积极参加与化学有关的社会热点问题的讨论并作出合理的价值判断；,40,"{""min"": ""G9"", ""max"": ""G9""}",ai-reviewed,[],deterministic-screen-only,not-adjudicated,anchors/chemistry.jsonl:39
ca_T8MSssvy,化学,能从元素与分子视角辨识常见物质，结合实例区分混合物与纯净物、单质与化合物,能从元素与分子视角辨识常见物质，结合实例区分混合物与纯净物、单质与化合物；,44,"{""min"": ""G9"", ""max"": ""G9""}",ai-reviewed,[],deterministic-screen-only,not-adjudicated,anchors/chemistry.jsonl:41
ca_ng9TSKFr,化学,能举例说明物质组成、性质和用途的关系,能举例说明物质组成、性质和用途的关系；,44,"{""min"": ""G9"", ""max"": ""G9""}",ai-reviewed,"[""A09""]",deterministic-screen-only,not-adjudicated,anchors/chemistry.jsonl:42
ca_G5Si5JVb,化学,能用物质名称和化学式表示常见物质,能用物质名称和化学式表示常见物质，能分析常见物质中元素的化合价；,44,"{""min"": ""G9"", ""max"": ""G9""}",ai-reviewed,[],deterministic-screen-only,not-adjudicated,anchors/chemistry.jsonl:43
ca_XJ4W3yKm,化学,能用质量分数表示混合物体系中物质的成分,能用相对原子质量、相对分子质量进行物质组成的简单计算，能用质量分数表示混合物体系中物质的成分；,44,"{""min"": ""G9"", ""max"": ""G9""}",ai-reviewed,[],deterministic-screen-only,not-adjudicated,anchors/chemistry.jsonl:44
ca_tRGtjnpA,化学,能结合简单的实例说明反应条件对物质变化的影响，初步,能结合简单的实例说明反应条件对物质变化的影响，初步形成条件控制的意识；,45,"{""min"": ""G9"", ""max"": ""G9""}",ai-reviewed,[],deterministic-screen-only,not-adjudicated,anchors/chemistry.jsonl:46
ca_3xH43uip,化学,能列举常见的金属,1. 知道金属属于单质，能列举常见的金属。,80,"{""min"": ""G9"", ""max"": ""G9""}",ai-reviewed,[],deterministic-screen-only,not-adjudicated,anchors/chemistry.jsonl:56
ca_Sa9A9q6k,化学,能举例说明金属性质与金属材料应用的关系，如合金的性能与应用等,3. 能举例说明金属性质与金属材料应用的关系，如合金的性能与应用等。,80,"{""min"": ""G9"", ""max"": ""G9""}",ai-reviewed,[],deterministic-screen-only,not-adjudicated,anchors/chemistry.jsonl:57
ca_bOzx6L8j,化学,能说出化学的特征是从分子层次认识物质，通过化学变化创造物质,其特征是从分子层次认识物质，通过化学变化创造物质,19,"{""min"": ""G9"", ""max"": ""G9""}",ai-reviewed,[],deterministic-screen-only,not-adjudicated,anchors/chemistry.jsonl:59
ca_SQYXnSE4,化学,能说出化学科学研究的基本方法是实验探究和模型建构,体会实验探究和模型建构是化学科学研究的基本方法,19,"{""min"": ""G9"", ""max"": ""G9""}",ai-reviewed,[],deterministic-screen-only,not-adjudicated,anchors/chemistry.jsonl:60
ca_6J9gFzVR,化学,能说出科学探究是收集证据和作出解释，进行发现、创造与应用的科学实践活动,知道科学探究是收集证据和作出解释，进行发现、创造与应用的科学实践活动，也是获取科学知识、理解科学本质、认识客观世界的重要途径。,20,"{""min"": ""G9"", ""max"": ""G9""}",ai-adjudicated,[],deterministic-screen-only,not-adjudicated,anchors/chemistry.jsonl:61
ca_6bFgemfr,化学,能说出化学实验是进行科学探究的重要方式,知道化学实验是进行科学探究的重要方式，具备基本的化学实验技能是学习化学和进行探究活动的基础和保证。,20,"{""min"": ""G9"", ""max"": ""G9""}",ai-adjudicated,[],deterministic-screen-only,not-adjudicated,anchors/chemistry.jsonl:62
ca_jyEG2faq,化学,能说出具备基本的化学实验技能是学习化学和进行探究活动的基础和保证,具备基本的化学实验技能是学习化学和进行探究活动的基础和保证,20,"{""min"": ""G9"", ""max"": ""G9""}",ai-adjudicated,[],deterministic-screen-only,not-adjudicated,anchors/chemistry.jsonl:63
ca_pBqa9Sqd,化学,能明确化学实验室安全规则和实验操作规范,明确化学实验室安全规则和实验操作规范。,21,"{""min"": ""G9"", ""max"": ""G9""}",ai-reviewed,[],deterministic-screen-only,not-adjudicated,anchors/chemistry.jsonl:64
ca_vbhVwzFn,化学,能正确使用安全防护设施,学会正确使用安全防护设施。,21,"{""min"": ""G9"", ""max"": ""G9""}",disputed,"[""A02""]",deterministic-screen-only,not-adjudicated,anchors/chemistry.jsonl:65
ca_yCRfwVo6,化学,能应用数字化实验等手段探究不同环境中的空气质量,应用数字化实验等手段探究不同环境中的空气质量,24,"{""min"": ""G9"", ""max"": ""G9""}",ai-reviewed,[],deterministic-screen-only,not-adjudicated,anchors/chemistry.jsonl:67
ca_AlhgEsD5,化学,能调查并分析当地近年来空气质量变化的原因,调查并分析当地近年来空气质量变化的原因,24,"{""min"": ""G9"", ""max"": ""G9""}",ai-reviewed,[],deterministic-screen-only,not-adjudicated,anchors/chemistry.jsonl:68
ca_30iu3eBm,化学,能说出水是一种重要的溶剂,知道水是一种重要的溶剂,25,"{""min"": ""G9"", ""max"": ""G9""}",ai-adjudicated,[],deterministic-screen-only,not-adjudicated,anchors/chemistry.jsonl:69
ca_S916gOui,化学,能说出溶液是由溶质和溶剂组成的,知道溶液是由溶质和溶剂组成的,25,"{""min"": ""G9"", ""max"": ""G9""}",ai-adjudicated,[],deterministic-screen-only,not-adjudicated,anchors/chemistry.jsonl:70
ca_6HgIK80I,化学,能说出绝大多数物质在溶剂中的溶解是有限度的,知道绝大多数物质在溶剂中的溶解是有限度的,25,"{""min"": ""G9"", ""max"": ""G9""}",ai-adjudicated,[],deterministic-screen-only,not-adjudicated,anchors/chemistry.jsonl:71
ca_L1rRwK3Z,化学,能说出大多数金属在自然界中是以金属矿物形式存在的,知道大多数金属在自然界中是以金属矿物形式存在的,26,"{""min"": ""G9"", ""max"": ""G9""}",ai-adjudicated,[],deterministic-screen-only,not-adjudicated,anchors/chemistry.jsonl:72
ca_F5UQFw8P,化学,能说出空气、水、金属矿物是宝贵的自然资源,认识空气、水、金属矿物是宝贵的自然资源，形成保护和节约资源的可持续发展意识与社会责任。,27,"{""min"": ""G9"", ""max"": ""G9""}",ai-adjudicated,[],deterministic-screen-only,not-adjudicated,anchors/chemistry.jsonl:73
ca_OAnW8SRf,化学,能说出《天工开物》中对我国古代金属冶炼成就有描述,《天工开物》中对我国古代金属冶炼成就的描述,29,"{""min"": ""G7"", ""max"": ""G9""}",ai-reviewed,[],deterministic-screen-only,not-adjudicated,anchors/chemistry.jsonl:74
ca_zzaqCkvO,化学,能说出物质是由元素组成的,认识物质是由元素组成的,30,"{""min"": ""G9"", ""max"": ""G9""}",ai-adjudicated,[],deterministic-screen-only,not-adjudicated,anchors/chemistry.jsonl:75
ca_DXMGpylO,化学,能说出在化学反应中元素的种类是不变的,了解在化学反应中元素的种类是不变的,30,"{""min"": ""G9"", ""max"": ""G9""}",ai-adjudicated,[],deterministic-screen-only,not-adjudicated,anchors/chemistry.jsonl:76
ca_utE0MFBQ,化学,能说出物质是由分子、原子等微观粒子构成的,知道物质是由分子、原子等微观粒子构成的,30,"{""min"": ""G9"", ""max"": ""G9""}",ai-adjudicated,[],deterministic-screen-only,not-adjudicated,anchors/chemistry.jsonl:77
ca_a6K48G7z,化学,能说出原子是由原子核和核外电子构成的,认识原子是由原子核和核外电子构成的,30,"{""min"": ""G9"", ""max"": ""G9""}",ai-adjudicated,[],deterministic-screen-only,not-adjudicated,anchors/chemistry.jsonl:78
ca_X7YFX09s,化学,能说出人类对物质的组成与结构的探索是不断发展的,了解人类对物质的组成与结构的探索是不断发展的,31,"{""min"": ""G9"", ""max"": ""G9""}",ai-reviewed,[],deterministic-screen-only,not-adjudicated,anchors/chemistry.jsonl:79
ca_ABs9lGYz,化学,能说出化学反应的本质是原子的重新组合,理解化学反应的本质是原子的重新组合,34,"{""min"": ""G9"", ""max"": ""G9""}",ai-adjudicated,[],deterministic-screen-only,not-adjudicated,anchors/chemistry.jsonl:80
ca_9Dl0NrnF,化学,能比较铜片在空气中灼烧前后固体质量的变化，并解释水的蒸发和水的分解的微观过程,铜片在空气中灼烧前后固体质量的比较，拉瓦锡与质量守恒定律的发现，对水的蒸发和水的分解的微观解释。,37,"{""min"": ""G9"", ""max"": ""G9""}",ai-reviewed,"[""A09""]",deterministic-screen-only,not-adjudicated,anchors/chemistry.jsonl:81
ca_pa9kfbjG,化学,能基于特定需求设计和制作简易供氧器,案例2 基于特定需求设计和制作简易供氧器，见附录1。,43,"{""min"": ""G9"", ""max"": ""G9""}",ai-reviewed,[],deterministic-screen-only,not-adjudicated,anchors/chemistry.jsonl:83
ca_EWWpFJMY,化学,能举例说明化学科学对促进社会发展的重要作用,1. 能举例说明化学科学对促进社会发展的重要作用，列举化学家创造的对日常生活有价值的物质；,22,"{""min"": ""G9"", ""max"": ""G9""}",ai-reviewed,[],deterministic-screen-only,not-adjudicated,anchors/chemistry.jsonl:84
ca_ExvZNC3w,化学,能列举化学家创造的对日常生活有价值的物质,1. 能举例说明化学科学对促进社会发展的重要作用，列举化学家创造的对日常生活有价值的物质；,22,"{""min"": ""G9"", ""max"": ""G9""}",ai-reviewed,[],deterministic-screen-only,not-adjudicated,anchors/chemistry.jsonl:85
ca_nQ4e6RZ3,化学,能撰写简单的实验报告,能撰写简单的实验报告，并与他人交流和评价探究过程及结果。,22,"{""min"": ""G9"", ""max"": ""G9""}",ai-reviewed,[],deterministic-screen-only,not-adjudicated,anchors/chemistry.jsonl:86
ca_WC7RuT3e,化学,能与他人交流探究过程及结果,能撰写简单的实验报告，并与他人交流和评价探究过程及结果。,22,"{""min"": ""G9"", ""max"": ""G9""}",ai-reviewed,[],deterministic-screen-only,not-adjudicated,anchors/chemistry.jsonl:87
ca_FzctNKqE,化学,能与他人评价探究过程及结果,能撰写简单的实验报告，并与他人交流和评价探究过程及结果。,22,"{""min"": ""G9"", ""max"": ""G9""}",ai-reviewed,[],deterministic-screen-only,not-adjudicated,anchors/chemistry.jsonl:88
ca_HbYfKQuA,化学,能识别实验室安全警示标志,3. 能严格遵守实验室安全规则，能识别实验室安全警示标志和常用危险化学品标志，具有预防化学实验安全事故的意识。,22,"{""min"": ""G9"", ""max"": ""G9""}",ai-reviewed,[],deterministic-screen-only,not-adjudicated,anchors/chemistry.jsonl:89
ca_RfRYFanf,化学,能识别常用危险化学品标志,3. 能严格遵守实验室安全规则，能识别实验室安全警示标志和常用危险化学品标志，具有预防化学实验安全事故的意识。,22,"{""min"": ""G9"", ""max"": ""G9""}",ai-reviewed,[],deterministic-screen-only,not-adjudicated,anchors/chemistry.jsonl:90
ca_gXgzRXdE,化学,具有预防化学实验安全事故的意识,3. 能严格遵守实验室安全规则，能识别实验室安全警示标志和常用危险化学品标志，具有预防化学实验安全事故的意识。,22,"{""min"": ""G9"", ""max"": ""G9""}",ai-reviewed,[],deterministic-screen-only,not-adjudicated,anchors/chemistry.jsonl:91
ca_db6aRpsq,化学,能设计简单实验，制备氧气,能设计简单实验，制备并检验氧气和二氧化碳；,27,"{""min"": ""G7"", ""max"": ""G9""}",ai-reviewed,[],deterministic-screen-only,not-adjudicated,anchors/chemistry.jsonl:92
ca_XELrrKyY,化学,能设计简单实验，检验氧气,能设计简单实验，制备并检验氧气和二氧化碳；,27,"{""min"": ""G7"", ""max"": ""G9""}",ai-reviewed,[],deterministic-screen-only,not-adjudicated,anchors/chemistry.jsonl:94
ca_CWQuNrfH,化学,能设计简单实验，检验二氧化碳,能设计简单实验，制备并检验氧气和二氧化碳；,27,"{""min"": ""G7"", ""max"": ""G9""}",ai-reviewed,[],deterministic-screen-only,not-adjudicated,anchors/chemistry.jsonl:95
ca_hcHmgHdA,化学,能基于真实问题情境，依据常见物质的性质，初步分析相关的综合问题,5. 能基于真实问题情境，依据常见物质的性质，初步分析和解决相关的综合问题；,28,"{""min"": ""G7"", ""max"": ""G9""}",ai-reviewed,[],deterministic-screen-only,not-adjudicated,anchors/chemistry.jsonl:96
ca_9Vn9SGUB,化学,能基于真实问题情境，依据常见物质的性质，初步解决相关的综合问题,5. 能基于真实问题情境，依据常见物质的性质，初步分析和解决相关的综合问题；,28,"{""min"": ""G7"", ""max"": ""G9""}",ai-reviewed,[],deterministic-screen-only,not-adjudicated,anchors/chemistry.jsonl:97
ca_MaZ3KVQY,化学,能说明原子的区别和联系,3. 能说明分子、原子、离子的区别和联系，能用分子的观点解释生活中的某些变化或现象；,32,"{""min"": ""G9"", ""max"": ""G9""}",ai-reviewed,[],deterministic-screen-only,not-adjudicated,anchors/chemistry.jsonl:99
ca_EkzyA6fM,化学,能说明离子的区别和联系,3. 能说明分子、原子、离子的区别和联系，能用分子的观点解释生活中的某些变化或现象；,32,"{""min"": ""G9"", ""max"": ""G9""}",ai-reviewed,[],deterministic-screen-only,not-adjudicated,anchors/chemistry.jsonl:100
ca_dFNWAXHC,化学,能举例说明物质性质的关系,能举例说明物质组成、性质和用途的关系；,44,"{""min"": ""G9"", ""max"": ""G9""}",ai-reviewed,[],deterministic-screen-only,not-adjudicated,anchors/chemistry.jsonl:102
ca_899kvnnc,化学,能举例说明物质用途的关系,能举例说明物质组成、性质和用途的关系；,44,"{""min"": ""G9"", ""max"": ""G9""}",ai-reviewed,[],deterministic-screen-only,not-adjudicated,anchors/chemistry.jsonl:103
ca_Da2reiN9,化学,能比较铜片在空气中灼烧前后固体质量的变化,铜片在空气中灼烧前后固体质量的比较，拉瓦锡与质量守恒定律的发现，对水的蒸发和水的分解的微观解释。,37,"{""min"": ""G9"", ""max"": ""G9""}",ai-reviewed,[],deterministic-screen-only,not-adjudicated,anchors/chemistry.jsonl:104
ca_ridy85jk,化学,能解释水的蒸发的微观过程,铜片在空气中灼烧前后固体质量的比较，拉瓦锡与质量守恒定律的发现，对水的蒸发和水的分解的微观解释。,37,"{""min"": ""G9"", ""max"": ""G9""}",ai-reviewed,[],deterministic-screen-only,not-adjudicated,anchors/chemistry.jsonl:105
ca_Jmgxht5c,化学,能解释水的分解的微观过程,铜片在空气中灼烧前后固体质量的比较，拉瓦锡与质量守恒定律的发现，对水的蒸发和水的分解的微观解释。,37,"{""min"": ""G9"", ""max"": ""G9""}",ai-reviewed,[],deterministic-screen-only,not-adjudicated,anchors/chemistry.jsonl:106
ca_EnKpWs7e,化学,能说明妥善保存化学品的常见方法,能根据物质的性质分析实验室、生产、生活及环境中的某些常见问题，说明妥善保存、合理使用化学品的常见方法。,25,"{""min"": ""G10"", ""max"": ""G12""}",ai-reviewed,[],deterministic-screen-only,not-adjudicated,anchors/chemistry.jsonl:107
ca_5rAk4JVZ,化学,能说明合理使用化学品的常见方法,能根据物质的性质分析实验室、生产、生活及环境中的某些常见问题，说明妥善保存、合理使用化学品的常见方法。,25,"{""min"": ""G10"", ""max"": ""G12""}",ai-reviewed,[],deterministic-screen-only,not-adjudicated,anchors/chemistry.jsonl:108
ca_knxZMKgd,化学,能描述乙烯的主要化学性质及相应性质实验的现象,能描述乙烯、乙醇、乙酸的主要化学性质及相应性质实验的现象，能书写相关的反应式，能利用这些物质的主要性质进行鉴别。,31,"{""min"": ""G10"", ""max"": ""G12""}",ai-reviewed,[],deterministic-screen-only,not-adjudicated,anchors/chemistry.jsonl:109
ca_Ayx33gf2,化学,能描述乙醇的主要化学性质及相应性质实验的现象,能描述乙烯、乙醇、乙酸的主要化学性质及相应性质实验的现象，能书写相关的反应式，能利用这些物质的主要性质进行鉴别。,31,"{""min"": ""G10"", ""max"": ""G12""}",ai-reviewed,[],deterministic-screen-only,not-adjudicated,anchors/chemistry.jsonl:110
ca_x5TJg5yn,化学,能描述乙酸的主要化学性质及相应性质实验的现象,能描述乙烯、乙醇、乙酸的主要化学性质及相应性质实验的现象，能书写相关的反应式，能利用这些物质的主要性质进行鉴别。,31,"{""min"": ""G10"", ""max"": ""G12""}",ai-reviewed,[],deterministic-screen-only,not-adjudicated,anchors/chemistry.jsonl:111
ca_xCLSAkdA,化学,能举例说明重要资源的主要类型、成分和用途,能举例说明重要资源和能源的主要类型、成分和用途；能从化学的角度分析从资源到产品的转化途径，能对资源的开发利用和能源的使用方案进行评价；辩证地看待资源使用的利弊及其对环境和社会的影响。,34,"{""min"": ""G10"", ""max"": ""G12""}",ai-reviewed,[],deterministic-screen-only,not-adjudicated,anchors/chemistry.jsonl:112
ca_73Ty9qqF,化学,能举例说明重要能源的主要类型、成分和用途,能举例说明重要资源和能源的主要类型、成分和用途；能从化学的角度分析从资源到产品的转化途径，能对资源的开发利用和能源的使用方案进行评价；辩证地看待资源使用的利弊及其对环境和社会的影响。,34,"{""min"": ""G10"", ""max"": ""G12""}",ai-reviewed,[],deterministic-screen-only,not-adjudicated,anchors/chemistry.jsonl:113
ca_TUA29ZeT,化学,能列举常见的大气的污染物及其危害,能列举常见的大气、水体和土壤的污染物及其危害，能说明常见污染的成因和防治措施的化学原理，能结合具体的污染问题设计简单的防治方案。能举例说明化学对环境保护的作用。,35,"{""min"": ""G10"", ""max"": ""G12""}",ai-reviewed,[],deterministic-screen-only,not-adjudicated,anchors/chemistry.jsonl:114
ca_jJWGpwpN,化学,能列举常见的水体的污染物及其危害,能列举常见的大气、水体和土壤的污染物及其危害，能说明常见污染的成因和防治措施的化学原理，能结合具体的污染问题设计简单的防治方案。能举例说明化学对环境保护的作用。,35,"{""min"": ""G10"", ""max"": ""G12""}",ai-reviewed,[],deterministic-screen-only,not-adjudicated,anchors/chemistry.jsonl:115
ca_7fhZEcnJ,化学,能列举常见的土壤的污染物及其危害,能列举常见的大气、水体和土壤的污染物及其危害，能说明常见污染的成因和防治措施的化学原理，能结合具体的污染问题设计简单的防治方案。能举例说明化学对环境保护的作用。,35,"{""min"": ""G10"", ""max"": ""G12""}",ai-reviewed,[],deterministic-screen-only,not-adjudicated,anchors/chemistry.jsonl:116
ca_yWTzaT8F,化学,能说明常见污染的成因的化学原理,能列举常见的大气、水体和土壤的污染物及其危害，能说明常见污染的成因和防治措施的化学原理，能结合具体的污染问题设计简单的防治方案。能举例说明化学对环境保护的作用。,35,"{""min"": ""G10"", ""max"": ""G12""}",ai-reviewed,[],deterministic-screen-only,not-adjudicated,anchors/chemistry.jsonl:117
ca_dSqmDFG2,化学,能说明常见污染的防治措施的化学原理,能列举常见的大气、水体和土壤的污染物及其危害，能说明常见污染的成因和防治措施的化学原理，能结合具体的污染问题设计简单的防治方案。能举例说明化学对环境保护的作用。,35,"{""min"": ""G10"", ""max"": ""G12""}",ai-reviewed,[],deterministic-screen-only,not-adjudicated,anchors/chemistry.jsonl:118
ca_h3dMET6Q,化学,能分析原电池的工作原理,能分析、解释原电池和电解池的工作原理，能设计简单的原电池和电解池。,38,"{""min"": ""G10"", ""max"": ""G12""}",ai-reviewed,[],deterministic-screen-only,not-adjudicated,anchors/chemistry.jsonl:119
ca_Nzxb9QjR,化学,能解释原电池的工作原理,能分析、解释原电池和电解池的工作原理，能设计简单的原电池和电解池。,38,"{""min"": ""G10"", ""max"": ""G12""}",ai-reviewed,[],deterministic-screen-only,not-adjudicated,anchors/chemistry.jsonl:120
ca_eaeRgXdX,化学,能分析电解池的工作原理,能分析、解释原电池和电解池的工作原理，能设计简单的原电池和电解池。,38,"{""min"": ""G10"", ""max"": ""G12""}",ai-reviewed,[],deterministic-screen-only,not-adjudicated,anchors/chemistry.jsonl:121
ca_PMTzGcMR,化学,能解释电解池的工作原理,能分析、解释原电池和电解池的工作原理，能设计简单的原电池和电解池。,38,"{""min"": ""G10"", ""max"": ""G12""}",ai-reviewed,[],deterministic-screen-only,not-adjudicated,anchors/chemistry.jsonl:122
ca_WRnVNcV3,化学,能分析能源的利用对自然环境的影响,能举例说明化学在解决能源危机中的重要作用，能分析能源的利用对自然环境和社会发展的影响。能综合考虑化学变化中的物质变化和能量变化来分析、解决实际问题，如煤炭的综合利用、新型电池的开发等。,38,"{""min"": ""G10"", ""max"": ""G12""}",ai-reviewed,[],deterministic-screen-only,not-adjudicated,anchors/chemistry.jsonl:123
ca_ZvWyJgbC,化学,能分析能源的利用对社会发展的影响,能举例说明化学在解决能源危机中的重要作用，能分析能源的利用对自然环境和社会发展的影响。能综合考虑化学变化中的物质变化和能量变化来分析、解决实际问题，如煤炭的综合利用、新型电池的开发等。,38,"{""min"": ""G10"", ""max"": ""G12""}",ai-reviewed,[],deterministic-screen-only,not-adjudicated,anchors/chemistry.jsonl:124
ca_JLvnQG88,化学,能说出元素电离能的含义,能说出元素电离能、电负性的含义，能描述主族元素第一电离能、电负性变化的一般规律，能从电子排布的角度对这一规律进行解释。能说明电负性大小与原子在化合物中吸引电子能力的关系，能利用电负性判断元素的金属性与非金属性的强弱，推测化学键的极性。,46,"{""min"": ""G10"", ""max"": ""G12""}",ai-reviewed,[],deterministic-screen-only,not-adjudicated,anchors/chemistry.jsonl:125
ca_KrSBrph9,化学,能说出元素电负性的含义,能说出元素电离能、电负性的含义，能描述主族元素第一电离能、电负性变化的一般规律，能从电子排布的角度对这一规律进行解释。能说明电负性大小与原子在化合物中吸引电子能力的关系，能利用电负性判断元素的金属性与非金属性的强弱，推测化学键的极性。,46,"{""min"": ""G10"", ""max"": ""G12""}",ai-reviewed,[],deterministic-screen-only,not-adjudicated,anchors/chemistry.jsonl:126
ca_A3qme9Qk,化学,能描述主族元素第一电离能变化的一般规律,能说出元素电离能、电负性的含义，能描述主族元素第一电离能、电负性变化的一般规律，能从电子排布的角度对这一规律进行解释。能说明电负性大小与原子在化合物中吸引电子能力的关系，能利用电负性判断元素的金属性与非金属性的强弱，推测化学键的极性。,46,"{""min"": ""G10"", ""max"": ""G12""}",disputed,"[""A02""]",deterministic-screen-only,not-adjudicated,anchors/chemistry.jsonl:127
ca_hB85YhtL,化学,能描述主族元素电负性变化的一般规律,能说出元素电离能、电负性的含义，能描述主族元素第一电离能、电负性变化的一般规律，能从电子排布的角度对这一规律进行解释。能说明电负性大小与原子在化合物中吸引电子能力的关系，能利用电负性判断元素的金属性与非金属性的强弱，推测化学键的极性。,46,"{""min"": ""G10"", ""max"": ""G12""}",ai-reviewed,[],deterministic-screen-only,not-adjudicated,anchors/chemistry.jsonl:128
ca_xSsuUgxX,化学,能解释离子化合物的某些典型性质,能利用电负性判断共价键的极性，能根据共价分子的结构特点说明简单分子的某些性质；能运用离子键、配位键、金属键等模型，解释离子化合物、配合物、金属等物质的某些典型性质；能说明分子间作用力（含氢键）对物质熔、沸点等性质的影响，能列举含有氢键的物质及其性质特点。,50,"{""min"": ""G10"", ""max"": ""G12""}",ai-reviewed,[],deterministic-screen-only,not-adjudicated,anchors/chemistry.jsonl:129
ca_nPANUyJ6,化学,能解释配合物的某些典型性质,能利用电负性判断共价键的极性，能根据共价分子的结构特点说明简单分子的某些性质；能运用离子键、配位键、金属键等模型，解释离子化合物、配合物、金属等物质的某些典型性质；能说明分子间作用力（含氢键）对物质熔、沸点等性质的影响，能列举含有氢键的物质及其性质特点。,50,"{""min"": ""G10"", ""max"": ""G12""}",ai-reviewed,[],deterministic-screen-only,not-adjudicated,anchors/chemistry.jsonl:130
ca_QmRWVXJ7,化学,能解释金属的某些典型性质,能利用电负性判断共价键的极性，能根据共价分子的结构特点说明简单分子的某些性质；能运用离子键、配位键、金属键等模型，解释离子化合物、配合物、金属等物质的某些典型性质；能说明分子间作用力（含氢键）对物质熔、沸点等性质的影响，能列举含有氢键的物质及其性质特点。,50,"{""min"": ""G10"", ""max"": ""G12""}",ai-reviewed,[],deterministic-screen-only,not-adjudicated,anchors/chemistry.jsonl:131
ca_SiNdcQ8w,化学,能说明原子光谱在物质结构研究中的作用,能说明原子光谱、分子光谱、 X 射线衍射等实验手段在物质结构研究中的作用。,52,"{""min"": ""G10"", ""max"": ""G12""}",ai-reviewed,[],deterministic-screen-only,not-adjudicated,anchors/chemistry.jsonl:132
ca_twP9acrz,化学,能说明分子光谱在物质结构研究中的作用,能说明原子光谱、分子光谱、 X 射线衍射等实验手段在物质结构研究中的作用。,52,"{""min"": ""G10"", ""max"": ""G12""}",ai-reviewed,[],deterministic-screen-only,not-adjudicated,anchors/chemistry.jsonl:133
ca_rnSZrnEV,化学,能说明X射线衍射在物质结构研究中的作用,能说明原子光谱、分子光谱、 X 射线衍射等实验手段在物质结构研究中的作用。,52,"{""min"": ""G10"", ""max"": ""G12""}",ai-reviewed,[],deterministic-screen-only,not-adjudicated,anchors/chemistry.jsonl:134
ca_AeBHLfNa,化学,能判断有机化合物分子中碳原子的饱和程度,能辨识有机化合物分子中的官能团，判断有机化合物分子中碳原子的饱和程度、键的类型，分析键的极性；能依据有机化合物分子的结构特征分析简单有机化合物的某些化学性质。,55,"{""min"": ""G10"", ""max"": ""G12""}",ai-reviewed,[],deterministic-screen-only,not-adjudicated,anchors/chemistry.jsonl:135
ca_w674zyQ6,化学,能判断有机化合物分子中键的类型,能辨识有机化合物分子中的官能团，判断有机化合物分子中碳原子的饱和程度、键的类型，分析键的极性；能依据有机化合物分子的结构特征分析简单有机化合物的某些化学性质。,55,"{""min"": ""G10"", ""max"": ""G12""}",ai-reviewed,[],deterministic-screen-only,not-adjudicated,anchors/chemistry.jsonl:136
ca_QSjfviDe,化学,能描述各类有机化合物的典型代表物的重要反应,能描述和分析各类有机化合物的典型代表物的重要反应，能书写相应的反应式。,58,"{""min"": ""G10"", ""max"": ""G12""}",ai-reviewed,[],deterministic-screen-only,not-adjudicated,anchors/chemistry.jsonl:137
ca_3sx8mstk,化学,能分析各类有机化合物的典型代表物的重要反应,能描述和分析各类有机化合物的典型代表物的重要反应，能书写相应的反应式。,58,"{""min"": ""G10"", ""max"": ""G12""}",ai-reviewed,[],deterministic-screen-only,not-adjudicated,anchors/chemistry.jsonl:138
ca_Gp2EvVde,化学,能综合应用有关知识推断有机化合物,能综合应用有关知识完成推断有机化合物、检验官能团、设计有机合成路线等任务。,58,"{""min"": ""G10"", ""max"": ""G12""}",ai-reviewed,[],deterministic-screen-only,not-adjudicated,anchors/chemistry.jsonl:139
ca_yLQmTwPZ,化学,能综合应用有关知识检验官能团,能综合应用有关知识完成推断有机化合物、检验官能团、设计有机合成路线等任务。,58,"{""min"": ""G10"", ""max"": ""G12""}",ai-reviewed,[],deterministic-screen-only,not-adjudicated,anchors/chemistry.jsonl:140
ca_6VFfRbGW,化学,能综合应用有关知识设计有机合成路线,能综合应用有关知识完成推断有机化合物、检验官能团、设计有机合成路线等任务。,58,"{""min"": ""G10"", ""max"": ""G12""}",ai-reviewed,[],deterministic-screen-only,not-adjudicated,anchors/chemistry.jsonl:141
ca_MWYtMcN7,化学,能描述淀粉的典型性质,能列举典型糖类物质，能说明单糖、二糖和多糖的区别与联系，能探究葡萄糖的化学性质，能描述淀粉、纤维素的典型性质。,61,"{""min"": ""G10"", ""max"": ""G12""}",ai-reviewed,[],deterministic-screen-only,not-adjudicated,anchors/chemistry.jsonl:142
ca_ycdqaLYU,化学,能描述纤维素的典型性质,能列举典型糖类物质，能说明单糖、二糖和多糖的区别与联系，能探究葡萄糖的化学性质，能描述淀粉、纤维素的典型性质。,61,"{""min"": ""G10"", ""max"": ""G12""}",ai-reviewed,[],deterministic-screen-only,not-adjudicated,anchors/chemistry.jsonl:143
ca_UPwSk5wk,化学,能判断氨基酸的缩合产物,能辨识蛋白质结构中的肽键，能说明蛋白质的基本结构特点，能判断氨基酸的缩合产物、多肽的水解产物。能分析说明氨基酸、蛋白质与人体健康的关系。,61,"{""min"": ""G10"", ""max"": ""G12""}",ai-reviewed,[],deterministic-screen-only,not-adjudicated,anchors/chemistry.jsonl:144
ca_FNPm7vnE,化学,能判断多肽的水解产物,能辨识蛋白质结构中的肽键，能说明蛋白质的基本结构特点，能判断氨基酸的缩合产物、多肽的水解产物。能分析说明氨基酸、蛋白质与人体健康的关系。,61,"{""min"": ""G10"", ""max"": ""G12""}",ai-reviewed,[],deterministic-screen-only,not-adjudicated,anchors/chemistry.jsonl:145
ca_nGQresP4,化学,能运用化学学科核心素养作出合理的分析和推断,科学态度：形成实事求是、严谨细致的科学态度，具有批判精神和创新意识。系列2 化学与社会化学不仅与人类的衣、食、住、行密切相关，而且已发展成为生命科学、材料科学、能源科学、环境科学、信息科学、纳米科技和工程技术科学的重要基础，成为推进科学技术进步和现代社会文明的重要力量。通过系列 2 课程的学习，学生可进一步了解化学的广泛应用，认识化学与生活、生产、社会发展的关系，发展化学学科核心素养；在面临与化学有关的综合问题时，能运用化学学科核心素养作出合理的分析和推断，作出理智、科学的决策。,65,"{""min"": ""G10"", ""max"": ""G12""}",ai-reviewed,[],deterministic-screen-only,not-adjudicated,anchors/chemistry.jsonl:146
ca_M8Ckch2k,化学,能运用化学学科核心素养作出理智、科学的决策,科学态度：形成实事求是、严谨细致的科学态度，具有批判精神和创新意识。系列2 化学与社会化学不仅与人类的衣、食、住、行密切相关，而且已发展成为生命科学、材料科学、能源科学、环境科学、信息科学、纳米科技和工程技术科学的重要基础，成为推进科学技术进步和现代社会文明的重要力量。通过系列 2 课程的学习，学生可进一步了解化学的广泛应用，认识化学与生活、生产、社会发展的关系，发展化学学科核心素养；在面临与化学有关的综合问题时，能运用化学学科核心素养作出合理的分析和推断，作出理智、科学的决策。,65,"{""min"": ""G10"", ""max"": ""G12""}",ai-reviewed,[],deterministic-screen-only,not-adjudicated,anchors/chemistry.jsonl:147
ca_wUAqPbAp,化学,能举例说明化学在促进人类健康方面的作用,能举例说明化学在促进人类健康、提供生活材料和保护环境等方面的作用，能运用所学知识对生活中的有关问题作出解释。能依据科学理性、辩证观点、科学的生活态度与观念对生活问题及其解决方案作出评估，能根据实际情况权衡利弊作出决策。,68,"{""min"": ""G10"", ""max"": ""G12""}",ai-reviewed,[],deterministic-screen-only,not-adjudicated,anchors/chemistry.jsonl:148
ca_CL4vGg6q,化学,能举例说明化学在提供生活材料方面的作用,能举例说明化学在促进人类健康、提供生活材料和保护环境等方面的作用，能运用所学知识对生活中的有关问题作出解释。能依据科学理性、辩证观点、科学的生活态度与观念对生活问题及其解决方案作出评估，能根据实际情况权衡利弊作出决策。,68,"{""min"": ""G10"", ""max"": ""G12""}",ai-reviewed,[],deterministic-screen-only,not-adjudicated,anchors/chemistry.jsonl:149
ca_6NKa4QmT,化学,能举例说明化学在保护环境方面的作用,能举例说明化学在促进人类健康、提供生活材料和保护环境等方面的作用，能运用所学知识对生活中的有关问题作出解释。能依据科学理性、辩证观点、科学的生活态度与观念对生活问题及其解决方案作出评估，能根据实际情况权衡利弊作出决策。,68,"{""min"": ""G10"", ""max"": ""G12""}",ai-reviewed,[],deterministic-screen-only,not-adjudicated,anchors/chemistry.jsonl:150
ca_QfTMxi3z,化学,能通过举例的方式描述化学科学研究的主要领域,通过对化学研究进展的进一步了解，体验现代化学发展的面貌和方向，增进对化学科学的整体感知，提升研究化学的潜能。能通过举例的方式描述化学科学研究的主要领域、重要成果和新进展，能说明解决某个前沿问题的研究思路与方法，能描述化学前沿研究的过程。,71,"{""min"": ""G10"", ""max"": ""G12""}",ai-reviewed,[],deterministic-screen-only,not-adjudicated,anchors/chemistry.jsonl:151
ca_iNc3pXmS,化学,能通过举例的方式描述化学科学研究的重要成果,通过对化学研究进展的进一步了解，体验现代化学发展的面貌和方向，增进对化学科学的整体感知，提升研究化学的潜能。能通过举例的方式描述化学科学研究的主要领域、重要成果和新进展，能说明解决某个前沿问题的研究思路与方法，能描述化学前沿研究的过程。,71,"{""min"": ""G10"", ""max"": ""G12""}",ai-reviewed,[],deterministic-screen-only,not-adjudicated,anchors/chemistry.jsonl:152
ca_3YTHCcMc,化学,能通过举例的方式描述化学科学研究的新进展,通过对化学研究进展的进一步了解，体验现代化学发展的面貌和方向，增进对化学科学的整体感知，提升研究化学的潜能。能通过举例的方式描述化学科学研究的主要领域、重要成果和新进展，能说明解决某个前沿问题的研究思路与方法，能描述化学前沿研究的过程。,71,"{""min"": ""G10"", ""max"": ""G12""}",ai-reviewed,[],deterministic-screen-only,not-adjudicated,anchors/chemistry.jsonl:153
ca_dCkqdEEk,化学,能结合实例书写离子方程式,能认识离子反应和氧化还原反应的本质，能结合实例书写离子方程式和氧化还原反应化学方程式；,71,"{""min"": ""G10"", ""max"": ""G12""}",ai-reviewed,[],deterministic-screen-only,not-adjudicated,anchors/chemistry.jsonl:154
ca_dY7zWDXu,化学,能结合实例书写氧化还原反应化学方程式,能认识离子反应和氧化还原反应的本质，能结合实例书写离子方程式和氧化还原反应化学方程式；,71,"{""min"": ""G10"", ""max"": ""G12""}",ai-reviewed,[],deterministic-screen-only,not-adjudicated,anchors/chemistry.jsonl:155
ca_nzbSFNBF,化学,能结合实验或生产、生活中的实际数据，并应用物质的量计算物质的组成,认识物质的量在化学定量研究中的重要作用，能结合实验或生产、生活中的实际数据，并应用物质的量计算物质的组成和物质转化过程中的质量关系。,71,"{""min"": ""G10"", ""max"": ""G12""}",ai-reviewed,[],deterministic-screen-only,not-adjudicated,anchors/chemistry.jsonl:156
ca_u3XVxi2S,化学,能结合实验或生产、生活中的实际数据，并应用物质的量计算物质转化过程中的质量关系,认识物质的量在化学定量研究中的重要作用，能结合实验或生产、生活中的实际数据，并应用物质的量计算物质的组成和物质转化过程中的质量关系。,71,"{""min"": ""G10"", ""max"": ""G12""}",ai-reviewed,[],deterministic-screen-only,not-adjudicated,anchors/chemistry.jsonl:157
ca_eP4waVya,化学,能说明物质的组成对物质性质的影响,能说明物质的组成、官能团和微粒间作用力的差异对物质性质的影响；,71,"{""min"": ""G10"", ""max"": ""G12""}",ai-reviewed,[],deterministic-screen-only,not-adjudicated,anchors/chemistry.jsonl:158
ca_BAUmaWmW,化学,能说明官能团对物质性质的影响,能说明物质的组成、官能团和微粒间作用力的差异对物质性质的影响；,71,"{""min"": ""G10"", ""max"": ""G12""}",ai-reviewed,[],deterministic-screen-only,not-adjudicated,anchors/chemistry.jsonl:159
ca_bhzy2pJ7,化学,能说明微粒间作用力的差异对物质性质的影响,能说明物质的组成、官能团和微粒间作用力的差异对物质性质的影响；,71,"{""min"": ""G10"", ""max"": ""G12""}",ai-reviewed,[],deterministic-screen-only,not-adjudicated,anchors/chemistry.jsonl:160
ca_zrGivNjk,化学,能根据解决问题的需要设计无机化合物转化与制备的方案,能根据解决问题的需要设计无机化合物转化与制备、典型有机化合物的组成结构检测与合成的方案；,71,"{""min"": ""G10"", ""max"": ""G12""}",ai-reviewed,[],deterministic-screen-only,not-adjudicated,anchors/chemistry.jsonl:161
ca_d8qnZnTZ,化学,能根据解决问题的需要设计典型有机化合物的组成结构检测与合成的方案,能根据解决问题的需要设计无机化合物转化与制备、典型有机化合物的组成结构检测与合成的方案；,71,"{""min"": ""G10"", ""max"": ""G12""}",ai-reviewed,[],deterministic-screen-only,not-adjudicated,anchors/chemistry.jsonl:162
ca_ExTB5gMx,化学,能设计实验方案探究物质和能量的转化,能设计实验方案探究物质和能量的转化、影响反应速率和化学平衡的因素、有机化合物的主要性质等；,71,"{""min"": ""G10"", ""max"": ""G12""}",ai-reviewed,[],deterministic-screen-only,not-adjudicated,anchors/chemistry.jsonl:163
ca_GyGnNjVP,化学,能设计实验方案探究影响反应速率和化学平衡的因素,能设计实验方案探究物质和能量的转化、影响反应速率和化学平衡的因素、有机化合物的主要性质等；,71,"{""min"": ""G10"", ""max"": ""G12""}",ai-reviewed,[],deterministic-screen-only,not-adjudicated,anchors/chemistry.jsonl:164
ca_SzH7KxMR,化学,能设计实验方案探究有机化合物的主要性质等,能设计实验方案探究物质和能量的转化、影响反应速率和化学平衡的因素、有机化合物的主要性质等；,71,"{""min"": ""G10"", ""max"": ""G12""}",ai-reviewed,[],deterministic-screen-only,not-adjudicated,anchors/chemistry.jsonl:165
ca_BWaQqit4,化学,能选择简明、合理的表征方式描述化学变化的本质和规律,能选择简明、合理的表征方式描述和说明化学变化的本质和规律，能根据化学反应原理预测物质转化的产物，确定检验所做预测的证据；,71,"{""min"": ""G10"", ""max"": ""G12""}",ai-reviewed,[],deterministic-screen-only,not-adjudicated,anchors/chemistry.jsonl:166
ca_UTpv58zj,化学,能选择简明、合理的表征方式说明化学变化的本质和规律,能选择简明、合理的表征方式描述和说明化学变化的本质和规律，能根据化学反应原理预测物质转化的产物，确定检验所做预测的证据；,71,"{""min"": ""G10"", ""max"": ""G12""}",ai-reviewed,[],deterministic-screen-only,not-adjudicated,anchors/chemistry.jsonl:167
ca_qx3zbiev,化学,"能依据""绿色化学""思想分析某些化学产品生产和应用存在的问题",能依据“绿色化学”思想分析某些化学产品生产和应用存在的问题，提出处理或解决化学问题的方案。,71,"{""min"": ""G10"", ""max"": ""G12""}",ai-reviewed,[],deterministic-screen-only,not-adjudicated,anchors/chemistry.jsonl:168
ca_T2VYB3kz,化学,"能依据""绿色化学""思想提出处理或解决化学问题的方案",能依据“绿色化学”思想分析某些化学产品生产和应用存在的问题，提出处理或解决化学问题的方案。,71,"{""min"": ""G10"", ""max"": ""G12""}",ai-reviewed,[],deterministic-screen-only,not-adjudicated,anchors/chemistry.jsonl:169
ca_dwCZ3UF3,化学,能举出至少一个实例，说明实验探究如何帮助解决化学问题,体会实验探究和模型建构是化学科学研究的基本方法,19,"{""min"": ""G9"", ""max"": ""G9""}",ai-reviewed,"[""A04""]",deterministic-screen-only,not-adjudicated,anchors/chemistry.jsonl:170
ca_KfNZCi9P,化学,能举出至少一个实例，说明模型建构如何帮助解决化学问题,体会实验探究和模型建构是化学科学研究的基本方法,19,"{""min"": ""G9"", ""max"": ""G9""}",ai-reviewed,"[""A04""]",deterministic-screen-only,not-adjudicated,anchors/chemistry.jsonl:171
ca_4Dt9XyuU,化学,能举例说明科学探究活动中收集证据的具体步骤,知道科学探究是收集证据和作出解释，进行发现、创造与应用的科学实践活动，也是获取科学知识、理解科学本质、认识客观世界的重要途径。,20,"{""min"": ""G9"", ""max"": ""G9""}",ai-reviewed,"[""A04""]",deterministic-screen-only,not-adjudicated,anchors/chemistry.jsonl:172
ca_J4qBBrrj,化学,能举例说明科学探究活动中作出解释的具体步骤,知道科学探究是收集证据和作出解释，进行发现、创造与应用的科学实践活动，也是获取科学知识、理解科学本质、认识客观世界的重要途径。,20,"{""min"": ""G9"", ""max"": ""G9""}",ai-reviewed,"[""A04""]",deterministic-screen-only,not-adjudicated,anchors/chemistry.jsonl:173
ca_GyQEdbby,语文,能正确书写识字写字教学基本字表中的汉字,,73,"{""min"": ""G1"", ""max"": ""G2""}",auto-confirmed,"[""A01"", ""A11""]",deterministic-screen-only,not-adjudicated,anchors/chinese-lists.jsonl:1
ca_5DS8mPj4,语文,能正确书写义务教育语文课程常用字表一中的汉字,,77,"{""min"": ""G1"", ""max"": ""G9""}",auto-confirmed,"[""A01"", ""A06""]",deterministic-screen-only,not-adjudicated,anchors/chinese-lists.jsonl:2
ca_d7cDMEV4,语文,能正确认读义务教育语文课程常用字表二中的汉字,,100,"{""min"": ""G1"", ""max"": ""G9""}",auto-confirmed,"[""A01"", ""A06""]",deterministic-screen-only,not-adjudicated,anchors/chinese-lists.jsonl:3
ca_EL5hbPqa,语文,能背诵《江南》全文且不错漏,,65,"{""min"": ""G1"", ""max"": ""G6""}",auto-confirmed,"[""A01"", ""A06""]",deterministic-screen-only,not-adjudicated,anchors/chinese-lists.jsonl:4
ca_9hqKihRm,语文,能背诵《长歌行》全文且不错漏,,65,"{""min"": ""G1"", ""max"": ""G6""}",auto-confirmed,"[""A01"", ""A06""]",deterministic-screen-only,not-adjudicated,anchors/chinese-lists.jsonl:5
ca_a3tJh9N7,语文,能背诵《敕勒歌》全文且不错漏,,65,"{""min"": ""G1"", ""max"": ""G6""}",auto-confirmed,"[""A01"", ""A06""]",deterministic-screen-only,not-adjudicated,anchors/chinese-lists.jsonl:6
ca_dw3D4RVi,语文,能背诵《咏鹅》全文且不错漏,,65,"{""min"": ""G1"", ""max"": ""G6""}",auto-confirmed,"[""A01"", ""A06""]",deterministic-screen-only,not-adjudicated,anchors/chinese-lists.jsonl:7
ca_T9CcjtsX,语文,能背诵《风》全文且不错漏,,65,"{""min"": ""G1"", ""max"": ""G6""}",auto-confirmed,"[""A01"", ""A06""]",deterministic-screen-only,not-adjudicated,anchors/chinese-lists.jsonl:8
ca_JzgGxbJ4,语文,能背诵《咏柳》全文且不错漏,,65,"{""min"": ""G1"", ""max"": ""G6""}",auto-confirmed,"[""A01"", ""A06""]",deterministic-screen-only,not-adjudicated,anchors/chinese-lists.jsonl:9
ca_x5v2JREx,语文,能背诵《回乡偶书》全文且不错漏,,65,"{""min"": ""G1"", ""max"": ""G6""}",auto-confirmed,"[""A01"", ""A06""]",deterministic-screen-only,not-adjudicated,anchors/chinese-lists.jsonl:10
ca_4g6Fqc5r,语文,能背诵《凉州词（黄河远上白云间）》全文且不错漏,,65,"{""min"": ""G1"", ""max"": ""G6""}",auto-confirmed,"[""A01"", ""A06""]",deterministic-screen-only,not-adjudicated,anchors/chinese-lists.jsonl:11
ca_C8XGA5jL,语文,能背诵《登鹳雀楼》全文且不错漏,,65,"{""min"": ""G1"", ""max"": ""G6""}",auto-confirmed,"[""A01"", ""A06""]",deterministic-screen-only,not-adjudicated,anchors/chinese-lists.jsonl:12
ca_kBTZapT5,语文,能背诵《春晓》全文且不错漏,,66,"{""min"": ""G1"", ""max"": ""G6""}",auto-confirmed,"[""A01"", ""A06""]",deterministic-screen-only,not-adjudicated,anchors/chinese-lists.jsonl:13
ca_JUg7YGnD,语文,能背诵《凉州词（葡萄美酒夜光杯）》全文且不错漏,,66,"{""min"": ""G1"", ""max"": ""G6""}",auto-confirmed,"[""A01"", ""A06""]",deterministic-screen-only,not-adjudicated,anchors/chinese-lists.jsonl:14
ca_9fXhnhbr,语文,能背诵《出塞》全文且不错漏,,66,"{""min"": ""G1"", ""max"": ""G6""}",auto-confirmed,"[""A01"", ""A06""]",deterministic-screen-only,not-adjudicated,anchors/chinese-lists.jsonl:15
ca_VgYFACay,语文,能背诵《芙蓉楼送辛渐》全文且不错漏,,66,"{""min"": ""G1"", ""max"": ""G6""}",auto-confirmed,"[""A01"", ""A06""]",deterministic-screen-only,not-adjudicated,anchors/chinese-lists.jsonl:16
ca_R9wnw6Zi,语文,能背诵《鹿柴》全文且不错漏,,66,"{""min"": ""G1"", ""max"": ""G6""}",auto-confirmed,"[""A01"", ""A06""]",deterministic-screen-only,not-adjudicated,anchors/chinese-lists.jsonl:17
ca_CUtjtvra,语文,能背诵《送元二使安西》全文且不错漏,,66,"{""min"": ""G1"", ""max"": ""G6""}",auto-confirmed,"[""A01"", ""A06""]",deterministic-screen-only,not-adjudicated,anchors/chinese-lists.jsonl:18
ca_CycMq75h,语文,能背诵《九月九日忆山东兄弟》全文且不错漏,,66,"{""min"": ""G1"", ""max"": ""G6""}",auto-confirmed,"[""A01"", ""A06""]",deterministic-screen-only,not-adjudicated,anchors/chinese-lists.jsonl:19
ca_9gnWUSd2,语文,能背诵《静夜思》全文且不错漏,,66,"{""min"": ""G1"", ""max"": ""G6""}",auto-confirmed,"[""A01"", ""A06""]",deterministic-screen-only,not-adjudicated,anchors/chinese-lists.jsonl:20
ca_d5S4BTZA,语文,能背诵《古朗月行》全文且不错漏,,66,"{""min"": ""G1"", ""max"": ""G6""}",auto-confirmed,"[""A01"", ""A06""]",deterministic-screen-only,not-adjudicated,anchors/chinese-lists.jsonl:21
ca_dFxc9Uu3,语文,能背诵《望庐山瀑布》全文且不错漏,,66,"{""min"": ""G1"", ""max"": ""G6""}",auto-confirmed,"[""A01"", ""A06""]",deterministic-screen-only,not-adjudicated,anchors/chinese-lists.jsonl:22
ca_jmgiM5RZ,语文,能背诵《赠汪伦》全文且不错漏,,66,"{""min"": ""G1"", ""max"": ""G6""}",auto-confirmed,"[""A01"", ""A06""]",deterministic-screen-only,not-adjudicated,anchors/chinese-lists.jsonl:23
ca_5zPUe7Gt,语文,能背诵《黄鹤楼送孟浩然之广陵》全文且不错漏,,66,"{""min"": ""G1"", ""max"": ""G6""}",auto-confirmed,"[""A01"", ""A06""]",deterministic-screen-only,not-adjudicated,anchors/chinese-lists.jsonl:24
ca_ybLmMKcp,语文,能背诵《早发白帝城》全文且不错漏,,66,"{""min"": ""G1"", ""max"": ""G6""}",auto-confirmed,"[""A01"", ""A06""]",deterministic-screen-only,not-adjudicated,anchors/chinese-lists.jsonl:25
ca_fHRby6vD,语文,能背诵《望天门山》全文且不错漏,,66,"{""min"": ""G1"", ""max"": ""G6""}",auto-confirmed,"[""A01"", ""A06""]",deterministic-screen-only,not-adjudicated,anchors/chinese-lists.jsonl:26
ca_5CfpAQwF,语文,能背诵《别董大》全文且不错漏,,66,"{""min"": ""G1"", ""max"": ""G6""}",auto-confirmed,"[""A01"", ""A06""]",deterministic-screen-only,not-adjudicated,anchors/chinese-lists.jsonl:27
ca_YpkdcP6p,语文,能背诵《绝句（两个黄鹂鸣翠柳）》全文且不错漏,,66,"{""min"": ""G1"", ""max"": ""G6""}",auto-confirmed,"[""A01"", ""A06""]",deterministic-screen-only,not-adjudicated,anchors/chinese-lists.jsonl:28
ca_bwqYc2NY,语文,能背诵《春夜喜雨》全文且不错漏,,66,"{""min"": ""G1"", ""max"": ""G6""}",auto-confirmed,"[""A01"", ""A06""]",deterministic-screen-only,not-adjudicated,anchors/chinese-lists.jsonl:29
ca_ZU8uySRP,语文,能背诵《绝句（迟日江山丽）》全文且不错漏,,66,"{""min"": ""G1"", ""max"": ""G6""}",auto-confirmed,"[""A01"", ""A06""]",deterministic-screen-only,not-adjudicated,anchors/chinese-lists.jsonl:30
ca_ij7BRsyT,语文,能背诵《江畔独步寻花》全文且不错漏,,66,"{""min"": ""G1"", ""max"": ""G6""}",auto-confirmed,"[""A01"", ""A06""]",deterministic-screen-only,not-adjudicated,anchors/chinese-lists.jsonl:31
ca_GMgMJU3s,语文,能背诵《枫桥夜泊》全文且不错漏,,66,"{""min"": ""G1"", ""max"": ""G6""}",auto-confirmed,"[""A01"", ""A06""]",deterministic-screen-only,not-adjudicated,anchors/chinese-lists.jsonl:32
ca_fcjkErJH,语文,能背诵《滁州西涧》全文且不错漏,,66,"{""min"": ""G1"", ""max"": ""G6""}",auto-confirmed,"[""A01"", ""A06""]",deterministic-screen-only,not-adjudicated,anchors/chinese-lists.jsonl:33
ca_MfHFckK4,语文,能背诵《渔歌子》全文且不错漏,,66,"{""min"": ""G1"", ""max"": ""G6""}",auto-confirmed,"[""A01"", ""A06""]",deterministic-screen-only,not-adjudicated,anchors/chinese-lists.jsonl:34
ca_XLNBfimf,语文,能背诵《塞下曲》全文且不错漏,,66,"{""min"": ""G1"", ""max"": ""G6""}",auto-confirmed,"[""A01"", ""A06""]",deterministic-screen-only,not-adjudicated,anchors/chinese-lists.jsonl:35
ca_KtQqjzW3,语文,能背诵《游子吟》全文且不错漏,,66,"{""min"": ""G1"", ""max"": ""G6""}",auto-confirmed,"[""A01"", ""A06""]",deterministic-screen-only,not-adjudicated,anchors/chinese-lists.jsonl:36
ca_8SAn6ABJ,语文,能背诵《早春呈水部张十八员外》全文且不错漏,,66,"{""min"": ""G1"", ""max"": ""G6""}",auto-confirmed,"[""A01"", ""A06""]",deterministic-screen-only,not-adjudicated,anchors/chinese-lists.jsonl:37
ca_uWHkrTWD,语文,能背诵《望洞庭》全文且不错漏,,66,"{""min"": ""G1"", ""max"": ""G6""}",auto-confirmed,"[""A01"", ""A06""]",deterministic-screen-only,not-adjudicated,anchors/chinese-lists.jsonl:38
ca_eN25zcF8,语文,能背诵《浪淘沙》全文且不错漏,,66,"{""min"": ""G1"", ""max"": ""G6""}",auto-confirmed,"[""A01"", ""A06""]",deterministic-screen-only,not-adjudicated,anchors/chinese-lists.jsonl:39
ca_UDSpHg4d,语文,能背诵《赋得古原草送别》全文且不错漏,,66,"{""min"": ""G1"", ""max"": ""G6""}",auto-confirmed,"[""A01"", ""A06""]",deterministic-screen-only,not-adjudicated,anchors/chinese-lists.jsonl:40
ca_B2AmXJpF,语文,能背诵《池上》全文且不错漏,,67,"{""min"": ""G1"", ""max"": ""G6""}",auto-confirmed,"[""A01"", ""A06""]",deterministic-screen-only,not-adjudicated,anchors/chinese-lists.jsonl:41
ca_u9THriNM,语文,能背诵《忆江南》全文且不错漏,,67,"{""min"": ""G1"", ""max"": ""G6""}",auto-confirmed,"[""A01"", ""A06""]",deterministic-screen-only,not-adjudicated,anchors/chinese-lists.jsonl:42
ca_Bnm3zvKG,语文,能背诵《小儿垂钓》全文且不错漏,,67,"{""min"": ""G1"", ""max"": ""G6""}",auto-confirmed,"[""A01"", ""A06""]",deterministic-screen-only,not-adjudicated,anchors/chinese-lists.jsonl:43
ca_bsnE9dUq,语文,能背诵《悯农（锄禾日当午）》全文且不错漏,,67,"{""min"": ""G1"", ""max"": ""G6""}",auto-confirmed,"[""A01"", ""A06""]",deterministic-screen-only,not-adjudicated,anchors/chinese-lists.jsonl:44
ca_4Tijb9NK,语文,能背诵《悯农（春种一粒粟）》全文且不错漏,,67,"{""min"": ""G1"", ""max"": ""G6""}",auto-confirmed,"[""A01"", ""A06""]",deterministic-screen-only,not-adjudicated,anchors/chinese-lists.jsonl:45
ca_eDHJRm4h,语文,能背诵《江雪》全文且不错漏,,67,"{""min"": ""G1"", ""max"": ""G6""}",auto-confirmed,"[""A01"", ""A06""]",deterministic-screen-only,not-adjudicated,anchors/chinese-lists.jsonl:46
ca_2JNvYQ9N,语文,能背诵《寻隐者不遇》全文且不错漏,,67,"{""min"": ""G1"", ""max"": ""G6""}",auto-confirmed,"[""A01"", ""A06""]",deterministic-screen-only,not-adjudicated,anchors/chinese-lists.jsonl:47
ca_yYX8TwpK,语文,能背诵《山行》全文且不错漏,,67,"{""min"": ""G1"", ""max"": ""G6""}",auto-confirmed,"[""A01"", ""A06""]",deterministic-screen-only,not-adjudicated,anchors/chinese-lists.jsonl:48
ca_LF8X7qGv,语文,能背诵《清明》全文且不错漏,,67,"{""min"": ""G1"", ""max"": ""G6""}",auto-confirmed,"[""A01"", ""A06""]",deterministic-screen-only,not-adjudicated,anchors/chinese-lists.jsonl:49
ca_bt57QKdS,语文,能背诵《江南春》全文且不错漏,,67,"{""min"": ""G1"", ""max"": ""G6""}",auto-confirmed,"[""A01"", ""A06""]",deterministic-screen-only,not-adjudicated,anchors/chinese-lists.jsonl:50
ca_TUycnSp8,语文,能背诵《蜂》全文且不错漏,,67,"{""min"": ""G1"", ""max"": ""G6""}",auto-confirmed,"[""A01"", ""A06""]",deterministic-screen-only,not-adjudicated,anchors/chinese-lists.jsonl:51
ca_JVNBPmGc,语文,能背诵《江上渔者》全文且不错漏,,67,"{""min"": ""G1"", ""max"": ""G6""}",auto-confirmed,"[""A01"", ""A06""]",deterministic-screen-only,not-adjudicated,anchors/chinese-lists.jsonl:52
ca_7pAPgmHY,语文,能背诵《元日》全文且不错漏,,67,"{""min"": ""G1"", ""max"": ""G6""}",auto-confirmed,"[""A01"", ""A06""]",deterministic-screen-only,not-adjudicated,anchors/chinese-lists.jsonl:53
ca_qbVs4xQw,语文,能背诵《泊船瓜洲》全文且不错漏,,67,"{""min"": ""G1"", ""max"": ""G6""}",auto-confirmed,"[""A01"", ""A06""]",deterministic-screen-only,not-adjudicated,anchors/chinese-lists.jsonl:54
ca_b3zGifWs,语文,能背诵《书湖阴先生壁》全文且不错漏,,67,"{""min"": ""G1"", ""max"": ""G6""}",auto-confirmed,"[""A01"", ""A06""]",deterministic-screen-only,not-adjudicated,anchors/chinese-lists.jsonl:55
ca_ChwMbhgt,语文,能背诵《六月二十七日望湖楼醉书》全文且不错漏,,67,"{""min"": ""G1"", ""max"": ""G6""}",auto-confirmed,"[""A01"", ""A06""]",deterministic-screen-only,not-adjudicated,anchors/chinese-lists.jsonl:56
ca_n27yfMeg,语文,能背诵《饮湖上初晴后雨》全文且不错漏,,67,"{""min"": ""G1"", ""max"": ""G6""}",auto-confirmed,"[""A01"", ""A06""]",deterministic-screen-only,not-adjudicated,anchors/chinese-lists.jsonl:57
ca_nFL97czj,语文,能背诵《惠崇春江晚景》全文且不错漏,,67,"{""min"": ""G1"", ""max"": ""G6""}",auto-confirmed,"[""A01"", ""A06""]",deterministic-screen-only,not-adjudicated,anchors/chinese-lists.jsonl:58
ca_rxn3fpnH,语文,能背诵《题西林壁》全文且不错漏,,67,"{""min"": ""G1"", ""max"": ""G6""}",auto-confirmed,"[""A01"", ""A06""]",deterministic-screen-only,not-adjudicated,anchors/chinese-lists.jsonl:59
ca_DSUkWvC5,语文,能背诵《夏日绝句》全文且不错漏,,67,"{""min"": ""G1"", ""max"": ""G6""}",auto-confirmed,"[""A01"", ""A06""]",deterministic-screen-only,not-adjudicated,anchors/chinese-lists.jsonl:60
ca_xZ5xiFhC,语文,能背诵《三衢道中》全文且不错漏,,67,"{""min"": ""G1"", ""max"": ""G6""}",auto-confirmed,"[""A01"", ""A06""]",deterministic-screen-only,not-adjudicated,anchors/chinese-lists.jsonl:61
ca_HdffWpqH,语文,能背诵《示儿》全文且不错漏,,67,"{""min"": ""G1"", ""max"": ""G6""}",auto-confirmed,"[""A01"", ""A06""]",deterministic-screen-only,not-adjudicated,anchors/chinese-lists.jsonl:62
ca_kRPh3WWN,语文,能背诵《秋夜将晓出篱门迎凉有感》全文且不错漏,,67,"{""min"": ""G1"", ""max"": ""G6""}",auto-confirmed,"[""A01"", ""A06""]",deterministic-screen-only,not-adjudicated,anchors/chinese-lists.jsonl:63
ca_f4yX4K4z,语文,能背诵《四时田园杂兴（昼出耘田夜绩麻）》全文且不错漏,,67,"{""min"": ""G1"", ""max"": ""G6""}",auto-confirmed,"[""A01"", ""A06""]",deterministic-screen-only,not-adjudicated,anchors/chinese-lists.jsonl:64
ca_VKmSZRtX,语文,能背诵《四时田园杂兴（梅子金黄杏子肥）》全文且不错漏,,67,"{""min"": ""G1"", ""max"": ""G6""}",auto-confirmed,"[""A01"", ""A06""]",deterministic-screen-only,not-adjudicated,anchors/chinese-lists.jsonl:65
ca_r2SrgTTt,语文,能背诵《小池》全文且不错漏,,67,"{""min"": ""G1"", ""max"": ""G6""}",auto-confirmed,"[""A01"", ""A06""]",deterministic-screen-only,not-adjudicated,anchors/chinese-lists.jsonl:66
ca_9g4v9s8z,语文,能背诵《晓出净慈寺送林子方》全文且不错漏,,67,"{""min"": ""G1"", ""max"": ""G6""}",auto-confirmed,"[""A01"", ""A06""]",deterministic-screen-only,not-adjudicated,anchors/chinese-lists.jsonl:67
ca_THnkCD6Z,语文,能背诵《春日》全文且不错漏,,67,"{""min"": ""G1"", ""max"": ""G6""}",auto-confirmed,"[""A01"", ""A06""]",deterministic-screen-only,not-adjudicated,anchors/chinese-lists.jsonl:68
ca_yT5A6MiW,语文,能背诵《观书有感》全文且不错漏,,68,"{""min"": ""G1"", ""max"": ""G6""}",auto-confirmed,"[""A01"", ""A06""]",deterministic-screen-only,not-adjudicated,anchors/chinese-lists.jsonl:69
ca_C3vBNUCc,语文,能背诵《题临安邸》全文且不错漏,,68,"{""min"": ""G1"", ""max"": ""G6""}",auto-confirmed,"[""A01"", ""A06""]",deterministic-screen-only,not-adjudicated,anchors/chinese-lists.jsonl:70
ca_c8wyFmbR,语文,能背诵《游园不值》全文且不错漏,,68,"{""min"": ""G1"", ""max"": ""G6""}",auto-confirmed,"[""A01"", ""A06""]",deterministic-screen-only,not-adjudicated,anchors/chinese-lists.jsonl:71
ca_dih6GU38,语文,能背诵《乡村四月》全文且不错漏,,68,"{""min"": ""G1"", ""max"": ""G6""}",auto-confirmed,"[""A01"", ""A06""]",deterministic-screen-only,not-adjudicated,anchors/chinese-lists.jsonl:72
ca_tC4V96pn,语文,能背诵《墨梅》全文且不错漏,,68,"{""min"": ""G1"", ""max"": ""G6""}",auto-confirmed,"[""A01"", ""A06""]",deterministic-screen-only,not-adjudicated,anchors/chinese-lists.jsonl:73
ca_BcTHeLnW,语文,能背诵《石灰吟》全文且不错漏,,68,"{""min"": ""G1"", ""max"": ""G6""}",auto-confirmed,"[""A01"", ""A06""]",deterministic-screen-only,not-adjudicated,anchors/chinese-lists.jsonl:74
ca_Q5KrrgZT,语文,能背诵《竹石》全文且不错漏,,68,"{""min"": ""G1"", ""max"": ""G6""}",auto-confirmed,"[""A01"", ""A06""]",deterministic-screen-only,not-adjudicated,anchors/chinese-lists.jsonl:75
ca_cAgzykyW,语文,能背诵《所见》全文且不错漏,,68,"{""min"": ""G1"", ""max"": ""G6""}",auto-confirmed,"[""A01"", ""A06""]",deterministic-screen-only,not-adjudicated,anchors/chinese-lists.jsonl:76
ca_Vrh4ECcZ,语文,能背诵《己亥杂诗（九州生气恃风雷）》全文且不错漏,,68,"{""min"": ""G1"", ""max"": ""G6""}",auto-confirmed,"[""A01"", ""A06""]",deterministic-screen-only,not-adjudicated,anchors/chinese-lists.jsonl:77
ca_TXt8jKAb,语文,能背诵《村居》全文且不错漏,,68,"{""min"": ""G1"", ""max"": ""G6""}",auto-confirmed,"[""A01"", ""A06""]",deterministic-screen-only,not-adjudicated,anchors/chinese-lists.jsonl:78
ca_MrgbXzPJ,语文,能背诵《关雎》全文且不错漏,,68,"{""min"": ""G7"", ""max"": ""G9""}",auto-confirmed,"[""A01""]",deterministic-screen-only,not-adjudicated,anchors/chinese-lists.jsonl:79
ca_JEdVdFZp,语文,能背诵《蒹葭》全文且不错漏,,68,"{""min"": ""G7"", ""max"": ""G9""}",auto-confirmed,"[""A01""]",deterministic-screen-only,not-adjudicated,anchors/chinese-lists.jsonl:80
ca_cH2dQckN,语文,能背诵《十五从军征》全文且不错漏,,68,"{""min"": ""G7"", ""max"": ""G9""}",auto-confirmed,"[""A01""]",deterministic-screen-only,not-adjudicated,anchors/chinese-lists.jsonl:81
ca_aJWhWtey,语文,能背诵《观沧海》全文且不错漏,,68,"{""min"": ""G7"", ""max"": ""G9""}",auto-confirmed,"[""A01""]",deterministic-screen-only,not-adjudicated,anchors/chinese-lists.jsonl:82
ca_XuC5p4fQ,语文,能背诵《饮酒》全文且不错漏,,68,"{""min"": ""G7"", ""max"": ""G9""}",auto-confirmed,"[""A01""]",deterministic-screen-only,not-adjudicated,anchors/chinese-lists.jsonl:83
ca_fEfUTKw6,语文,能背诵《木兰辞》全文且不错漏,,68,"{""min"": ""G7"", ""max"": ""G9""}",auto-confirmed,"[""A01""]",deterministic-screen-only,not-adjudicated,anchors/chinese-lists.jsonl:84
ca_k6D3pjzf,语文,能背诵《送杜少府之任蜀州》全文且不错漏,,68,"{""min"": ""G7"", ""max"": ""G9""}",auto-confirmed,"[""A01""]",deterministic-screen-only,not-adjudicated,anchors/chinese-lists.jsonl:85
ca_f2cVhYLQ,语文,能背诵《登幽州台歌》全文且不错漏,,68,"{""min"": ""G7"", ""max"": ""G9""}",auto-confirmed,"[""A01""]",deterministic-screen-only,not-adjudicated,anchors/chinese-lists.jsonl:86
ca_TAnn8mKy,语文,能背诵《次北固山下》全文且不错漏,,68,"{""min"": ""G7"", ""max"": ""G9""}",auto-confirmed,"[""A01""]",deterministic-screen-only,not-adjudicated,anchors/chinese-lists.jsonl:87
ca_uA2Jzmyw,语文,能背诵《使至塞上》全文且不错漏,,68,"{""min"": ""G7"", ""max"": ""G9""}",auto-confirmed,"[""A01""]",deterministic-screen-only,not-adjudicated,anchors/chinese-lists.jsonl:88
ca_Q3hQzc9u,语文,能背诵《闻王昌龄左迁龙标遥有此寄》全文且不错漏,,68,"{""min"": ""G7"", ""max"": ""G9""}",auto-confirmed,"[""A01""]",deterministic-screen-only,not-adjudicated,anchors/chinese-lists.jsonl:89
ca_f9zypFFt,语文,能背诵《行路难》全文且不错漏,,68,"{""min"": ""G7"", ""max"": ""G9""}",auto-confirmed,"[""A01""]",deterministic-screen-only,not-adjudicated,anchors/chinese-lists.jsonl:90
ca_3EJLK7ev,语文,能背诵《黄鹤楼》全文且不错漏,,68,"{""min"": ""G7"", ""max"": ""G9""}",auto-confirmed,"[""A01""]",deterministic-screen-only,not-adjudicated,anchors/chinese-lists.jsonl:91
ca_tBKyLEwb,语文,能背诵《望岳》全文且不错漏,,68,"{""min"": ""G7"", ""max"": ""G9""}",auto-confirmed,"[""A01""]",deterministic-screen-only,not-adjudicated,anchors/chinese-lists.jsonl:92
ca_UDi3UMZC,语文,能背诵《春望》全文且不错漏,,68,"{""min"": ""G7"", ""max"": ""G9""}",auto-confirmed,"[""A01""]",deterministic-screen-only,not-adjudicated,anchors/chinese-lists.jsonl:93
ca_BPxiCT6u,语文,能背诵《茅屋为秋风所破歌》全文且不错漏,,68,"{""min"": ""G7"", ""max"": ""G9""}",auto-confirmed,"[""A01""]",deterministic-screen-only,not-adjudicated,anchors/chinese-lists.jsonl:94
ca_d9qC4cMg,语文,能背诵《白雪歌送武判官归京》全文且不错漏,,69,"{""min"": ""G7"", ""max"": ""G9""}",auto-confirmed,"[""A01""]",deterministic-screen-only,not-adjudicated,anchors/chinese-lists.jsonl:95
ca_Zm3rzWaU,语文,能背诵《酬乐天扬州初逢席上见赠》全文且不错漏,,69,"{""min"": ""G7"", ""max"": ""G9""}",auto-confirmed,"[""A01""]",deterministic-screen-only,not-adjudicated,anchors/chinese-lists.jsonl:96
ca_mUqyJpCc,语文,能背诵《卖炭翁》全文且不错漏,,69,"{""min"": ""G7"", ""max"": ""G9""}",auto-confirmed,"[""A01""]",deterministic-screen-only,not-adjudicated,anchors/chinese-lists.jsonl:97
ca_3VuJ3cDF,语文,能背诵《钱塘湖春行》全文且不错漏,,69,"{""min"": ""G7"", ""max"": ""G9""}",auto-confirmed,"[""A01""]",deterministic-screen-only,not-adjudicated,anchors/chinese-lists.jsonl:98
ca_UmwGpQeD,语文,能背诵《雁门太守行》全文且不错漏,,69,"{""min"": ""G7"", ""max"": ""G9""}",auto-confirmed,"[""A01""]",deterministic-screen-only,not-adjudicated,anchors/chinese-lists.jsonl:99
ca_9aiY5CR9,语文,能背诵《赤壁》全文且不错漏,,69,"{""min"": ""G7"", ""max"": ""G9""}",auto-confirmed,"[""A01""]",deterministic-screen-only,not-adjudicated,anchors/chinese-lists.jsonl:100
ca_mYQ3fyAH,语文,能背诵《泊秦淮》全文且不错漏,,69,"{""min"": ""G7"", ""max"": ""G9""}",auto-confirmed,"[""A01""]",deterministic-screen-only,not-adjudicated,anchors/chinese-lists.jsonl:101
ca_MFKHMfie,语文,能背诵《夜雨寄北》全文且不错漏,,69,"{""min"": ""G7"", ""max"": ""G9""}",auto-confirmed,"[""A01""]",deterministic-screen-only,not-adjudicated,anchors/chinese-lists.jsonl:102
ca_2BEkpjJx,语文,能背诵《无题》全文且不错漏,,69,"{""min"": ""G7"", ""max"": ""G9""}",auto-confirmed,"[""A01""]",deterministic-screen-only,not-adjudicated,anchors/chinese-lists.jsonl:103
ca_DJBT8C2W,语文,能背诵《相见欢》全文且不错漏,,69,"{""min"": ""G7"", ""max"": ""G9""}",auto-confirmed,"[""A01""]",deterministic-screen-only,not-adjudicated,anchors/chinese-lists.jsonl:104
ca_wE42d4xF,语文,能背诵《渔家傲（塞下秋来风景异）》全文且不错漏,,69,"{""min"": ""G7"", ""max"": ""G9""}",auto-confirmed,"[""A01""]",deterministic-screen-only,not-adjudicated,anchors/chinese-lists.jsonl:105
ca_GE5Kkawp,语文,能背诵《浣溪沙》全文且不错漏,,69,"{""min"": ""G7"", ""max"": ""G9""}",auto-confirmed,"[""A01""]",deterministic-screen-only,not-adjudicated,anchors/chinese-lists.jsonl:106
ca_XqUqbaVt,语文,能背诵《登飞来峰》全文且不错漏,,69,"{""min"": ""G7"", ""max"": ""G9""}",auto-confirmed,"[""A01""]",deterministic-screen-only,not-adjudicated,anchors/chinese-lists.jsonl:107
ca_ffrXJHNQ,语文,能背诵《江城子》全文且不错漏,,69,"{""min"": ""G7"", ""max"": ""G9""}",auto-confirmed,"[""A01""]",deterministic-screen-only,not-adjudicated,anchors/chinese-lists.jsonl:108
ca_FYvSKXvp,语文,能背诵《水调歌头》全文且不错漏,,69,"{""min"": ""G7"", ""max"": ""G9""}",auto-confirmed,"[""A01""]",deterministic-screen-only,not-adjudicated,anchors/chinese-lists.jsonl:109
ca_v3vWaTUw,语文,能背诵《渔家傲（天接云涛连晓雾）》全文且不错漏,,69,"{""min"": ""G7"", ""max"": ""G9""}",auto-confirmed,"[""A01""]",deterministic-screen-only,not-adjudicated,anchors/chinese-lists.jsonl:110
ca_chTK3J5d,语文,能背诵《游山西村》全文且不错漏,,69,"{""min"": ""G7"", ""max"": ""G9""}",auto-confirmed,"[""A01""]",deterministic-screen-only,not-adjudicated,anchors/chinese-lists.jsonl:111
ca_RNg8Zd4f,语文,能背诵《南乡子》全文且不错漏,,69,"{""min"": ""G7"", ""max"": ""G9""}",auto-confirmed,"[""A01""]",deterministic-screen-only,not-adjudicated,anchors/chinese-lists.jsonl:112
ca_YE4C7faW,语文,能背诵《破阵子》全文且不错漏,,69,"{""min"": ""G7"", ""max"": ""G9""}",auto-confirmed,"[""A01""]",deterministic-screen-only,not-adjudicated,anchors/chinese-lists.jsonl:113
ca_DgAc5uYU,语文,能背诵《过零丁洋》全文且不错漏,,69,"{""min"": ""G7"", ""max"": ""G9""}",auto-confirmed,"[""A01""]",deterministic-screen-only,not-adjudicated,anchors/chinese-lists.jsonl:114
ca_gndVJAg9,语文,能背诵《天净沙·秋思》全文且不错漏,,69,"{""min"": ""G7"", ""max"": ""G9""}",auto-confirmed,"[""A01""]",deterministic-screen-only,not-adjudicated,anchors/chinese-lists.jsonl:115
ca_bb23aBbB,语文,能背诵《山坡羊·潼关怀古》全文且不错漏,,69,"{""min"": ""G7"", ""max"": ""G9""}",auto-confirmed,"[""A01""]",deterministic-screen-only,not-adjudicated,anchors/chinese-lists.jsonl:116
ca_BPEV5b3j,语文,能背诵《己亥杂诗（浩荡离愁白日斜）》全文且不错漏,,69,"{""min"": ""G7"", ""max"": ""G9""}",auto-confirmed,"[""A01""]",deterministic-screen-only,not-adjudicated,anchors/chinese-lists.jsonl:117
ca_mZrjantn,语文,能背诵《满江红》全文且不错漏,,69,"{""min"": ""G7"", ""max"": ""G9""}",auto-confirmed,"[""A01""]",deterministic-screen-only,not-adjudicated,anchors/chinese-lists.jsonl:118
ca_bcFGLLQH,语文,能背诵《《论语》十二章》全文且不错漏,,69,"{""min"": ""G7"", ""max"": ""G9""}",auto-confirmed,"[""A01""]",deterministic-screen-only,not-adjudicated,anchors/chinese-lists.jsonl:119
ca_2gLQnx4R,语文,能背诵《曹刿论战》全文且不错漏,,70,"{""min"": ""G7"", ""max"": ""G9""}",auto-confirmed,"[""A01""]",deterministic-screen-only,not-adjudicated,anchors/chinese-lists.jsonl:120
ca_tWqKrVjJ,语文,能背诵《《孟子》三则》全文且不错漏,,70,"{""min"": ""G7"", ""max"": ""G9""}",auto-confirmed,"[""A01""]",deterministic-screen-only,not-adjudicated,anchors/chinese-lists.jsonl:121
ca_KrHUxigu,语文,能背诵《《庄子》一则》全文且不错漏,,70,"{""min"": ""G7"", ""max"": ""G9""}",auto-confirmed,"[""A01""]",deterministic-screen-only,not-adjudicated,anchors/chinese-lists.jsonl:122
ca_y5XznxWt,语文,能背诵《《礼记》一则》全文且不错漏,,70,"{""min"": ""G7"", ""max"": ""G9""}",auto-confirmed,"[""A01""]",deterministic-screen-only,not-adjudicated,anchors/chinese-lists.jsonl:123
ca_yC8yqBv5,语文,能背诵《《吕氏春秋》一则》全文且不错漏,,70,"{""min"": ""G7"", ""max"": ""G9""}",auto-confirmed,"[""A01""]",deterministic-screen-only,not-adjudicated,anchors/chinese-lists.jsonl:124
ca_uuGHERWJ,语文,能背诵《邹忌讽齐王纳谏》全文且不错漏,,70,"{""min"": ""G7"", ""max"": ""G9""}",auto-confirmed,"[""A01""]",deterministic-screen-only,not-adjudicated,anchors/chinese-lists.jsonl:125
ca_66nzAXSf,语文,能背诵《出师表》全文且不错漏,,70,"{""min"": ""G7"", ""max"": ""G9""}",auto-confirmed,"[""A01""]",deterministic-screen-only,not-adjudicated,anchors/chinese-lists.jsonl:126
ca_A5Zgdfca,语文,能背诵《桃花源记》全文且不错漏,,70,"{""min"": ""G7"", ""max"": ""G9""}",auto-confirmed,"[""A01""]",deterministic-screen-only,not-adjudicated,anchors/chinese-lists.jsonl:127
ca_CLQEU3EA,语文,能背诵《答谢中书书》全文且不错漏,,70,"{""min"": ""G7"", ""max"": ""G9""}",auto-confirmed,"[""A01""]",deterministic-screen-only,not-adjudicated,anchors/chinese-lists.jsonl:128
ca_paZgBwTD,语文,能背诵《三峡》全文且不错漏,,70,"{""min"": ""G7"", ""max"": ""G9""}",auto-confirmed,"[""A01""]",deterministic-screen-only,not-adjudicated,anchors/chinese-lists.jsonl:129
ca_kPNnkpXk,语文,能背诵《杂说》全文且不错漏,,70,"{""min"": ""G7"", ""max"": ""G9""}",auto-confirmed,"[""A01""]",deterministic-screen-only,not-adjudicated,anchors/chinese-lists.jsonl:130
ca_fHXH8Xp5,语文,能背诵《陋室铭》全文且不错漏,,70,"{""min"": ""G7"", ""max"": ""G9""}",auto-confirmed,"[""A01""]",deterministic-screen-only,not-adjudicated,anchors/chinese-lists.jsonl:131
ca_5n9FVTUA,语文,能背诵《小石潭记》全文且不错漏,,70,"{""min"": ""G7"", ""max"": ""G9""}",auto-confirmed,"[""A01""]",deterministic-screen-only,not-adjudicated,anchors/chinese-lists.jsonl:132
ca_g4UF2CkY,语文,能背诵《岳阳楼记》全文且不错漏,,70,"{""min"": ""G7"", ""max"": ""G9""}",auto-confirmed,"[""A01""]",deterministic-screen-only,not-adjudicated,anchors/chinese-lists.jsonl:133
ca_azGJ9Rzb,语文,能背诵《醉翁亭记》全文且不错漏,,70,"{""min"": ""G7"", ""max"": ""G9""}",auto-confirmed,"[""A01""]",deterministic-screen-only,not-adjudicated,anchors/chinese-lists.jsonl:134
ca_87k7P2J8,语文,能背诵《爱莲说》全文且不错漏,,70,"{""min"": ""G7"", ""max"": ""G9""}",auto-confirmed,"[""A01""]",deterministic-screen-only,not-adjudicated,anchors/chinese-lists.jsonl:135
ca_fapAYnyW,语文,能背诵《记承天寺夜游》全文且不错漏,,70,"{""min"": ""G7"", ""max"": ""G9""}",auto-confirmed,"[""A01""]",deterministic-screen-only,not-adjudicated,anchors/chinese-lists.jsonl:136
ca_ZCeLBbya,语文,能背诵《送东阳马生序》全文且不错漏,,70,"{""min"": ""G7"", ""max"": ""G9""}",auto-confirmed,"[""A01""]",deterministic-screen-only,not-adjudicated,anchors/chinese-lists.jsonl:137
ca_TtTiEn6S,语文,能背诵《湖心亭看雪》全文且不错漏,,70,"{""min"": ""G7"", ""max"": ""G9""}",auto-confirmed,"[""A01""]",deterministic-screen-only,not-adjudicated,anchors/chinese-lists.jsonl:138
ca_86QyBqGL,语文,能读准声母、韵母、声调和整体认读音节,能读准声母、韵母、声调和整体认读音节。,14,"{""min"": ""G1"", ""max"": ""G2""}",ai-reviewed,[],deterministic-screen-only,not-adjudicated,anchors/chinese.jsonl:1
ca_UiMzwsV6,语文,能准确地拼读音节，正确书写声母、韵母和音节,能准确地拼读音节，正确书写声母、韵母和音节。,14,"{""min"": ""G1"", ""max"": ""G2""}",ai-reviewed,"[""A09""]",deterministic-screen-only,not-adjudicated,anchors/chinese.jsonl:2
ca_GzaJAaDT,语文,能借助汉语拼音认读汉字，学会用音序检字法和部首检字法查字典,能借助汉语拼音认读汉字，学会用音序检字法和部首检字法查字典。,14,"{""min"": ""G1"", ""max"": ""G2""}",ai-reviewed,[],deterministic-screen-only,not-adjudicated,anchors/chinese.jsonl:3
ca_DpRdKQhF,语文,尝试阅读整本书，用自己喜欢的方式向他人介绍读过的书,4. 尝试阅读整本书，用自己喜欢的方式向他人介绍读过的书。,15,"{""min"": ""G1"", ""max"": ""G2""}",ai-reviewed,[],deterministic-screen-only,not-adjudicated,anchors/chinese.jsonl:4
ca_J2438suE,语文,能用自己的话复述故事大意和感兴趣的情节,听故事、看影视作品，能复述大意和自己感兴趣的情节。,15,"{""min"": ""G1"", ""max"": ""G2""}",ai-reviewed,[],deterministic-screen-only,not-adjudicated,anchors/chinese.jsonl:5
ca_fVQck8fm,语文,能较完整地讲述小故事,能较完整地讲述小故事，能简要讲述自己感兴趣的见闻。,15,"{""min"": ""G1"", ""max"": ""G2""}",ai-reviewed,[],deterministic-screen-only,not-adjudicated,anchors/chinese.jsonl:6
ca_iSbhPL3R,语文,能较完整地讲述一个小故事，能简要讲述自己感兴趣的见闻,能较完整地讲述小故事，能简要讲述自己感兴趣的见闻。,15,"{""min"": ""G1"", ""max"": ""G2""}",ai-reviewed,[],deterministic-screen-only,not-adjudicated,anchors/chinese.jsonl:7
ca_erA2N9Q7,语文,在写话中乐于运用阅读和生活中学到的词语,在写话中乐于运用阅读和生活中学到的词语。,15,"{""min"": ""G1"", ""max"": ""G2""}",ai-reviewed,[],deterministic-screen-only,not-adjudicated,anchors/chinese.jsonl:8
ca_QmDe7iVU,语文,能默读一段文字，做到不出声，不指读,初步学会默读，做到不出声，不指读。,16,"{""min"": ""G3"", ""max"": ""G4""}",ai-reviewed,[],deterministic-screen-only,not-adjudicated,anchors/chinese.jsonl:10
ca_q6FLBRxx,语文,尝试在习作中运用自己平时积累的语言材料，特别是有新鲜感的词句,尝试在习作中运用自己平时积累的语言材料，特别是有新鲜感的词句。,17,"{""min"": ""G3"", ""max"": ""G4""}",ai-reviewed,[],deterministic-screen-only,not-adjudicated,anchors/chinese.jsonl:13
ca_4AcQgaPb,语文,能熟练地使用字典、词典独立识字,1. 能熟练地使用字典、词典独立识字，会用多种检字方法。,21,"{""min"": ""G7"", ""max"": ""G9""}",ai-reviewed,"[""A09""]",deterministic-screen-only,not-adjudicated,anchors/chinese.jsonl:19
ca_ZrSbtGS6,语文,能较熟练地运用略读和浏览的方法，扩大阅读范围,能较熟练地运用略读和浏览的方法，扩大阅读范围。,21,"{""min"": ""G7"", ""max"": ""G9""}",ai-reviewed,"[""A09""]",deterministic-screen-only,not-adjudicated,anchors/chinese.jsonl:21
ca_DKSfFXti,语文,能对作品中感人的情境和形象说出自己的体验，品味作品中富于表现力的语言,能对作品中感人的情境和形象说出自己的体验，品味作品中富于表现力的语言。,21,"{""min"": ""G7"", ""max"": ""G9""}",ai-reviewed,[],deterministic-screen-only,not-adjudicated,anchors/chinese.jsonl:23
ca_TdvcnyDb,语文,运用联想和想象，丰富表达的内容,运用联想和想象，丰富表达的内容。,23,"{""min"": ""G7"", ""max"": ""G9""}",ai-reviewed,[],deterministic-screen-only,not-adjudicated,anchors/chinese.jsonl:27
ca_cC85hV7t,语文,能从文章中提取主要信息，进行缩写,能从文章中提取主要信息，进行缩写；,23,"{""min"": ""G7"", ""max"": ""G9""}",ai-reviewed,[],deterministic-screen-only,not-adjudicated,anchors/chinese.jsonl:28
ca_ya2sWWET,语文,能变换文章的文体或表达方式等，进行改写,能变换文章的文体或表达方式等，进行改写。,23,"{""min"": ""G7"", ""max"": ""G9""}",ai-reviewed,[],deterministic-screen-only,not-adjudicated,anchors/chinese.jsonl:29
ca_ZDWEZbq6,语文,学习跨媒介阅读与运用，体会不同媒介的表达特点，根据需要选用合适的媒介呈现探究结果,2. 学习跨媒介阅读与运用，体会不同媒介的表达特点，根据需要选用合适的媒介呈现探究结果。,23,"{""min"": ""G7"", ""max"": ""G9""}",ai-reviewed,[],deterministic-screen-only,not-adjudicated,anchors/chinese.jsonl:32
ca_RWWh3WGj,语文,能描述一幅图画的主要内容,看图说话，能描述一幅图画的主要内容，说出多幅图画之间的内容关联。,45,"{""min"": ""G1"", ""max"": ""G2""}",ai-reviewed,[],deterministic-screen-only,not-adjudicated,anchors/chinese.jsonl:48
ca_ZNwKmDYZ,语文,能根据提示提取文本的显性信息，通过关键词句说出事物的特点，作简单推测,喜欢阅读图画书、儿歌、童话、寓言等，在阅读过程中能根据提示提取文本的显性信息，通过关键词句说出事物的特点，作简单推测；,45,"{""min"": ""G1"", ""max"": ""G2""}",ai-reviewed,[],deterministic-screen-only,not-adjudicated,anchors/chinese.jsonl:49
ca_QAdPSgHt,语文,能借助关键词句复述自己读过的故事或其他内容，尝试对阅读内容提出问题,能借助关键词句复述自己读过的故事或其他内容，尝试对阅读内容提出问题；,45,"{""min"": ""G1"", ""max"": ""G2""}",ai-reviewed,[],deterministic-screen-only,not-adjudicated,anchors/chinese.jsonl:50
ca_zmzjJCMH,语文,能用普通话朗读课文，注意发音,朗读时能使用普通话，注意发音；,45,"{""min"": ""G1"", ""max"": ""G2""}",ai-reviewed,[],deterministic-screen-only,not-adjudicated,anchors/chinese.jsonl:52
ca_q3dARC9i,语文,能把具有相同或相似特征的汉字进行分类，并说明分类理由,注意积累和梳理语言材料，能把具有相同或相似特征的汉字进行分类，愿意与他人交流分类的理由，感受汉字和汉语的魅力；,46,"{""min"": ""G1"", ""max"": ""G2""}",ai-reviewed,[],deterministic-screen-only,not-adjudicated,anchors/chinese.jsonl:56
ca_afU5P5S6,语文,能按照一定的顺序讲述见闻,能按照一定的顺序讲述见闻，说出自己的感受和想法；,46,"{""min"": ""G1"", ""max"": ""G2""}",ai-reviewed,[],deterministic-screen-only,not-adjudicated,anchors/chinese.jsonl:58
ca_hyYPrfhQ,语文,能用表现事物特征的词语描摹事物形象，并用积累的有新鲜感的词句描述想象的事物或画面,能用表现事物特征的词语描摹形象，用积累的语言材料，特别是有新鲜感的词句描述想象的事物或画面；,46,"{""min"": ""G1"", ""max"": ""G2""}",ai-reviewed,[],deterministic-screen-only,not-adjudicated,anchors/chinese.jsonl:60
ca_FkHRkmq9,语文,能诵读学过的优秀诗文，并尝试用不同的语气、语调进行表达,乐于参与读书交流活动，能诵读学过的优秀诗文，尝试用不同的语气、语调表达自己的理解与感受。,46,"{""min"": ""G1"", ""max"": ""G2""}",ai-reviewed,[],deterministic-screen-only,not-adjudicated,anchors/chinese.jsonl:64
ca_tMsBEGef,语文,能向他人讲述叙事性作品的主要内容,主动阅读成语故事、寓言故事、神话故事、革命英雄故事等叙事性作品，能向他人讲述主要内容；,46,"{""min"": ""G1"", ""max"": ""G2""}",ai-reviewed,[],deterministic-screen-only,not-adjudicated,anchors/chinese.jsonl:65
ca_5UqVGynh,语文,能运用联想、想象续讲或续写童话、寓言故事,能按照童话、寓言等文体样式，运用联想、想象续讲或续写故事；,46,"{""min"": ""G1"", ""max"": ""G2""}",ai-reviewed,[],deterministic-screen-only,not-adjudicated,anchors/chinese.jsonl:68
ca_wBxzhYwH,语文,能辨识同音字、形近字，并纠正书写中的错别字,能辨识同音字、形近字，纠正错别字。,47,"{""min"": ""G1"", ""max"": ""G2""}",ai-reviewed,[],deterministic-screen-only,not-adjudicated,anchors/chinese.jsonl:71
ca_mpRyDDzf,语文,能用硬笔在田字格中规范、端正、整洁地书写本学期学写的常用汉字,能用硬笔规范、端正、整洁地书写2500个左右常用汉字。,47,"{""min"": ""G1"", ""max"": ""G2""}",ai-reviewed,[],deterministic-screen-only,not-adjudicated,anchors/chinese.jsonl:72
ca_yZQfkeWm,语文,能借助与文本相关的材料，结合作品关键语句评价文本中的主要事件和人物，提出自己的观点或看法,能借助与文本相关的材料，结合作品关键语句评价文本中的主要事件和人物，提出自己的观点或看法；,48,"{""min"": ""G7"", ""max"": ""G9""}",ai-reviewed,[],deterministic-screen-only,not-adjudicated,anchors/chinese.jsonl:78
ca_hqaAnBWy,语文,能根据自己的表达需要和习惯，选择并使用不同语境下具有个性化特征的词句和段落,发现并积累不同语境下具有个性化特征的词句和段落，能根据自己的表达需要和习惯选择使用。,49,"{""min"": ""G7"", ""max"": ""G9""}",ai-reviewed,"[""A09"", ""A13""]",deterministic-screen-only,not-adjudicated,anchors/chinese.jsonl:86
ca_mnKVG93w,语文,能区分事实与观点,阅读新闻报道、说明性文字以及非连续性文本，能区分事实与观点；,49,"{""min"": ""G7"", ""max"": ""G9""}",ai-reviewed,[],deterministic-screen-only,not-adjudicated,anchors/chinese.jsonl:87
ca_eqGZSd3m,语文,能运用文本信息解决具体问题,能利用掌握的多种证据判断信息的真实性与可信度，能运用文本信息解决具体问题。,49,"{""min"": ""G7"", ""max"": ""G9""}",ai-reviewed,[],deterministic-screen-only,not-adjudicated,anchors/chinese.jsonl:89
ca_mNUbTAWd,语文,能区分观点与材料，并能解释观点与材料之间的联系,阅读简单议论性文章，能区分观点与材料，并能解释观点与材料之间的联系；,49,"{""min"": ""G7"", ""max"": ""G9""}",ai-reviewed,"[""A09""]",deterministic-screen-only,not-adjudicated,anchors/chinese.jsonl:90
ca_jYy6Uz8X,语文,能用流程图、文字等形式呈现活动设计方案,能用流程图、文字等形式呈现活动设计方案；,49,"{""min"": ""G7"", ""max"": ""G9""}",ai-reviewed,[],deterministic-screen-only,not-adjudicated,anchors/chinese.jsonl:93
ca_5vWXdeJP,语文,能分类整理富有表现力的词语、精彩段落和经典诗文名句,能分类整理富有表现力的词语、精彩段落和经典诗文名句，分析作品表现手法的作用；,50,"{""min"": ""G1"", ""max"": ""G9""}",ai-reviewed,"[""A06"", ""A09""]",deterministic-screen-only,not-adjudicated,anchors/chinese.jsonl:94
ca_M3AUytZu,语文,能用毛笔临摹正楷字帖,用毛笔临摹正楷字帖,16,"{""min"": ""G3"", ""max"": ""G4""}",ai-reviewed,[],deterministic-screen-only,not-adjudicated,anchors/chinese.jsonl:101
ca_M7d6v5kv,语文,能说出理解生词意义的途径是借助字典、词典和生活积累,能借助字典、词典和生活积累，理解生词的意义,16,"{""min"": ""G3"", ""max"": ""G4""}",ai-reviewed,[],deterministic-screen-only,not-adjudicated,anchors/chinese.jsonl:103
ca_9mV62ahn,语文,能说出硬笔书写楷书的要求是行款整齐、力求美观、有一定的速度,硬笔书写楷书，行款整齐，力求美观，有一定的速度,18,"{""min"": ""G5"", ""max"": ""G6""}",ai-reviewed,[],deterministic-screen-only,not-adjudicated,anchors/chinese.jsonl:104
ca_sTsIxpdv,语文,能说出记实作文和想象作文的内容要求是具体、感情真实,能写简单的记实作文和想象作文，内容具体，感情真实。,20,"{""min"": ""G3"", ""max"": ""G4""}",ai-adjudicated,"[""A09""]",deterministic-screen-only,not-adjudicated,anchors/chinese.jsonl:110
ca_nTmLIjpz,语文,能说出每学年阅读名著的数量要求是两三部,每学年阅读两三部名著,22,"{""min"": ""G7"", ""max"": ""G9""}",ai-reviewed,[],deterministic-screen-only,not-adjudicated,anchors/chinese.jsonl:112
ca_g8uDKxm7,语文,能说出体现中华优秀传统文化、革命文化、社会主义先进文化的作品应占60%~70%,体现中华优秀传统文化、革命文化、社会主义先进文化的作品，应占60%～70%,26,"{""min"": ""G7"", ""max"": ""G9""}",ai-adjudicated,[],deterministic-screen-only,not-adjudicated,anchors/chinese.jsonl:113
ca_e3hj0G3O,语文,能按照词类梳理字词，并整理典型的语法、修辞应用实例,学习按照词类梳理字词，学习整理典型的语法、修辞应用实例。,28,"{""min"": ""G7"", ""max"": ""G9""}",ai-reviewed,[],deterministic-screen-only,not-adjudicated,anchors/chinese.jsonl:116
ca_Ehwr5KJ5,语文,能说出《小英雄雨来》《雷锋的故事》等图书表现了英雄模范事迹,阅读表现英雄模范事迹的图书，如《小英雄雨来》《雷锋的故事》等，讲述英雄模范的动人故事。,39,"{""min"": ""G3"", ""max"": ""G4""}",ai-reviewed,[],deterministic-screen-only,not-adjudicated,anchors/chinese.jsonl:118
ca_jutkAKe4,语文,能说出《稻草人》《爱的教育》等作品传达了真善美,阅读儿童文学名著，如《稻草人》《爱的教育》等，感受作品传达的真善美，用自己喜欢的方式讲述故事大意。,39,"{""min"": ""G3"", ""max"": ""G4""}",ai-reviewed,[],deterministic-screen-only,not-adjudicated,anchors/chinese.jsonl:119
ca_152UB3Gh,语文,能说出《可爱的中国》《小兵张嘎》《闪闪的红星》等作品反映了革命传统,阅读反映革命传统的作品，如《可爱的中国》《小兵张嘎》《闪闪的红星》等，讲述自己感受到的家国情怀和爱国精神。,39,"{""min"": ""G5"", ""max"": ""G6""}",ai-reviewed,[],deterministic-screen-only,not-adjudicated,anchors/chinese.jsonl:120
ca_0PmQ3XrM,语文,能说出《革命烈士诗抄》《红岩》《红星照耀中国》是革命文学作品,阅读革命文学作品，如《革命烈士诗抄》《红岩》《红星照耀中国》等,40,"{""min"": ""G7"", ""max"": ""G9""}",ai-reviewed,[],deterministic-screen-only,not-adjudicated,anchors/chinese.jsonl:122
ca_pV6oK7k2,语文,能说出《朝花夕拾》《骆驼祥子》《艾青诗选》《西游记》《格列佛游记》《钢铁是怎样炼成的》是文学名著,独立阅读古今中外诗歌集、中长篇小说、散文集等文学名著，如《朝花夕拾》《骆驼祥子》《艾青诗选》《西游记》《格列佛游记》《钢铁是怎样炼成的》等,40,"{""min"": ""G7"", ""max"": ""G9""}",ai-reviewed,[],deterministic-screen-only,not-adjudicated,anchors/chinese.jsonl:123
ca_ohdfFfiE,语文,能说出结合自己的阅读体会尝试撰写文学鉴赏文章是读书活动的一种形式,结合自己的阅读体会，尝试撰写文学鉴赏文章,40,"{""min"": ""G7"", ""max"": ""G9""}",ai-reviewed,[],deterministic-screen-only,not-adjudicated,anchors/chinese.jsonl:124
ca_irEeQk5z,语文,能说出龙凤、松竹梅兰是中华文化意象,探寻日常生活中龙凤、松竹梅兰等中华文化意象,42,"{""min"": ""G5"", ""max"": ""G6""}",ai-reviewed,"[""A09""]",deterministic-screen-only,not-adjudicated,anchors/chinese.jsonl:125
ca_1W2aA2JT,语文,能说出组织小课题组是开展校园调查的一种组织形式,组织小课题组，开展校园调查，,42,"{""min"": ""G1"", ""max"": ""G9""}",ai-reviewed,"[""A06""]",deterministic-screen-only,not-adjudicated,anchors/chinese.jsonl:128
ca_MbHhC0ud,语文,能概括说明性文字的主要内容或简单的非连续性文本的关键信息,能概括说明性文字的主要内容或简单的非连续性文本的关键信息,47,"{""min"": ""G5"", ""max"": ""G6""}",ai-reviewed,[],deterministic-screen-only,not-adjudicated,anchors/chinese.jsonl:132
ca_ndCKv0OV,语文,能用准确的语言清楚地介绍、说明事物或程序,能用准确的语言清楚地介绍、说明事物或程序,47,"{""min"": ""G5"", ""max"": ""G6""}",ai-reviewed,[],deterministic-screen-only,not-adjudicated,anchors/chinese.jsonl:133
ca_zgsfpp5t,语文,能运用文本主要信息解决现实生活中的简单问题,运用文本主要信息解决现实生活中的简单问题,47,"{""min"": ""G5"", ""max"": ""G6""}",ai-reviewed,[],deterministic-screen-only,not-adjudicated,anchors/chinese.jsonl:134
ca_QQVrIxV7,语文,能围绕学习活动搜集材料，设计简单的活动方案,围绕学习活动搜集材料，提供简单的活动设计方案,47,"{""min"": ""G5"", ""max"": ""G6""}",ai-reviewed,[],deterministic-screen-only,not-adjudicated,anchors/chinese.jsonl:135
ca_aubUqili,语文,能说出第三学段（5~6年级）学生应能围绕学习活动展开调查，从多方面获取活动各阶段的材料,能围绕学习活动展开调查，从多方面获取活动各阶段的材料,47,"{""min"": ""G5"", ""max"": ""G6""}",ai-reviewed,"[""A05"", ""A11""]",deterministic-screen-only,not-adjudicated,anchors/chinese.jsonl:136
ca_5P6VQtq5,语文,能说出在日常记录中应使用的规范、通行的字体是行楷字,在日常记录中使用规范、通行的行楷字,49,"{""min"": ""G7"", ""max"": ""G9""}",ai-reviewed,[],deterministic-screen-only,not-adjudicated,anchors/chinese.jsonl:138
ca_hJnCwl0e,语文,能说出在社会生活中认读生字新词时应依据的三者关系是字音、字形、字义,在社会生活中能根据字音、字形、字义三者的关系准确认读、正确理解遇到的生字新词,49,"{""min"": ""G7"", ""max"": ""G9""}",ai-reviewed,[],deterministic-screen-only,not-adjudicated,anchors/chinese.jsonl:139
ca_uEOIgP8e,语文,能说出在表达时应做到的三点是选择恰当的表达方式、合理安排详略和条理清楚,能多角度观察生活，抓住事物特征，选择恰当的表达方式，合理安排详略，条理清楚地表达自己的感受和认识,49,"{""min"": ""G7"", ""max"": ""G9""}",ai-reviewed,"[""A09""]",deterministic-screen-only,not-adjudicated,anchors/chinese.jsonl:141
ca_XzIpTcX4,语文,能说出在共同关注的热点问题学习活动中应完成的四个步骤是搜集资料、提取信息、概括观点和确立学习活动主题,能就共同关注的热点问题搜集资料，提取信息，概括观点，确立学习活动主题,49,"{""min"": ""G7"", ""max"": ""G9""}",ai-reviewed,[],deterministic-screen-only,not-adjudicated,anchors/chinese.jsonl:142
ca_wvs6gCpa,语文,能说出在学习活动中呈现活动设计方案时可使用的两种形式是流程图和文字,能用流程图、文字等形式呈现活动设计方案,49,"{""min"": ""G7"", ""max"": ""G9""}",ai-reviewed,"[""A09""]",deterministic-screen-only,not-adjudicated,anchors/chinese.jsonl:143
ca_guSTydlN,语文,能说出在学习活动中呈现学习成果时可使用的四种形式是文字、图表、图画和照片,能围绕学习活动开展调查，用文字、图表、图画、照片等形式呈现学习成果,49,"{""min"": ""G7"", ""max"": ""G9""}",ai-reviewed,[],deterministic-screen-only,not-adjudicated,anchors/chinese.jsonl:144
ca_swmgn0LN,语文,能说出在学习活动中获取资料时可利用的渠道是图书馆等多种渠道,能利用图书馆等多种渠道获取资料，整理相关学习内容，完善自己的认识，撰写活动总结,49,"{""min"": ""G7"", ""max"": ""G9""}",ai-reviewed,[],deterministic-screen-only,not-adjudicated,anchors/chinese.jsonl:145
ca_TSILelvD,语文,能说出在阅读文学作品过程中表达对作品理解时可使用的三种方式是朗读、概括和讲述,在阅读过程中能把握主要内容，并通过朗读、概括、讲述等方式，表达对作品的理解,49,"{""min"": ""G7"", ""max"": ""G9""}",ai-reviewed,"[""A09""]",deterministic-screen-only,not-adjudicated,anchors/chinese.jsonl:146
ca_63WQf5pd,语文,能说出在介绍所读作品基本脉络时应理清的内容是行文思路,能理清行文思路，用多种形式介绍所读作品的基本脉络,49,"{""min"": ""G7"", ""max"": ""G9""}",ai-reviewed,[],deterministic-screen-only,not-adjudicated,anchors/chinese.jsonl:147
ca_npnfQi7n,语文,能准确地拼读音节,能准确地拼读音节，正确书写声母、韵母和音节。,14,"{""min"": ""G1"", ""max"": ""G2""}",ai-reviewed,[],deterministic-screen-only,not-adjudicated,anchors/chinese.jsonl:148
ca_DwSzxbSW,语文,能正确书写声母、韵母和音节,能准确地拼读音节，正确书写声母、韵母和音节。,14,"{""min"": ""G1"", ""max"": ""G2""}",ai-reviewed,[],deterministic-screen-only,not-adjudicated,anchors/chinese.jsonl:149
ca_AkkBE4ts,语文,能熟练地使用字典独立识字,1. 能熟练地使用字典、词典独立识字，会用多种检字方法。,21,"{""min"": ""G7"", ""max"": ""G9""}",ai-reviewed,[],deterministic-screen-only,not-adjudicated,anchors/chinese.jsonl:150
ca_UuRKusxH,语文,能熟练地使用词典独立识字,1. 能熟练地使用字典、词典独立识字，会用多种检字方法。,21,"{""min"": ""G7"", ""max"": ""G9""}",ai-reviewed,[],deterministic-screen-only,not-adjudicated,anchors/chinese.jsonl:151
ca_b4VQQPpD,语文,能较熟练地运用略读的方法，扩大阅读范围,能较熟练地运用略读和浏览的方法，扩大阅读范围。,21,"{""min"": ""G7"", ""max"": ""G9""}",ai-reviewed,[],deterministic-screen-only,not-adjudicated,anchors/chinese.jsonl:152
ca_vMXiLmzt,语文,能较熟练地运用浏览的方法，扩大阅读范围,能较熟练地运用略读和浏览的方法，扩大阅读范围。,21,"{""min"": ""G7"", ""max"": ""G9""}",ai-reviewed,[],deterministic-screen-only,not-adjudicated,anchors/chinese.jsonl:153
ca_tSXNvU5x,语文,能根据自己的表达需要和习惯选择不同语境下具有个性化特征的词句和段落,发现并积累不同语境下具有个性化特征的词句和段落，能根据自己的表达需要和习惯选择使用。,49,"{""min"": ""G7"", ""max"": ""G9""}",ai-reviewed,"[""A13""]",deterministic-screen-only,not-adjudicated,anchors/chinese.jsonl:154
ca_WVk3SK7E,语文,能根据自己的表达需要和习惯使用不同语境下具有个性化特征的词句和段落,发现并积累不同语境下具有个性化特征的词句和段落，能根据自己的表达需要和习惯选择使用。,49,"{""min"": ""G7"", ""max"": ""G9""}",ai-reviewed,"[""A13""]",deterministic-screen-only,not-adjudicated,anchors/chinese.jsonl:155
ca_ZR9h6Ecy,语文,能区分观点与材料,阅读简单议论性文章，能区分观点与材料，并能解释观点与材料之间的联系；,49,"{""min"": ""G7"", ""max"": ""G9""}",ai-reviewed,[],deterministic-screen-only,not-adjudicated,anchors/chinese.jsonl:156
ca_DGQ5e238,语文,能解释观点与材料之间的联系,阅读简单议论性文章，能区分观点与材料，并能解释观点与材料之间的联系；,49,"{""min"": ""G7"", ""max"": ""G9""}",ai-reviewed,[],deterministic-screen-only,not-adjudicated,anchors/chinese.jsonl:157
ca_bCNzBZSs,语文,能分类整理富有表现力的词语,能分类整理富有表现力的词语、精彩段落和经典诗文名句，分析作品表现手法的作用；,50,"{""min"": ""G1"", ""max"": ""G9""}",ai-reviewed,"[""A06""]",deterministic-screen-only,not-adjudicated,anchors/chinese.jsonl:158
ca_B9g9de3m,语文,能分类整理精彩段落,能分类整理富有表现力的词语、精彩段落和经典诗文名句，分析作品表现手法的作用；,50,"{""min"": ""G1"", ""max"": ""G9""}",ai-reviewed,"[""A06""]",deterministic-screen-only,not-adjudicated,anchors/chinese.jsonl:159
ca_CS4zA2qi,语文,能分类整理经典诗文名句,能分类整理富有表现力的词语、精彩段落和经典诗文名句，分析作品表现手法的作用；,50,"{""min"": ""G1"", ""max"": ""G9""}",ai-reviewed,"[""A06""]",deterministic-screen-only,not-adjudicated,anchors/chinese.jsonl:160
ca_CJHAqdMm,语文,能说出记实作文的内容要求是具体、感情真实,能写简单的记实作文和想象作文，内容具体，感情真实。,20,"{""min"": ""G3"", ""max"": ""G4""}",ai-reviewed,[],deterministic-screen-only,not-adjudicated,anchors/chinese.jsonl:161
ca_xehZrK7R,语文,能说出想象作文的内容要求是具体、感情真实,能写简单的记实作文和想象作文，内容具体，感情真实。,20,"{""min"": ""G3"", ""max"": ""G4""}",ai-reviewed,[],deterministic-screen-only,not-adjudicated,anchors/chinese.jsonl:162
ca_W7Ter2ps,语文,能说出龙凤是中华文化意象,探寻日常生活中龙凤、松竹梅兰等中华文化意象,42,"{""min"": ""G5"", ""max"": ""G6""}",ai-reviewed,[],deterministic-screen-only,not-adjudicated,anchors/chinese.jsonl:163
ca_JbM3iZw3,语文,能说出松竹梅兰是中华文化意象,探寻日常生活中龙凤、松竹梅兰等中华文化意象,42,"{""min"": ""G5"", ""max"": ""G6""}",ai-reviewed,[],deterministic-screen-only,not-adjudicated,anchors/chinese.jsonl:164
ca_pbRBNCGi,语文,能说出在表达时应做到的三点是合理安排详略,能多角度观察生活，抓住事物特征，选择恰当的表达方式，合理安排详略，条理清楚地表达自己的感受和认识,49,"{""min"": ""G7"", ""max"": ""G9""}",ai-reviewed,[],deterministic-screen-only,not-adjudicated,anchors/chinese.jsonl:166
ca_PakDhNTs,语文,能说出在学习活动中呈现活动设计方案时可使用流程图,能用流程图、文字等形式呈现活动设计方案,49,"{""min"": ""G7"", ""max"": ""G9""}",ai-reviewed,[],deterministic-screen-only,not-adjudicated,anchors/chinese.jsonl:168
ca_KQVDenaS,语文,能说出在学习活动中呈现活动设计方案时可使用文字,能用流程图、文字等形式呈现活动设计方案,49,"{""min"": ""G7"", ""max"": ""G9""}",ai-reviewed,[],deterministic-screen-only,not-adjudicated,anchors/chinese.jsonl:169
ca_hhpy4KUa,语文,能说出在阅读文学作品过程中表达对作品理解时可使用概括,在阅读过程中能把握主要内容，并通过朗读、概括、讲述等方式，表达对作品的理解,49,"{""min"": ""G7"", ""max"": ""G9""}",ai-reviewed,[],deterministic-screen-only,not-adjudicated,anchors/chinese.jsonl:171
ca_aqianqex,语文,能说出在阅读文学作品过程中表达对作品理解时可使用讲述,在阅读过程中能把握主要内容，并通过朗读、概括、讲述等方式，表达对作品的理解,49,"{""min"": ""G7"", ""max"": ""G9""}",ai-reviewed,[],deterministic-screen-only,not-adjudicated,anchors/chinese.jsonl:172
ca_6CLMwkAt,语文,能在运用口语表达的过程中，对比两种语体用词和造句的差别,在运用口语和书面语表达的过程中，对比两种语体用词和造句的差别，体会口语与书面语的风格差异。,24,"{""min"": ""G10"", ""max"": ""G12""}",ai-reviewed,"[""A07""]",deterministic-screen-only,not-adjudicated,anchors/chinese.jsonl:173
ca_pAPgdU4g,语文,能在运用书面语表达的过程中，对比两种语体用词和造句的差别,在运用口语和书面语表达的过程中，对比两种语体用词和造句的差别，体会口语与书面语的风格差异。,24,"{""min"": ""G10"", ""max"": ""G12""}",ai-reviewed,"[""A07""]",deterministic-screen-only,not-adjudicated,anchors/chinese.jsonl:174
ca_UKA5QsG6,语文,能选择感兴趣的作家撰写评论,撰写读书笔记，阅读作品应写出内容提要和阅读感受。选择感兴趣的作家、作品或话题，撰写评论。,32,"{""min"": ""G10"", ""max"": ""G12""}",ai-reviewed,"[""A07""]",deterministic-screen-only,not-adjudicated,anchors/chinese.jsonl:175
ca_ftTSBa3H,语文,能选择感兴趣的作品撰写评论,撰写读书笔记，阅读作品应写出内容提要和阅读感受。选择感兴趣的作家、作品或话题，撰写评论。,32,"{""min"": ""G10"", ""max"": ""G12""}",ai-reviewed,"[""A07""]",deterministic-screen-only,not-adjudicated,anchors/chinese.jsonl:176
ca_eaxnccri,语文,能选择感兴趣的话题撰写评论,撰写读书笔记，阅读作品应写出内容提要和阅读感受。选择感兴趣的作家、作品或话题，撰写评论。,32,"{""min"": ""G10"", ""max"": ""G12""}",ai-reviewed,"[""A07""]",deterministic-screen-only,not-adjudicated,anchors/chinese.jsonl:177
ca_BJiThwjS,语文,能列举出《革命烈士诗抄》《红岩》《红星照耀中国》这三部作品中的两部,阅读革命文学作品，如《革命烈士诗抄》《红岩》《红星照耀中国》等,40,"{""min"": ""G7"", ""max"": ""G9""}",ai-reviewed,"[""A04""]",deterministic-screen-only,not-adjudicated,anchors/chinese.jsonl:178
ca_7HRfRGPQ,语文,能说明《革命烈士诗抄》《红岩》《红星照耀中国》都属于革命文学作品,阅读革命文学作品，如《革命烈士诗抄》《红岩》《红星照耀中国》等,40,"{""min"": ""G7"", ""max"": ""G9""}",ai-reviewed,"[""A04""]",deterministic-screen-only,not-adjudicated,anchors/chinese.jsonl:179
ca_vNZfgewe,英语,能认读并拼写英语二级词汇表中的单词,,95,"{""min"": ""G3"", ""max"": ""G6""}",auto-confirmed,"[""A01"", ""A06""]",deterministic-screen-only,not-adjudicated,anchors/english-lists.jsonl:1
ca_GF4KvJd2,英语,能认读并拼写英语三级词汇表中的单词,,105,"{""min"": ""G7"", ""max"": ""G9""}",auto-confirmed,"[""A01""]",deterministic-screen-only,not-adjudicated,anchors/english-lists.jsonl:2
ca_CPrxFxbn,英语,能读出并写出英语基数词和序数词,,135,"{""min"": ""G3"", ""max"": ""G9""}",auto-confirmed,"[""A01"", ""A06""]",deterministic-screen-only,not-adjudicated,anchors/english-lists.jsonl:3
ca_2EAmQTtU,英语,能读出并写出英语的月份和星期名称,,137,"{""min"": ""G3"", ""max"": ""G6""}",auto-confirmed,"[""A01"", ""A06""]",deterministic-screen-only,not-adjudicated,anchors/english-lists.jsonl:4
ca_c2uXsvWR,英语,能说出常见国家和国际组织英文缩写的含义,,138,"{""min"": ""G7"", ""max"": ""G9""}",auto-confirmed,"[""A01""]",deterministic-screen-only,not-adjudicated,anchors/english-lists.jsonl:5
ca_lbiHj20K,英语,能说出常见国家、地区名称及其对应的国民与语言的英文表达,,138,"{""min"": ""G3"", ""max"": ""G9""}",auto-confirmed,"[""A01"", ""A06"", ""A09""]",deterministic-screen-only,not-adjudicated,anchors/english-lists.jsonl:6
ca_cGmiI3Hd,英语,能用英文说出常见节日名称与中国文化专有名词,,139,"{""min"": ""G3"", ""max"": ""G9""}",auto-confirmed,"[""A01"", ""A06""]",deterministic-screen-only,not-adjudicated,anchors/english-lists.jsonl:7
ca_LARmngwc,英语,能说出并写出英语不规则动词的过去式和过去分词,,140,"{""min"": ""G7"", ""max"": ""G9""}",auto-confirmed,"[""A01"", ""A09""]",deterministic-screen-only,not-adjudicated,anchors/english-lists.jsonl:8
ca_IEwCTfif,英语,能在句子中正确使用课标语法项目表所列的语法项目,,145,"{""min"": ""G3"", ""max"": ""G9""}",ai-reviewed,"[""A01"", ""A06""]",deterministic-screen-only,not-adjudicated,anchors/english-lists.jsonl:9
ca_8qoWIbbr,英语,能理解课标语法项目表中标注「+」的三级语法项目,,145,"{""min"": ""G7"", ""max"": ""G9""}",ai-reviewed,"[""A01""]",deterministic-screen-only,not-adjudicated,anchors/english-lists.jsonl:10
ca_R92qHDfg,英语,能模仿说话者的语音、语调,1-6 在跟读简短的音视频材料时，能模仿说话者的语音、语调。,50,"{""min"": ""G3"", ""max"": ""G4""}",ai-reviewed,"[""A09""]",deterministic-screen-only,not-adjudicated,anchors/english.jsonl:3
ca_HGDQgGb9,英语,能通过读、看等方式认读或说出典型的中外文化标志物,1-8 能通过读、看等方式，认读或说出典型的中外文化标志物。,50,"{""min"": ""G3"", ""max"": ""G4""}",ai-reviewed,[],deterministic-screen-only,not-adjudicated,anchors/english.jsonl:4
ca_j3MnDYGL,英语,能正确书写所学的单词和句子,1-9 能正确书写所学的单词和句子。,50,"{""min"": ""G3"", ""max"": ""G4""}",ai-reviewed,[],deterministic-screen-only,not-adjudicated,anchors/english.jsonl:5
ca_FAmnJBnr,英语,能参照范例，仿写简单句,1-10 能参照范例，仿写简单句。,50,"{""min"": ""G3"", ""max"": ""G4""}",ai-reviewed,[],deterministic-screen-only,not-adjudicated,anchors/english.jsonl:6
ca_SeaUwxdJ,英语,能通过简短语篇了解世界主要国家的生活习俗、饮食习惯、文化传统等，并初步比较文化异同,2-4 能通过简短语篇了解世界主要国家的生活习俗、饮食习惯、文化传统等，初步比较文化异同。,51,"{""min"": ""G3"", ""max"": ""G4""}",disputed,"[""A02"", ""A13""]",deterministic-screen-only,not-adjudicated,anchors/english.jsonl:9
ca_Krmjdt2y,英语,能借助图片、上下文线索尝试推测语篇中生词的含义,2-5 能借助图片、上下文线索尝试推测语篇中生词的含义。,51,"{""min"": ""G3"", ""max"": ""G4""}",ai-reviewed,[],deterministic-screen-only,not-adjudicated,anchors/english.jsonl:10
ca_eDMMeFsu,英语,能用简单句子描述一个中外节日习俗或现象，语句通顺,2-9 能用简单的句子描述与中外文化有关的具体现象和事物，语句基本通顺。,51,"{""min"": ""G3"", ""max"": ""G4""}",ai-reviewed,[],deterministic-screen-only,not-adjudicated,anchors/english.jsonl:13
ca_4LL4dCBV,英语,能运用所学词句讲述一个简单的小故事，表意基本清楚,2-10 能运用所学词句讲述简单的小故事，表意基本清楚。,51,"{""min"": ""G3"", ""max"": ""G4""}",ai-reviewed,[],deterministic-screen-only,not-adjudicated,anchors/english.jsonl:14
ca_DDic3DgN,英语,能用简单的语句描述图片内容，意义连贯，句子形式基本正确,2-13 能用简单的语句描述图片内容，意义连贯，句子形式基本正确。,51,"{""min"": ""G3"", ""max"": ""G4""}",ai-reviewed,[],deterministic-screen-only,not-adjudicated,anchors/english.jsonl:17
ca_urtYtJfa,英语,能主动举手参与课堂提问或角色扮演，并与同伴围绕主题进行讨论和合作完成学习任务,2-15 对英语学习有兴趣，主动参与课堂活动，与同伴一起围绕相关主题进行讨论，合作完成学习任务。,51,"{""min"": ""G3"", ""max"": ""G4""}",ai-reviewed,[],deterministic-screen-only,not-adjudicated,anchors/english.jsonl:19
ca_3KiSGiFa,英语,表24 三级（7~9年级）学业质量标准3-1 能听懂相关主题的语篇，借助关键词句、图片等复述语篇内容,表24 三级（7～9年级）学业质量标准3-1 能听懂相关主题的语篇，借助关键词句、图片等复述语篇内容。,52,"{""min"": ""G7"", ""max"": ""G9""}",ai-reviewed,[],deterministic-screen-only,not-adjudicated,anchors/english.jsonl:20
ca_nGDgGjdE,英语,能利用语篇所给提示预测内容的发展,3-2 能利用语篇所给提示预测内容的发展，判断说话者的身份和关系，推断说话者的情感、态度和观点。,52,"{""min"": ""G7"", ""max"": ""G9""}",ai-reviewed,[],deterministic-screen-only,not-adjudicated,anchors/english.jsonl:21
ca_3qB34pPN,英语,能运用一定的阅读策略，借助表格、思维导图等工具梳理书面语篇的主要信息,3-6 能运用一定的阅读策略，借助表格、思维导图等工具梳理书面语篇的主要信息，理解大意。,52,"{""min"": ""G7"", ""max"": ""G9""}",ai-reviewed,[],deterministic-screen-only,not-adjudicated,anchors/english.jsonl:22
ca_UMWv6gQt,英语,能正确使用所学语言，格式较为规范,进行书面表达时，能正确使用所学语言，格式较为规范。,53,"{""min"": ""G5"", ""max"": ""G6""}",ai-reviewed,[],deterministic-screen-only,not-adjudicated,anchors/english.jsonl:27
ca_FhWzZ54J,英语,能用简单的单词、短语和句子描述与中外文化有关的图片、熟悉的具体现象和事物,能用简单的单词、短语和句子描述与中外文化有关的图片、熟悉的具体现象和事物。,89,"{""min"": ""G3"", ""max"": ""G9""}",ai-reviewed,"[""A06""]",deterministic-screen-only,not-adjudicated,anchors/english.jsonl:31
ca_a6aLXvDq,英语,能用简短的句子描述所学的中外文化节日或物品,能用简短的句子描述所学的与中外文化有关的具体事物；,89,"{""min"": ""G3"", ""max"": ""G3""}",ai-reviewed,[],deterministic-screen-only,not-adjudicated,anchors/english.jsonl:32
ca_ui7xikPj,英语,能通过语言简单、主题相关的语篇材料获取并归纳中外文化信息,能通过语言简单、主题相关的语篇材料获取并归纳中外文化信息；,90,"{""min"": ""G3"", ""max"": ""G9""}",ai-reviewed,"[""A06""]",deterministic-screen-only,not-adjudicated,anchors/english.jsonl:34
ca_z4bLdFPH,英语,在参与交际活动时，意识到文化差异在语言交流中的表现,在参与交际活动时，意识到文化差异在语言交流中的表现，能尝试采用多种策略进行沟通和交流；,90,"{""min"": ""G3"", ""max"": ""G9""}",ai-reviewed,"[""A06""]",deterministic-screen-only,not-adjudicated,anchors/english.jsonl:35
ca_jfH499CK,英语,能基于已有经验和知识，用所学英语描述熟悉的文化现象和文化差异,能基于已有经验和知识，用所学英语描述熟悉的文化现象和文化差异；,90,"{""min"": ""G3"", ""max"": ""G9""}",ai-reviewed,"[""A06"", ""A09""]",deterministic-screen-only,not-adjudicated,anchors/english.jsonl:36
ca_DiK4PnyS,英语,判断信息的真实性，作出正确的价值判断，尝试提出合理的疑问,能从不同角度认识和理解世界，对各种观点进行独立思考，判断信息的真实性，作出正确的价值判断，尝试提出合理的疑问。,90,"{""min"": ""G3"", ""max"": ""G9""}",ai-reviewed,"[""A06""]",deterministic-screen-only,not-adjudicated,anchors/english.jsonl:41
ca_E72EF3CQ,英语,能尝试通过模仿、说唱、表演等方式参与语言实践活动,能尝试通过模仿、说唱、表演等方式参与语言实践活动。,91,"{""min"": ""G3"", ""max"": ""G9""}",ai-reviewed,"[""A06""]",deterministic-screen-only,not-adjudicated,anchors/english.jsonl:42
ca_DwHhVTUf,英语,能识别并读出26个大、小写字母,识别并读出26个大、小写字母；,26,"{""min"": ""G1"", ""max"": ""G9""}",ai-reviewed,"[""A06""]",deterministic-screen-only,not-adjudicated,anchors/english.jsonl:50
ca_ObHVLvEg,英语,能说出单词是由字母构成的,知道单词由字母构成；,27,"{""min"": ""G1"", ""max"": ""G9""}",ai-adjudicated,"[""A06""]",deterministic-screen-only,not-adjudicated,anchors/english.jsonl:51
ca_9Dx2feL0,英语,"能说出语法知识是""形式—意义—使用""的统一体",在语言使用中，语法知识是“形式—意义—使用”的统一体，,28,"{""min"": ""G1"", ""max"": ""G9""}",ai-adjudicated,"[""A06""]",deterministic-screen-only,not-adjudicated,anchors/english.jsonl:52
ca_bU1qCy44,英语,能说出三级+级别要求围绕相关主题接触并使用约1800个单词进行交流与表达,围绕相关主题接触并使用约1800个单词进行交流与表达，,28,"{""min"": ""G1"", ""max"": ""G9""}",ai-adjudicated,"[""A06""]",deterministic-screen-only,not-adjudicated,anchors/english.jsonl:53
ca_3KKREUj1,英语,能说出三级+级别要求根据实际情况接触并学习相关主题范围内约200个单词,另外可以根据实际情况接触并学习相关主题范围内约200个单词，,28,"{""min"": ""G1"", ""max"": ""G9""}",ai-reviewed,"[""A06""]",deterministic-screen-only,not-adjudicated,anchors/english.jsonl:54
ca_BZkEy9u7,英语,能说出文化知识的学习更重要的是发现、判断其背后的态度和价值观,文化知识的学习不限于了解和记忆具体的知识点，更重要的是发现、判断其背后的态度和价值观。,30,"{""min"": ""G1"", ""max"": ""G9""}",ai-adjudicated,"[""A06"", ""A13""]",deterministic-screen-only,not-adjudicated,anchors/english.jsonl:57
ca_7Sn6ZC1l,英语,能说出听、读、看是理解性技能,听、读、看是理解性技能，说、写是表达性技能。,32,"{""min"": ""G1"", ""max"": ""G9""}",ai-adjudicated,"[""A06""]",deterministic-screen-only,not-adjudicated,anchors/english.jsonl:58
ca_r2lQxQtn,英语,能说出说、写是表达性技能,听、读、看是理解性技能，说、写是表达性技能。,32,"{""min"": ""G1"", ""max"": ""G9""}",ai-adjudicated,"[""A06""]",deterministic-screen-only,not-adjudicated,anchors/english.jsonl:59
ca_vUz251QZ,英语,能说出在新旧语言知识之间建立联系是认知策略,在新旧语言知识之间建立联系；,39,"{""min"": ""G1"", ""max"": ""G9""}",ai-reviewed,"[""A06""]",deterministic-screen-only,not-adjudicated,anchors/english.jsonl:64
ca_AfEuP717,英语,能说出通过分类等方法加深对词汇的理解和记忆是认知策略,通过分类等方法加深对词汇的理解和记忆；,39,"{""min"": ""G1"", ""max"": ""G9""}",ai-reviewed,"[""A06""]",deterministic-screen-only,not-adjudicated,anchors/english.jsonl:65
ca_NNhnOpEZ,英语,能说出没听懂对方说的英语时会请对方说慢一些或再说一遍是交际策略,没听懂对方说的英语时，会请对方说慢一些或再说一遍；,39,"{""min"": ""G1"", ""max"": ""G9""}",ai-reviewed,"[""A06""]",deterministic-screen-only,not-adjudicated,anchors/english.jsonl:68
ca_AgLGQtXa,英语,能在表达遇到困难时用简单的手势、指示代词等手段辅助表达,在表达遇到困难时，用简单的手势、指示代词等手段辅助表达。,39,"{""min"": ""G1"", ""max"": ""G9""}",ai-reviewed,"[""A06""]",deterministic-screen-only,not-adjudicated,anchors/english.jsonl:69
ca_EJRB6ve4,英语,能说出有与同伴合作学习的愿望、乐于与他人共同完成学习任务是情感管理策略,有与同伴合作学习的愿望，乐于与他人共同完成学习任务。,39,"{""min"": ""G1"", ""max"": ""G9""}",ai-reviewed,"[""A06"", ""A13""]",deterministic-screen-only,not-adjudicated,anchors/english.jsonl:70
ca_22ePEXgb,英语,能说出根据需要进行预习、对所学内容主动复习和归纳是元认知策略,根据需要进行预习，对所学内容主动复习和归纳；,39,"{""min"": ""G1"", ""max"": ""G9""}",ai-reviewed,"[""A06"", ""A09""]",deterministic-screen-only,not-adjudicated,anchors/english.jsonl:71
ca_D75ELQGv,英语,能说出在教师指导下制订简单的学习计划、合理安排学习时间是元认知策略,在教师指导下制订简单的学习计划，合理安排学习时间；,39,"{""min"": ""G1"", ""max"": ""G9""}",ai-reviewed,"[""A06"", ""A09"", ""A11""]",deterministic-screen-only,not-adjudicated,anchors/english.jsonl:72
ca_dsY0pQzz,英语,能说出主动利用图书馆和相关资源进行拓展学习是元认知策略,主动利用图书馆和相关资源进行拓展学习；,39,"{""min"": ""G1"", ""max"": ""G9""}",ai-reviewed,"[""A06""]",deterministic-screen-only,not-adjudicated,anchors/english.jsonl:73
ca_ZIdiXTsX,英语,能说出主动了解英语学习方法、探索适合自己的学习方法是元认知策略,主动了解英语学习方法，探索适合自己的学习方法；,39,"{""min"": ""G1"", ""max"": ""G9""}",ai-reviewed,"[""A06""]",deterministic-screen-only,not-adjudicated,anchors/english.jsonl:75
ca_Z614y40F,英语,能运用已有语言积累和生活经验完成新的学习任务,运用已有语言积累和生活经验完成新的学习任务；,39,"{""min"": ""G1"", ""max"": ""G9""}",ai-reviewed,"[""A06""]",deterministic-screen-only,not-adjudicated,anchors/english.jsonl:77
ca_RbY3Axbl,英语,能借助图表、思维导图等工具归纳、整理所学内容,借助图表、思维导图等工具归纳、整理所学内容；,39,"{""min"": ""G1"", ""max"": ""G9""}",ai-reviewed,"[""A06""]",deterministic-screen-only,not-adjudicated,anchors/english.jsonl:78
ca_Aenaf4ML,英语,能说出在学习内容与个人经历之间建立有意义的联系是认知策略,在学习内容与个人经历之间建立有意义的联系；,39,"{""min"": ""G1"", ""max"": ""G9""}",ai-reviewed,"[""A06""]",deterministic-screen-only,not-adjudicated,anchors/english.jsonl:79
ca_vEjBSv5I,英语,能说出借助非语言信息线索理解他人表达的信息是交际策略,借助非语言信息线索理解他人表达的信息；,39,"{""min"": ""G1"", ""max"": ""G9""}",ai-reviewed,"[""A06""]",deterministic-screen-only,not-adjudicated,anchors/english.jsonl:80
ca_OwakCU0Y,英语,能运用各种学习和运用语言的实践活动，保持对英语学习的积极态度和自信心,保持对英语学习的积极态度和自信心，主动参与各种学习和运用语言的实践活动；,39,"{""min"": ""G1"", ""max"": ""G9""}",ai-reviewed,"[""A06""]",deterministic-screen-only,not-adjudicated,anchors/english.jsonl:81
ca_Qj8XukqC,英语,能说出主动与同学开展合作学习、乐于与他人分享学习资源和策略方法是情感管理策略,主动与同学开展合作学习，乐于与他人分享学习资源和策略方法；,39,"{""min"": ""G1"", ""max"": ""G9""}",ai-reviewed,"[""A06"", ""A13""]",deterministic-screen-only,not-adjudicated,anchors/english.jsonl:82
ca_MBI0BGXL,英语,能说出遇到困难或取得进步时能有效调整自己的情绪是情感管理策略,遇到困难或取得进步时能有效调整自己的情绪。,39,"{""min"": ""G1"", ""max"": ""G9""}",ai-reviewed,"[""A06"", ""A13""]",deterministic-screen-only,not-adjudicated,anchors/english.jsonl:83
ca_FtJHz5pg,英语,能说出提升学习效率和自控力的方法是合理规划、分配、利用和管理时间,6. 合理规划、分配、利用和管理时间，提升学习效率和自控力；,40,"{""min"": ""G1"", ""max"": ""G9""}",ai-reviewed,"[""A06""]",deterministic-screen-only,not-adjudicated,anchors/english.jsonl:84
ca_vVyFaxv7,英语,能说出丰富英语学习内容的方法是搜索并利用线上线下资源,7. 搜索并利用线上线下资源丰富自己的英语学习内容；,40,"{""min"": ""G1"", ""max"": ""G9""}",ai-reviewed,"[""A06""]",deterministic-screen-only,not-adjudicated,anchors/english.jsonl:85
ca_J00980Na,英语,能与同学组成小组合作学习英语,9. 经常和同学组成小组，合作学习英语；,40,"{""min"": ""G1"", ""max"": ""G9""}",ai-reviewed,"[""A06""]",deterministic-screen-only,not-adjudicated,anchors/english.jsonl:86
ca_lzRk6CD5,英语,能说出增强理解和记忆的方法是利用不同感官,2. 在学习中利用不同感官增强理解和记忆；,40,"{""min"": ""G1"", ""max"": ""G9""}",ai-reviewed,"[""A06""]",deterministic-screen-only,not-adjudicated,anchors/english.jsonl:88
ca_4wLMEvXn,英语,能说出理解主题的方法是利用信息结构图等,5. 在学习中善于利用信息结构图等理解主题；,40,"{""min"": ""G1"", ""max"": ""G9""}",ai-reviewed,"[""A06""]",deterministic-screen-only,not-adjudicated,anchors/english.jsonl:90
ca_4yaUp7J1,英语,能说出词汇学习不是单纯的词汇记忆和机械的操练,要让学生认识到词汇学习不是单纯的词汇记忆和机械的操练。,46,"{""min"": ""G7"", ""max"": ""G9""}",ai-reviewed,[],deterministic-screen-only,not-adjudicated,anchors/english.jsonl:91
ca_nVsMUWv6,英语,能说出常见国家、地区名称的英文表达,,138,"{""min"": ""G3"", ""max"": ""G9""}",ai-reviewed,"[""A01"", ""A06""]",deterministic-screen-only,not-adjudicated,anchors/english.jsonl:93
ca_f2um2zYH,英语,能说出常见国家、地区名称对应的国民的英文表达,,138,"{""min"": ""G3"", ""max"": ""G9""}",ai-reviewed,"[""A01"", ""A06""]",deterministic-screen-only,not-adjudicated,anchors/english.jsonl:94
ca_rPqr6AWu,英语,能说出常见国家、地区名称对应的语言的英文表达,,138,"{""min"": ""G3"", ""max"": ""G9""}",disputed,"[""A01"", ""A02"", ""A06""]",deterministic-screen-only,not-adjudicated,anchors/english.jsonl:95
ca_dpJmntWK,英语,能说出英语不规则动词的过去式,,140,"{""min"": ""G7"", ""max"": ""G9""}",ai-reviewed,"[""A01""]",deterministic-screen-only,not-adjudicated,anchors/english.jsonl:96
ca_seWjznCw,英语,能说出英语不规则动词的过去分词,,140,"{""min"": ""G7"", ""max"": ""G9""}",ai-reviewed,"[""A01""]",deterministic-screen-only,not-adjudicated,anchors/english.jsonl:97
ca_LaGqyHdD,英语,能写出英语不规则动词的过去式,,140,"{""min"": ""G7"", ""max"": ""G9""}",ai-reviewed,"[""A01""]",deterministic-screen-only,not-adjudicated,anchors/english.jsonl:98
ca_uTNveYfj,英语,能写出英语不规则动词的过去分词,,140,"{""min"": ""G7"", ""max"": ""G9""}",ai-reviewed,"[""A01""]",deterministic-screen-only,not-adjudicated,anchors/english.jsonl:99
ca_yzCGGdUV,英语,能模仿说话者的语音,1-6 在跟读简短的音视频材料时，能模仿说话者的语音、语调。,50,"{""min"": ""G3"", ""max"": ""G4""}",ai-reviewed,[],deterministic-screen-only,not-adjudicated,anchors/english.jsonl:100
ca_aEQNyH9N,英语,能模仿说话者的语调,1-6 在跟读简短的音视频材料时，能模仿说话者的语音、语调。,50,"{""min"": ""G3"", ""max"": ""G4""}",ai-reviewed,[],deterministic-screen-only,not-adjudicated,anchors/english.jsonl:101
ca_7uacrxQc,英语,能基于已有经验和知识，用所学英语描述熟悉的文化现象,能基于已有经验和知识，用所学英语描述熟悉的文化现象和文化差异；,90,"{""min"": ""G3"", ""max"": ""G9""}",ai-reviewed,"[""A06""]",deterministic-screen-only,not-adjudicated,anchors/english.jsonl:102
ca_dubSdyLz,英语,能基于已有经验和知识，用所学英语描述熟悉的文化差异,能基于已有经验和知识，用所学英语描述熟悉的文化现象和文化差异；,90,"{""min"": ""G3"", ""max"": ""G9""}",ai-reviewed,"[""A06""]",deterministic-screen-only,not-adjudicated,anchors/english.jsonl:103
ca_rpCjJJ6a,英语,能说出对所学内容主动复习和归纳是元认知策略,根据需要进行预习，对所学内容主动复习和归纳；,39,"{""min"": ""G1"", ""max"": ""G9""}",ai-reviewed,"[""A06""]",deterministic-screen-only,not-adjudicated,anchors/english.jsonl:105
ca_PYAFVZsd,英语,能在语篇中理解和使用动词不定式作句子中的定语,在语篇中理解和使用动词不定式作句子中的定语和结果状语；,32,"{""min"": ""G10"", ""max"": ""G12""}",ai-reviewed,[],deterministic-screen-only,not-adjudicated,anchors/english.jsonl:108
ca_qr5RchXf,英语,能在语篇中理解和使用动词不定式作句子中的结果状语,在语篇中理解和使用动词不定式作句子中的定语和结果状语；,32,"{""min"": ""G10"", ""max"": ""G12""}",ai-reviewed,[],deterministic-screen-only,not-adjudicated,anchors/english.jsonl:109
ca_BSgdF8hx,英语,能在语篇中理解和使用动词 -ing形式作句子中的定语,在语篇中理解和使用动词 -ing形式作句子中的定语、状语和补语；,32,"{""min"": ""G10"", ""max"": ""G12""}",ai-reviewed,[],deterministic-screen-only,not-adjudicated,anchors/english.jsonl:110
ca_wygfbtVj,英语,能在语篇中理解和使用动词 -ing形式作句子中的状语,在语篇中理解和使用动词 -ing形式作句子中的定语、状语和补语；,32,"{""min"": ""G10"", ""max"": ""G12""}",ai-reviewed,[],deterministic-screen-only,not-adjudicated,anchors/english.jsonl:111
ca_muzfeTJ5,英语,能在语篇中理解和使用动词 -ing形式作句子中的补语,在语篇中理解和使用动词 -ing形式作句子中的定语、状语和补语；,32,"{""min"": ""G10"", ""max"": ""G12""}",ai-reviewed,[],deterministic-screen-only,not-adjudicated,anchors/english.jsonl:112
ca_xMPjr3zt,英语,能在语篇中理解和使用动词 -ed 形式作句子中的定语,在语篇中理解和使用动词 -ed 形式作句子中的定语、状语和补语；,32,"{""min"": ""G10"", ""max"": ""G12""}",ai-reviewed,[],deterministic-screen-only,not-adjudicated,anchors/english.jsonl:113
ca_dGkKLp8r,英语,能在语篇中理解和使用动词 -ed 形式作句子中的状语,在语篇中理解和使用动词 -ed 形式作句子中的定语、状语和补语；,32,"{""min"": ""G10"", ""max"": ""G12""}",ai-reviewed,[],deterministic-screen-only,not-adjudicated,anchors/english.jsonl:114
ca_Ngy2VFXH,英语,能在语篇中理解和使用动词 -ed 形式作句子中的补语,在语篇中理解和使用动词 -ed 形式作句子中的定语、状语和补语；,32,"{""min"": ""G10"", ""max"": ""G12""}",ai-reviewed,[],deterministic-screen-only,not-adjudicated,anchors/english.jsonl:115
ca_RqXsBvtY,英语,能表达观点，进行人际交流,运用所学的语法知识，理解所学语篇的基本意义和深层意义，恰当地描述真实和想象世界中的人和物、情景和事件，表达观点、意图和情感态度，进行人际交流；,32,"{""min"": ""G10"", ""max"": ""G12""}",ai-reviewed,[],deterministic-screen-only,not-adjudicated,anchors/english.jsonl:116
ca_AfC4aWyC,英语,能表达意图，进行人际交流,运用所学的语法知识，理解所学语篇的基本意义和深层意义，恰当地描述真实和想象世界中的人和物、情景和事件，表达观点、意图和情感态度，进行人际交流；,32,"{""min"": ""G10"", ""max"": ""G12""}",ai-reviewed,[],deterministic-screen-only,not-adjudicated,anchors/english.jsonl:117
ca_KhjbcLrN,英语,能在语篇中正确地理解和使用过去完成时态,在语篇中正确地理解和使用过去完成、将来进行和现在完成进行时态；,32,"{""min"": ""G10"", ""max"": ""G12""}",ai-reviewed,[],deterministic-screen-only,not-adjudicated,anchors/english.jsonl:119
ca_3x6RC6Sa,英语,能在语篇中正确地理解和使用将来进行时态,在语篇中正确地理解和使用过去完成、将来进行和现在完成进行时态；,32,"{""min"": ""G10"", ""max"": ""G12""}",ai-reviewed,[],deterministic-screen-only,not-adjudicated,anchors/english.jsonl:120
ca_8yKvaNxD,英语,能在语篇中正确地理解和使用现在完成进行时态,在语篇中正确地理解和使用过去完成、将来进行和现在完成进行时态；,32,"{""min"": ""G10"", ""max"": ""G12""}",ai-reviewed,[],deterministic-screen-only,not-adjudicated,anchors/english.jsonl:121
ca_h4wc8imp,英语,能在语篇中正确地理解和使用动词不定式作句子中的主语,在语篇中正确地理解和使用动词不定式作句子中的主语和表语；,32,"{""min"": ""G10"", ""max"": ""G12""}",ai-reviewed,[],deterministic-screen-only,not-adjudicated,anchors/english.jsonl:122
ca_sMBqcdvq,英语,能在语篇中正确地理解和使用动词不定式作句子中的表语,在语篇中正确地理解和使用动词不定式作句子中的主语和表语；,32,"{""min"": ""G10"", ""max"": ""G12""}",ai-reviewed,[],deterministic-screen-only,not-adjudicated,anchors/english.jsonl:123
ca_z2f4UFRi,英语,能在语篇中正确地理解和使用动词 -ing 形式作句子中的主语,在语篇中正确地理解和使用动词 -ing 形式作句子中的主语、宾语和表语；,32,"{""min"": ""G10"", ""max"": ""G12""}",ai-reviewed,[],deterministic-screen-only,not-adjudicated,anchors/english.jsonl:124
ca_vuumhRjU,英语,能在语篇中正确地理解和使用动词 -ing 形式作句子中的宾语,在语篇中正确地理解和使用动词 -ing 形式作句子中的主语、宾语和表语；,32,"{""min"": ""G10"", ""max"": ""G12""}",ai-reviewed,[],deterministic-screen-only,not-adjudicated,anchors/english.jsonl:125
ca_jKuYY4d7,英语,能在语篇中正确地理解和使用动词 -ing 形式作句子中的表语,在语篇中正确地理解和使用动词 -ing 形式作句子中的主语、宾语和表语；,32,"{""min"": ""G10"", ""max"": ""G12""}",ai-reviewed,[],deterministic-screen-only,not-adjudicated,anchors/english.jsonl:126
ca_pXthXNNP,英语,能在语篇中恰当地理解和使用主语从句,在语篇中恰当地理解和使用主语从句和表语从句；,32,"{""min"": ""G10"", ""max"": ""G12""}",ai-reviewed,[],deterministic-screen-only,not-adjudicated,anchors/english.jsonl:127
ca_w8GcEAGy,英语,能在语篇中恰当地理解和使用表语从句,在语篇中恰当地理解和使用主语从句和表语从句；,32,"{""min"": ""G10"", ""max"": ""G12""}",ai-reviewed,[],deterministic-screen-only,not-adjudicated,anchors/english.jsonl:128
ca_7FCM3XkW,英语,能选择符合交际场合的语言形式,选择符合交际场合和交际对象身份的语言形式，如正式与非正式语言，表达问候、介绍、告别、感谢等，保持良好的人际关系；,38,"{""min"": ""G10"", ""max"": ""G12""}",ai-reviewed,[],deterministic-screen-only,not-adjudicated,anchors/english.jsonl:129
ca_hb42v9cV,英语,能选择符合交际对象身份的语言形式,选择符合交际场合和交际对象身份的语言形式，如正式与非正式语言，表达问候、介绍、告别、感谢等，保持良好的人际关系；,38,"{""min"": ""G10"", ""max"": ""G12""}",ai-reviewed,[],deterministic-screen-only,not-adjudicated,anchors/english.jsonl:130
ca_6PTbaC5v,英语,能运用礼貌的语言形式,根据交际具体情境，正确理解他人的态度、情感和观点，运用得体的语言形式，如礼貌、直接或委婉等方式，表达自己的态度、情感和观点。选择性必修,38,"{""min"": ""G10"", ""max"": ""G12""}",ai-reviewed,[],deterministic-screen-only,not-adjudicated,anchors/english.jsonl:131
ca_wDpmuBnT,英语,能运用直接的语言形式,根据交际具体情境，正确理解他人的态度、情感和观点，运用得体的语言形式，如礼貌、直接或委婉等方式，表达自己的态度、情感和观点。选择性必修,38,"{""min"": ""G10"", ""max"": ""G12""}",ai-reviewed,[],deterministic-screen-only,not-adjudicated,anchors/english.jsonl:132
ca_t4dfqxXq,英语,能运用委婉的语言形式,根据交际具体情境，正确理解他人的态度、情感和观点，运用得体的语言形式，如礼貌、直接或委婉等方式，表达自己的态度、情感和观点。选择性必修,38,"{""min"": ""G10"", ""max"": ""G12""}",ai-reviewed,[],deterministic-screen-only,not-adjudicated,anchors/english.jsonl:133
ca_9xLRvsax,英语,能表达自己的态度,根据交际具体情境，正确理解他人的态度、情感和观点，运用得体的语言形式，如礼貌、直接或委婉等方式，表达自己的态度、情感和观点。选择性必修,38,"{""min"": ""G10"", ""max"": ""G12""}",ai-reviewed,[],deterministic-screen-only,not-adjudicated,anchors/english.jsonl:134
ca_bg2mtzhb,英语,能表达自己的情感,根据交际具体情境，正确理解他人的态度、情感和观点，运用得体的语言形式，如礼貌、直接或委婉等方式，表达自己的态度、情感和观点。选择性必修,38,"{""min"": ""G10"", ""max"": ""G12""}",ai-reviewed,"[""A13""]",deterministic-screen-only,not-adjudicated,anchors/english.jsonl:135
ca_Tx5tcXcD,英语,能表达自己的观点,根据交际具体情境，正确理解他人的态度、情感和观点，运用得体的语言形式，如礼貌、直接或委婉等方式，表达自己的态度、情感和观点。选择性必修,38,"{""min"": ""G10"", ""max"": ""G12""}",ai-reviewed,[],deterministic-screen-only,not-adjudicated,anchors/english.jsonl:136
ca_EJKrM43Y,英语,能识别语篇中的时间顺序,识别语篇中的时间顺序、空间顺序、过程顺序；,45,"{""min"": ""G10"", ""max"": ""G12""}",ai-reviewed,[],deterministic-screen-only,not-adjudicated,anchors/english.jsonl:137
ca_EwVVr4H6,英语,能识别语篇中的空间顺序,识别语篇中的时间顺序、空间顺序、过程顺序；,45,"{""min"": ""G10"", ""max"": ""G12""}",ai-reviewed,[],deterministic-screen-only,not-adjudicated,anchors/english.jsonl:138
ca_f6fMn5pe,英语,能识别语篇中的过程顺序,识别语篇中的时间顺序、空间顺序、过程顺序；,45,"{""min"": ""G10"", ""max"": ""G12""}",ai-reviewed,[],deterministic-screen-only,not-adjudicated,anchors/english.jsonl:139
ca_vVcmGaaN,英语,能根据表达意图选择和运用语言,根据表达意图和受众特点，有意识地选择和运用语言；,46,"{""min"": ""G10"", ""max"": ""G12""}",ai-reviewed,[],deterministic-screen-only,not-adjudicated,anchors/english.jsonl:140
ca_9M54VgL6,英语,能根据受众特点选择和运用语言,根据表达意图和受众特点，有意识地选择和运用语言；,46,"{""min"": ""G10"", ""max"": ""G12""}",ai-reviewed,[],deterministic-screen-only,not-adjudicated,anchors/english.jsonl:141
ca_NLXDG9PP,英语,能根据需要使用委婉语,根据需要使用委婉语、模糊语；,47,"{""min"": ""G10"", ""max"": ""G12""}",ai-reviewed,[],deterministic-screen-only,not-adjudicated,anchors/english.jsonl:142
ca_5X3y3iqr,英语,能根据需要使用模糊语,根据需要使用委婉语、模糊语；,47,"{""min"": ""G10"", ""max"": ""G12""}",ai-reviewed,[],deterministic-screen-only,not-adjudicated,anchors/english.jsonl:143
ca_4b7t8N9A,英语,能识别并说出一个语法结构在形式方面的特征,在语言使用中，语法知识是“形式—意义—使用”的统一体，,28,"{""min"": ""G1"", ""max"": ""G9""}",ai-reviewed,"[""A04"", ""A06""]",deterministic-screen-only,not-adjudicated,anchors/english.jsonl:144
ca_FbthKzeE,英语,能识别并说出一个语法结构在意义方面的特征,在语言使用中，语法知识是“形式—意义—使用”的统一体，,28,"{""min"": ""G1"", ""max"": ""G9""}",ai-reviewed,"[""A04"", ""A06""]",deterministic-screen-only,not-adjudicated,anchors/english.jsonl:145
ca_jniyBMhr,英语,能识别并说出一个语法结构在使用方面的特征,在语言使用中，语法知识是“形式—意义—使用”的统一体，,28,"{""min"": ""G1"", ""max"": ""G9""}",ai-reviewed,"[""A04"", ""A06""]",deterministic-screen-only,not-adjudicated,anchors/english.jsonl:146
ca_bFrwiqQv,英语,能说出至少两种合理规划时间的具体方法,6. 合理规划、分配、利用和管理时间，提升学习效率和自控力；,40,"{""min"": ""G1"", ""max"": ""G9""}",ai-reviewed,"[""A04"", ""A06""]",deterministic-screen-only,not-adjudicated,anchors/english.jsonl:147
ca_8nj8xC9P,英语,能解释具体方法如何提升学习效率,6. 合理规划、分配、利用和管理时间，提升学习效率和自控力；,40,"{""min"": ""G1"", ""max"": ""G9""}",ai-reviewed,"[""A04"", ""A06""]",deterministic-screen-only,not-adjudicated,anchors/english.jsonl:148
ca_WX73T4nb,英语,能举出两个具体例子，说明词汇学习可以通过语境猜测进行,要让学生认识到词汇学习不是单纯的词汇记忆和机械的操练。,46,"{""min"": ""G7"", ""max"": ""G9""}",ai-reviewed,"[""A04""]",deterministic-screen-only,not-adjudicated,anchors/english.jsonl:149
ca_875qvGfw,英语,能举出两个具体例子，说明词汇学习可以通过词根分析进行,要让学生认识到词汇学习不是单纯的词汇记忆和机械的操练。,46,"{""min"": ""G7"", ""max"": ""G9""}",ai-reviewed,"[""A04""]",deterministic-screen-only,not-adjudicated,anchors/english.jsonl:150
ca_c4tHhfvm,体育与健康,能掌握并运用测试与评价体能水平的科学方法，如用心率来测试和评价运动强度，用《国家学生体质健康标准》评价体能水平,订的程序与方法，学会根据自身情况确定锻炼方式、频率、强度和持续时间等；掌握并运用测试与评价体能水平的科学方法，如用心率来测试和评价运动强度，用《国家学生体质健康标准》评价体能水平；运用科学方法评价体能锻炼效果，并及时改进体能锻炼计划等。,22,"{""min"": ""G10"", ""max"": ""G12""}",ai-reviewed,"[""A07""]",deterministic-screen-only,not-adjudicated,anchors/gaozhong-体育与健康.jsonl:1
ca_aGYHYeuE,体育与健康,能运用科学方法评价体能锻炼效果，并及时改进体能锻炼计划等,订的程序与方法，学会根据自身情况确定锻炼方式、频率、强度和持续时间等；掌握并运用测试与评价体能水平的科学方法，如用心率来测试和评价运动强度，用《国家学生体质健康标准》评价体能水平；运用科学方法评价体能锻炼效果，并及时改进体能锻炼计划等。,22,"{""min"": ""G10"", ""max"": ""G12""}",ai-reviewed,"[""A07""]",deterministic-screen-only,not-adjudicated,anchors/gaozhong-体育与健康.jsonl:2
ca_CKXSsZU4,体育与健康,能掌握在有害环境中自我保护和降低危害程度的方法等,避免在雾霾、灰尘、噪声等不利于身体健康的环境中进行体育活动，学会选择在适当的时间和环境中进行体育锻炼，掌握在有害环境中自我保护和降低危害程度的方法等。,25,"{""min"": ""G10"", ""max"": ""G12""}",ai-reviewed,"[""A07""]",deterministic-screen-only,not-adjudicated,anchors/gaozhong-体育与健康.jsonl:3
ca_QUBuKqZE,体育与健康,能正确处理合作与竞争的关系,系；关心和尊重他人，在遇到矛盾和冲突时能够克制自己，宽容和理解对方；正确处理合作与竞争的关系；具有积极的社会责任感等。,26,"{""min"": ""G10"", ""max"": ""G12""}",ai-reviewed,"[""A07""]",deterministic-screen-only,not-adjudicated,anchors/gaozhong-体育与健康.jsonl:4
ca_Sx2cruBU,体育与健康,能运用跳远运动的安全知识和防护技能,运用跳远运动的安全知识和防护技能。,37,"{""min"": ""G10"", ""max"": ""G12""}",ai-reviewed,"[""A07""]",deterministic-screen-only,not-adjudicated,anchors/gaozhong-体育与健康.jsonl:5
ca_VVMSRqXT,体育与健康,能掌握健身健美操基本动作的正确发力点、控制点、连接和方位变化的知识,健美操运动的文化价值，掌握健身健美操基本动作的正确发力点、控制点、连接和方位变化的知识，掌握和运用健身健美操运动的安全知识和防护技能。,43,"{""min"": ""G10"", ""max"": ""G12""}",ai-reviewed,"[""A07""]",deterministic-screen-only,not-adjudicated,anchors/gaozhong-体育与健康.jsonl:6
ca_P2cP43TA,体育与健康,能掌握和运用健身健美操运动的安全知识和防护技能,健美操运动的文化价值，掌握健身健美操基本动作的正确发力点、控制点、连接和方位变化的知识，掌握和运用健身健美操运动的安全知识和防护技能。,43,"{""min"": ""G10"", ""max"": ""G12""}",ai-reviewed,"[""A07""]",deterministic-screen-only,not-adjudicated,anchors/gaozhong-体育与健康.jsonl:7
ca_2XQgazn5,体育与健康,能在比较熟练掌握模块 1 和模块 2 的 4 组动作后，将 4 组动作串联起来进行初级成套动作练习,3  配合音乐规范地完成 2 组 4 个 8 拍的初级动作组合。在比较熟练掌握模块 1 和模块 2 的 4 组动作后，将 4 组动作串联起来进行初级成套动作练习。,43,"{""min"": ""G10"", ""max"": ""G12""}",ai-reviewed,"[""A07""]",deterministic-screen-only,not-adjudicated,anchors/gaozhong-体育与健康.jsonl:8
ca_pYJJHD8J,体育与健康,能掌握和运用健身健美操运动中消除疲劳的知识与方法,的基本原则，认识健身健美操运动的文化内涵，掌握和运用健身健美操运动中消除疲劳的知识与方法。,45,"{""min"": ""G10"", ""max"": ""G12""}",ai-reviewed,"[""A07""]",deterministic-screen-only,not-adjudicated,anchors/gaozhong-体育与健康.jsonl:9
ca_HQSxKiAa,体育与健康,能理解蛙泳前行与克服水的阻力的基本原理，学习判断泳池水深、水质和水温的方法等知识,文化价值，理解蛙泳前行与克服水的阻力的基本原理，学习判断泳池水深、水质和水温的方法等知识，掌握和运用蛙泳运动的安全知识和防护技能。,49,"{""min"": ""G10"", ""max"": ""G12""}",ai-reviewed,"[""A07""]",deterministic-screen-only,not-adjudicated,anchors/gaozhong-体育与健康.jsonl:10
ca_Zpe5YkAn,体育与健康,能掌握和运用蛙泳运动的安全知识和防护技能,文化价值，理解蛙泳前行与克服水的阻力的基本原理，学习判断泳池水深、水质和水温的方法等知识，掌握和运用蛙泳运动的安全知识和防护技能。,49,"{""min"": ""G10"", ""max"": ""G12""}",ai-reviewed,"[""A07""]",deterministic-screen-only,not-adjudicated,anchors/gaozhong-体育与健康.jsonl:11
ca_X8qPcfat,体育与健康,能掌握和运用消除疲劳的知识与方法,速度的关系的知识，学会正确判断自己的健康状况，理解水温与热身活动的关系，掌握和运用消除疲劳的知识与方法。,51,"{""min"": ""G10"", ""max"": ""G12""}",ai-reviewed,"[""A07""]",deterministic-screen-only,not-adjudicated,anchors/gaozhong-体育与健康.jsonl:12
ca_WRS5teKe,体育与健康,能掌握和运用花样跳绳运动的安全知识和防护技能,价值，掌握和运用花样跳绳运动的安全知识和防护技能。,60,"{""min"": ""G10"", ""max"": ""G12""}",ai-reviewed,"[""A07""]",deterministic-screen-only,not-adjudicated,anchors/gaozhong-体育与健康.jsonl:13
ca_rquABeZV,体育与健康,能掌握和运用花样跳绳运动中常见的消除疲劳的知识与方法,系，跳入、跑出的角度、速度和时机以及双人、多人合作时人与人、人与绳的关系等知识与方法，掌握和运用花样跳绳运动中常见的消除疲劳的知识与方法。,62,"{""min"": ""G10"", ""max"": ""G12""}",ai-reviewed,"[""A07""]",deterministic-screen-only,not-adjudicated,anchors/gaozhong-体育与健康.jsonl:14
ca_rTEc56fX,体育与健康,能掌握体能练习中的适度负荷和循序渐进原则，在教师的指导下参与多种体能练习,了解体能对于个人生活、学习和健康的重要性，以及与健康相关的体能和与动作技能相关的体能的分类和内涵，掌握体能练习中的适度负荷和循序渐进原则，在教师的指导下参与多种体能练习。,66,"{""min"": ""G10"", ""max"": ""G12""}",llm-proposed,"[""A03"", ""A11""]",deterministic-screen-only,not-adjudicated,anchors/gaozhong-体育与健康.jsonl:17
ca_4cVwPdt3,体育与健康,能初步掌握体能练习的基本方法，在教师的指导下积极参与多种体能练习,理解体能对个人生活、学习和健康的重要性，了解制订体能锻炼计划的程序、内容和方法，理解体能练习中的锻炼效果可逆性原则和大小运动量相结合原则，并能在体能练习中运用。初步掌握体能练习的基本方法，在教师的指导下积极参与多种体能练习。,66,"{""min"": ""G10"", ""max"": ""G12""}",disputed,"[""A02"", ""A11""]",deterministic-screen-only,not-adjudicated,anchors/gaozhong-体育与健康.jsonl:18
ca_GQ6TMpun,体育与健康,能在体能练习过程中情绪比较稳定，努力克服困难，坚持到底,在体能练习过程中情绪比较稳定，努力克服困难，坚持到底，能主动与同伴合作学习，具有积极进取的精神。,66,"{""min"": ""G10"", ""max"": ""G12""}",disputed,"[""A02""]",deterministic-screen-only,not-adjudicated,anchors/gaozhong-体育与健康.jsonl:19
ca_9zp3vjax,体育与健康,能表现出对体能重要性的正确认知，学会运用体重指数（ BMI）评价体能锻炼和体重控制效果,表现出对体能重要性的正确认知，学会运用体重指数（ BMI）评价体能锻炼和体重控制效果，理解体能练习中的专门性原则和恢复性原则，基本掌握体能练习的多种方法，积极参与多种体能练习。,66,"{""min"": ""G10"", ""max"": ""G12""}",disputed,"[""A02""]",deterministic-screen-only,not-adjudicated,anchors/gaozhong-体育与健康.jsonl:20
ca_7VZuUk7j,体育与健康,能理解体能练习中的专门性原则和恢复性原则，基本掌握体能练习的多种方法，积极参与多种体能练习,表现出对体能重要性的正确认知，学会运用体重指数（ BMI）评价体能锻炼和体重控制效果，理解体能练习中的专门性原则和恢复性原则，基本掌握体能练习的多种方法，积极参与多种体能练习。,66,"{""min"": ""G10"", ""max"": ""G12""}",disputed,"[""A02""]",deterministic-screen-only,not-adjudicated,anchors/gaozhong-体育与健康.jsonl:21
ca_FQMTaSXc,体育与健康,能运用科学锻炼原理设计和实施个人体能发展计划，学会调控自己的体重,运用科学锻炼原理设计和实施个人体能发展计划，学会调控自己的体重，能够为家庭成员、同学或邻居制订锻炼计划和体重控制计划。,67,"{""min"": ""G10"", ""max"": ""G12""}",llm-proposed,"[""A03""]",deterministic-screen-only,not-adjudicated,anchors/gaozhong-体育与健康.jsonl:22
ca_2nMaXzZy,体育与健康,能够为家庭成员、同学或邻居制订锻炼计划和体重控制计划,运用科学锻炼原理设计和实施个人体能发展计划，学会调控自己的体重，能够为家庭成员、同学或邻居制订锻炼计划和体重控制计划。,67,"{""min"": ""G10"", ""max"": ""G12""}",llm-proposed,"[""A03""]",deterministic-screen-only,not-adjudicated,anchors/gaozhong-体育与健康.jsonl:23
ca_mW77XFdQ,体育与健康,能较好地掌握体能练习的多种方法，积极主动地参与多种体能练习,较好地掌握体能练习的多种方法，积极主动地参与多种体能练习，理解所学体能练习的作用。,67,"{""min"": ""G10"", ""max"": ""G12""}",disputed,"[""A02""]",deterministic-screen-only,not-adjudicated,anchors/gaozhong-体育与健康.jsonl:24
ca_R7j9gG3s,体育与健康,能根据个人特点设计和实施个人体能发展计划，较为全面和深刻地理解并掌握发展体能的基本原理和多种练习方法,根据个人特点设计和实施个人体能发展计划，较为全面和深刻地理解并掌握发展体能的基本原理和多种练习方法。,67,"{""min"": ""G10"", ""max"": ""G12""}",disputed,"[""A02""]",deterministic-screen-only,not-adjudicated,anchors/gaozhong-体育与健康.jsonl:25
ca_JHqvF5rn,体育与健康,能为家庭成员、同学或邻居制订体能锻炼计划和体重控制计划，并能够评价实施效果,为家庭成员、同学或邻居制订体能锻炼计划和体重控制计划，并能够评价实施效果，理解不同体能练习的作用。,67,"{""min"": ""G10"", ""max"": ""G12""}",llm-proposed,"[""A03""]",deterministic-screen-only,not-adjudicated,anchors/gaozhong-体育与健康.jsonl:26
ca_CvGnRCeE,体育与健康,能愿意与同伴在体育活动中进行交流与合作,愿意与同伴在体育活动中进行交流与合作。,67,"{""min"": ""G10"", ""max"": ""G12""}",disputed,"[""A02""]",deterministic-screen-only,not-adjudicated,anchors/gaozhong-体育与健康.jsonl:27
ca_mk6GE6Ns,体育与健康,能理解生活方式对健康的影响，积极参与校内外体育锻炼,理解生活方式对健康的影响，积极参与校内外体育锻炼。,67,"{""min"": ""G10"", ""max"": ""G12""}",disputed,"[""A02""]",deterministic-screen-only,not-adjudicated,anchors/gaozhong-体育与健康.jsonl:28
ca_7SRuZFui,体育与健康,能较好地处理人际关系，积极与他人交流合作,较好地处理人际关系，积极与他人交流合作。,67,"{""min"": ""G10"", ""max"": ""G12""}",disputed,"[""A02""]",deterministic-screen-only,not-adjudicated,anchors/gaozhong-体育与健康.jsonl:29
ca_XUzb9YfB,体育与健康,能积极主动地参与课内外和校内外的体育活动,积极主动地参与课内外和校内外的体育活动，根据锻炼效果调整自己的体育锻炼方案。,68,"{""min"": ""G10"", ""max"": ""G12""}",disputed,"[""A02""]",deterministic-screen-only,not-adjudicated,anchors/gaozhong-体育与健康.jsonl:30
ca_MAhk6Vqq,体育与健康,能具有较强的自制力、良好的团队意识和合作能力,具有较强的自制力、良好的团队意识和合作能力。,68,"{""min"": ""G10"", ""max"": ""G12""}",disputed,"[""A02""]",deterministic-screen-only,not-adjudicated,anchors/gaozhong-体育与健康.jsonl:31
ca_hMvse2qC,体育与健康,能在教师的指导下参与一般体能和专项体能的练习,在教师的指导下参与一般体能和专项体能的练习。,68,"{""min"": ""G10"", ""max"": ""G12""}",disputed,"[""A02"", ""A11""]",deterministic-screen-only,not-adjudicated,anchors/gaozhong-体育与健康.jsonl:32
ca_cABFUtKg,体育与健康,能比较积极地参与一般体能和专项体能的练习，体能水平有一定程度的提高，达到《国家学生体质健康标准》中高一年级的合格水平,比较积极地参与一般体能和专项体能的练习，体能水平有一定程度的提高，达到《国家学生体质健康标准》中高一年级的合格水平。,69,"{""min"": ""G10"", ""max"": ""G12""}",disputed,"[""A02""]",deterministic-screen-only,not-adjudicated,anchors/gaozhong-体育与健康.jsonl:33
ca_C8PaP37C,体育与健康,能在参与足球学练和比赛的过程中情绪比较稳定，努力克服困难，坚持到底,在参与足球学练和比赛的过程中情绪比较稳定，努力克服困难，坚持到底；积极与同伴交往，具有一定的合作精神，较好地适应自然环境的变化，安全意识不断提高。,69,"{""min"": ""G10"", ""max"": ""G12""}",disputed,"[""A02""]",deterministic-screen-only,not-adjudicated,anchors/gaozhong-体育与健康.jsonl:34
ca_JYxBRa5z,体育与健康,能参与组织班级足球比赛并参加裁判工作,参与组织班级足球比赛并参加裁判工作。,70,"{""min"": ""G10"", ""max"": ""G12""}",disputed,"[""A02""]",deterministic-screen-only,not-adjudicated,anchors/gaozhong-体育与健康.jsonl:35
ca_6T2aVWjj,体育与健康,能学会处理足球运动中的疲劳问题并积极进行身心恢复,学会处理足球运动中的疲劳问题并积极进行身心恢复。,70,"{""min"": ""G10"", ""max"": ""G12""}",disputed,"[""A02""]",deterministic-screen-only,not-adjudicated,anchors/gaozhong-体育与健康.jsonl:36
ca_cc4vhcCb,体育与健康,能进一步理解并运用跳远运动的基本原理和规则，基本掌握跳远动作技术,进一步理解并运用跳远运动的基本原理和规则，基本掌握跳远动作技术，运用所学的基本原理、技术参加跳远练习和短、中距离助跑的跳远比赛，进一步丰富和加深对跳远运动的体验。,71,"{""min"": ""G10"", ""max"": ""G12""}",disputed,"[""A02""]",deterministic-screen-only,not-adjudicated,anchors/gaozhong-体育与健康.jsonl:37
ca_HJKVPhqp,体育与健康,能理解跳远运动的基本原理和规则并运用于实践中,理解跳远运动的基本原理和规则并运用于实践中，能够将所学的技战术运用到短、中距离助跑的跳远比赛中，对跳远运动有比较完整的体验和一定的理解，具有一定的应对跳远比赛情境变化的能力。,71,"{""min"": ""G10"", ""max"": ""G12""}",disputed,"[""A02""]",deterministic-screen-only,not-adjudicated,anchors/gaozhong-体育与健康.jsonl:38
ca_kY4FVi7j,体育与健康,能积极参与一般体能和专项体能的练习，体能水平明显提高，达到《国家学生体质健康标准》中高一年级的良好水平,积极参与一般体能和专项体能的练习，体能水平明显提高，达到《国家学生体质健康标准》中高一年级的良好水平。,71,"{""min"": ""G10"", ""max"": ""G12""}",disputed,"[""A02""]",deterministic-screen-only,not-adjudicated,anchors/gaozhong-体育与健康.jsonl:39
ca_Dg2Rrrns,体育与健康,能参与组织班级内的跳远比赛并参加裁判工作,参与组织班级内的跳远比赛并参加裁判工作。,72,"{""min"": ""G10"", ""max"": ""G12""}",disputed,"[""A02""]",deterministic-screen-only,not-adjudicated,anchors/gaozhong-体育与健康.jsonl:40
ca_2qt8Hbpc,体育与健康,能学会处理跳远运动中的疲劳问题并积极进行身心恢复,学会处理跳远运动中的疲劳问题并积极进行身心恢复。,72,"{""min"": ""G10"", ""max"": ""G12""}",disputed,"[""A02""]",deterministic-screen-only,not-adjudicated,anchors/gaozhong-体育与健康.jsonl:41
ca_b9BezUxj,体育与健康,能在教师的指导下创编出 16 个 8 拍的由 12 ~16 个基本步伐组合成的初级套路动作,在教师的指导下创编出 16 个 8 拍的由 12 ~16 个基本步伐组合成的初级套路动作。,74,"{""min"": ""G10"", ""max"": ""G12""}",disputed,"[""A02"", ""A11""]",deterministic-screen-only,not-adjudicated,anchors/gaozhong-体育与健康.jsonl:42
ca_TbNAeGpq,体育与健康,能参与组织班级内的展示活动和比赛并参加裁判工作,每学期通过现场或多种媒介观看 12 次高水平健身健美操比赛；参与组织班级内的展示活动和比赛并参加裁判工作。,74,"{""min"": ""G10"", ""max"": ""G12""}",disputed,"[""A02""]",deterministic-screen-only,not-adjudicated,anchors/gaozhong-体育与健康.jsonl:43
ca_WFTBbwUT,体育与健康,能学会处理健身健美操运动中的疲劳问题并积极进行身心恢复,学会处理健身健美操运动中的疲劳问题并积极进行身心恢复。,74,"{""min"": ""G10"", ""max"": ""G12""}",disputed,"[""A02""]",deterministic-screen-only,not-adjudicated,anchors/gaozhong-体育与健康.jsonl:44
ca_kz364kwe,体育与健康,能学会选择在安全的环境下参与蛙泳运动,学会选择在安全的环境下参与蛙泳运动，了解关于蛙泳运动的安全和保健要求，安全意识不断提高。,75,"{""min"": ""G10"", ""max"": ""G12""}",disputed,"[""A02""]",deterministic-screen-only,not-adjudicated,anchors/gaozhong-体育与健康.jsonl:45
ca_BH9G43DL,体育与健康,能运用蛙泳运动的基本知识和相关原理做出呼吸与划臂、蹬夹腿前行动作合理配合的动作技术,运用蛙泳运动的基本知识和相关原理做出呼吸与划臂、蹬夹腿前行动作合理配合的动作技术。,75,"{""min"": ""G10"", ""max"": ""G12""}",llm-proposed,"[""A03""]",deterministic-screen-only,not-adjudicated,anchors/gaozhong-体育与健康.jsonl:46
ca_g7jNT75X,体育与健康,能积极参加蛙泳教学比赛，初步具有在比赛情境中运用综合知识和技能分析问题和解决问题的能力,能顺畅地游进 100~150 米，对蛙泳运动的完整体验和理解进一步加深；积极参加蛙泳教学比赛，初步具有在比赛情境中运用综合知识和技能分析问题和解决问题的能力。,76,"{""min"": ""G10"", ""max"": ""G12""}",disputed,"[""A02"", ""A11""]",deterministic-screen-only,not-adjudicated,anchors/gaozhong-体育与健康.jsonl:47
ca_h6me2stQ,体育与健康,能参与组织班级内的蛙泳比赛并参加裁判工作,参与组织班级内的蛙泳比赛并参加裁判工作。,76,"{""min"": ""G10"", ""max"": ""G12""}",disputed,"[""A02""]",deterministic-screen-only,not-adjudicated,anchors/gaozhong-体育与健康.jsonl:48
ca_kKRYwR4g,体育与健康,能情绪比较稳定，努力克服困难，坚持到底,情绪比较稳定，努力克服困难，坚持到底；积极与同伴交往，具有一定的合作精神，较好地适应不同环境的变化。,77,"{""min"": ""G10"", ""max"": ""G12""}",llm-proposed,"[""A03""]",deterministic-screen-only,not-adjudicated,anchors/gaozhong-体育与健康.jsonl:49
ca_fCPXz2ck,体育与健康,能理解防身术运动的基本原理和规则并能运用于实践中,理解防身术运动的基本原理和规则并能运用于实践中，运用防身术掌法、肘法、腿法等基本动作和有关知识做出合理的防身自卫动作。,77,"{""min"": ""G10"", ""max"": ""G12""}",disputed,"[""A02""]",deterministic-screen-only,not-adjudicated,anchors/gaozhong-体育与健康.jsonl:50
ca_fBYzznnW,体育与健康,能运用防身术掌法、肘法、腿法等基本动作和有关知识做出合理的防身自卫动作,理解防身术运动的基本原理和规则并能运用于实践中，运用防身术掌法、肘法、腿法等基本动作和有关知识做出合理的防身自卫动作。,77,"{""min"": ""G10"", ""max"": ""G12""}",llm-proposed,"[""A03""]",deterministic-screen-only,not-adjudicated,anchors/gaozhong-体育与健康.jsonl:51
ca_9gEByJYG,体育与健康,能遵守有关防身术运动的安全规范,遵守有关防身术运动的安全规范。,78,"{""min"": ""G10"", ""max"": ""G12""}",disputed,"[""A02""]",deterministic-screen-only,not-adjudicated,anchors/gaozhong-体育与健康.jsonl:52
ca_58FMZrpP,体育与健康,能较熟练地将所学的防身术基本技法运用于模拟的真实情境中，有效运用所学防身术动作技术进行防身和解脱,较熟练地将所学的防身术基本技法运用于模拟的真实情境中，有效运用所学防身术动作技术进行防身和解脱。,78,"{""min"": ""G10"", ""max"": ""G12""}",disputed,"[""A02""]",deterministic-screen-only,not-adjudicated,anchors/gaozhong-体育与健康.jsonl:53
ca_gKxRZQKD,体育与健康,能学会处理防身术运动中的疲劳问题并积极进行身心恢复,学会处理防身术运动中的疲劳问题并积极进行身心恢复。,78,"{""min"": ""G10"", ""max"": ""G12""}",disputed,"[""A02""]",deterministic-screen-only,not-adjudicated,anchors/gaozhong-体育与健康.jsonl:54
ca_rabHLThh,体育与健康,能比较积极地参与一般体能和专项体能的练习，体能水平有一定的提高，达到《国家学生体质健康标准》中高一年级的合格水平,比较积极地参与一般体能和专项体能的练习，体能水平有一定的提高，达到《国家学生体质健康标准》中高一年级的合格水平。,79,"{""min"": ""G10"", ""max"": ""G12""}",disputed,"[""A02""]",deterministic-screen-only,not-adjudicated,anchors/gaozhong-体育与健康.jsonl:55
ca_swDN4YHd,体育与健康,能理解花样跳绳运动的原理和比赛规则并能运用于实践中,理解花样跳绳运动的原理和比赛规则并能运用于实践中，运用所学动作技术参加花样跳绳游戏以及一人带一人或一人带两人的正摇、反摇、双摇跳，单长绳的单人跳和多人跳等跳绳比赛，对花样跳绳比赛规则变化具有一定的应对能力，对花样跳绳运动有比较完整的体验和一定的理解。,79,"{""min"": ""G10"", ""max"": ""G12""}",disputed,"[""A02""]",deterministic-screen-only,not-adjudicated,anchors/gaozhong-体育与健康.jsonl:56
ca_5QsnjqqB,体育与健康,能参与组织班级内的花样跳绳集体比赛并参加裁判工作,参与组织班级内的花样跳绳集体比赛并参加裁判工作。,80,"{""min"": ""G10"", ""max"": ""G12""}",disputed,"[""A02""]",deterministic-screen-only,not-adjudicated,anchors/gaozhong-体育与健康.jsonl:57
ca_8ZnRs9TN,体育与健康,能学会处理花样跳绳运动中的疲劳问题并积极进行身心恢复,学会处理花样跳绳运动中的疲劳问题并积极进行身心恢复。,80,"{""min"": ""G10"", ""max"": ""G12""}",disputed,"[""A02""]",deterministic-screen-only,not-adjudicated,anchors/gaozhong-体育与健康.jsonl:58
ca_sW5X4NU3,俄语,能运用最常用的调型表达自己的意图,能运用最常用的调型表达自己的意图。选修 — 提高类 1. 能分辨语篇中的连读、弱化等。,25,"{""min"": ""G10"", ""max"": ""G12""}",ai-reviewed,[],deterministic-screen-only,not-adjudicated,anchors/gaozhong-俄语.jsonl:1
ca_VyyRmzVU,俄语,能运用调型较准确地表达自己的意图和态度,能运用调型较准确地表达自己的意图和态度。,25,"{""min"": ""G10"", ""max"": ""G12""}",ai-reviewed,[],deterministic-screen-only,not-adjudicated,anchors/gaozhong-俄语.jsonl:2
ca_tLb5SAqN,俄语,能运用构词知识、上下文语境正确理解词汇意义,运用构词知识、上下文语境正确理解词汇意义。,25,"{""min"": ""G10"", ""max"": ""G12""}",ai-reviewed,"[""A09""]",deterministic-screen-only,not-adjudicated,anchors/gaozhong-俄语.jsonl:3
ca_cs56grWe,俄语,能掌握词的词汇意义和搭配关系,掌握词的词汇意义和搭配关系。,25,"{""min"": ""G10"", ""max"": ""G12""}",ai-reviewed,[],deterministic-screen-only,not-adjudicated,anchors/gaozhong-俄语.jsonl:4
ca_7L5xBSAy,俄语,能根据主题、情境选择合适的词汇进行言语活动,根据主题、情境选择合适的词汇进行言语活动。,25,"{""min"": ""G10"", ""max"": ""G12""}",ai-reviewed,[],deterministic-screen-only,not-adjudicated,anchors/gaozhong-俄语.jsonl:5
ca_4vbRFgxd,俄语,能掌握形容词、副词比较级的构成、意义和用法,掌握形容词、副词比较级的构成、意义和用法。,26,"{""min"": ""G10"", ""max"": ""G12""}",ai-reviewed,[],deterministic-screen-only,not-adjudicated,anchors/gaozhong-俄语.jsonl:7
ca_7G7jSH5x,俄语,能理解与运用带连接词 и， а， но 的并列复合句,"理解与运用带连接词 и, а, но 的并列复合句。",26,"{""min"": ""G10"", ""max"": ""G12""}",ai-reviewed,[],deterministic-screen-only,not-adjudicated,anchors/gaozhong-俄语.jsonl:8
ca_443LmNgw,俄语,能在语境中学习和运用语法知识，感知俄语语法特点,在语境中学习和运用语法知识，感知俄语语法特点。,26,"{""min"": ""G10"", ""max"": ""G12""}",ai-reviewed,[],deterministic-screen-only,not-adjudicated,anchors/gaozhong-俄语.jsonl:9
ca_HPbus4tR,俄语,能识别常见语调所表达的交际意图,能识别常见语调所表达的交际意图。说,29,"{""min"": ""G10"", ""max"": ""G12""}",ai-reviewed,[],deterministic-screen-only,not-adjudicated,anchors/gaozhong-俄语.jsonl:10
ca_4DpSxaSj,俄语,能在言语交际中正确使用简单的日常生活用语,能在言语交际中正确使用简单的日常生活用语。,29,"{""min"": ""G10"", ""max"": ""G12""}",ai-reviewed,[],deterministic-screen-only,not-adjudicated,anchors/gaozhong-俄语.jsonl:11
ca_JMbUPkrg,俄语,能根据主题、交际意图说出简单的句子,能根据主题、交际意图说出简单的句子。,29,"{""min"": ""G10"", ""max"": ""G12""}",ai-reviewed,[],deterministic-screen-only,not-adjudicated,anchors/gaozhong-俄语.jsonl:12
ca_qKPihRCv,俄语,能朗读简短的语篇，语音语调正确,能朗读简短的语篇，语音语调正确。,29,"{""min"": ""G10"", ""max"": ""G12""}",ai-reviewed,[],deterministic-screen-only,not-adjudicated,anchors/gaozhong-俄语.jsonl:13
ca_5YkztMxR,俄语,能根据所听内容记录主要信息,能根据所听内容记录主要信息。课程类别 技能 内容要求选择性必修说,29,"{""min"": ""G10"", ""max"": ""G12""}",ai-reviewed,[],deterministic-screen-only,not-adjudicated,anchors/gaozhong-俄语.jsonl:14
ca_8mksi2nn,俄语,能在言语交际中正确使用常见的词语和句子,能在言语交际中正确使用常见的词语和句子。,30,"{""min"": ""G10"", ""max"": ""G12""}",ai-reviewed,[],deterministic-screen-only,not-adjudicated,anchors/gaozhong-俄语.jsonl:15
ca_KL6nVVYD,俄语,能识别语篇中蕴含俄罗斯文化背景知识的常见词汇,能识别语篇中蕴含俄罗斯文化背景知识的常见词汇。,30,"{""min"": ""G10"", ""max"": ""G12""}",ai-reviewed,[],deterministic-screen-only,not-adjudicated,anchors/gaozhong-俄语.jsonl:16
ca_RXicVYiW,俄语,能掌握基本的书写规则,掌握基本的书写规则。如：移行、标点符号、大小写等。,30,"{""min"": ""G10"", ""max"": ""G12""}",ai-reviewed,[],deterministic-screen-only,not-adjudicated,anchors/gaozhong-俄语.jsonl:17
ca_F4S4mg7X,俄语,能在言语交际中恰当使用词语和句子,能在言语交际中恰当使用词语和句子。,30,"{""min"": ""G10"", ""max"": ""G12""}",ai-reviewed,[],deterministic-screen-only,not-adjudicated,anchors/gaozhong-俄语.jsonl:18
ca_99F99KPJ,俄语,能归纳概括所读语篇的主要内容,能归纳概括所读语篇的主要内容。,30,"{""min"": ""G10"", ""max"": ""G12""}",ai-reviewed,[],deterministic-screen-only,not-adjudicated,anchors/gaozhong-俄语.jsonl:19
ca_53bjb9YG,俄语,能借助俄语工具书和现代信息技术等手段，获取俄语信息，解决学习中的问题,能借助俄语工具书和现代信息技术等手段，获取俄语信息，解决学习中的问题。选修 — 提高类,32,"{""min"": ""G10"", ""max"": ""G12""}",ai-reviewed,[],deterministic-screen-only,not-adjudicated,anchors/gaozhong-俄语.jsonl:20
ca_RQ9GBviJ,俄语,能主动争取运用俄语的机会，借助一定的交际策略展开对话，完成交际任务,能主动争取运用俄语的机会，借助一定的交际策略展开对话，完成交际任务。,32,"{""min"": ""G10"", ""max"": ""G12""}",ai-reviewed,[],deterministic-screen-only,not-adjudicated,anchors/gaozhong-俄语.jsonl:21
ca_kZYdXQjD,俄语,能根据需要调整自己的学习目标与计划，对学习效果进行自我评价和反思,能根据需要调整自己的学习目标与计划，对学习效果进行自我评价和反思。,32,"{""min"": ""G10"", ""max"": ""G12""}",ai-reviewed,[],deterministic-screen-only,not-adjudicated,anchors/gaozhong-俄语.jsonl:22
ca_XEZ66ZAy,俄语,能主动使用俄语工具书和现代信息技术等手段丰富学习资源，获取和交流信息,能主动使用俄语工具书和现代信息技术等手段丰富学习资源，获取和交流信息。,32,"{""min"": ""G10"", ""max"": ""G12""}",ai-reviewed,"[""A09""]",deterministic-screen-only,not-adjudicated,anchors/gaozhong-俄语.jsonl:23
ca_UEyAGE7j,俄语,能运用构词知识正确理解词汇意义,运用构词知识、上下文语境正确理解词汇意义。,25,"{""min"": ""G10"", ""max"": ""G12""}",ai-reviewed,[],deterministic-screen-only,not-adjudicated,anchors/gaozhong-俄语.jsonl:24
ca_aVYvA7MP,俄语,能运用上下文语境正确理解词汇意义,运用构词知识、上下文语境正确理解词汇意义。,25,"{""min"": ""G10"", ""max"": ""G12""}",ai-reviewed,[],deterministic-screen-only,not-adjudicated,anchors/gaozhong-俄语.jsonl:25
ca_624kKck8,俄语,能主动使用俄语工具书等手段丰富学习资源,能主动使用俄语工具书和现代信息技术等手段丰富学习资源，获取和交流信息。,32,"{""min"": ""G10"", ""max"": ""G12""}",ai-reviewed,[],deterministic-screen-only,not-adjudicated,anchors/gaozhong-俄语.jsonl:26
ca_7fW48idg,俄语,能主动使用现代信息技术等手段丰富学习资源,能主动使用俄语工具书和现代信息技术等手段丰富学习资源，获取和交流信息。,32,"{""min"": ""G10"", ""max"": ""G12""}",ai-reviewed,[],deterministic-screen-only,not-adjudicated,anchors/gaozhong-俄语.jsonl:27
ca_2T6qUnHk,俄语,能根据主题和交际意图运用俄语陈述简单事件，进行简短交谈，口头或书面简单表达自己的思想和情感态度,在熟悉的语境、主题中听、读简短语篇时，能理解语篇主要思想；在熟悉的日常交际情境中，能根据主题和交际意图运用俄语陈述简单事件，进行简短交谈，口头或书面简单表达自己的思想和情感态度；能根据任务和交际需求找出语篇中的关键句，获取具体信息；具有初步的综合言语技能，能根据任务和交际需求完成简单的俄语听说、听写、仿写、读写等任务。,34,"{""min"": ""G10"", ""max"": ""G12""}",disputed,"[""A02"", ""A07"", ""A13""]",deterministic-screen-only,not-adjudicated,anchors/gaozhong-俄语.jsonl:28
ca_XvNY33yr,俄语,能在交际情境中根据任务和需求找到所需信息，并对所获取的信息进行简单的归纳和整理,能在交际情境中根据任务和需求找到所需信息，并对所获取的信息进行简单的归纳和整理；对语篇主要含义具有初步的分析和综合能力；对交谈对方或语篇作者的意图具有一定的判断能力，尝试运用多语知识和多元视角寻求解决问题的方案。,35,"{""min"": ""G10"", ""max"": ""G12""}",disputed,"[""A02"", ""A07""]",deterministic-screen-only,not-adjudicated,anchors/gaozhong-俄语.jsonl:29
ca_c2VadrCH,俄语,能在交际情境中根据任务和需求分析和综合语篇含义，整合信息,能在交际情境中根据任务和需求分析和综合语篇含义，整合信息；有意识地判断交谈对方或语篇作者的意图，能对语篇的思想内涵和作者观点进行简单的评价，具有一定的思辨能力和想象力；能运用多元思维方式对所获取的信息进行抽象概括和整合分析，主动发现问题，并提出解决问题的方案。,35,"{""min"": ""G10"", ""max"": ""G12""}",disputed,"[""A02"", ""A07""]",deterministic-screen-only,not-adjudicated,anchors/gaozhong-俄语.jsonl:30
ca_5JHk8JLB,俄语,能有意识地判断交谈对方或语篇作者的意图,能在交际情境中根据任务和需求分析和综合语篇含义，整合信息；有意识地判断交谈对方或语篇作者的意图，能对语篇的思想内涵和作者观点进行简单的评价，具有一定的思辨能力和想象力；能运用多元思维方式对所获取的信息进行抽象概括和整合分析，主动发现问题，并提出解决问题的方案。,35,"{""min"": ""G10"", ""max"": ""G12""}",llm-proposed,"[""A03"", ""A07""]",deterministic-screen-only,not-adjudicated,anchors/gaozhong-俄语.jsonl:31
ca_MktCcpPT,俄语,能运用多元思维方式对所获取的信息进行抽象概括和整合分析，主动发现问题，并提出解决问题的方案,能在交际情境中根据任务和需求分析和综合语篇含义，整合信息；有意识地判断交谈对方或语篇作者的意图，能对语篇的思想内涵和作者观点进行简单的评价，具有一定的思辨能力和想象力；能运用多元思维方式对所获取的信息进行抽象概括和整合分析，主动发现问题，并提出解决问题的方案。,35,"{""min"": ""G10"", ""max"": ""G12""}",disputed,"[""A02"", ""A07""]",deterministic-screen-only,not-adjudicated,anchors/gaozhong-俄语.jsonl:32
ca_TwhkCUe6,俄语,能运用一定的交际策略完成交际任务,具有积极的交际态度和合作学习精神，能运用一定的交际策略完成交际任务；具有自主学习和探究学习能力，能使用工具书、课外学习资料和现代信息技术资源等手段获取俄语信息，解决学习问题、完成交际任务。,35,"{""min"": ""G10"", ""max"": ""G12""}",disputed,"[""A02"", ""A07""]",deterministic-screen-only,not-adjudicated,anchors/gaozhong-俄语.jsonl:33
ca_Zu4ZrRKr,俄语,能选择较恰当的语言手段和表达方式传递信息，口头或书面表达自己的意图和态度，对人和事进行评价,在熟悉的语境、主题中能听懂、读懂内容略复杂的语篇，理解语篇主要思想、观点及作者意图；在贴近学习者本人、自然及社会生活的交际情境中，根据交际需要，能选择较恰当的语言手段和表达方式传递信息，口头或书面表达自己的意图和态度，对人和事进行评价；能读懂简单的专业性语篇，获取所需信息，并对信息进行判断；具有基本的综合言语技能，能根据情境要求和交际所需完成俄语听说、听写、读写等任务；在言语交际活动中具有初步的俄语语感。,36,"{""min"": ""G10"", ""max"": ""G12""}",disputed,"[""A02"", ""A07""]",deterministic-screen-only,not-adjudicated,anchors/gaozhong-俄语.jsonl:34
ca_q9C9Ww2c,俄语,能根据情境要求和交际所需完成俄语听说、听写、读写等任务,在熟悉的语境、主题中能听懂、读懂内容略复杂的语篇，理解语篇主要思想、观点及作者意图；在贴近学习者本人、自然及社会生活的交际情境中，根据交际需要，能选择较恰当的语言手段和表达方式传递信息，口头或书面表达自己的意图和态度，对人和事进行评价；能读懂简单的专业性语篇，获取所需信息，并对信息进行判断；具有基本的综合言语技能，能根据情境要求和交际所需完成俄语听说、听写、读写等任务；在言语交际活动中具有初步的俄语语感。,36,"{""min"": ""G10"", ""max"": ""G12""}",disputed,"[""A02"", ""A07""]",deterministic-screen-only,not-adjudicated,anchors/gaozhong-俄语.jsonl:35
ca_U8EugVEN,俄语,能在学习活动和交际情境中运用多元视角分析和解决问题，体现出创造性思维能力,能在交际情境中根据任务和要求，在已知信息基础上发现新信息，并预测、推断可能出现的信息；对语篇含义具有一定的分析和综合能力，能依据任务要求和逻辑思维能力培养所需，进行语篇的缩写、续写、扩写等；能在学习活动和交际情境中运用多元视角分析和解决问题，体现出创造性思维能力。,36,"{""min"": ""G10"", ""max"": ""G12""}",disputed,"[""A02"", ""A07""]",deterministic-screen-only,not-adjudicated,anchors/gaozhong-俄语.jsonl:36
ca_GVUJgezs,俄语,能从兴趣、未来专业学习和职业规划角度学习选修课程，乐于拓展相关学科领域知识,能从兴趣、未来专业学习和职业规划角度学习选修课程，乐于拓展相关学科领域知识；善于调整学习方式，并对自己的学习效果进行评价和反思；具有合作学习能力，能有意识地争取使用俄语的机会，能运用一定的交际策略完成交际任务；具有较强的自主学习和探究学习能力，能主动使用工具书和现代信息技术等手段丰富俄语学习资源，根据兴趣和需求获取相关学科信息。,36,"{""min"": ""G10"", ""max"": ""G12""}",disputed,"[""A02"", ""A07""]",deterministic-screen-only,not-adjudicated,anchors/gaozhong-俄语.jsonl:37
ca_iXnYhQQD,俄语,能善于调整学习方式，并对自己的学习效果进行评价和反思,能从兴趣、未来专业学习和职业规划角度学习选修课程，乐于拓展相关学科领域知识；善于调整学习方式，并对自己的学习效果进行评价和反思；具有合作学习能力，能有意识地争取使用俄语的机会，能运用一定的交际策略完成交际任务；具有较强的自主学习和探究学习能力，能主动使用工具书和现代信息技术等手段丰富俄语学习资源，根据兴趣和需求获取相关学科信息。,36,"{""min"": ""G10"", ""max"": ""G12""}",disputed,"[""A02"", ""A07""]",deterministic-screen-only,not-adjudicated,anchors/gaozhong-俄语.jsonl:38
ca_w3aqL9sE,俄语,能有意识地争取使用俄语的机会,能从兴趣、未来专业学习和职业规划角度学习选修课程，乐于拓展相关学科领域知识；善于调整学习方式，并对自己的学习效果进行评价和反思；具有合作学习能力，能有意识地争取使用俄语的机会，能运用一定的交际策略完成交际任务；具有较强的自主学习和探究学习能力，能主动使用工具书和现代信息技术等手段丰富俄语学习资源，根据兴趣和需求获取相关学科信息。,36,"{""min"": ""G10"", ""max"": ""G12""}",disputed,"[""A02"", ""A07""]",deterministic-screen-only,not-adjudicated,anchors/gaozhong-俄语.jsonl:39
ca_NQWsWbxr,俄语,能主动使用工具书和现代信息技术等手段丰富俄语学习资源,能从兴趣、未来专业学习和职业规划角度学习选修课程，乐于拓展相关学科领域知识；善于调整学习方式，并对自己的学习效果进行评价和反思；具有合作学习能力，能有意识地争取使用俄语的机会，能运用一定的交际策略完成交际任务；具有较强的自主学习和探究学习能力，能主动使用工具书和现代信息技术等手段丰富俄语学习资源，根据兴趣和需求获取相关学科信息。,36,"{""min"": ""G10"", ""max"": ""G12""}",disputed,"[""A02"", ""A07""]",deterministic-screen-only,not-adjudicated,anchors/gaozhong-俄语.jsonl:40
ca_tkmgei8B,信息技术,能描述信息社会的特征,学习的影响，描述信息社会的特征，了解信息技术的发展趋势。,24,"{""min"": ""G10"", ""max"": ""G12""}",ai-reviewed,[],deterministic-screen-only,not-adjudicated,anchors/gaozhong-信息技术.jsonl:2
ca_jgFzZFj7,信息技术,能描述计算机和移动终端的基本工作原理,解计算机、移动终端在信息系统中的作用，描述计算机和移动终端的基本工作原理。,24,"{""min"": ""G10"", ""max"": ""G12""}",ai-reviewed,[],deterministic-screen-only,not-adjudicated,anchors/gaozhong-信息技术.jsonl:3
ca_kFWQbELQ,信息技术,能借助软件工具与平台开发网络应用软件,借助软件工具与平台开发网络应用软件。,24,"{""min"": ""G10"", ""max"": ""G12""}",ai-reviewed,[],deterministic-screen-only,not-adjudicated,anchors/gaozhong-信息技术.jsonl:4
ca_FUQK5YQ2,信息技术,能理解计算机网络与通信、互联网及移动互联网对现代社会的重要意义,及演变过程；理解计算机网络与通信、互联网及移动互联网对现代社会的重要意义。,29,"{""min"": ""G10"", ""max"": ""G12""}",ai-reviewed,[],deterministic-screen-only,not-adjudicated,anchors/gaozhong-信息技术.jsonl:5
ca_WfFe23yZ,信息技术,能描述网络的拓扑结构及不同类型网络的主要特点,要物理因素；描述网络的拓扑结构及不同类型网络的主要特点。,29,"{""min"": ""G10"", ""max"": ""G12""}",ai-reviewed,[],deterministic-screen-only,not-adjudicated,anchors/gaozhong-信息技术.jsonl:6
ca_Jpe34cpB,信息技术,能用适当的工具在计算机和移动终端上生成与分享网络资源,用适当的工具在计算机和移动终端上生成与分享网络资源。,29,"{""min"": ""G10"", ""max"": ""G12""}",ai-reviewed,[],deterministic-screen-only,not-adjudicated,anchors/gaozhong-信息技术.jsonl:7
ca_WqTWxj2U,信息技术,能够设置及使用简易防火墙,.protocol（安全套接层协议）、IPsec（互联网络层安全协议）等常用网络安全协议的作用；能够设置及使用简易防火墙，能够使用适当工具对数据和终端设备进行加密。,29,"{""min"": ""G10"", ""max"": ""G12""}",ai-reviewed,[],deterministic-screen-only,not-adjudicated,anchors/gaozhong-信息技术.jsonl:8
ca_4gvHnSsx,信息技术,能够使用适当工具对数据和终端设备进行加密,.protocol（安全套接层协议）、IPsec（互联网络层安全协议）等常用网络安全协议的作用；能够设置及使用简易防火墙，能够使用适当工具对数据和终端设备进行加密。,29,"{""min"": ""G10"", ""max"": ""G12""}",ai-reviewed,[],deterministic-screen-only,not-adjudicated,anchors/gaozhong-信息技术.jsonl:9
ca_LMsezsGN,信息技术,能尝试对既定方案进行分析、评价，发现问题并优化方案,析问题整体解决方案的基本过程；尝试对既定方案进行分析、评价，发现问题并优化方案。,32,"{""min"": ""G10"", ""max"": ""G12""}",ai-reviewed,"[""A09""]",deterministic-screen-only,not-adjudicated,anchors/gaozhong-信息技术.jsonl:10
ca_huN6GL6s,信息技术,能使用结构化查询语言进行简单的数据查询,据查询方法（如选择、投影、排序、统计等） ，能使用结构化查询语言进行简单的数据查询。,32,"{""min"": ""G10"", ""max"": ""G12""}",ai-reviewed,[],deterministic-screen-only,not-adjudicated,anchors/gaozhong-信息技术.jsonl:11
ca_BPPdAzia,信息技术,能在实践中选用适当的数据分析工具,均分析法和相关分析法等） ；在实践中选用适当的数据分析工具，分析、呈现并解释数据。,32,"{""min"": ""G10"", ""max"": ""G12""}",ai-reviewed,[],deterministic-screen-only,not-adjudicated,anchors/gaozhong-信息技术.jsonl:12
ca_Sgpv2UWw,信息技术,能分析、呈现并解释数据,均分析法和相关分析法等） ；在实践中选用适当的数据分析工具，分析、呈现并解释数据。,32,"{""min"": ""G10"", ""max"": ""G12""}",ai-reviewed,[],deterministic-screen-only,not-adjudicated,anchors/gaozhong-信息技术.jsonl:13
ca_fBz2WcR2,信息技术,能完成项目的基本流程,完成项目的基本流程，知道常用开源硬件的功能与特征。,39,"{""min"": ""G10"", ""max"": ""G12""}",ai-reviewed,[],deterministic-screen-only,not-adjudicated,anchors/gaozhong-信息技术.jsonl:14
ca_6DjtDMMP,信息技术,能描述作品各组成部分及其功能作用，明确各组成部分之间的调用关系,描述作品各组成部分及其功能作用，明确各组成部分之间的调用关系。,39,"{""min"": ""G10"", ""max"": ""G12""}",ai-reviewed,[],deterministic-screen-only,not-adjudicated,anchors/gaozhong-信息技术.jsonl:15
ca_TZwg7g7U,信息技术,能理解解决问题的起点是问题的描述，算法的基础是形式化描述,化的过程，理解解决问题的起点是问题的描述，算法的基础是形式化描述。,42,"{""min"": ""G10"", ""max"": ""G12""}",ai-reviewed,[],deterministic-screen-only,not-adjudicated,anchors/gaozhong-信息技术.jsonl:16
ca_RgpWBDa8,信息技术,会计算算法的时空复杂度,别，理解算法的正确性、可读性、健壮性，掌握算法分析的一般方法和过程，会计算算法的时空复杂度。,43,"{""min"": ""G10"", ""max"": ""G12""}",ai-reviewed,[],deterministic-screen-only,not-adjudicated,anchors/gaozhong-信息技术.jsonl:18
ca_dfMU3ZAZ,信息技术,能理解基于图形化开发工具进行移动应用设计与开发的基本方法,理解基于图形化开发工具进行移动应用设计与开发的基本方法，能利用模拟器测试移动应用程序（APP）。,44,"{""min"": ""G10"", ""max"": ""G12""}",ai-reviewed,[],deterministic-screen-only,not-adjudicated,anchors/gaozhong-信息技术.jsonl:19
ca_6mGPh7wU,信息技术,能利用模拟器测试移动应用程序（APP）,理解基于图形化开发工具进行移动应用设计与开发的基本方法，能利用模拟器测试移动应用程序（APP）。,44,"{""min"": ""G10"", ""max"": ""G12""}",ai-reviewed,[],deterministic-screen-only,not-adjudicated,anchors/gaozhong-信息技术.jsonl:20
ca_YM9mA5ur,信息技术,能在移动应用设计中使用多种数据输入方式,方式，能在移动应用设计中使用多种数据输入方式。,44,"{""min"": ""G10"", ""max"": ""G12""}",ai-reviewed,[],deterministic-screen-only,not-adjudicated,anchors/gaozhong-信息技术.jsonl:21
ca_DmSTVygh,信息技术,能在移动应用设计中使用多种信息输出方式,出方式，能在移动应用设计中使用多种信息输出方式。,44,"{""min"": ""G10"", ""max"": ""G12""}",ai-reviewed,[],deterministic-screen-only,not-adjudicated,anchors/gaozhong-信息技术.jsonl:22
ca_bB85qtQq,信息技术,能初步利用适当的应用程序接口（API）读写数据,方法，能初步利用适当的应用程序接口（API）读写数据。,45,"{""min"": ""G10"", ""max"": ""G12""}",ai-reviewed,[],deterministic-screen-only,not-adjudicated,anchors/gaozhong-信息技术.jsonl:23
ca_inpGKTqv,信息技术,能在移动应用设计中使用网络进行简单的数据收发,基本方法，能在移动应用设计中使用网络进行简单的数据收发。,45,"{""min"": ""G10"", ""max"": ""G12""}",ai-reviewed,[],deterministic-screen-only,not-adjudicated,anchors/gaozhong-信息技术.jsonl:24
ca_t7RwL8aR,信息技术,能对信息可能产生的影响进行预期分析，为解决问题提供参考,对信息可能产生的影响进行预期分析，为解决问题提供参考；,73,"{""min"": ""G10"", ""max"": ""G12""}",ai-reviewed,[],deterministic-screen-only,not-adjudicated,anchors/gaozhong-信息技术.jsonl:30
ca_iujvHvcF,信息技术,能在合作解决问题的过程中，愿意与团队成员共享信息，实现信息的更大价值,在合作解决问题的过程中，愿意与团队成员共享信息，实现信息的更大价值。,73,"{""min"": ""G10"", ""max"": ""G12""}",ai-reviewed,[],deterministic-screen-only,not-adjudicated,anchors/gaozhong-信息技术.jsonl:31
ca_rB6yN8GN,信息技术,能通过判断、分析与综合各种信息资源,通过判断、分析与综合各种信息资源，运用合理的算法形成解决问题的方案；,73,"{""min"": ""G10"", ""max"": ""G12""}",ai-reviewed,[],deterministic-screen-only,not-adjudicated,anchors/gaozhong-信息技术.jsonl:33
ca_K2LJFTY7,信息技术,能尝试对既定方案进行分析,析问题整体解决方案的基本过程；尝试对既定方案进行分析、评价，发现问题并优化方案。,32,"{""min"": ""G10"", ""max"": ""G12""}",ai-reviewed,[],deterministic-screen-only,not-adjudicated,anchors/gaozhong-信息技术.jsonl:34
ca_XmzpLZXj,信息技术,能尝试对既定方案进行评价,析问题整体解决方案的基本过程；尝试对既定方案进行分析、评价，发现问题并优化方案。,32,"{""min"": ""G10"", ""max"": ""G12""}",ai-reviewed,[],deterministic-screen-only,not-adjudicated,anchors/gaozhong-信息技术.jsonl:35
ca_CiDYXDdH,信息技术,能尝试发现问题并优化方案,析问题整体解决方案的基本过程；尝试对既定方案进行分析、评价，发现问题并优化方案。,32,"{""min"": ""G10"", ""max"": ""G12""}",ai-reviewed,[],deterministic-screen-only,not-adjudicated,anchors/gaozhong-信息技术.jsonl:36
ca_7YTuNVqa,信息技术,能够描述数据与信息的特征,学生能够描述数据与信息的特征，知道数据编码的基本方式；掌握数字化学习的方法，能够根据需要选用合适的数字化工具开展学习（信息意识、数字化学习与创新）。了解数据采集、分析和可视化表达的基本方法，能够利用软件工具或平台对数据进行整理、组织、计算与呈现，并能通过技术方法对数据进行保护；在数据分析的基础上，完成分析报告（信息社会责任、计算思维）。依据解决问题的需要，设计和表示简单算法；掌握一种程序设计语言的基本知识，利用程序设计语言实现简单算法，解决实际问题 （计算思维）。了解人工智能技术，认识人工智能在信息社会中的重要作用（计算思维、信息,23,"{""min"": ""G10"", ""max"": ""G12""}",ai-reviewed,[],deterministic-screen-only,not-adjudicated,anchors/gaozhong-信息技术.jsonl:37
ca_QHwRWN5M,信息技术,能在数据分析的基础上，完成分析报告,学生能够描述数据与信息的特征，知道数据编码的基本方式；掌握数字化学习的方法，能够根据需要选用合适的数字化工具开展学习（信息意识、数字化学习与创新）。了解数据采集、分析和可视化表达的基本方法，能够利用软件工具或平台对数据进行整理、组织、计算与呈现，并能通过技术方法对数据进行保护；在数据分析的基础上，完成分析报告（信息社会责任、计算思维）。依据解决问题的需要，设计和表示简单算法；掌握一种程序设计语言的基本知识，利用程序设计语言实现简单算法，解决实际问题 （计算思维）。了解人工智能技术，认识人工智能在信息社会中的重要作用（计算思维、信息,23,"{""min"": ""G10"", ""max"": ""G12""}",ai-reviewed,[],deterministic-screen-only,not-adjudicated,anchors/gaozhong-信息技术.jsonl:38
ca_Nz7PKtqj,信息技术,能掌握一种程序设计语言的基本知识，利用程序设计语言实现简单算法，解决实际问题,学生能够描述数据与信息的特征，知道数据编码的基本方式；掌握数字化学习的方法，能够根据需要选用合适的数字化工具开展学习（信息意识、数字化学习与创新）。了解数据采集、分析和可视化表达的基本方法，能够利用软件工具或平台对数据进行整理、组织、计算与呈现，并能通过技术方法对数据进行保护；在数据分析的基础上，完成分析报告（信息社会责任、计算思维）。依据解决问题的需要，设计和表示简单算法；掌握一种程序设计语言的基本知识，利用程序设计语言实现简单算法，解决实际问题 （计算思维）。了解人工智能技术，认识人工智能在信息社会中的重要作用（计算思维、信息,23,"{""min"": ""G10"", ""max"": ""G12""}",ai-reviewed,[],deterministic-screen-only,not-adjudicated,anchors/gaozhong-信息技术.jsonl:39
ca_MqDGJDWt,信息技术,能描述信息系统常用终端设备（如计算机、智能手机和平板电脑等）的基本工作原理,学生能描述信息社会的特征，了解信息技术对社会发展、科技进步以及个人生活与学习的影响 （信息意识）。知道信息系统的组成与功能，描述信息系统常用终端设备（如计算机、智能手机和平板电脑等）的基本工作原理；知道信息系统与外部世界的连接方式，了解常见的传感与控制机制，以及接入方式、带宽等因素对信息系统的影响；理解软件在信息系统中的作用，借助软件工具与平台开发网络应用软件（计算思维）。能构建简单的信息系统，积极利用各种信息系统促进学习与发展 （数字化学习与创新）。在信息系统应用过程中，能预判可能存在的信息泄露等安全风险，掌握信息系统安全防范的常用技术方法；认识信息系统在社会应用中的优势及局限性，能够自觉遵守相关法律法规与伦理道德规范（信息意识、信息社会责任）。,25,"{""min"": ""G10"", ""max"": ""G12""}",disputed,"[""A02""]",deterministic-screen-only,not-adjudicated,anchors/gaozhong-信息技术.jsonl:40
ca_meDqF48R,信息技术,能理解软件在信息系统中的作用，借助软件工具与平台开发网络应用软件,学生能描述信息社会的特征，了解信息技术对社会发展、科技进步以及个人生活与学习的影响 （信息意识）。知道信息系统的组成与功能，描述信息系统常用终端设备（如计算机、智能手机和平板电脑等）的基本工作原理；知道信息系统与外部世界的连接方式，了解常见的传感与控制机制，以及接入方式、带宽等因素对信息系统的影响；理解软件在信息系统中的作用，借助软件工具与平台开发网络应用软件（计算思维）。能构建简单的信息系统，积极利用各种信息系统促进学习与发展 （数字化学习与创新）。在信息系统应用过程中，能预判可能存在的信息泄露等安全风险，掌握信息系统安全防范的常用技术方法；认识信息系统在社会应用中的优势及局限性，能够自觉遵守相关法律法规与伦理道德规范（信息意识、信息社会责任）。,25,"{""min"": ""G10"", ""max"": ""G12""}",ai-reviewed,[],deterministic-screen-only,not-adjudicated,anchors/gaozhong-信息技术.jsonl:41
ca_BTXLsg8A,信息技术,能在信息系统应用过程中，能预判可能存在的信息泄露等安全风险,学生能描述信息社会的特征，了解信息技术对社会发展、科技进步以及个人生活与学习的影响 （信息意识）。知道信息系统的组成与功能，描述信息系统常用终端设备（如计算机、智能手机和平板电脑等）的基本工作原理；知道信息系统与外部世界的连接方式，了解常见的传感与控制机制，以及接入方式、带宽等因素对信息系统的影响；理解软件在信息系统中的作用，借助软件工具与平台开发网络应用软件（计算思维）。能构建简单的信息系统，积极利用各种信息系统促进学习与发展 （数字化学习与创新）。在信息系统应用过程中，能预判可能存在的信息泄露等安全风险，掌握信息系统安全防范的常用技术方法；认识信息系统在社会应用中的优势及局限性，能够自觉遵守相关法律法规与伦理道德规范（信息意识、信息社会责任）。,25,"{""min"": ""G10"", ""max"": ""G12""}",ai-reviewed,[],deterministic-screen-only,not-adjudicated,anchors/gaozhong-信息技术.jsonl:42
ca_j4qHEbtr,信息技术,能够自觉遵守相关法律法规与伦理道德规范,学生能描述信息社会的特征，了解信息技术对社会发展、科技进步以及个人生活与学习的影响 （信息意识）。知道信息系统的组成与功能，描述信息系统常用终端设备（如计算机、智能手机和平板电脑等）的基本工作原理；知道信息系统与外部世界的连接方式，了解常见的传感与控制机制，以及接入方式、带宽等因素对信息系统的影响；理解软件在信息系统中的作用，借助软件工具与平台开发网络应用软件（计算思维）。能构建简单的信息系统，积极利用各种信息系统促进学习与发展 （数字化学习与创新）。在信息系统应用过程中，能预判可能存在的信息泄露等安全风险，掌握信息系统安全防范的常用技术方法；认识信息系统在社会应用中的优势及局限性，能够自觉遵守相关法律法规与伦理道德规范（信息意识、信息社会责任）。,25,"{""min"": ""G10"", ""max"": ""G12""}",disputed,"[""A02""]",deterministic-screen-only,not-adjudicated,anchors/gaozhong-信息技术.jsonl:43
ca_nCzU8tHd,信息技术,能够运用生活中的实例描述数据的内涵与外延,学生能够运用生活中的实例描述数据的内涵与外延，能够将有限制条件的、复杂生活情境中的关系进行抽象，用数据结构表达数据的逻辑关系（信息意识、计算思维）。能够从数据结构的视角审视基于数组、链表的程序，解释程序中数据的组织形式，描述数据的逻辑结构及其操作，评判其中数据结构运用的合理性；能够针对限定条件的实际问题进行数据抽象，运用数据结构合理组织、存储数据，选择合适的算法（如排序、查找、迭代、递归等）编程实现、解决问题（计算思维、数字化学习与创新） 。能够分析数据与社会各领域间的关系，自觉遵守相应的伦理道德和法律法规（信息社会责任）。,28,"{""min"": ""G10"", ""max"": ""G12""}",disputed,"[""A02""]",deterministic-screen-only,not-adjudicated,anchors/gaozhong-信息技术.jsonl:44
ca_dBcVRyZK,信息技术,能够将有限制条件的、复杂生活情境中的关系进行抽象，用数据结构表达数据的逻辑关系,学生能够运用生活中的实例描述数据的内涵与外延，能够将有限制条件的、复杂生活情境中的关系进行抽象，用数据结构表达数据的逻辑关系（信息意识、计算思维）。能够从数据结构的视角审视基于数组、链表的程序，解释程序中数据的组织形式，描述数据的逻辑结构及其操作，评判其中数据结构运用的合理性；能够针对限定条件的实际问题进行数据抽象，运用数据结构合理组织、存储数据，选择合适的算法（如排序、查找、迭代、递归等）编程实现、解决问题（计算思维、数字化学习与创新） 。能够分析数据与社会各领域间的关系，自觉遵守相应的伦理道德和法律法规（信息社会责任）。,28,"{""min"": ""G10"", ""max"": ""G12""}",ai-reviewed,[],deterministic-screen-only,not-adjudicated,anchors/gaozhong-信息技术.jsonl:45
ca_jXQccgCg,信息技术,能解释程序中数据的组织形式,学生能够运用生活中的实例描述数据的内涵与外延，能够将有限制条件的、复杂生活情境中的关系进行抽象，用数据结构表达数据的逻辑关系（信息意识、计算思维）。能够从数据结构的视角审视基于数组、链表的程序，解释程序中数据的组织形式，描述数据的逻辑结构及其操作，评判其中数据结构运用的合理性；能够针对限定条件的实际问题进行数据抽象，运用数据结构合理组织、存储数据，选择合适的算法（如排序、查找、迭代、递归等）编程实现、解决问题（计算思维、数字化学习与创新） 。能够分析数据与社会各领域间的关系，自觉遵守相应的伦理道德和法律法规（信息社会责任）。,28,"{""min"": ""G10"", ""max"": ""G12""}",ai-reviewed,[],deterministic-screen-only,not-adjudicated,anchors/gaozhong-信息技术.jsonl:46
ca_ffAwaAMv,信息技术,能描述数据的逻辑结构及其操作，评判其中数据结构运用的合理性,学生能够运用生活中的实例描述数据的内涵与外延，能够将有限制条件的、复杂生活情境中的关系进行抽象，用数据结构表达数据的逻辑关系（信息意识、计算思维）。能够从数据结构的视角审视基于数组、链表的程序，解释程序中数据的组织形式，描述数据的逻辑结构及其操作，评判其中数据结构运用的合理性；能够针对限定条件的实际问题进行数据抽象，运用数据结构合理组织、存储数据，选择合适的算法（如排序、查找、迭代、递归等）编程实现、解决问题（计算思维、数字化学习与创新） 。能够分析数据与社会各领域间的关系，自觉遵守相应的伦理道德和法律法规（信息社会责任）。,28,"{""min"": ""G10"", ""max"": ""G12""}",ai-reviewed,[],deterministic-screen-only,not-adjudicated,anchors/gaozhong-信息技术.jsonl:47
ca_BDWmwBM5,信息技术,能够分析数据与社会各领域间的关系，自觉遵守相应的伦理道德和法律法规,学生能够运用生活中的实例描述数据的内涵与外延，能够将有限制条件的、复杂生活情境中的关系进行抽象，用数据结构表达数据的逻辑关系（信息意识、计算思维）。能够从数据结构的视角审视基于数组、链表的程序，解释程序中数据的组织形式，描述数据的逻辑结构及其操作，评判其中数据结构运用的合理性；能够针对限定条件的实际问题进行数据抽象，运用数据结构合理组织、存储数据，选择合适的算法（如排序、查找、迭代、递归等）编程实现、解决问题（计算思维、数字化学习与创新） 。能够分析数据与社会各领域间的关系，自觉遵守相应的伦理道德和法律法规（信息社会责任）。,28,"{""min"": ""G10"", ""max"": ""G12""}",ai-reviewed,[],deterministic-screen-only,not-adjudicated,anchors/gaozhong-信息技术.jsonl:48
ca_GSLmVafS,信息技术,能描述网络的拓扑结构,学生要知道网络的结构、特征和发展过程，理解物联网的概念，认识与物联网相关的应用 （信息意识）。理解影响网络传输质量的基本因素，熟悉 TCP/IP 等协议的功能和作用，描述网络的拓扑结构，掌握使用基本网络命令查询联网状态、配置情况及发现故障的操作（计算思维）。理解网卡、交换机、路由器等网络设备的作用和工作原理，熟知常见的网络服务，能够根据任务特点选择恰当的网络服务，理解创新网络服务的意义，列举日常生活中与物联网相关的设备，描述其工作原理（数字化学习与创新）。形成积极、安全使用网络的观念，具备防范网络安全隐患的意识，能判断日常网络使用中不安全问题产生的原因，掌握构建个人安全网络环境的基本方法（信息,31,"{""min"": ""G10"", ""max"": ""G12""}",ai-reviewed,[],deterministic-screen-only,not-adjudicated,anchors/gaozhong-信息技术.jsonl:49
ca_YKzeJfpW,信息技术,能够根据任务特点选择恰当的网络服务,学生要知道网络的结构、特征和发展过程，理解物联网的概念，认识与物联网相关的应用 （信息意识）。理解影响网络传输质量的基本因素，熟悉 TCP/IP 等协议的功能和作用，描述网络的拓扑结构，掌握使用基本网络命令查询联网状态、配置情况及发现故障的操作（计算思维）。理解网卡、交换机、路由器等网络设备的作用和工作原理，熟知常见的网络服务，能够根据任务特点选择恰当的网络服务，理解创新网络服务的意义，列举日常生活中与物联网相关的设备，描述其工作原理（数字化学习与创新）。形成积极、安全使用网络的观念，具备防范网络安全隐患的意识，能判断日常网络使用中不安全问题产生的原因，掌握构建个人安全网络环境的基本方法（信息,31,"{""min"": ""G10"", ""max"": ""G12""}",ai-reviewed,[],deterministic-screen-only,not-adjudicated,anchors/gaozhong-信息技术.jsonl:50
ca_hxiAJqkW,信息技术,能列举日常生活中与物联网相关的设备,学生要知道网络的结构、特征和发展过程，理解物联网的概念，认识与物联网相关的应用 （信息意识）。理解影响网络传输质量的基本因素，熟悉 TCP/IP 等协议的功能和作用，描述网络的拓扑结构，掌握使用基本网络命令查询联网状态、配置情况及发现故障的操作（计算思维）。理解网卡、交换机、路由器等网络设备的作用和工作原理，熟知常见的网络服务，能够根据任务特点选择恰当的网络服务，理解创新网络服务的意义，列举日常生活中与物联网相关的设备，描述其工作原理（数字化学习与创新）。形成积极、安全使用网络的观念，具备防范网络安全隐患的意识，能判断日常网络使用中不安全问题产生的原因，掌握构建个人安全网络环境的基本方法（信息,31,"{""min"": ""G10"", ""max"": ""G12""}",ai-reviewed,[],deterministic-screen-only,not-adjudicated,anchors/gaozhong-信息技术.jsonl:51
ca_6m5Xrrtu,信息技术,能判断日常网络使用中不安全问题产生的原因,学生要知道网络的结构、特征和发展过程，理解物联网的概念，认识与物联网相关的应用 （信息意识）。理解影响网络传输质量的基本因素，熟悉 TCP/IP 等协议的功能和作用，描述网络的拓扑结构，掌握使用基本网络命令查询联网状态、配置情况及发现故障的操作（计算思维）。理解网卡、交换机、路由器等网络设备的作用和工作原理，熟知常见的网络服务，能够根据任务特点选择恰当的网络服务，理解创新网络服务的意义，列举日常生活中与物联网相关的设备，描述其工作原理（数字化学习与创新）。形成积极、安全使用网络的观念，具备防范网络安全隐患的意识，能判断日常网络使用中不安全问题产生的原因，掌握构建个人安全网络环境的基本方法（信息,31,"{""min"": ""G10"", ""max"": ""G12""}",ai-reviewed,[],deterministic-screen-only,not-adjudicated,anchors/gaozhong-信息技术.jsonl:52
ca_LGpwbgmf,信息技术,能按照特定数据管理的需求，使用数据库管理系统建立关系数据库,学生能够确定学习和生活中的业务数据问题，能提出解决方案，评价其合理性、完整性以及分析方案优化或改进的可能性 （计算思维）。能认识有效管理与分析数据对获取有价值信息、形成正确决策的作用与意义，认识数据管理与分析技术对人类社会生活的重要影响；能在特定的信息情境中，根据业务数据问题解决的需要，利用多种途径采集与甄别数据 （信息意识）。能按照特定数据管理的需求，使用数据库管理系统建立关系数据库，会选用恰当的策略与方法，对数据进行管理（计算思维）。认识数据备份的重要性，能根据需要及时备份与还原数据，确保数据安全 （信息社会责任）。会采用适当的方法提取数据；能正确选用数据分析方法和工具，分析并解释数据（计算思维）。能根据需要，主动选用数字化工具开展自主或协作学习，创造性地解决问题（数字化学习与创新）。,33,"{""min"": ""G10"", ""max"": ""G12""}",ai-reviewed,[],deterministic-screen-only,not-adjudicated,anchors/gaozhong-信息技术.jsonl:53
ca_3pggvQeH,信息技术,会采用适当的方法提取数据,学生能够确定学习和生活中的业务数据问题，能提出解决方案，评价其合理性、完整性以及分析方案优化或改进的可能性 （计算思维）。能认识有效管理与分析数据对获取有价值信息、形成正确决策的作用与意义，认识数据管理与分析技术对人类社会生活的重要影响；能在特定的信息情境中，根据业务数据问题解决的需要，利用多种途径采集与甄别数据 （信息意识）。能按照特定数据管理的需求，使用数据库管理系统建立关系数据库，会选用恰当的策略与方法，对数据进行管理（计算思维）。认识数据备份的重要性，能根据需要及时备份与还原数据，确保数据安全 （信息社会责任）。会采用适当的方法提取数据；能正确选用数据分析方法和工具，分析并解释数据（计算思维）。能根据需要，主动选用数字化工具开展自主或协作学习，创造性地解决问题（数字化学习与创新）。,33,"{""min"": ""G10"", ""max"": ""G12""}",ai-reviewed,[],deterministic-screen-only,not-adjudicated,anchors/gaozhong-信息技术.jsonl:54
ca_bM9NQdDE,信息技术,能正确选用数据分析方法和工具,学生能够确定学习和生活中的业务数据问题，能提出解决方案，评价其合理性、完整性以及分析方案优化或改进的可能性 （计算思维）。能认识有效管理与分析数据对获取有价值信息、形成正确决策的作用与意义，认识数据管理与分析技术对人类社会生活的重要影响；能在特定的信息情境中，根据业务数据问题解决的需要，利用多种途径采集与甄别数据 （信息意识）。能按照特定数据管理的需求，使用数据库管理系统建立关系数据库，会选用恰当的策略与方法，对数据进行管理（计算思维）。认识数据备份的重要性，能根据需要及时备份与还原数据，确保数据安全 （信息社会责任）。会采用适当的方法提取数据；能正确选用数据分析方法和工具，分析并解释数据（计算思维）。能根据需要，主动选用数字化工具开展自主或协作学习，创造性地解决问题（数字化学习与创新）。,33,"{""min"": ""G10"", ""max"": ""G12""}",ai-reviewed,[],deterministic-screen-only,not-adjudicated,anchors/gaozhong-信息技术.jsonl:55
ca_kQFty6Zd,信息技术,能根据需要，主动选用数字化工具开展自主或协作学习，创造性地解决问题,学生能够确定学习和生活中的业务数据问题，能提出解决方案，评价其合理性、完整性以及分析方案优化或改进的可能性 （计算思维）。能认识有效管理与分析数据对获取有价值信息、形成正确决策的作用与意义，认识数据管理与分析技术对人类社会生活的重要影响；能在特定的信息情境中，根据业务数据问题解决的需要，利用多种途径采集与甄别数据 （信息意识）。能按照特定数据管理的需求，使用数据库管理系统建立关系数据库，会选用恰当的策略与方法，对数据进行管理（计算思维）。认识数据备份的重要性，能根据需要及时备份与还原数据，确保数据安全 （信息社会责任）。会采用适当的方法提取数据；能正确选用数据分析方法和工具，分析并解释数据（计算思维）。能根据需要，主动选用数字化工具开展自主或协作学习，创造性地解决问题（数字化学习与创新）。,33,"{""min"": ""G10"", ""max"": ""G12""}",ai-reviewed,[],deterministic-screen-only,not-adjudicated,anchors/gaozhong-信息技术.jsonl:56
ca_VJfwRDC2,信息技术,能描述人工智能的基本特征,学生能描述人工智能的基本特征，会利用开源人工智能应用框架，搭建简单智能系统（计算思维）。了解人工智能的新进展、新应用（如机器学习、自动翻译、人脸识别、自动驾驶等） ，并能适当运用在学习和生活中 （数字化学习与创新） 。了解人工智能的发展历程，能客观认识智能技术对社会生活的影响（信息意识、信息社会责,36,"{""min"": ""G10"", ""max"": ""G12""}",ai-reviewed,[],deterministic-screen-only,not-adjudicated,anchors/gaozhong-信息技术.jsonl:57
ca_2mVTrPT6,信息技术,会利用开源人工智能应用框架，搭建简单智能系统,学生能描述人工智能的基本特征，会利用开源人工智能应用框架，搭建简单智能系统（计算思维）。了解人工智能的新进展、新应用（如机器学习、自动翻译、人脸识别、自动驾驶等） ，并能适当运用在学习和生活中 （数字化学习与创新） 。了解人工智能的发展历程，能客观认识智能技术对社会生活的影响（信息意识、信息社会责,36,"{""min"": ""G10"", ""max"": ""G12""}",disputed,"[""A02""]",deterministic-screen-only,not-adjudicated,anchors/gaozhong-信息技术.jsonl:58
ca_7pXpUiBj,信息技术,能掌握三维设计中关于建模的基本知识与技能，加深模块化信息处理能力，并逐步延伸到系统化的信息处理能力,学生初步了解三维设计及相关技术的基础知识，形成三维设计及相关技术在当今社会有重要作用的认识 （信息意识）。掌握三维设计中关于建模的基本知识与技能，加深模块化信息处理能力，并逐步延伸到系统化的信息处理能力 （计算思维）。能够利用数字化环境查找学习资源，运用三维设计的思想、方法与技术进行创作与表达（数字化学习与创新）。通过学习中的交流和相互评价，理解知识产权对信息社会产生的影响，增强积极参与信息社会建设的意识，树立数字化环境下积极进取的态度（信息社会责任）。,38,"{""min"": ""G10"", ""max"": ""G12""}",disputed,"[""A02""]",deterministic-screen-only,not-adjudicated,anchors/gaozhong-信息技术.jsonl:59
ca_WYBdavC8,信息技术,能理解利用信息技术解决问题的基本思路与方法,学生能在信息技术环境下综合利用科学、技术、工程、人文艺术与数学学科的相关知识，理解利用信息技术解决问题的基本思路与方法，认识数字化工具在问题解决方案中的价值与作用（信息意识、数字化学习与创新）。知道基于开源硬件进行项目设计的一般流程，能将其应用于实际项目中，根据事物的特点进行一定的抽象，设计符合事物特性的系统；能利用各种材料、开源硬件与软件实现所设计的项目方案，能利用开源硬件的设计工具、编程语言实现外部数据的输入、处理，利用输出数据驱动执行装置的运行 （计算思维）。理解并自觉践行开源的理念与知识分享的精神，理解保护知识产权的意义（信息社会责任）。,41,"{""min"": ""G10"", ""max"": ""G12""}",ai-reviewed,[],deterministic-screen-only,not-adjudicated,anchors/gaozhong-信息技术.jsonl:60
ca_XBzRWrtz,信息技术,能设计符合事物特性的系统,学生能在信息技术环境下综合利用科学、技术、工程、人文艺术与数学学科的相关知识，理解利用信息技术解决问题的基本思路与方法，认识数字化工具在问题解决方案中的价值与作用（信息意识、数字化学习与创新）。知道基于开源硬件进行项目设计的一般流程，能将其应用于实际项目中，根据事物的特点进行一定的抽象，设计符合事物特性的系统；能利用各种材料、开源硬件与软件实现所设计的项目方案，能利用开源硬件的设计工具、编程语言实现外部数据的输入、处理，利用输出数据驱动执行装置的运行 （计算思维）。理解并自觉践行开源的理念与知识分享的精神，理解保护知识产权的意义（信息社会责任）。,41,"{""min"": ""G10"", ""max"": ""G12""}",disputed,"[""A02""]",deterministic-screen-only,not-adjudicated,anchors/gaozhong-信息技术.jsonl:61
ca_mnsvG8AV,信息技术,能够分析、描述实际问题,学生能了解算法的概念、基本要素和基本特征，能够分析、描述实际问题，能够用自然语言、伪代码、流程图等描述算法并利用符号语言将其形式化；初步掌握二叉树在搜索算法中的应用，掌握贪心、分治、动态规划、回溯等常见算法及其编程应用；掌握算法分析的一般方法和过程，能够计算算法的时空复杂度（计算思维、信息意识）。了解算法的优势和不足，能够负责任地应用算法并将算法思想迁移到实际生活和学习中（数字化学习与创新、信息社会责任） 。,43,"{""min"": ""G10"", ""max"": ""G12""}",disputed,"[""A02""]",deterministic-screen-only,not-adjudicated,anchors/gaozhong-信息技术.jsonl:62
ca_qgbL4qRW,信息技术,能够用自然语言、伪代码、流程图等描述算法并利用符号语言将其形式化,学生能了解算法的概念、基本要素和基本特征，能够分析、描述实际问题，能够用自然语言、伪代码、流程图等描述算法并利用符号语言将其形式化；初步掌握二叉树在搜索算法中的应用，掌握贪心、分治、动态规划、回溯等常见算法及其编程应用；掌握算法分析的一般方法和过程，能够计算算法的时空复杂度（计算思维、信息意识）。了解算法的优势和不足，能够负责任地应用算法并将算法思想迁移到实际生活和学习中（数字化学习与创新、信息社会责任） 。,43,"{""min"": ""G10"", ""max"": ""G12""}",ai-reviewed,[],deterministic-screen-only,not-adjudicated,anchors/gaozhong-信息技术.jsonl:63
ca_57cmGwsk,信息技术,能够负责任地应用算法并将算法思想迁移到实际生活和学习中,学生能了解算法的概念、基本要素和基本特征，能够分析、描述实际问题，能够用自然语言、伪代码、流程图等描述算法并利用符号语言将其形式化；初步掌握二叉树在搜索算法中的应用，掌握贪心、分治、动态规划、回溯等常见算法及其编程应用；掌握算法分析的一般方法和过程，能够计算算法的时空复杂度（计算思维、信息意识）。了解算法的优势和不足，能够负责任地应用算法并将算法思想迁移到实际生活和学习中（数字化学习与创新、信息社会责任） 。,43,"{""min"": ""G10"", ""max"": ""G12""}",ai-reviewed,[],deterministic-screen-only,not-adjudicated,anchors/gaozhong-信息技术.jsonl:64
ca_b5nzddJz,信息技术,能够基于移动终端的特点，利用图形化的设计开发工具,学生知道移动应用的特点，认识到信息社会中移动应用的价值（信息意识）。能够利用移动终端、选择恰当的移动应用进行学习，解决生活与学习中的问题，提升实践与创新能力 （数字化学习与创新）。能够基于移动终端的特点，利用图形化的设计开发工具，设计开发基于单台设备的移动应用；能够初步进行本地数据的存取和基于网络的数据传输，开发基于真实任务的简单移动应用，设计基于移动应用的问题解决方案（计算思维）。重视移动应用中的信息安全问题，初步掌握移动应用中的信息安全及个人数据保护的基本思想与相应技术方法（信息社会责任）。（一）学业质量内涵学业质量是学生在完成本学科课程学习后的学业成就表现。学业质量标准是以本学科核心素养及其表现水平为主要维度（见附录 1），结合课程内容，对学生学业成就表现的总体刻画。依据不同水平学业成就表现的关键特征，学业质量标准明确将学业质量划分为不同水平，并描述了不同水平学习结果的具体表现。（二）学业质量水平高中信息技术学业质量水平是根据问题情境的复杂程度，相关知识和技能的结构化程度，以及思维方式、探究模式或价值观的综合程度等进行划分的。高中信息技术学业质量水平一共有 4 级，每级水平主要表现为学生整合信息技术学科核心素养，在不同复杂程度的情境中运用各种重要概念、思维、方法和观念解决问题的关键特征。不同水平之间具有由低到高逐渐递进的关系。表 2 学业质量水平水平 质量描述1-1 依据一定的任务需求，比较不同信息获取方法的优劣，知道数据与信息的关系，确定合适的信息获取方法；认识人工智能在信息社会中的重要作用；对信息系统在人们生活、工作与学习中的重要作用有一定的认识；在信息系统应用过程中，能够判断系统可能存在的信息安全风险，了解规避风险的方法，对于信息系统在社会应用中的优势及局限性有一定的认识。1-2 针对典型的数据问题，利用软件工具或平台对数据进行整理、组织与计算，通过技术方法对数据进行保护；在数据分析的基础上，能利用合适的统计图表呈现数据分析结果；依据解决问题的需要设计算法，采用流程图的方式描述算法，掌握一种程序设计语言的基本知识，能编写简单程序用以解决问题；了解人工智能技术；通过分析简单的信息系统，知道计算机、移动终端与软件的作用，了解信息系统与外部世界的连接方式，以及网络接入方式、带宽等影响信息系统运行的因素，知道网络应用软件的1-3 了解数字化学习的基本方法，对信息系统在完成学习任务中的作用有一定的认识，能利用信息系统进行协作学习；能对学习过程中所使用的资源与工具进行初步评估；针对特定的问题，能运用合适的数字化工具进行信息处理。1-4 通过分析典型的信息安全问题，认识在人类信息活动中运用法律法规与伦理道德准则进行约束、管理与调节的必要性；在信息系统应用过程中，能识别和抵制不良行为；具有保护信息安全、尊重知识产权的意识，能自觉遵守相关法律法规和伦理道德准则，具备防治计算机病毒的基本能力；不随意泄露个人信息或获取他人隐私。2-1 依据不同的任务需求，自觉、主动地比较不同的信息源，确定合适的信息获取策略，明晰数据与信息的关系；认识信息系统对人们生活、工作与学习的重要性，在信息系统构建与应用的过程中，能够利用已有经验判断系统可能存在的信息安全风险，主动运用规避风险的思想2-2 对于日常生活中常见的问题，利用软件工具或平台准确而有序地对数据进行整理、组织、计算与呈现，并妥善做好数据保护；在对数据进行综合分析的基础上，撰写解决问题的分析报告；依据问题解决的需要设计算法，运用算法描述方法和三种控制结构合理表示算法，利用一种水平 质量描述程序设计语言实现简单算法，解决问题；通过构建简单的信息系统，知道信息系统的组成与功能，描述计算机、移动终端与软件的作用，能借助工具或平台开发网络应用软件。2-3 掌握一定的信息系统应用策略，善于利用信息系统自主学习与协作学习，深入理解信息系统在完成任务中的作用；在解决生活和学习中的问题时，能评估常见的数字化资源与工具对特定学习任务的价值，对其作出合理的选择；针对不同的问题，采用自主或协作方式，运用合适的数字化工具进行信息加工与处理，进而建构知识、表达思想、2-4 通过使用信息系统，理解人类信息活动需要信息法律法规、伦理道德进行管理与调节，自觉抵制不良的信息系统操作行为，利用信息安全防范的常用技术方法维护信息系统应用环境，有较强的知识产权保护意识；在与他人进行信息交流时，能有效保护个人或他人的隐私；区分虚拟社会与现实社会身份的差别，能在虚拟社会中与其他成员安全、负责任地交流；对信息系统在社会应用中的优势及局限性有较深刻的认识。3-1 了解数据管理和分析的基本过程与方法，认识数据的有效管理与处理对于提高信息价值的重要意义，能够按照给出的数据分析方法分析数据并进行可视化呈现，提取有用信息，形成结论；知道数据结构对于数据处理的重要性，能够辨别简单的基于线性表的程序设计中的数据组织形式，描述数据的逻辑结构、存储结构和运算；初步认识数据在网络中的传输过程，知道网络的结构、特征和发展过程，了解影响网络传输质量的基本因素；能配置相关参数、构建简单的网络应用环境，具有较强的网络安全意识；理解物联网的概念，认识与物联网相关的应用。3-2 能够针对特定的业务问题，利用数据管理与分析技术，对既定方案进行评估，发现问题；能够描述数据、数据结构及其相关概念，说明数据对信息社会的重要性；能够针对模型较为直观的实际问题，合理选用字符串、队列、栈等数据结构组织、存储数据，并能运用排序、查找、迭代、递归等算法编程解决问题；能根据业务逻辑的需要，设计利用数据库解决某一具体数据管理与分析问题的方案；能根据具体的数据分析要求提取数据，利用数据分析工具分析数据，并能解释和呈现结果；知道网络服务与相应的应用协议之间的关系，了解 TCP/IP 协议的功能和作用，认识网络的拓扑结构，能使用基本网络命令查询联网信息。水平 质量描述3-3 对信息系统中常用的网络连接方式有一定的认识，理解网卡、交换机、路由器等网络设备的作用和工作原理；理解数据管理与分析系统或工具在完成任务中的作用，能够基于学习中的数据管理与分析任务进行自主或协作探究。3-4 能针对数据分析案例，认识数据准确性和可靠性的重要作用；有数据备份与还原意识，能按照要求进行数据备份与还原；构建个人网络环境时，会运用基本的安全防护方法，对于日常网络使用中的安全问题具备基本的判断能力，具有安全使用网络的观念。4-1 掌握数据管理和分析的基本过程与方法；能够根据特定问题解决的需要，在较为复杂的信息情境中，利用多种途径对数据进行采集和分类；认识数据的准确性、可靠性、真伪性对解决数据业务问题的关键作用，并能对此进行评估；能够甄别不同的数据分析与表达方法的优劣，选用合适的方法对数据进行分析与可视化表达，提取有用信息，形成结论；能够评判线性表等数据结构使用的合理性；了解数据在网络中的传输过程，理解影响网络传输质量的基本因素，具有较强的防范网络安全4-2 能够针对学习和生活中的特定数据业务问题，运用系统思想和结构化思维，对数据业务进行需求分析和问题求解，提出明确的数据管理与分析解决方案并进行优化；能够针对模型较为隐蔽的实际问题进行数据抽象，运用线性表等数据结构合理组织、存储数据，选择合适的算法编程实现，解决问题；能够根据现实问题解决的需要，利用迭代的思想，对数据业务问题的解决方案进行一定程度的优化分析，并能评价其合理性、完整性，分析方案优化或改进的可能性；能够根据业务逻辑的需要，设计利用数据库解决某一具体数据管理与分析问题的方案，并通过实施这一方案验证其有效性；能根据不同的数据分析要求，采用合适的方法提取数据，运用适当的数据分析工具分析数据，并能对分析结果进行合理解释和恰当呈现；理解不同的网络服务与传输协议的关系；熟悉TCP/IP 等协议的主要功能和作用，描述网络的拓扑结构，掌握使用基本网络命令查询联网信息、配置网络的基本方法。水平 质量描述4-3 对于信息系统中的网络连接方式有比较完整的认识，能够判断与处理网络连接过程中出现的常见问题；能列举日常生活中与物联网相关的设备，描述其工作原理；能够运用数据管理与分析技术完成任务，并在此过程中进行自主或协作探究；能够评估常见的数字化资源与工具对学习支持的价值，根据需要合理选择；在数字化学习环境中具有贡献和分享的意识和行动，能够尝试制作数字化学习资源并利用网络来分享。4-4 能根据数据分析的目的和意图，判断数据分析任务的复杂性和多样性，并选用合适的数据分析与可视化方法和工具，提高数据的识别度，使之更符合受众需求；具有数据备份与还原意识，能正确评估各种备份机制的特点，能根据需要及时备份与还原数据，确保数据安全；掌握构建个人安全用网环境的基本方法，具备判断日常网络使用中不安全问题产生的原因和应对网络安全问题的能力，具有较强的网络安全意识，形成积极、安全使用网络的观念。（三）学业质量水平与考试评价的关系高中信息技术学业质量标准是阶段性评价、学业水平合格性考试和学业水平等级性考试命题的重要依据。学业质量水平 2 是高中毕业生在本学科应该达到的合格要求。学业质量水平 4 是学业水平等级性考试的命题依据。本次课程标准修订后，信息技术课程的结构有所调整，内容得以充实，内涵更加丰富，育人价值得到进一步提升。各地教育行政部门、教育教研机构、普通高中学校及信息技术教师应充分认识信息技术课程在整个高中课程体系中的重要地位和特殊价值，在课程宣传、教学设施设备保障、教师队伍建设及教学教研指导等方面，充分发挥各自的引领、主导、主力作用，有效落实高中信息技术课（一）教学与评价建议,46,"{""min"": ""G10"", ""max"": ""G12""}",disputed,"[""A02""]",deterministic-screen-only,not-adjudicated,anchors/gaozhong-信息技术.jsonl:65
ca_DTusjAbU,信息技术,能设计基于移动应用的问题解决方案,学生知道移动应用的特点，认识到信息社会中移动应用的价值（信息意识）。能够利用移动终端、选择恰当的移动应用进行学习，解决生活与学习中的问题，提升实践与创新能力 （数字化学习与创新）。能够基于移动终端的特点，利用图形化的设计开发工具，设计开发基于单台设备的移动应用；能够初步进行本地数据的存取和基于网络的数据传输，开发基于真实任务的简单移动应用，设计基于移动应用的问题解决方案（计算思维）。重视移动应用中的信息安全问题，初步掌握移动应用中的信息安全及个人数据保护的基本思想与相应技术方法（信息社会责任）。（一）学业质量内涵学业质量是学生在完成本学科课程学习后的学业成就表现。学业质量标准是以本学科核心素养及其表现水平为主要维度（见附录 1），结合课程内容，对学生学业成就表现的总体刻画。依据不同水平学业成就表现的关键特征，学业质量标准明确将学业质量划分为不同水平，并描述了不同水平学习结果的具体表现。（二）学业质量水平高中信息技术学业质量水平是根据问题情境的复杂程度，相关知识和技能的结构化程度，以及思维方式、探究模式或价值观的综合程度等进行划分的。高中信息技术学业质量水平一共有 4 级，每级水平主要表现为学生整合信息技术学科核心素养，在不同复杂程度的情境中运用各种重要概念、思维、方法和观念解决问题的关键特征。不同水平之间具有由低到高逐渐递进的关系。表 2 学业质量水平水平 质量描述1-1 依据一定的任务需求，比较不同信息获取方法的优劣，知道数据与信息的关系，确定合适的信息获取方法；认识人工智能在信息社会中的重要作用；对信息系统在人们生活、工作与学习中的重要作用有一定的认识；在信息系统应用过程中，能够判断系统可能存在的信息安全风险，了解规避风险的方法，对于信息系统在社会应用中的优势及局限性有一定的认识。1-2 针对典型的数据问题，利用软件工具或平台对数据进行整理、组织与计算，通过技术方法对数据进行保护；在数据分析的基础上，能利用合适的统计图表呈现数据分析结果；依据解决问题的需要设计算法，采用流程图的方式描述算法，掌握一种程序设计语言的基本知识，能编写简单程序用以解决问题；了解人工智能技术；通过分析简单的信息系统，知道计算机、移动终端与软件的作用，了解信息系统与外部世界的连接方式，以及网络接入方式、带宽等影响信息系统运行的因素，知道网络应用软件的1-3 了解数字化学习的基本方法，对信息系统在完成学习任务中的作用有一定的认识，能利用信息系统进行协作学习；能对学习过程中所使用的资源与工具进行初步评估；针对特定的问题，能运用合适的数字化工具进行信息处理。1-4 通过分析典型的信息安全问题，认识在人类信息活动中运用法律法规与伦理道德准则进行约束、管理与调节的必要性；在信息系统应用过程中，能识别和抵制不良行为；具有保护信息安全、尊重知识产权的意识，能自觉遵守相关法律法规和伦理道德准则，具备防治计算机病毒的基本能力；不随意泄露个人信息或获取他人隐私。2-1 依据不同的任务需求，自觉、主动地比较不同的信息源，确定合适的信息获取策略，明晰数据与信息的关系；认识信息系统对人们生活、工作与学习的重要性，在信息系统构建与应用的过程中，能够利用已有经验判断系统可能存在的信息安全风险，主动运用规避风险的思想2-2 对于日常生活中常见的问题，利用软件工具或平台准确而有序地对数据进行整理、组织、计算与呈现，并妥善做好数据保护；在对数据进行综合分析的基础上，撰写解决问题的分析报告；依据问题解决的需要设计算法，运用算法描述方法和三种控制结构合理表示算法，利用一种水平 质量描述程序设计语言实现简单算法，解决问题；通过构建简单的信息系统，知道信息系统的组成与功能，描述计算机、移动终端与软件的作用，能借助工具或平台开发网络应用软件。2-3 掌握一定的信息系统应用策略，善于利用信息系统自主学习与协作学习，深入理解信息系统在完成任务中的作用；在解决生活和学习中的问题时，能评估常见的数字化资源与工具对特定学习任务的价值，对其作出合理的选择；针对不同的问题，采用自主或协作方式，运用合适的数字化工具进行信息加工与处理，进而建构知识、表达思想、2-4 通过使用信息系统，理解人类信息活动需要信息法律法规、伦理道德进行管理与调节，自觉抵制不良的信息系统操作行为，利用信息安全防范的常用技术方法维护信息系统应用环境，有较强的知识产权保护意识；在与他人进行信息交流时，能有效保护个人或他人的隐私；区分虚拟社会与现实社会身份的差别，能在虚拟社会中与其他成员安全、负责任地交流；对信息系统在社会应用中的优势及局限性有较深刻的认识。3-1 了解数据管理和分析的基本过程与方法，认识数据的有效管理与处理对于提高信息价值的重要意义，能够按照给出的数据分析方法分析数据并进行可视化呈现，提取有用信息，形成结论；知道数据结构对于数据处理的重要性，能够辨别简单的基于线性表的程序设计中的数据组织形式，描述数据的逻辑结构、存储结构和运算；初步认识数据在网络中的传输过程，知道网络的结构、特征和发展过程，了解影响网络传输质量的基本因素；能配置相关参数、构建简单的网络应用环境，具有较强的网络安全意识；理解物联网的概念，认识与物联网相关的应用。3-2 能够针对特定的业务问题，利用数据管理与分析技术，对既定方案进行评估，发现问题；能够描述数据、数据结构及其相关概念，说明数据对信息社会的重要性；能够针对模型较为直观的实际问题，合理选用字符串、队列、栈等数据结构组织、存储数据，并能运用排序、查找、迭代、递归等算法编程解决问题；能根据业务逻辑的需要，设计利用数据库解决某一具体数据管理与分析问题的方案；能根据具体的数据分析要求提取数据，利用数据分析工具分析数据，并能解释和呈现结果；知道网络服务与相应的应用协议之间的关系，了解 TCP/IP 协议的功能和作用，认识网络的拓扑结构，能使用基本网络命令查询联网信息。水平 质量描述3-3 对信息系统中常用的网络连接方式有一定的认识，理解网卡、交换机、路由器等网络设备的作用和工作原理；理解数据管理与分析系统或工具在完成任务中的作用，能够基于学习中的数据管理与分析任务进行自主或协作探究。3-4 能针对数据分析案例，认识数据准确性和可靠性的重要作用；有数据备份与还原意识，能按照要求进行数据备份与还原；构建个人网络环境时，会运用基本的安全防护方法，对于日常网络使用中的安全问题具备基本的判断能力，具有安全使用网络的观念。4-1 掌握数据管理和分析的基本过程与方法；能够根据特定问题解决的需要，在较为复杂的信息情境中，利用多种途径对数据进行采集和分类；认识数据的准确性、可靠性、真伪性对解决数据业务问题的关键作用，并能对此进行评估；能够甄别不同的数据分析与表达方法的优劣，选用合适的方法对数据进行分析与可视化表达，提取有用信息，形成结论；能够评判线性表等数据结构使用的合理性；了解数据在网络中的传输过程，理解影响网络传输质量的基本因素，具有较强的防范网络安全4-2 能够针对学习和生活中的特定数据业务问题，运用系统思想和结构化思维，对数据业务进行需求分析和问题求解，提出明确的数据管理与分析解决方案并进行优化；能够针对模型较为隐蔽的实际问题进行数据抽象，运用线性表等数据结构合理组织、存储数据，选择合适的算法编程实现，解决问题；能够根据现实问题解决的需要，利用迭代的思想，对数据业务问题的解决方案进行一定程度的优化分析，并能评价其合理性、完整性，分析方案优化或改进的可能性；能够根据业务逻辑的需要，设计利用数据库解决某一具体数据管理与分析问题的方案，并通过实施这一方案验证其有效性；能根据不同的数据分析要求，采用合适的方法提取数据，运用适当的数据分析工具分析数据，并能对分析结果进行合理解释和恰当呈现；理解不同的网络服务与传输协议的关系；熟悉TCP/IP 等协议的主要功能和作用，描述网络的拓扑结构，掌握使用基本网络命令查询联网信息、配置网络的基本方法。水平 质量描述4-3 对于信息系统中的网络连接方式有比较完整的认识，能够判断与处理网络连接过程中出现的常见问题；能列举日常生活中与物联网相关的设备，描述其工作原理；能够运用数据管理与分析技术完成任务，并在此过程中进行自主或协作探究；能够评估常见的数字化资源与工具对学习支持的价值，根据需要合理选择；在数字化学习环境中具有贡献和分享的意识和行动，能够尝试制作数字化学习资源并利用网络来分享。4-4 能根据数据分析的目的和意图，判断数据分析任务的复杂性和多样性，并选用合适的数据分析与可视化方法和工具，提高数据的识别度，使之更符合受众需求；具有数据备份与还原意识，能正确评估各种备份机制的特点，能根据需要及时备份与还原数据，确保数据安全；掌握构建个人安全用网环境的基本方法，具备判断日常网络使用中不安全问题产生的原因和应对网络安全问题的能力，具有较强的网络安全意识，形成积极、安全使用网络的观念。（三）学业质量水平与考试评价的关系高中信息技术学业质量标准是阶段性评价、学业水平合格性考试和学业水平等级性考试命题的重要依据。学业质量水平 2 是高中毕业生在本学科应该达到的合格要求。学业质量水平 4 是学业水平等级性考试的命题依据。本次课程标准修订后，信息技术课程的结构有所调整，内容得以充实，内涵更加丰富，育人价值得到进一步提升。各地教育行政部门、教育教研机构、普通高中学校及信息技术教师应充分认识信息技术课程在整个高中课程体系中的重要地位和特殊价值，在课程宣传、教学设施设备保障、教师队伍建设及教学教研指导等方面，充分发挥各自的引领、主导、主力作用，有效落实高中信息技术课（一）教学与评价建议,46,"{""min"": ""G10"", ""max"": ""G12""}",ai-reviewed,[],deterministic-screen-only,not-adjudicated,anchors/gaozhong-信息技术.jsonl:66
ca_5KZdFAPw,信息技术,能运用一定的数字化学习策略管理学习过程与资源，完成学习任务，创作作品,单算法。通过解决实际问题，体验程序设计的基本流程，感受算法的效率，掌握程序调试与运行的方法。输入和输出语句，赋值语句，选择结构语句，基本数据类型，常用系统函数，算术、关系和逻辑基本运算及表达式。①  根据不同受众的特征，能选择恰当的方式进行有效的交流。 （信②  针对给定的任务进行需求分析，明确需要解决的关键问题。 （计③  运用基本算法设计解决问题的方案，能使用编程语言或其他数字化工具实现这一方案。 （计算思维）④  针对特定的学习任务，运用一定的数字化学习策略管理学习过程与资源，完成学习任务，创作作品。 （数字化学习与创新）⑤   在信息交流或合作中，尊重不同的信息文化，积极、主动地融入到信息社会中。 （信息社会责任）实施环节 活动内容 阶段目标 学科核心素养教师展示基于真实情境的程序设计作品（必须包含有选择结构语句 ，并且能在程序中恰当地运用选择结构语句解决问学生欣赏程序设计作品，构思利用文字处理软件、演示文稿制作软件等，形成项目设计的初步学生汇报、展示自己设计的项教师从项目成果、呈现方式、实现技术等角度，提出项目调在一定范围内展示、交流自己的学生根据自拟项目方案实施项目，结合项目需要，利用教师提供的资源，开展新知识的学习，最终解决问题。教师事先搭建好数字化学习的平台，并为学生个性化的学习需求提供指导。进一步熟悉编程环境，能根据算法，合理运用变量 、赋值语句 、常见系统函数及顺序、选择结构语句编写代码 ，调试程序直至正组织学生通过数字化平台提交作品及相关文档（设计思想、技术文档、交流文稿等） ，开展项目成果的交流与评价，并选择典型成果进行课堂展示和撰写项目成果的相关文档 ，有效组织需要的材料并正确提交 ；在撰写交流文稿时开展自我评价 ，在网络中开展互（3）重构课堂教学组织方式，加强学生探究性学习在项目学习、特别是开放性项目学习的过程中，学生是项目的设计者、实施者和项目成果的推介者，教师是学生项目设计和实施过程中的引领者和咨询者。在教学中，教师应淡化知识的单一讲解，鼓励学生通过自主探究解决项目中的问题，在解决问题的过程中整合知识学习，促进思维发展。教师要从“学会操作”的课堂价值取向转向“形成学科核心素养”的价值诉求，引导学生从实际生活中发现项目素材，培养学生的信息意识；在“尝试→验证→修正”的“试错”过程中，发展学生的计算思维；引导学生从自主寻求项目实施所需知识和技能的过程中形成数字化学习与创新能力；在项目成果的推介交流中，提升信息社会责任。项目的开放性及解决方案的多样性，既能调动学生学习的积极性，激发学习兴趣，也能引发更多的生成性问题。在项目活动中，教师可以根据学生学习的需要，采用个性化教学的指导方式，既为学生提供自由创作的空间，又确保学生的个性化问题得到及时支持与解决。建议教师创建网络学习空间，通过知识详解、范例创作、常见问题答疑等，帮助学生解决一般性问题。通过组建互助小组，引导学生在交流互助中共同提升思维与能力，甚至可以将合作互助行为纳入评价范畴，引导学生开展更深入的交流合作。（4）创设数字化学习环境，为学生提供丰富的课程资源为促进学生学科核心素养的发展，教师在充分利用真实情境的教学活动空间时，也应通过信息技术帮助学生创设个人虚拟的网络活动空间，形成应用便捷、资源丰富、内容可靠、环境安全的数字化学习环境。现实空间与虚拟空间的结合，有助于改善学生的学习方式，激发学生的探究欲望，与此同时，也丰富了教师的教学手段，拓宽了师生互动交流的渠道。学生在亲历数字化学习的过程中，体验数字化环境对教育发展的影响，促进终身学习习惯的养成。“互联网＋”正在深刻影响着社会各个领域的行业生态。在教学过程中，教师可围绕学科核心素养，通过互联网构建可持续发展的学习资源建设规划，将学生项目学习中的生成性资源转化为后续学习资源，引导学生成为资源的使用者和建设者，促进学生在信息意识、计算思维、数字化学习与创新、信息社会责任等学科核心素养方面的全面发展。,54,"{""min"": ""G10"", ""max"": ""G12""}",disputed,"[""A02""]",deterministic-screen-only,not-adjudicated,anchors/gaozhong-信息技术.jsonl:67
ca_4veYPnRK,信息技术,能在撰写交流文稿时开展自我评价 ，在网络中开展互,单算法。通过解决实际问题，体验程序设计的基本流程，感受算法的效率，掌握程序调试与运行的方法。输入和输出语句，赋值语句，选择结构语句，基本数据类型，常用系统函数，算术、关系和逻辑基本运算及表达式。①  根据不同受众的特征，能选择恰当的方式进行有效的交流。 （信②  针对给定的任务进行需求分析，明确需要解决的关键问题。 （计③  运用基本算法设计解决问题的方案，能使用编程语言或其他数字化工具实现这一方案。 （计算思维）④  针对特定的学习任务，运用一定的数字化学习策略管理学习过程与资源，完成学习任务，创作作品。 （数字化学习与创新）⑤   在信息交流或合作中，尊重不同的信息文化，积极、主动地融入到信息社会中。 （信息社会责任）实施环节 活动内容 阶段目标 学科核心素养教师展示基于真实情境的程序设计作品（必须包含有选择结构语句 ，并且能在程序中恰当地运用选择结构语句解决问学生欣赏程序设计作品，构思利用文字处理软件、演示文稿制作软件等，形成项目设计的初步学生汇报、展示自己设计的项教师从项目成果、呈现方式、实现技术等角度，提出项目调在一定范围内展示、交流自己的学生根据自拟项目方案实施项目，结合项目需要，利用教师提供的资源，开展新知识的学习，最终解决问题。教师事先搭建好数字化学习的平台，并为学生个性化的学习需求提供指导。进一步熟悉编程环境，能根据算法，合理运用变量 、赋值语句 、常见系统函数及顺序、选择结构语句编写代码 ，调试程序直至正组织学生通过数字化平台提交作品及相关文档（设计思想、技术文档、交流文稿等） ，开展项目成果的交流与评价，并选择典型成果进行课堂展示和撰写项目成果的相关文档 ，有效组织需要的材料并正确提交 ；在撰写交流文稿时开展自我评价 ，在网络中开展互（3）重构课堂教学组织方式，加强学生探究性学习在项目学习、特别是开放性项目学习的过程中，学生是项目的设计者、实施者和项目成果的推介者，教师是学生项目设计和实施过程中的引领者和咨询者。在教学中，教师应淡化知识的单一讲解，鼓励学生通过自主探究解决项目中的问题，在解决问题的过程中整合知识学习，促进思维发展。教师要从“学会操作”的课堂价值取向转向“形成学科核心素养”的价值诉求，引导学生从实际生活中发现项目素材，培养学生的信息意识；在“尝试→验证→修正”的“试错”过程中，发展学生的计算思维；引导学生从自主寻求项目实施所需知识和技能的过程中形成数字化学习与创新能力；在项目成果的推介交流中，提升信息社会责任。项目的开放性及解决方案的多样性，既能调动学生学习的积极性，激发学习兴趣，也能引发更多的生成性问题。在项目活动中，教师可以根据学生学习的需要，采用个性化教学的指导方式，既为学生提供自由创作的空间，又确保学生的个性化问题得到及时支持与解决。建议教师创建网络学习空间，通过知识详解、范例创作、常见问题答疑等，帮助学生解决一般性问题。通过组建互助小组，引导学生在交流互助中共同提升思维与能力，甚至可以将合作互助行为纳入评价范畴，引导学生开展更深入的交流合作。（4）创设数字化学习环境，为学生提供丰富的课程资源为促进学生学科核心素养的发展，教师在充分利用真实情境的教学活动空间时，也应通过信息技术帮助学生创设个人虚拟的网络活动空间，形成应用便捷、资源丰富、内容可靠、环境安全的数字化学习环境。现实空间与虚拟空间的结合，有助于改善学生的学习方式，激发学生的探究欲望，与此同时，也丰富了教师的教学手段，拓宽了师生互动交流的渠道。学生在亲历数字化学习的过程中，体验数字化环境对教育发展的影响，促进终身学习习惯的养成。“互联网＋”正在深刻影响着社会各个领域的行业生态。在教学过程中，教师可围绕学科核心素养，通过互联网构建可持续发展的学习资源建设规划，将学生项目学习中的生成性资源转化为后续学习资源，引导学生成为资源的使用者和建设者，促进学生在信息意识、计算思维、数字化学习与创新、信息社会责任等学科核心素养方面的全面发展。,54,"{""min"": ""G10"", ""max"": ""G12""}",disputed,"[""A02""]",deterministic-screen-only,not-adjudicated,anchors/gaozhong-信息技术.jsonl:68
ca_VW66vhDF,信息技术,"能在""尝试→验证→修正""的""试错""过程中，发展学生的计算思维",单算法。通过解决实际问题，体验程序设计的基本流程，感受算法的效率，掌握程序调试与运行的方法。输入和输出语句，赋值语句，选择结构语句，基本数据类型，常用系统函数，算术、关系和逻辑基本运算及表达式。①  根据不同受众的特征，能选择恰当的方式进行有效的交流。 （信②  针对给定的任务进行需求分析，明确需要解决的关键问题。 （计③  运用基本算法设计解决问题的方案，能使用编程语言或其他数字化工具实现这一方案。 （计算思维）④  针对特定的学习任务，运用一定的数字化学习策略管理学习过程与资源，完成学习任务，创作作品。 （数字化学习与创新）⑤   在信息交流或合作中，尊重不同的信息文化，积极、主动地融入到信息社会中。 （信息社会责任）实施环节 活动内容 阶段目标 学科核心素养教师展示基于真实情境的程序设计作品（必须包含有选择结构语句 ，并且能在程序中恰当地运用选择结构语句解决问学生欣赏程序设计作品，构思利用文字处理软件、演示文稿制作软件等，形成项目设计的初步学生汇报、展示自己设计的项教师从项目成果、呈现方式、实现技术等角度，提出项目调在一定范围内展示、交流自己的学生根据自拟项目方案实施项目，结合项目需要，利用教师提供的资源，开展新知识的学习，最终解决问题。教师事先搭建好数字化学习的平台，并为学生个性化的学习需求提供指导。进一步熟悉编程环境，能根据算法，合理运用变量 、赋值语句 、常见系统函数及顺序、选择结构语句编写代码 ，调试程序直至正组织学生通过数字化平台提交作品及相关文档（设计思想、技术文档、交流文稿等） ，开展项目成果的交流与评价，并选择典型成果进行课堂展示和撰写项目成果的相关文档 ，有效组织需要的材料并正确提交 ；在撰写交流文稿时开展自我评价 ，在网络中开展互（3）重构课堂教学组织方式，加强学生探究性学习在项目学习、特别是开放性项目学习的过程中，学生是项目的设计者、实施者和项目成果的推介者，教师是学生项目设计和实施过程中的引领者和咨询者。在教学中，教师应淡化知识的单一讲解，鼓励学生通过自主探究解决项目中的问题，在解决问题的过程中整合知识学习，促进思维发展。教师要从“学会操作”的课堂价值取向转向“形成学科核心素养”的价值诉求，引导学生从实际生活中发现项目素材，培养学生的信息意识；在“尝试→验证→修正”的“试错”过程中，发展学生的计算思维；引导学生从自主寻求项目实施所需知识和技能的过程中形成数字化学习与创新能力；在项目成果的推介交流中，提升信息社会责任。项目的开放性及解决方案的多样性，既能调动学生学习的积极性，激发学习兴趣，也能引发更多的生成性问题。在项目活动中，教师可以根据学生学习的需要，采用个性化教学的指导方式，既为学生提供自由创作的空间，又确保学生的个性化问题得到及时支持与解决。建议教师创建网络学习空间，通过知识详解、范例创作、常见问题答疑等，帮助学生解决一般性问题。通过组建互助小组，引导学生在交流互助中共同提升思维与能力，甚至可以将合作互助行为纳入评价范畴，引导学生开展更深入的交流合作。（4）创设数字化学习环境，为学生提供丰富的课程资源为促进学生学科核心素养的发展，教师在充分利用真实情境的教学活动空间时，也应通过信息技术帮助学生创设个人虚拟的网络活动空间，形成应用便捷、资源丰富、内容可靠、环境安全的数字化学习环境。现实空间与虚拟空间的结合，有助于改善学生的学习方式，激发学生的探究欲望，与此同时，也丰富了教师的教学手段，拓宽了师生互动交流的渠道。学生在亲历数字化学习的过程中，体验数字化环境对教育发展的影响，促进终身学习习惯的养成。“互联网＋”正在深刻影响着社会各个领域的行业生态。在教学过程中，教师可围绕学科核心素养，通过互联网构建可持续发展的学习资源建设规划，将学生项目学习中的生成性资源转化为后续学习资源，引导学生成为资源的使用者和建设者，促进学生在信息意识、计算思维、数字化学习与创新、信息社会责任等学科核心素养方面的全面发展。,54,"{""min"": ""G10"", ""max"": ""G12""}",disputed,"[""A02""]",deterministic-screen-only,not-adjudicated,anchors/gaozhong-信息技术.jsonl:69
ca_WCUxQ7JY,信息技术,能在项目成果的推介交流中，提升信息社会责任,单算法。通过解决实际问题，体验程序设计的基本流程，感受算法的效率，掌握程序调试与运行的方法。输入和输出语句，赋值语句，选择结构语句，基本数据类型，常用系统函数，算术、关系和逻辑基本运算及表达式。①  根据不同受众的特征，能选择恰当的方式进行有效的交流。 （信②  针对给定的任务进行需求分析，明确需要解决的关键问题。 （计③  运用基本算法设计解决问题的方案，能使用编程语言或其他数字化工具实现这一方案。 （计算思维）④  针对特定的学习任务，运用一定的数字化学习策略管理学习过程与资源，完成学习任务，创作作品。 （数字化学习与创新）⑤   在信息交流或合作中，尊重不同的信息文化，积极、主动地融入到信息社会中。 （信息社会责任）实施环节 活动内容 阶段目标 学科核心素养教师展示基于真实情境的程序设计作品（必须包含有选择结构语句 ，并且能在程序中恰当地运用选择结构语句解决问学生欣赏程序设计作品，构思利用文字处理软件、演示文稿制作软件等，形成项目设计的初步学生汇报、展示自己设计的项教师从项目成果、呈现方式、实现技术等角度，提出项目调在一定范围内展示、交流自己的学生根据自拟项目方案实施项目，结合项目需要，利用教师提供的资源，开展新知识的学习，最终解决问题。教师事先搭建好数字化学习的平台，并为学生个性化的学习需求提供指导。进一步熟悉编程环境，能根据算法，合理运用变量 、赋值语句 、常见系统函数及顺序、选择结构语句编写代码 ，调试程序直至正组织学生通过数字化平台提交作品及相关文档（设计思想、技术文档、交流文稿等） ，开展项目成果的交流与评价，并选择典型成果进行课堂展示和撰写项目成果的相关文档 ，有效组织需要的材料并正确提交 ；在撰写交流文稿时开展自我评价 ，在网络中开展互（3）重构课堂教学组织方式，加强学生探究性学习在项目学习、特别是开放性项目学习的过程中，学生是项目的设计者、实施者和项目成果的推介者，教师是学生项目设计和实施过程中的引领者和咨询者。在教学中，教师应淡化知识的单一讲解，鼓励学生通过自主探究解决项目中的问题，在解决问题的过程中整合知识学习，促进思维发展。教师要从“学会操作”的课堂价值取向转向“形成学科核心素养”的价值诉求，引导学生从实际生活中发现项目素材，培养学生的信息意识；在“尝试→验证→修正”的“试错”过程中，发展学生的计算思维；引导学生从自主寻求项目实施所需知识和技能的过程中形成数字化学习与创新能力；在项目成果的推介交流中，提升信息社会责任。项目的开放性及解决方案的多样性，既能调动学生学习的积极性，激发学习兴趣，也能引发更多的生成性问题。在项目活动中，教师可以根据学生学习的需要，采用个性化教学的指导方式，既为学生提供自由创作的空间，又确保学生的个性化问题得到及时支持与解决。建议教师创建网络学习空间，通过知识详解、范例创作、常见问题答疑等，帮助学生解决一般性问题。通过组建互助小组，引导学生在交流互助中共同提升思维与能力，甚至可以将合作互助行为纳入评价范畴，引导学生开展更深入的交流合作。（4）创设数字化学习环境，为学生提供丰富的课程资源为促进学生学科核心素养的发展，教师在充分利用真实情境的教学活动空间时，也应通过信息技术帮助学生创设个人虚拟的网络活动空间，形成应用便捷、资源丰富、内容可靠、环境安全的数字化学习环境。现实空间与虚拟空间的结合，有助于改善学生的学习方式，激发学生的探究欲望，与此同时，也丰富了教师的教学手段，拓宽了师生互动交流的渠道。学生在亲历数字化学习的过程中，体验数字化环境对教育发展的影响，促进终身学习习惯的养成。“互联网＋”正在深刻影响着社会各个领域的行业生态。在教学过程中，教师可围绕学科核心素养，通过互联网构建可持续发展的学习资源建设规划，将学生项目学习中的生成性资源转化为后续学习资源，引导学生成为资源的使用者和建设者，促进学生在信息意识、计算思维、数字化学习与创新、信息社会责任等学科核心素养方面的全面发展。,54,"{""min"": ""G10"", ""max"": ""G12""}",disputed,"[""A02""]",deterministic-screen-only,not-adjudicated,anchors/gaozhong-信息技术.jsonl:70
ca_Fgv7WwJm,信息技术,能依据一定的任务需求，比较不同信息获取方法的优劣,依据一定的任务需求，比较不同信息获取方法的优劣，知道数据与信息的关系，确定合适的信息获取方法；认识人工智能在信息社会中的重要作用；对信息系统在人们生活、工作与学习中的重要作用有一定的认识；在信息系统应用过程中，能够判断系统可能存在的信息安全风险，了解规避风险的方法，对于信息系统在社会应用中的优势及局限性有一定的认识。,48,"{""min"": ""G10"", ""max"": ""G12""}",llm-proposed,"[""A03"", ""A07""]",deterministic-screen-only,not-adjudicated,anchors/gaozhong-信息技术.jsonl:71
ca_LMiChKNC,信息技术,能够判断系统可能存在的信息安全风险,依据一定的任务需求，比较不同信息获取方法的优劣，知道数据与信息的关系，确定合适的信息获取方法；认识人工智能在信息社会中的重要作用；对信息系统在人们生活、工作与学习中的重要作用有一定的认识；在信息系统应用过程中，能够判断系统可能存在的信息安全风险，了解规避风险的方法，对于信息系统在社会应用中的优势及局限性有一定的认识。,48,"{""min"": ""G10"", ""max"": ""G12""}",llm-proposed,"[""A03"", ""A07""]",deterministic-screen-only,not-adjudicated,anchors/gaozhong-信息技术.jsonl:72
ca_LG78vKxN,信息技术,能利用合适的统计图表呈现数据分析结果,针对典型的数据问题，利用软件工具或平台对数据进行整理、组织与计算，通过技术方法对数据进行保护；在数据分析的基础上，能利用合适的统计图表呈现数据分析结果；依据解决问题的需要设计算法，采用流程图的方式描述算法，掌握一种程序设计语言的基本知识，能编写简单程序用以解决问题；了解人工智能技术；通过分析简单的信息系统，知道计算机、移动终端与软件的作用，了解信息系统与外部世界的连接方式，以及网络接入方式、带宽等影响信息系统运行的因素，知道网络应用软件的开发方法。,48,"{""min"": ""G10"", ""max"": ""G12""}",disputed,"[""A02"", ""A07""]",deterministic-screen-only,not-adjudicated,anchors/gaozhong-信息技术.jsonl:73
ca_ef8zEzXi,信息技术,能依据解决问题的需要设计算法，采用流程图的方式描述算法,针对典型的数据问题，利用软件工具或平台对数据进行整理、组织与计算，通过技术方法对数据进行保护；在数据分析的基础上，能利用合适的统计图表呈现数据分析结果；依据解决问题的需要设计算法，采用流程图的方式描述算法，掌握一种程序设计语言的基本知识，能编写简单程序用以解决问题；了解人工智能技术；通过分析简单的信息系统，知道计算机、移动终端与软件的作用，了解信息系统与外部世界的连接方式，以及网络接入方式、带宽等影响信息系统运行的因素，知道网络应用软件的开发方法。,48,"{""min"": ""G10"", ""max"": ""G12""}",llm-proposed,"[""A03"", ""A07""]",deterministic-screen-only,not-adjudicated,anchors/gaozhong-信息技术.jsonl:74
ca_iu3qAJAn,信息技术,能掌握一种程序设计语言的基本知识,针对典型的数据问题，利用软件工具或平台对数据进行整理、组织与计算，通过技术方法对数据进行保护；在数据分析的基础上，能利用合适的统计图表呈现数据分析结果；依据解决问题的需要设计算法，采用流程图的方式描述算法，掌握一种程序设计语言的基本知识，能编写简单程序用以解决问题；了解人工智能技术；通过分析简单的信息系统，知道计算机、移动终端与软件的作用，了解信息系统与外部世界的连接方式，以及网络接入方式、带宽等影响信息系统运行的因素，知道网络应用软件的开发方法。,48,"{""min"": ""G10"", ""max"": ""G12""}",disputed,"[""A02"", ""A07""]",deterministic-screen-only,not-adjudicated,anchors/gaozhong-信息技术.jsonl:75
ca_uc3HHhej,信息技术,能编写简单程序用以解决问题,针对典型的数据问题，利用软件工具或平台对数据进行整理、组织与计算，通过技术方法对数据进行保护；在数据分析的基础上，能利用合适的统计图表呈现数据分析结果；依据解决问题的需要设计算法，采用流程图的方式描述算法，掌握一种程序设计语言的基本知识，能编写简单程序用以解决问题；了解人工智能技术；通过分析简单的信息系统，知道计算机、移动终端与软件的作用，了解信息系统与外部世界的连接方式，以及网络接入方式、带宽等影响信息系统运行的因素，知道网络应用软件的开发方法。,48,"{""min"": ""G10"", ""max"": ""G12""}",llm-proposed,"[""A03"", ""A07""]",deterministic-screen-only,not-adjudicated,anchors/gaozhong-信息技术.jsonl:76
ca_GrhQizh9,信息技术,能通过分析简单的信息系统,针对典型的数据问题，利用软件工具或平台对数据进行整理、组织与计算，通过技术方法对数据进行保护；在数据分析的基础上，能利用合适的统计图表呈现数据分析结果；依据解决问题的需要设计算法，采用流程图的方式描述算法，掌握一种程序设计语言的基本知识，能编写简单程序用以解决问题；了解人工智能技术；通过分析简单的信息系统，知道计算机、移动终端与软件的作用，了解信息系统与外部世界的连接方式，以及网络接入方式、带宽等影响信息系统运行的因素，知道网络应用软件的开发方法。,48,"{""min"": ""G10"", ""max"": ""G12""}",disputed,"[""A02"", ""A07""]",deterministic-screen-only,not-adjudicated,anchors/gaozhong-信息技术.jsonl:77
ca_8svFWXDg,信息技术,能针对特定的问题，能运用合适的数字化工具进行信息处理,了解数字化学习的基本方法，对信息系统在完成学习任务中的作用有一定的认识，能利用信息系统进行协作学习；能对学习过程中所使用的资源与工具进行初步评估；针对特定的问题，能运用合适的数字化工具进行信息处理。,48,"{""min"": ""G10"", ""max"": ""G12""}",disputed,"[""A02"", ""A07""]",deterministic-screen-only,not-adjudicated,anchors/gaozhong-信息技术.jsonl:78
ca_RwDPEmJk,信息技术,能通过分析典型的信息安全问题,通过分析典型的信息安全问题，认识在人类信息活动中运用法律法规与伦理道德准则进行约束、管理与调节的必要性；在信息系统应用过程中，能识别和抵制不良行为；具有保护信息安全、尊重知识产权的意识，能自觉遵守相关法律法规和伦理道德准则，具备防治计算机病毒的基本能力；不随意泄露个人信息或获取他人隐私。,48,"{""min"": ""G10"", ""max"": ""G12""}",disputed,"[""A02"", ""A07""]",deterministic-screen-only,not-adjudicated,anchors/gaozhong-信息技术.jsonl:79
ca_M53TV3Kr,信息技术,能识别和抵制不良行为,通过分析典型的信息安全问题，认识在人类信息活动中运用法律法规与伦理道德准则进行约束、管理与调节的必要性；在信息系统应用过程中，能识别和抵制不良行为；具有保护信息安全、尊重知识产权的意识，能自觉遵守相关法律法规和伦理道德准则，具备防治计算机病毒的基本能力；不随意泄露个人信息或获取他人隐私。,48,"{""min"": ""G10"", ""max"": ""G12""}",disputed,"[""A02"", ""A07""]",deterministic-screen-only,not-adjudicated,anchors/gaozhong-信息技术.jsonl:80
ca_PrYeDUHQ,信息技术,能具有保护信息安全、尊重知识产权的意识,通过分析典型的信息安全问题，认识在人类信息活动中运用法律法规与伦理道德准则进行约束、管理与调节的必要性；在信息系统应用过程中，能识别和抵制不良行为；具有保护信息安全、尊重知识产权的意识，能自觉遵守相关法律法规和伦理道德准则，具备防治计算机病毒的基本能力；不随意泄露个人信息或获取他人隐私。,48,"{""min"": ""G10"", ""max"": ""G12""}",disputed,"[""A02"", ""A07""]",deterministic-screen-only,not-adjudicated,anchors/gaozhong-信息技术.jsonl:81
ca_MUnH5Cjk,信息技术,能够利用已有经验判断系统可能存在的信息安全风险，主动运用规避风险的思想与方法,依据不同的任务需求，自觉、主动地比较不同的信息源，确定合适的信息获取策略，明晰数据与信息的关系；认识信息系统对人们生活、工作与学习的重要性，在信息系统构建与应用的过程中，能够利用已有经验判断系统可能存在的信息安全风险，主动运用规避风险的思想与方法。,48,"{""min"": ""G10"", ""max"": ""G12""}",llm-proposed,"[""A03"", ""A07""]",deterministic-screen-only,not-adjudicated,anchors/gaozhong-信息技术.jsonl:82
ca_J5FN5zHj,信息技术,能在对数据进行综合分析的基础上，撰写解决问题的分析报告,对于日常生活中常见的问题，利用软件工具或平台准确而有序地对数据进行整理、组织、计算与呈现，并妥善做好数据保护；在对数据进行综合分析的基础上，撰写解决问题的分析报告；依据问题解决的需要设计算法，运用算法描述方法和三种控制结构合理表示算法，利用一种程序设计语言实现简单算法，解决问题；通过构建简单的信息系统，知道信息系统的组成与功能，描述计算机、移动终端与软件的作用，能借助工具或平台开发网络应用软件。,48,"{""min"": ""G10"", ""max"": ""G12""}",llm-proposed,"[""A03"", ""A07""]",deterministic-screen-only,not-adjudicated,anchors/gaozhong-信息技术.jsonl:83
ca_h7VAgadF,信息技术,能运用算法描述方法和三种控制结构合理表示算法，利用一种程序设计语言实现简单算法，解决问题,对于日常生活中常见的问题，利用软件工具或平台准确而有序地对数据进行整理、组织、计算与呈现，并妥善做好数据保护；在对数据进行综合分析的基础上，撰写解决问题的分析报告；依据问题解决的需要设计算法，运用算法描述方法和三种控制结构合理表示算法，利用一种程序设计语言实现简单算法，解决问题；通过构建简单的信息系统，知道信息系统的组成与功能，描述计算机、移动终端与软件的作用，能借助工具或平台开发网络应用软件。,48,"{""min"": ""G10"", ""max"": ""G12""}",llm-proposed,"[""A03"", ""A07""]",deterministic-screen-only,not-adjudicated,anchors/gaozhong-信息技术.jsonl:84
ca_rCKN9emH,信息技术,能描述计算机、移动终端与软件的作用,对于日常生活中常见的问题，利用软件工具或平台准确而有序地对数据进行整理、组织、计算与呈现，并妥善做好数据保护；在对数据进行综合分析的基础上，撰写解决问题的分析报告；依据问题解决的需要设计算法，运用算法描述方法和三种控制结构合理表示算法，利用一种程序设计语言实现简单算法，解决问题；通过构建简单的信息系统，知道信息系统的组成与功能，描述计算机、移动终端与软件的作用，能借助工具或平台开发网络应用软件。,48,"{""min"": ""G10"", ""max"": ""G12""}",llm-proposed,"[""A03"", ""A07""]",deterministic-screen-only,not-adjudicated,anchors/gaozhong-信息技术.jsonl:85
ca_9Q3PrxZ3,信息技术,能借助工具或平台开发网络应用软件,对于日常生活中常见的问题，利用软件工具或平台准确而有序地对数据进行整理、组织、计算与呈现，并妥善做好数据保护；在对数据进行综合分析的基础上，撰写解决问题的分析报告；依据问题解决的需要设计算法，运用算法描述方法和三种控制结构合理表示算法，利用一种程序设计语言实现简单算法，解决问题；通过构建简单的信息系统，知道信息系统的组成与功能，描述计算机、移动终端与软件的作用，能借助工具或平台开发网络应用软件。,48,"{""min"": ""G10"", ""max"": ""G12""}",llm-proposed,"[""A03"", ""A07""]",deterministic-screen-only,not-adjudicated,anchors/gaozhong-信息技术.jsonl:86
ca_4vLzTyLd,信息技术,能掌握一定的信息系统应用策略，善于利用信息系统自主学习与协作学习，深入理解信息系统在完成任务中的作用,掌握一定的信息系统应用策略，善于利用信息系统自主学习与协作学习，深入理解信息系统在完成任务中的作用；在解决生活和学习中的问题时，能评估常见的数字化资源与工具对特定学习任务的价值，对其作出合理的选择；针对不同的问题，采用自主或协作方式，运用合适的数字化工具进行信息加工与处理，进而建构知识、表达思想、解决问题。,49,"{""min"": ""G10"", ""max"": ""G12""}",disputed,"[""A02"", ""A07""]",deterministic-screen-only,not-adjudicated,anchors/gaozhong-信息技术.jsonl:87
ca_mVGDsPnn,信息技术,能有效保护个人或他人的隐私,通过使用信息系统，理解人类信息活动需要信息法律法规、伦理道德进行管理与调节，自觉抵制不良的信息系统操作行为，利用信息安全防范的常用技术方法维护信息系统应用环境，有较强的知识产权保护意识；在与他人进行信息交流时，能有效保护个人或他人的隐私；区分虚拟社会与现实社会身份的差别，能在虚拟社会中与其他成员安全、负责任地交流；对信息系统在社会应用中的优势及局限性有较深刻的认识。,49,"{""min"": ""G10"", ""max"": ""G12""}",disputed,"[""A02"", ""A07""]",deterministic-screen-only,not-adjudicated,anchors/gaozhong-信息技术.jsonl:88
ca_3pBYuxLg,信息技术,能区分虚拟社会与现实社会身份的差别,通过使用信息系统，理解人类信息活动需要信息法律法规、伦理道德进行管理与调节，自觉抵制不良的信息系统操作行为，利用信息安全防范的常用技术方法维护信息系统应用环境，有较强的知识产权保护意识；在与他人进行信息交流时，能有效保护个人或他人的隐私；区分虚拟社会与现实社会身份的差别，能在虚拟社会中与其他成员安全、负责任地交流；对信息系统在社会应用中的优势及局限性有较深刻的认识。,49,"{""min"": ""G10"", ""max"": ""G12""}",llm-proposed,"[""A03"", ""A07""]",deterministic-screen-only,not-adjudicated,anchors/gaozhong-信息技术.jsonl:89
ca_EMKtmhRn,信息技术,能够辨别简单的基于线性表的程序设计中的数据组织形式,了解数据管理和分析的基本过程与方法，认识数据的有效管理与处理对于提高信息价值的重要意义，能够按照给出的数据分析方法分析数据并进行可视化呈现，提取有用信息，形成结论；知道数据结构对于数据处理的重要性，能够辨别简单的基于线性表的程序设计中的数据组织形式，描述数据的逻辑结构、存储结构和运算；初步认识数据在网络中的传输过程，知道网络的结构、特征和发展过程，了解影响网络传输质量的基本因素；能配置相关参数、构建简单的网络应用环境，具有较强的网络安全意识；理解物联网的概念，认识与物联网相关的应用。,49,"{""min"": ""G10"", ""max"": ""G12""}",llm-proposed,"[""A03"", ""A07""]",deterministic-screen-only,not-adjudicated,anchors/gaozhong-信息技术.jsonl:90
ca_jKgzyRE7,信息技术,能描述数据的逻辑结构、存储结构和运算,了解数据管理和分析的基本过程与方法，认识数据的有效管理与处理对于提高信息价值的重要意义，能够按照给出的数据分析方法分析数据并进行可视化呈现，提取有用信息，形成结论；知道数据结构对于数据处理的重要性，能够辨别简单的基于线性表的程序设计中的数据组织形式，描述数据的逻辑结构、存储结构和运算；初步认识数据在网络中的传输过程，知道网络的结构、特征和发展过程，了解影响网络传输质量的基本因素；能配置相关参数、构建简单的网络应用环境，具有较强的网络安全意识；理解物联网的概念，认识与物联网相关的应用。,49,"{""min"": ""G10"", ""max"": ""G12""}",disputed,"[""A02"", ""A07""]",deterministic-screen-only,not-adjudicated,anchors/gaozhong-信息技术.jsonl:91
ca_As4VywBb,信息技术,能够描述数据、数据结构及其相关概念,能够针对特定的业务问题，利用数据管理与分析技术，对既定方案进行评估，发现问题；能够描述数据、数据结构及其相关概念，说明数据对信息社会的重要性；能够针对模型较为直观的实际问题，合理选用字符串、队列、栈等数据结构组织、存储数据，并能运用排序、查找、迭代、递归等算法编程解决问题；能根据业务逻辑的需要，设计利用数据库解决某一具体数据管理与分析问题的方案；能根据具体的数据分析要求提取数据，利用数据分析工具分析数据，并能解释和呈现结果；知道网络服务与相应的应用协议之间的关系，了解 TCP/IP 协议的功能和作用，认识网络的拓扑结构，能使用基本网络命令查询联网信息。,49,"{""min"": ""G10"", ""max"": ""G12""}",disputed,"[""A02"", ""A07""]",deterministic-screen-only,not-adjudicated,anchors/gaozhong-信息技术.jsonl:92
ca_92wQghcy,信息技术,能说明数据对信息社会的重要性,能够针对特定的业务问题，利用数据管理与分析技术，对既定方案进行评估，发现问题；能够描述数据、数据结构及其相关概念，说明数据对信息社会的重要性；能够针对模型较为直观的实际问题，合理选用字符串、队列、栈等数据结构组织、存储数据，并能运用排序、查找、迭代、递归等算法编程解决问题；能根据业务逻辑的需要，设计利用数据库解决某一具体数据管理与分析问题的方案；能根据具体的数据分析要求提取数据，利用数据分析工具分析数据，并能解释和呈现结果；知道网络服务与相应的应用协议之间的关系，了解 TCP/IP 协议的功能和作用，认识网络的拓扑结构，能使用基本网络命令查询联网信息。,49,"{""min"": ""G10"", ""max"": ""G12""}",disputed,"[""A02"", ""A07""]",deterministic-screen-only,not-adjudicated,anchors/gaozhong-信息技术.jsonl:93
ca_zhBmAzYL,信息技术,能根据业务逻辑的需要，设计利用数据库解决某一具体数据管理与分析问题的方案,能够针对特定的业务问题，利用数据管理与分析技术，对既定方案进行评估，发现问题；能够描述数据、数据结构及其相关概念，说明数据对信息社会的重要性；能够针对模型较为直观的实际问题，合理选用字符串、队列、栈等数据结构组织、存储数据，并能运用排序、查找、迭代、递归等算法编程解决问题；能根据业务逻辑的需要，设计利用数据库解决某一具体数据管理与分析问题的方案；能根据具体的数据分析要求提取数据，利用数据分析工具分析数据，并能解释和呈现结果；知道网络服务与相应的应用协议之间的关系，了解 TCP/IP 协议的功能和作用，认识网络的拓扑结构，能使用基本网络命令查询联网信息。,49,"{""min"": ""G10"", ""max"": ""G12""}",llm-proposed,"[""A03"", ""A07""]",deterministic-screen-only,not-adjudicated,anchors/gaozhong-信息技术.jsonl:94
ca_HLdmMimz,信息技术,能根据具体的数据分析要求提取数据，利用数据分析工具分析数据，并能解释和呈现结果,能够针对特定的业务问题，利用数据管理与分析技术，对既定方案进行评估，发现问题；能够描述数据、数据结构及其相关概念，说明数据对信息社会的重要性；能够针对模型较为直观的实际问题，合理选用字符串、队列、栈等数据结构组织、存储数据，并能运用排序、查找、迭代、递归等算法编程解决问题；能根据业务逻辑的需要，设计利用数据库解决某一具体数据管理与分析问题的方案；能根据具体的数据分析要求提取数据，利用数据分析工具分析数据，并能解释和呈现结果；知道网络服务与相应的应用协议之间的关系，了解 TCP/IP 协议的功能和作用，认识网络的拓扑结构，能使用基本网络命令查询联网信息。,49,"{""min"": ""G10"", ""max"": ""G12""}",llm-proposed,"[""A03"", ""A07""]",deterministic-screen-only,not-adjudicated,anchors/gaozhong-信息技术.jsonl:95
ca_CFWxWUdK,信息技术,能使用基本网络命令查询联网信息,能够针对特定的业务问题，利用数据管理与分析技术，对既定方案进行评估，发现问题；能够描述数据、数据结构及其相关概念，说明数据对信息社会的重要性；能够针对模型较为直观的实际问题，合理选用字符串、队列、栈等数据结构组织、存储数据，并能运用排序、查找、迭代、递归等算法编程解决问题；能根据业务逻辑的需要，设计利用数据库解决某一具体数据管理与分析问题的方案；能根据具体的数据分析要求提取数据，利用数据分析工具分析数据，并能解释和呈现结果；知道网络服务与相应的应用协议之间的关系，了解 TCP/IP 协议的功能和作用，认识网络的拓扑结构，能使用基本网络命令查询联网信息。,49,"{""min"": ""G10"", ""max"": ""G12""}",llm-proposed,"[""A03"", ""A07""]",deterministic-screen-only,not-adjudicated,anchors/gaozhong-信息技术.jsonl:96
ca_W2btdE2A,信息技术,能理解数据管理与分析系统或工具在完成任务中的作用,对信息系统中常用的网络连接方式有一定的认识，理解网卡、交换机、路由器等网络设备的作用和工作原理；理解数据管理与分析系统或工具在完成任务中的作用，能够基于学习中的数据管理与分析任务进行自主或协作探究。,50,"{""min"": ""G10"", ""max"": ""G12""}",disputed,"[""A02"", ""A07""]",deterministic-screen-only,not-adjudicated,anchors/gaozhong-信息技术.jsonl:97
ca_XjKsCKSW,信息技术,能够基于学习中的数据管理与分析任务进行自主或协作探究,对信息系统中常用的网络连接方式有一定的认识，理解网卡、交换机、路由器等网络设备的作用和工作原理；理解数据管理与分析系统或工具在完成任务中的作用，能够基于学习中的数据管理与分析任务进行自主或协作探究。,50,"{""min"": ""G10"", ""max"": ""G12""}",disputed,"[""A02"", ""A07""]",deterministic-screen-only,not-adjudicated,anchors/gaozhong-信息技术.jsonl:98
ca_vqRQHfjP,信息技术,能针对数据分析案例,能针对数据分析案例，认识数据准确性和可靠性的重要作用；有数据备份与还原意识，能按照要求进行数据备份与还原；构建个人网络环境时，会运用基本的安全防护方法，对于日常网络使用中的安全问题具备基本的判断能力，具有安全使用网络的观念。,50,"{""min"": ""G10"", ""max"": ""G12""}",disputed,"[""A02"", ""A07""]",deterministic-screen-only,not-adjudicated,anchors/gaozhong-信息技术.jsonl:99
ca_vNZeagAU,信息技术,能运用系统思想和结构化思维，对数据业务进行需求分析和问题求解，提出明确的数据管理与分析解决方案并进行优化,能够针对学习和生活中的特定数据业务问题，运用系统思想和结构化思维，对数据业务进行需求分析和问题求解，提出明确的数据管理与分析解决方案并进行优化；能够针对模型较为隐蔽的实际问题进行数据抽象，运用线性表等数据结构合理组织、存储数据，选择合适的算法编程实现，解决问题；能够根据现实问题解决的需要，利用迭代的思想，对数据业务问题的解决方案进行一定程度的优化分析，并能评价其合理性、完整性，分析方案优化或改进的可能性；能够根据业务逻辑的需要，设计利用数据库解决某一具体数据管理与分析问题的方案，并通过实施这一方案验证其有效性；能根据不同的数据分析要求，采用合适的方法提取数据，运用适当的数据分析工具分析数据，并能对分析结果进行合理解释和恰当呈现；理解不同的网络服务与传输协议的关系；熟悉TCP/IP 等协议的主要功能和作用，描述网络的拓扑结构，掌握使用基本网络命令查询联网信息、配置网络的基本方法。,50,"{""min"": ""G10"", ""max"": ""G12""}",disputed,"[""A02"", ""A07""]",deterministic-screen-only,not-adjudicated,anchors/gaozhong-信息技术.jsonl:100
ca_JJ6HMesJ,信息技术,能分析方案优化或改进的可能性,能够针对学习和生活中的特定数据业务问题，运用系统思想和结构化思维，对数据业务进行需求分析和问题求解，提出明确的数据管理与分析解决方案并进行优化；能够针对模型较为隐蔽的实际问题进行数据抽象，运用线性表等数据结构合理组织、存储数据，选择合适的算法编程实现，解决问题；能够根据现实问题解决的需要，利用迭代的思想，对数据业务问题的解决方案进行一定程度的优化分析，并能评价其合理性、完整性，分析方案优化或改进的可能性；能够根据业务逻辑的需要，设计利用数据库解决某一具体数据管理与分析问题的方案，并通过实施这一方案验证其有效性；能根据不同的数据分析要求，采用合适的方法提取数据，运用适当的数据分析工具分析数据，并能对分析结果进行合理解释和恰当呈现；理解不同的网络服务与传输协议的关系；熟悉TCP/IP 等协议的主要功能和作用，描述网络的拓扑结构，掌握使用基本网络命令查询联网信息、配置网络的基本方法。,50,"{""min"": ""G10"", ""max"": ""G12""}",disputed,"[""A02"", ""A07""]",deterministic-screen-only,not-adjudicated,anchors/gaozhong-信息技术.jsonl:101
ca_HKz8izsA,信息技术,能设计利用数据库解决某一具体数据管理与分析问题的方案，并通过实施这一方案验证其有效性,能够针对学习和生活中的特定数据业务问题，运用系统思想和结构化思维，对数据业务进行需求分析和问题求解，提出明确的数据管理与分析解决方案并进行优化；能够针对模型较为隐蔽的实际问题进行数据抽象，运用线性表等数据结构合理组织、存储数据，选择合适的算法编程实现，解决问题；能够根据现实问题解决的需要，利用迭代的思想，对数据业务问题的解决方案进行一定程度的优化分析，并能评价其合理性、完整性，分析方案优化或改进的可能性；能够根据业务逻辑的需要，设计利用数据库解决某一具体数据管理与分析问题的方案，并通过实施这一方案验证其有效性；能根据不同的数据分析要求，采用合适的方法提取数据，运用适当的数据分析工具分析数据，并能对分析结果进行合理解释和恰当呈现；理解不同的网络服务与传输协议的关系；熟悉TCP/IP 等协议的主要功能和作用，描述网络的拓扑结构，掌握使用基本网络命令查询联网信息、配置网络的基本方法。,50,"{""min"": ""G10"", ""max"": ""G12""}",disputed,"[""A02"", ""A07""]",deterministic-screen-only,not-adjudicated,anchors/gaozhong-信息技术.jsonl:102
ca_2VeTqRyM,信息技术,能根据不同的数据分析要求，采用合适的方法提取数据,能够针对学习和生活中的特定数据业务问题，运用系统思想和结构化思维，对数据业务进行需求分析和问题求解，提出明确的数据管理与分析解决方案并进行优化；能够针对模型较为隐蔽的实际问题进行数据抽象，运用线性表等数据结构合理组织、存储数据，选择合适的算法编程实现，解决问题；能够根据现实问题解决的需要，利用迭代的思想，对数据业务问题的解决方案进行一定程度的优化分析，并能评价其合理性、完整性，分析方案优化或改进的可能性；能够根据业务逻辑的需要，设计利用数据库解决某一具体数据管理与分析问题的方案，并通过实施这一方案验证其有效性；能根据不同的数据分析要求，采用合适的方法提取数据，运用适当的数据分析工具分析数据，并能对分析结果进行合理解释和恰当呈现；理解不同的网络服务与传输协议的关系；熟悉TCP/IP 等协议的主要功能和作用，描述网络的拓扑结构，掌握使用基本网络命令查询联网信息、配置网络的基本方法。,50,"{""min"": ""G10"", ""max"": ""G12""}",llm-proposed,"[""A03"", ""A07""]",deterministic-screen-only,not-adjudicated,anchors/gaozhong-信息技术.jsonl:103
ca_SLcYX3BY,信息技术,能掌握使用基本网络命令查询联网信息、配置网络的基本方法,能够针对学习和生活中的特定数据业务问题，运用系统思想和结构化思维，对数据业务进行需求分析和问题求解，提出明确的数据管理与分析解决方案并进行优化；能够针对模型较为隐蔽的实际问题进行数据抽象，运用线性表等数据结构合理组织、存储数据，选择合适的算法编程实现，解决问题；能够根据现实问题解决的需要，利用迭代的思想，对数据业务问题的解决方案进行一定程度的优化分析，并能评价其合理性、完整性，分析方案优化或改进的可能性；能够根据业务逻辑的需要，设计利用数据库解决某一具体数据管理与分析问题的方案，并通过实施这一方案验证其有效性；能根据不同的数据分析要求，采用合适的方法提取数据，运用适当的数据分析工具分析数据，并能对分析结果进行合理解释和恰当呈现；理解不同的网络服务与传输协议的关系；熟悉TCP/IP 等协议的主要功能和作用，描述网络的拓扑结构，掌握使用基本网络命令查询联网信息、配置网络的基本方法。,50,"{""min"": ""G10"", ""max"": ""G12""}",disputed,"[""A02"", ""A07""]",deterministic-screen-only,not-adjudicated,anchors/gaozhong-信息技术.jsonl:104
ca_wwdpm7pJ,信息技术,能够判断与处理网络连接过程中出现的常见问题,对于信息系统中的网络连接方式有比较完整的认识，能够判断与处理网络连接过程中出现的常见问题；能列举日常生活中与物联网相关的设备，描述其工作原理；能够运用数据管理与分析技术完成任务，并在此过程中进行自主或协作探究；能够评估常见的数字化资源与工具对学习支持的价值，根据需要合理选择；在数字化学习环境中具有贡献和分享的意识和行动，能够尝试制作数字化学习资源并利用网络来分享。,51,"{""min"": ""G10"", ""max"": ""G12""}",llm-proposed,"[""A03"", ""A07""]",deterministic-screen-only,not-adjudicated,anchors/gaozhong-信息技术.jsonl:105
ca_m38F48k8,信息技术,能够运用数据管理与分析技术完成任务，并在此过程中进行自主或协作探究,对于信息系统中的网络连接方式有比较完整的认识，能够判断与处理网络连接过程中出现的常见问题；能列举日常生活中与物联网相关的设备，描述其工作原理；能够运用数据管理与分析技术完成任务，并在此过程中进行自主或协作探究；能够评估常见的数字化资源与工具对学习支持的价值，根据需要合理选择；在数字化学习环境中具有贡献和分享的意识和行动，能够尝试制作数字化学习资源并利用网络来分享。,51,"{""min"": ""G10"", ""max"": ""G12""}",llm-proposed,"[""A03"", ""A07""]",deterministic-screen-only,not-adjudicated,anchors/gaozhong-信息技术.jsonl:106
ca_i7yeQtmR,信息技术,能够尝试制作数字化学习资源并利用网络来分享,对于信息系统中的网络连接方式有比较完整的认识，能够判断与处理网络连接过程中出现的常见问题；能列举日常生活中与物联网相关的设备，描述其工作原理；能够运用数据管理与分析技术完成任务，并在此过程中进行自主或协作探究；能够评估常见的数字化资源与工具对学习支持的价值，根据需要合理选择；在数字化学习环境中具有贡献和分享的意识和行动，能够尝试制作数字化学习资源并利用网络来分享。,51,"{""min"": ""G10"", ""max"": ""G12""}",llm-proposed,"[""A03"", ""A07""]",deterministic-screen-only,not-adjudicated,anchors/gaozhong-信息技术.jsonl:107
ca_dbH3sgz6,化学,能初步学会物质检验、分离、提纯和溶液配制等化学实验基础知识和基本技能,初步学会物质检验、分离、提纯和溶液配制等化学实验基础知识和基本技能。,20,"{""min"": ""G10"", ""max"": ""G12""}",ai-reviewed,[],deterministic-screen-only,not-adjudicated,anchors/gaozhong-化学.jsonl:2
ca_umpGy8fU,化学,能探究反应规律，进行物质分离、检验和制备等不同类型化学实验及探究活动的核心思路与基本方法,学习研究物质性质，探究反应规律，进行物质分离、检验和制备等不同类型化学实验及探究活动的核心思路与基本方法。体会实验条件控制对完成科学实验及探究活动的作用。,20,"{""min"": ""G10"", ""max"": ""G12""}",ai-reviewed,[],deterministic-screen-only,not-adjudicated,anchors/gaozhong-化学.jsonl:3
ca_zZdYc8ZT,化学,能熟悉化学品安全使用标识,树立安全意识和环保意识。熟悉化学品安全使用标识，知道常见废弃物的处理方法，知道实验室突发事件的应对措施，形成良好的实验工作习惯。,20,"{""min"": ""G10"", ""max"": ""G12""}",ai-reviewed,[],deterministic-screen-only,not-adjudicated,anchors/gaozhong-化学.jsonl:4
ca_nun2iUyd,化学,能列举化学科学发展的重要事件,能列举化学科学发展的重要事件，说明其对推动社会发展的贡献，能说出其中的创新点。,22,"{""min"": ""G10"", ""max"": ""G12""}",ai-reviewed,[],deterministic-screen-only,not-adjudicated,anchors/gaozhong-化学.jsonl:5
ca_ev4jhPLu,化学,能作出预测和假设,具有较强的问题意识，能提出化学探究问题，能作出预测和假设。能依据实验目的和假设，设计解决简单问题的实验方案，能对实验方案进行评价。,22,"{""min"": ""G10"", ""max"": ""G12""}",ai-reviewed,[],deterministic-screen-only,not-adjudicated,anchors/gaozhong-化学.jsonl:7
ca_ix5Nj5Tq,化学,能依据实验目的和假设,具有较强的问题意识，能提出化学探究问题，能作出预测和假设。能依据实验目的和假设，设计解决简单问题的实验方案，能对实验方案进行评价。,22,"{""min"": ""G10"", ""max"": ""G12""}",ai-reviewed,[],deterministic-screen-only,not-adjudicated,anchors/gaozhong-化学.jsonl:8
ca_2ackYFAd,化学,能设计解决简单问题的实验方案,具有较强的问题意识，能提出化学探究问题，能作出预测和假设。能依据实验目的和假设，设计解决简单问题的实验方案，能对实验方案进行评价。,22,"{""min"": ""G10"", ""max"": ""G12""}",ai-reviewed,[],deterministic-screen-only,not-adjudicated,anchors/gaozhong-化学.jsonl:9
ca_wURN5mu8,化学,能对实验方案进行评价,具有较强的问题意识，能提出化学探究问题，能作出预测和假设。能依据实验目的和假设，设计解决简单问题的实验方案，能对实验方案进行评价。,22,"{""min"": ""G10"", ""max"": ""G12""}",ai-reviewed,[],deterministic-screen-only,not-adjudicated,anchors/gaozhong-化学.jsonl:10
ca_nJcDGyz7,化学,能观察并如实记录实验现象和数据，进行分析和推理，得出合理的结论,能运用实验基本操作实施实验方案，具有安全意识和环保意识。能观察并如实记录实验现象和数据，进行分析和推理，得出合理的结论。能与同学合作交流，对实验过程和结果进行反思，说明假设、证据和结论之间的关系，用恰当形式表达和展示实验成果。,22,"{""min"": ""G10"", ""max"": ""G12""}",ai-reviewed,[],deterministic-screen-only,not-adjudicated,anchors/gaozhong-化学.jsonl:11
ca_EQK8Ec4u,化学,能与同学合作交流，对实验过程和结果进行反思,能运用实验基本操作实施实验方案，具有安全意识和环保意识。能观察并如实记录实验现象和数据，进行分析和推理，得出合理的结论。能与同学合作交流，对实验过程和结果进行反思，说明假设、证据和结论之间的关系，用恰当形式表达和展示实验成果。,22,"{""min"": ""G10"", ""max"": ""G12""}",ai-reviewed,[],deterministic-screen-only,not-adjudicated,anchors/gaozhong-化学.jsonl:12
ca_VZcCZ4Ma,化学,能说明假设、证据和结论之间的关系，用恰当形式表达和展示实验成果,能运用实验基本操作实施实验方案，具有安全意识和环保意识。能观察并如实记录实验现象和数据，进行分析和推理，得出合理的结论。能与同学合作交流，对实验过程和结果进行反思，说明假设、证据和结论之间的关系，用恰当形式表达和展示实验成果。,22,"{""min"": ""G10"", ""max"": ""G12""}",ai-reviewed,[],deterministic-screen-only,not-adjudicated,anchors/gaozhong-化学.jsonl:13
ca_yALwC5cg,化学,能预测物质的某些性质，并进行实验验证,能根据不同类型实验的特点，设计并实施实验。能预测物质的某些性质，并进行实验验证；能运用变量控制的方法初步探究反应规律；能根据物质性质的差异选择物质分离的实验方法；能根据物质的特征反应和干扰因素选取适当的检验试剂；能根据反应原理选取实验装置制取物质。,22,"{""min"": ""G10"", ""max"": ""G12""}",ai-reviewed,[],deterministic-screen-only,not-adjudicated,anchors/gaozhong-化学.jsonl:14
ca_NX27FyuA,化学,能运用变量控制的方法初步探究反应规律,能根据不同类型实验的特点，设计并实施实验。能预测物质的某些性质，并进行实验验证；能运用变量控制的方法初步探究反应规律；能根据物质性质的差异选择物质分离的实验方法；能根据物质的特征反应和干扰因素选取适当的检验试剂；能根据反应原理选取实验装置制取物质。,22,"{""min"": ""G10"", ""max"": ""G12""}",ai-reviewed,[],deterministic-screen-only,not-adjudicated,anchors/gaozhong-化学.jsonl:15
ca_VJFBAS6E,化学,能根据物质性质的差异选择物质分离的实验方法,能根据不同类型实验的特点，设计并实施实验。能预测物质的某些性质，并进行实验验证；能运用变量控制的方法初步探究反应规律；能根据物质性质的差异选择物质分离的实验方法；能根据物质的特征反应和干扰因素选取适当的检验试剂；能根据反应原理选取实验装置制取物质。,22,"{""min"": ""G10"", ""max"": ""G12""}",ai-reviewed,[],deterministic-screen-only,not-adjudicated,anchors/gaozhong-化学.jsonl:16
ca_CPcH7FwR,化学,能根据物质的特征反应和干扰因素选取适当的检验试剂,能根据不同类型实验的特点，设计并实施实验。能预测物质的某些性质，并进行实验验证；能运用变量控制的方法初步探究反应规律；能根据物质性质的差异选择物质分离的实验方法；能根据物质的特征反应和干扰因素选取适当的检验试剂；能根据反应原理选取实验装置制取物质。,22,"{""min"": ""G10"", ""max"": ""G12""}",ai-reviewed,[],deterministic-screen-only,not-adjudicated,anchors/gaozhong-化学.jsonl:17
ca_xDVQGxh2,化学,能根据反应原理选取实验装置制取物质,能根据不同类型实验的特点，设计并实施实验。能预测物质的某些性质，并进行实验验证；能运用变量控制的方法初步探究反应规律；能根据物质性质的差异选择物质分离的实验方法；能根据物质的特征反应和干扰因素选取适当的检验试剂；能根据反应原理选取实验装置制取物质。,22,"{""min"": ""G10"", ""max"": ""G12""}",ai-reviewed,[],deterministic-screen-only,not-adjudicated,anchors/gaozhong-化学.jsonl:18
ca_ZkDg9yZQ,化学,能依据物质类别和元素价态列举某种元素的典型代表物,能依据物质类别和元素价态列举某种元素的典型代表物。能利用电离、离子反应、氧化还原反应等概念对常见的反应进行分类和分析说明。能用电离方程式表示某些酸、碱、盐的电离。能举例说明胶体的典型特征。,25,"{""min"": ""G10"", ""max"": ""G12""}",ai-reviewed,[],deterministic-screen-only,not-adjudicated,anchors/gaozhong-化学.jsonl:20
ca_8hPuC52W,化学,能利用电离、离子反应、氧化还原反应等概念对常见的反应进行分类和分析说明,能依据物质类别和元素价态列举某种元素的典型代表物。能利用电离、离子反应、氧化还原反应等概念对常见的反应进行分类和分析说明。能用电离方程式表示某些酸、碱、盐的电离。能举例说明胶体的典型特征。,25,"{""min"": ""G10"", ""max"": ""G12""}",ai-reviewed,[],deterministic-screen-only,not-adjudicated,anchors/gaozhong-化学.jsonl:21
ca_gzXQNpBF,化学,能用电离方程式表示某些酸、碱、盐的电离,能依据物质类别和元素价态列举某种元素的典型代表物。能利用电离、离子反应、氧化还原反应等概念对常见的反应进行分类和分析说明。能用电离方程式表示某些酸、碱、盐的电离。能举例说明胶体的典型特征。,25,"{""min"": ""G10"", ""max"": ""G12""}",ai-reviewed,[],deterministic-screen-only,not-adjudicated,anchors/gaozhong-化学.jsonl:22
ca_w2Pua9Xd,化学,能举例说明胶体的典型特征,能依据物质类别和元素价态列举某种元素的典型代表物。能利用电离、离子反应、氧化还原反应等概念对常见的反应进行分类和分析说明。能用电离方程式表示某些酸、碱、盐的电离。能举例说明胶体的典型特征。,25,"{""min"": ""G10"", ""max"": ""G12""}",ai-reviewed,[],deterministic-screen-only,not-adjudicated,anchors/gaozhong-化学.jsonl:23
ca_JmcMFc5K,化学,能列举、描述、辨识典型物质重要的物理和化学性质及实验现象,能列举、描述、辨识典型物质重要的物理和化学性质及实验现象。能用化学方程式、离子方程式正确表示典型物质的主要化学性质。,25,"{""min"": ""G10"", ""max"": ""G12""}",ai-reviewed,[],deterministic-screen-only,not-adjudicated,anchors/gaozhong-化学.jsonl:24
ca_rSWk7cMW,化学,能用化学方程式、离子方程式正确表示典型物质的主要化学性质,能列举、描述、辨识典型物质重要的物理和化学性质及实验现象。能用化学方程式、离子方程式正确表示典型物质的主要化学性质。,25,"{""min"": ""G10"", ""max"": ""G12""}",ai-reviewed,[],deterministic-screen-only,not-adjudicated,anchors/gaozhong-化学.jsonl:25
ca_umwc7NiP,化学,能设计实验进行初步验证，并能分析、解释有关实验现象,能从物质类别、元素价态的角度，依据复分解反应和氧化还原反应原理，预测物质的化学性质和变化，设计实验进行初步验证，并能分析、解释有关实验现象。,25,"{""min"": ""G10"", ""max"": ""G12""}",ai-reviewed,[],deterministic-screen-only,not-adjudicated,anchors/gaozhong-化学.jsonl:26
ca_MLEj65KJ,化学,能从物质类别和元素价态变化的视角说明物质的转化路径,能利用典型代表物的性质和反应，设计常见物质制备、分离、提纯、检验等简单任务的方案。能从物质类别和元素价态变化的视角说明物质的转化路径。,25,"{""min"": ""G10"", ""max"": ""G12""}",ai-reviewed,[],deterministic-screen-only,not-adjudicated,anchors/gaozhong-化学.jsonl:27
ca_mae8bghz,化学,能根据物质的性质分析实验室、生产、生活及环境中的某些常见问题,能根据物质的性质分析实验室、生产、生活及环境中的某些常见问题，说明妥善保存、合理使用化学品的常见方法。,25,"{""min"": ""G10"", ""max"": ""G12""}",ai-reviewed,[],deterministic-screen-only,not-adjudicated,anchors/gaozhong-化学.jsonl:28
ca_jmyp2pYV,化学,能说明妥善保存、合理使用化学品的常见方法,能根据物质的性质分析实验室、生产、生活及环境中的某些常见问题，说明妥善保存、合理使用化学品的常见方法。,25,"{""min"": ""G10"", ""max"": ""G12""}",ai-reviewed,"[""A09""]",deterministic-screen-only,not-adjudicated,anchors/gaozhong-化学.jsonl:29
ca_6V8iMyT4,化学,能说明常见元素及其化合物的应用（如金属冶炼、合成氨等）对社会发展的价值、对环境的影响,能说明常见元素及其化合物的应用（如金属冶炼、合成氨等）对社会发展的价值、对环境的影响。能有意识运用所学的知识或寻求相关证据参与社会性议题的讨论（如酸雨和雾霾防治、水体保护、食品安全等） 。,25,"{""min"": ""G10"", ""max"": ""G12""}",ai-reviewed,[],deterministic-screen-only,not-adjudicated,anchors/gaozhong-化学.jsonl:30
ca_NhtSG5mq,化学,能有意识运用所学的知识或寻求相关证据参与社会性议题的讨论（如酸雨和雾霾防治、水体保护、食品安全等）,能说明常见元素及其化合物的应用（如金属冶炼、合成氨等）对社会发展的价值、对环境的影响。能有意识运用所学的知识或寻求相关证据参与社会性议题的讨论（如酸雨和雾霾防治、水体保护、食品安全等） 。,25,"{""min"": ""G10"", ""max"": ""G12""}",ai-reviewed,[],deterministic-screen-only,not-adjudicated,anchors/gaozhong-化学.jsonl:31
ca_5pubmJDb,化学,能结合有关数据和实验事实认识原子结构、元素性质呈周期性变化的规律，建构元素周期律,认识原子结构、元素性质与元素在元素周期表中位置的关系。知道元素、核素的含义，了解原子核外电子的排布。结合有关数据和实验事实认识原子结构、元素性质呈周期性变化的规律，建构元素周期律。知道元素周期表的结构，以第三周期的钠、镁、铝、硅、硫、氯，以及碱金属和卤族元素为例，了解同周期和主族元素性质的递变规律。体会元素周期律（表）在学习元素化合物知识与科学研究中的重要作用。,26,"{""min"": ""G10"", ""max"": ""G12""}",ai-reviewed,[],deterministic-screen-only,not-adjudicated,anchors/gaozhong-化学.jsonl:32
ca_FN2vtkjA,化学,能画出 1~20 号元素的原子结构示意图,能画出 1~20 号元素的原子结构示意图，能用原子结构解释元素性质及其递变规律，并能结合实验及事实进行说明。,28,"{""min"": ""G10"", ""max"": ""G12""}",ai-reviewed,[],deterministic-screen-only,not-adjudicated,anchors/gaozhong-化学.jsonl:33
ca_SVYuNN3R,化学,能用原子结构解释元素性质及其递变规律，并能结合实验及事实进行说明,能画出 1~20 号元素的原子结构示意图，能用原子结构解释元素性质及其递变规律，并能结合实验及事实进行说明。,28,"{""min"": ""G10"", ""max"": ""G12""}",ai-reviewed,[],deterministic-screen-only,not-adjudicated,anchors/gaozhong-化学.jsonl:34
ca_ajPBNKAL,化学,能判断简单离子化合物和共价化合物中的化学键类型,能判断简单离子化合物和共价化合物中的化学键类型，能基于化学键解释某些化学反应的热效应。,29,"{""min"": ""G10"", ""max"": ""G12""}",ai-reviewed,[],deterministic-screen-only,not-adjudicated,anchors/gaozhong-化学.jsonl:35
ca_sEJiVRrX,化学,能基于化学键解释某些化学反应的热效应,能判断简单离子化合物和共价化合物中的化学键类型，能基于化学键解释某些化学反应的热效应。,29,"{""min"": ""G10"", ""max"": ""G12""}",ai-reviewed,[],deterministic-screen-only,not-adjudicated,anchors/gaozhong-化学.jsonl:36
ca_aHpBjnx5,化学,能从化学反应限度和快慢的角度解释生产、生活中简单的化学现象,能从化学反应限度和快慢的角度解释生产、生活中简单的化学现象。能描述化学平衡状态，判断化学反应是否达到平衡。能运用变量控制的方法探究影响化学反应速率的因素，能初步解释化学实验和化工生产中反应条件的选择问题。,29,"{""min"": ""G10"", ""max"": ""G12""}",ai-reviewed,[],deterministic-screen-only,not-adjudicated,anchors/gaozhong-化学.jsonl:37
ca_6vc7PYgw,化学,能描述化学平衡状态,能从化学反应限度和快慢的角度解释生产、生活中简单的化学现象。能描述化学平衡状态，判断化学反应是否达到平衡。能运用变量控制的方法探究影响化学反应速率的因素，能初步解释化学实验和化工生产中反应条件的选择问题。,29,"{""min"": ""G10"", ""max"": ""G12""}",ai-reviewed,[],deterministic-screen-only,not-adjudicated,anchors/gaozhong-化学.jsonl:38
ca_3XR2XK9m,化学,能判断化学反应是否达到平衡,能从化学反应限度和快慢的角度解释生产、生活中简单的化学现象。能描述化学平衡状态，判断化学反应是否达到平衡。能运用变量控制的方法探究影响化学反应速率的因素，能初步解释化学实验和化工生产中反应条件的选择问题。,29,"{""min"": ""G10"", ""max"": ""G12""}",ai-reviewed,[],deterministic-screen-only,not-adjudicated,anchors/gaozhong-化学.jsonl:39
ca_4WnJBdP8,化学,能运用变量控制的方法探究影响化学反应速率的因素,能从化学反应限度和快慢的角度解释生产、生活中简单的化学现象。能描述化学平衡状态，判断化学反应是否达到平衡。能运用变量控制的方法探究影响化学反应速率的因素，能初步解释化学实验和化工生产中反应条件的选择问题。,29,"{""min"": ""G10"", ""max"": ""G12""}",ai-reviewed,[],deterministic-screen-only,not-adjudicated,anchors/gaozhong-化学.jsonl:40
ca_9mTX4U9K,化学,能初步解释化学实验和化工生产中反应条件的选择问题,能从化学反应限度和快慢的角度解释生产、生活中简单的化学现象。能描述化学平衡状态，判断化学反应是否达到平衡。能运用变量控制的方法探究影响化学反应速率的因素，能初步解释化学实验和化工生产中反应条件的选择问题。,29,"{""min"": ""G10"", ""max"": ""G12""}",ai-reviewed,[],deterministic-screen-only,not-adjudicated,anchors/gaozhong-化学.jsonl:41
ca_7bVurErY,化学,能举出化学能转化为电能的实例,能举出化学能转化为电能的实例，能辨识简单原电池的构成要素，并能分析简单原电池的工作原理。,29,"{""min"": ""G10"", ""max"": ""G12""}",ai-reviewed,[],deterministic-screen-only,not-adjudicated,anchors/gaozhong-化学.jsonl:42
ca_6hBsfCfV,化学,能辨识简单原电池的构成要素，并能分析简单原电池的工作原理,能举出化学能转化为电能的实例，能辨识简单原电池的构成要素，并能分析简单原电池的工作原理。,29,"{""min"": ""G10"", ""max"": ""G12""}",ai-reviewed,[],deterministic-screen-only,not-adjudicated,anchors/gaozhong-化学.jsonl:43
ca_UwXgCKL5,化学,能结合有关资料说明元素周期律（表）对合成新物质、制造新材料的指导作用,能结合有关资料说明元素周期律（表）对合成新物质、制造新材料的指导作用。能从物质及能量变化的角度评价燃料的使用价值。能举例说明化学电源对提高生活质量的重要意义。,29,"{""min"": ""G10"", ""max"": ""G12""}",ai-reviewed,[],deterministic-screen-only,not-adjudicated,anchors/gaozhong-化学.jsonl:44
ca_QQHUfuzD,化学,能从物质及能量变化的角度评价燃料的使用价值,能结合有关资料说明元素周期律（表）对合成新物质、制造新材料的指导作用。能从物质及能量变化的角度评价燃料的使用价值。能举例说明化学电源对提高生活质量的重要意义。,29,"{""min"": ""G10"", ""max"": ""G12""}",ai-reviewed,[],deterministic-screen-only,not-adjudicated,anchors/gaozhong-化学.jsonl:45
ca_8QMX4SHn,化学,能知道有机化合物之间在一定条件下是可以转化的,认识乙烯、乙醇、乙酸的结构及其主要性质与应用；结合典型实例认识官能团与性质的关系，知道氧化、加成、取代、聚合等有机反应类型。知道有机化合物之间在一定条件下是可以转化的。,29,"{""min"": ""G10"", ""max"": ""G12""}",ai-reviewed,[],deterministic-screen-only,not-adjudicated,anchors/gaozhong-化学.jsonl:46
ca_N44cWn96,化学,能概括常见有机化合物中碳原子的成键类型,能辨识常见有机化合物分子中的碳骨架和官能团。能概括常见有机化合物中碳原子的成键类型。能描述甲烷、乙烯、乙炔的分子结构特征，并能搭建甲烷和乙烷的立体模型。能写出丁烷和戊烷的同分异构体。,31,"{""min"": ""G10"", ""max"": ""G12""}",ai-reviewed,[],deterministic-screen-only,not-adjudicated,anchors/gaozhong-化学.jsonl:47
ca_AYc899Xs,化学,能写出丁烷和戊烷的同分异构体,能辨识常见有机化合物分子中的碳骨架和官能团。能概括常见有机化合物中碳原子的成键类型。能描述甲烷、乙烯、乙炔的分子结构特征，并能搭建甲烷和乙烷的立体模型。能写出丁烷和戊烷的同分异构体。,31,"{""min"": ""G10"", ""max"": ""G12""}",ai-reviewed,[],deterministic-screen-only,not-adjudicated,anchors/gaozhong-化学.jsonl:48
ca_HRD28sWJ,化学,能描述乙烯、乙醇、乙酸的主要化学性质及相应性质实验的现象,能描述乙烯、乙醇、乙酸的主要化学性质及相应性质实验的现象，能书写相关的反应式，能利用这些物质的主要性质进行鉴别。,31,"{""min"": ""G10"", ""max"": ""G12""}",ai-reviewed,"[""A09""]",deterministic-screen-only,not-adjudicated,anchors/gaozhong-化学.jsonl:49
ca_gMFD6dn4,化学,能书写相关的反应式,能描述乙烯、乙醇、乙酸的主要化学性质及相应性质实验的现象，能书写相关的反应式，能利用这些物质的主要性质进行鉴别。,31,"{""min"": ""G10"", ""max"": ""G12""}",ai-reviewed,[],deterministic-screen-only,not-adjudicated,anchors/gaozhong-化学.jsonl:50
ca_DQ4Sh2LD,化学,能妥善保存、合理使用常见有机化学品,能从有机化合物及其性质的角度对有关能源、材料、饮食、健康、环境等实际问题进行分析、讨论和评价。能妥善保存、合理使用常见有机化学品。,31,"{""min"": ""G10"", ""max"": ""G12""}",ai-reviewed,[],deterministic-screen-only,not-adjudicated,anchors/gaozhong-化学.jsonl:51
ca_KK23ZR5F,化学,能列举事实说明化学科学在生产、生活中的应用价值，以及对人类文明的伟大贡献,能列举事实说明化学科学在生产、生活中的应用价值，以及对人类文明的伟大贡献。能列举我国体现化学科学与技术应用的重要成果。能举例说明与化学有关的职业，简单分析这些职业与化学科学的关系。,34,"{""min"": ""G10"", ""max"": ""G12""}",ai-reviewed,[],deterministic-screen-only,not-adjudicated,anchors/gaozhong-化学.jsonl:53
ca_fbhZybhB,化学,能列举我国体现化学科学与技术应用的重要成果,能列举事实说明化学科学在生产、生活中的应用价值，以及对人类文明的伟大贡献。能列举我国体现化学科学与技术应用的重要成果。能举例说明与化学有关的职业，简单分析这些职业与化学科学的关系。,34,"{""min"": ""G10"", ""max"": ""G12""}",ai-reviewed,[],deterministic-screen-only,not-adjudicated,anchors/gaozhong-化学.jsonl:54
ca_57tMPKLH,化学,能根据使用需求选择适当的材料,能从材料组成的角度对生活中常见的材料进行分类，能根据使用需求选择适当的材料，能解释使用注意事项，并能科学合理使用。,34,"{""min"": ""G10"", ""max"": ""G12""}",ai-reviewed,[],deterministic-screen-only,not-adjudicated,anchors/gaozhong-化学.jsonl:55
ca_WFpizMmU,化学,能解释使用注意事项，并能科学合理使用,能从材料组成的角度对生活中常见的材料进行分类，能根据使用需求选择适当的材料，能解释使用注意事项，并能科学合理使用。,34,"{""min"": ""G10"", ""max"": ""G12""}",ai-reviewed,[],deterministic-screen-only,not-adjudicated,anchors/gaozhong-化学.jsonl:56
ca_Naq7e63w,化学,能举例说明重要资源和能源的主要类型、成分和用途,能举例说明重要资源和能源的主要类型、成分和用途；能从化学的角度分析从资源到产品的转化途径，能对资源的开发利用和能源的使用方案进行评价；辩证地看待资源使用的利弊及其对环境和社会的影响。,34,"{""min"": ""G10"", ""max"": ""G12""}",ai-reviewed,"[""A09""]",deterministic-screen-only,not-adjudicated,anchors/gaozhong-化学.jsonl:57
ca_J9UN2cA9,化学,能从化学的角度分析从资源到产品的转化途径,能举例说明重要资源和能源的主要类型、成分和用途；能从化学的角度分析从资源到产品的转化途径，能对资源的开发利用和能源的使用方案进行评价；辩证地看待资源使用的利弊及其对环境和社会的影响。,34,"{""min"": ""G10"", ""max"": ""G12""}",ai-reviewed,[],deterministic-screen-only,not-adjudicated,anchors/gaozhong-化学.jsonl:58
ca_NcJidqqq,化学,能列举常见的大气、水体和土壤的污染物及其危害,能列举常见的大气、水体和土壤的污染物及其危害，能说明常见污染的成因和防治措施的化学原理，能结合具体的污染问题设计简单的防治方案。能举例说明化学对环境保护的作用。,35,"{""min"": ""G10"", ""max"": ""G12""}",ai-reviewed,"[""A09""]",deterministic-screen-only,not-adjudicated,anchors/gaozhong-化学.jsonl:59
ca_2R7LhtrQ,化学,能说明常见污染的成因和防治措施的化学原理,能列举常见的大气、水体和土壤的污染物及其危害，能说明常见污染的成因和防治措施的化学原理，能结合具体的污染问题设计简单的防治方案。能举例说明化学对环境保护的作用。,35,"{""min"": ""G10"", ""max"": ""G12""}",ai-reviewed,"[""A09""]",deterministic-screen-only,not-adjudicated,anchors/gaozhong-化学.jsonl:60
ca_nTsQAWSt,化学,能结合具体的污染问题设计简单的防治方案,能列举常见的大气、水体和土壤的污染物及其危害，能说明常见污染的成因和防治措施的化学原理，能结合具体的污染问题设计简单的防治方案。能举例说明化学对环境保护的作用。,35,"{""min"": ""G10"", ""max"": ""G12""}",ai-reviewed,[],deterministic-screen-only,not-adjudicated,anchors/gaozhong-化学.jsonl:61
ca_cFJyrweS,化学,能举例说明化学对环境保护的作用,能列举常见的大气、水体和土壤的污染物及其危害，能说明常见污染的成因和防治措施的化学原理，能结合具体的污染问题设计简单的防治方案。能举例说明化学对环境保护的作用。,35,"{""min"": ""G10"", ""max"": ""G12""}",ai-reviewed,[],deterministic-screen-only,not-adjudicated,anchors/gaozhong-化学.jsonl:62
ca_9vftCFH5,化学,能主动运用所学的化学知识和方法解决生产、生活中简单的化学问题,能主动运用所学的化学知识和方法解决生产、生活中简单的化学问题。在应用化学成果时能主动考虑其对自然和社会带来的可能影响，权衡化学成果在生产、生活中应用的利弊。能运用“绿色化学”思想分析和讨论化工生产的相关问题。,35,"{""min"": ""G10"", ""max"": ""G12""}",ai-reviewed,[],deterministic-screen-only,not-adjudicated,anchors/gaozhong-化学.jsonl:63
ca_6uPB3qJd,化学,能在应用化学成果时能主动考虑其对自然和社会带来的可能影响，权衡化学成果在生产、生活中应用的利弊,能主动运用所学的化学知识和方法解决生产、生活中简单的化学问题。在应用化学成果时能主动考虑其对自然和社会带来的可能影响，权衡化学成果在生产、生活中应用的利弊。能运用“绿色化学”思想分析和讨论化工生产的相关问题。,35,"{""min"": ""G10"", ""max"": ""G12""}",ai-reviewed,[],deterministic-screen-only,not-adjudicated,anchors/gaozhong-化学.jsonl:64
ca_mu9x5tYj,化学,"能运用""绿色化学""思想分析和讨论化工生产的相关问题",能主动运用所学的化学知识和方法解决生产、生活中简单的化学问题。在应用化学成果时能主动考虑其对自然和社会带来的可能影响，权衡化学成果在生产、生活中应用的利弊。能运用“绿色化学”思想分析和讨论化工生产的相关问题。,35,"{""min"": ""G10"", ""max"": ""G12""}",ai-reviewed,[],deterministic-screen-only,not-adjudicated,anchors/gaozhong-化学.jsonl:65
ca_reLLTMMn,化学,能解释化学反应中能量变化的本质,能辨识化学反应中的能量转化形式，能解释化学反应中能量变化的本质。,38,"{""min"": ""G10"", ""max"": ""G12""}",ai-reviewed,[],deterministic-screen-only,not-adjudicated,anchors/gaozhong-化学.jsonl:66
ca_VhYRcmQ4,化学,能用热化学方程式表示反应中的能量变化,能进行反应焓变的简单计算，能用热化学方程式表示反应中的能量变化，能运用反应焓变合理选择和利用化学反应。,38,"{""min"": ""G10"", ""max"": ""G12""}",ai-reviewed,[],deterministic-screen-only,not-adjudicated,anchors/gaozhong-化学.jsonl:67
ca_bQZxaRUh,化学,能运用反应焓变合理选择和利用化学反应,能进行反应焓变的简单计算，能用热化学方程式表示反应中的能量变化，能运用反应焓变合理选择和利用化学反应。,38,"{""min"": ""G10"", ""max"": ""G12""}",ai-reviewed,[],deterministic-screen-only,not-adjudicated,anchors/gaozhong-化学.jsonl:68
ca_FEAgMSgg,化学,能分析、解释原电池和电解池的工作原理,能分析、解释原电池和电解池的工作原理，能设计简单的原电池和电解池。,38,"{""min"": ""G10"", ""max"": ""G12""}",ai-reviewed,"[""A09""]",deterministic-screen-only,not-adjudicated,anchors/gaozhong-化学.jsonl:69
ca_yd2NTXBM,化学,能设计简单的原电池和电解池,能分析、解释原电池和电解池的工作原理，能设计简单的原电池和电解池。,38,"{""min"": ""G10"", ""max"": ""G12""}",ai-reviewed,[],deterministic-screen-only,not-adjudicated,anchors/gaozhong-化学.jsonl:70
ca_aRqG8dKF,化学,能列举常见的化学电源，并能利用相关信息分析化学电源的工作原理,能列举常见的化学电源，并能利用相关信息分析化学电源的工作原理。能利用电化学原理解释金属腐蚀现象，选择并设计防腐措施。,38,"{""min"": ""G10"", ""max"": ""G12""}",ai-reviewed,[],deterministic-screen-only,not-adjudicated,anchors/gaozhong-化学.jsonl:71
ca_hjs3FVPy,化学,能利用电化学原理解释金属腐蚀现象，选择并设计防腐措施,能列举常见的化学电源，并能利用相关信息分析化学电源的工作原理。能利用电化学原理解释金属腐蚀现象，选择并设计防腐措施。,38,"{""min"": ""G10"", ""max"": ""G12""}",ai-reviewed,[],deterministic-screen-only,not-adjudicated,anchors/gaozhong-化学.jsonl:72
ca_SrTVxRL3,化学,能举例说明化学在解决能源危机中的重要作用,能举例说明化学在解决能源危机中的重要作用，能分析能源的利用对自然环境和社会发展的影响。能综合考虑化学变化中的物质变化和能量变化来分析、解决实际问题，如煤炭的综合利用、新型电池的开发等。,38,"{""min"": ""G10"", ""max"": ""G12""}",ai-reviewed,[],deterministic-screen-only,not-adjudicated,anchors/gaozhong-化学.jsonl:73
ca_aF7eQkJR,化学,能分析能源的利用对自然环境和社会发展的影响,能举例说明化学在解决能源危机中的重要作用，能分析能源的利用对自然环境和社会发展的影响。能综合考虑化学变化中的物质变化和能量变化来分析、解决实际问题，如煤炭的综合利用、新型电池的开发等。,38,"{""min"": ""G10"", ""max"": ""G12""}",ai-reviewed,"[""A09""]",deterministic-screen-only,not-adjudicated,anchors/gaozhong-化学.jsonl:74
ca_UFe29L7c,化学,能知道化学反应是有方向的,知道化学反应是有方向的，知道化学反应的方向与反应的焓变和熵变有关。认识化学平衡常数是表征反应限度的物理量，知道化学平衡常数的含义。了解浓度商和化学平衡常数的相对大小与反应方向间的联系。通过实验探究，了解浓度、压强、温度对化学平衡状态的影响。,38,"{""min"": ""G10"", ""max"": ""G12""}",ai-reviewed,[],deterministic-screen-only,not-adjudicated,anchors/gaozhong-化学.jsonl:75
ca_iKZrQt5m,化学,能知道化学反应是有历程的,知道化学反应速率的表示方法，了解测定化学反应速率的简单方法。通过实验探究，了解温度、浓度、压强和催化剂对化学反应速率的影响。知道化学反应是有历程的，认识基元反应活化能对化学反应速率的影响。,39,"{""min"": ""G10"", ""max"": ""G12""}",ai-reviewed,[],deterministic-screen-only,not-adjudicated,anchors/gaozhong-化学.jsonl:76
ca_nH2aiirZ,化学,能书写平衡常数表达式,能书写平衡常数表达式，能进行平衡常数、转化率的简单计算，能利用平衡常数和浓度商的关系判断化学反应是否达到平衡及平衡移动的方向。,41,"{""min"": ""G10"", ""max"": ""G12""}",ai-reviewed,[],deterministic-screen-only,not-adjudicated,anchors/gaozhong-化学.jsonl:77
ca_BRVHweht,化学,能利用平衡常数和浓度商的关系判断化学反应是否达到平衡及平衡移动的方向,能书写平衡常数表达式，能进行平衡常数、转化率的简单计算，能利用平衡常数和浓度商的关系判断化学反应是否达到平衡及平衡移动的方向。,41,"{""min"": ""G10"", ""max"": ""G12""}",ai-reviewed,[],deterministic-screen-only,not-adjudicated,anchors/gaozhong-化学.jsonl:78
ca_7hFBsWmW,化学,能讨论化学反应条件的选择和优化,能运用浓度、压强、温度对化学平衡的影响规律，推测平衡移动方向及浓度、转化率等相关物理量的变化，能讨论化学反应条件的选择和优化。,41,"{""min"": ""G10"", ""max"": ""G12""}",ai-reviewed,[],deterministic-screen-only,not-adjudicated,anchors/gaozhong-化学.jsonl:79
ca_CRrKGBx3,化学,能通过实验探究分析不同组分浓度改变对化学反应速率的影响,能进行化学反应速率的简单计算，能通过实验探究分析不同组分浓度改变对化学反应速率的影响，能用一定的理论模型说明外界条件改变对化学反应速率的影响。,41,"{""min"": ""G10"", ""max"": ""G12""}",ai-reviewed,[],deterministic-screen-only,not-adjudicated,anchors/gaozhong-化学.jsonl:80
ca_HN2j5DyU,化学,能用一定的理论模型说明外界条件改变对化学反应速率的影响,能进行化学反应速率的简单计算，能通过实验探究分析不同组分浓度改变对化学反应速率的影响，能用一定的理论模型说明外界条件改变对化学反应速率的影响。,41,"{""min"": ""G10"", ""max"": ""G12""}",ai-reviewed,[],deterministic-screen-only,not-adjudicated,anchors/gaozhong-化学.jsonl:81
ca_BXwRDXAt,化学,能用化学用语正确表示水溶液中的离子反应与平衡,能用化学用语正确表示水溶液中的离子反应与平衡，能通过实验证明水溶液中存在的离子平衡，能举例说明离子反应与平衡在生产、生活中的应用。,44,"{""min"": ""G10"", ""max"": ""G12""}",ai-reviewed,[],deterministic-screen-only,not-adjudicated,anchors/gaozhong-化学.jsonl:82
ca_CsieinaY,化学,能通过实验证明水溶液中存在的离子平衡,能用化学用语正确表示水溶液中的离子反应与平衡，能通过实验证明水溶液中存在的离子平衡，能举例说明离子反应与平衡在生产、生活中的应用。,44,"{""min"": ""G10"", ""max"": ""G12""}",ai-reviewed,[],deterministic-screen-only,not-adjudicated,anchors/gaozhong-化学.jsonl:83
ca_iVqGzqkG,化学,能选择实例说明溶液 pH 的调控在工农业生产和科学研究中的重要作用,能进行溶液 pH 的简单计算，能正确测定溶液 pH，能调控溶液的酸碱性。能选择实例说明溶液 pH 的调控在工农业生产和科学研究中的重要作用。,44,"{""min"": ""G10"", ""max"": ""G12""}",ai-reviewed,[],deterministic-screen-only,not-adjudicated,anchors/gaozhong-化学.jsonl:84
ca_j9gAgfEt,化学,能综合运用离子反应、化学平衡原理,能综合运用离子反应、化学平衡原理，分析和解决生产、生活中有关电解质溶液的实际问题。模块2 物质结构与性质本课程模块将从原子、分子水平上认识物质构成的规律，以微粒之间不同的作用力为线索，侧重研究不同类型物质的有关性质，进一步丰富学生物质结构的知识，提高学生分析问题和解决问题的能力。通过本课程模块的学习，提升学生有关物质结构的基本认识，深入认识物质的结构与性质之间的关系，发展化学学科核心素养。,44,"{""min"": ""G10"", ""max"": ""G12""}",ai-reviewed,[],deterministic-screen-only,not-adjudicated,anchors/gaozhong-化学.jsonl:85
ca_qzPxxwgc,化学,能分析和解决生产、生活中有关电解质溶液的实际问题,能综合运用离子反应、化学平衡原理，分析和解决生产、生活中有关电解质溶液的实际问题。模块2 物质结构与性质本课程模块将从原子、分子水平上认识物质构成的规律，以微粒之间不同的作用力为线索，侧重研究不同类型物质的有关性质，进一步丰富学生物质结构的知识，提高学生分析问题和解决问题的能力。通过本课程模块的学习，提升学生有关物质结构的基本认识，深入认识物质的结构与性质之间的关系，发展化学学科核心素养。,44,"{""min"": ""G10"", ""max"": ""G12""}",ai-reviewed,[],deterministic-screen-only,not-adjudicated,anchors/gaozhong-化学.jsonl:86
ca_ckjkrfRK,化学,能知道 1~36 号元素基态原子核外电子的排布,知道原子核外电子的能级高低顺序，了解原子核外电子排布的构造原理，认识基态原子中核外电子的排布遵循能量最低原理、泡利不相容原理和洪特规则等。知道 1~36 号元素基态原子核外电子的排布。,45,"{""min"": ""G10"", ""max"": ""G12""}",ai-reviewed,[],deterministic-screen-only,not-adjudicated,anchors/gaozhong-化学.jsonl:87
ca_tGTrbV2M,化学,能说明微观粒子的运动状态与宏观物体运动特点的差异,能说明微观粒子的运动状态与宏观物体运动特点的差异。,46,"{""min"": ""G10"", ""max"": ""G12""}",ai-reviewed,[],deterministic-screen-only,not-adjudicated,anchors/gaozhong-化学.jsonl:88
ca_DaTz47ub,化学,能说出元素电离能、电负性的含义,能说出元素电离能、电负性的含义，能描述主族元素第一电离能、电负性变化的一般规律，能从电子排布的角度对这一规律进行解释。能说明电负性大小与原子在化合物中吸引电子能力的关系，能利用电负性判断元素的金属性与非金属性的强弱，推测化学键的极性。,46,"{""min"": ""G10"", ""max"": ""G12""}",ai-reviewed,"[""A09""]",deterministic-screen-only,not-adjudicated,anchors/gaozhong-化学.jsonl:89
ca_RgC7TKCh,化学,能描述主族元素第一电离能、电负性变化的一般规律,能说出元素电离能、电负性的含义，能描述主族元素第一电离能、电负性变化的一般规律，能从电子排布的角度对这一规律进行解释。能说明电负性大小与原子在化合物中吸引电子能力的关系，能利用电负性判断元素的金属性与非金属性的强弱，推测化学键的极性。,46,"{""min"": ""G10"", ""max"": ""G12""}",ai-reviewed,"[""A09""]",deterministic-screen-only,not-adjudicated,anchors/gaozhong-化学.jsonl:90
ca_BYDSDwwg,化学,能说明电负性大小与原子在化合物中吸引电子能力的关系,能说出元素电离能、电负性的含义，能描述主族元素第一电离能、电负性变化的一般规律，能从电子排布的角度对这一规律进行解释。能说明电负性大小与原子在化合物中吸引电子能力的关系，能利用电负性判断元素的金属性与非金属性的强弱，推测化学键的极性。,46,"{""min"": ""G10"", ""max"": ""G12""}",ai-reviewed,[],deterministic-screen-only,not-adjudicated,anchors/gaozhong-化学.jsonl:91
ca_hAYrBStq,化学,能利用电负性判断元素的金属性与非金属性的强弱，推测化学键的极性,能说出元素电离能、电负性的含义，能描述主族元素第一电离能、电负性变化的一般规律，能从电子排布的角度对这一规律进行解释。能说明电负性大小与原子在化合物中吸引电子能力的关系，能利用电负性判断元素的金属性与非金属性的强弱，推测化学键的极性。,46,"{""min"": ""G10"", ""max"": ""G12""}",ai-reviewed,[],deterministic-screen-only,not-adjudicated,anchors/gaozhong-化学.jsonl:92
ca_U5i5eLDy,化学,能从原子价电子数目和价电子排布的角度解释元素周期表的分区、周期和族的划分,能从原子价电子数目和价电子排布的角度解释元素周期表的分区、周期和族的划分。能列举元素周期律（表）的应用。,47,"{""min"": ""G10"", ""max"": ""G12""}",ai-reviewed,[],deterministic-screen-only,not-adjudicated,anchors/gaozhong-化学.jsonl:93
ca_RdwubzTd,化学,能论证证据与模型建立及其发展之间的关系,能说明建构思维模型在人类认识原子结构过程中的重要作用，能论证证据与模型建立及其发展之间的关系。能简要说明原子核外电子运动规律的理论探究对研究元素性质及其变化规律的意义。,47,"{""min"": ""G10"", ""max"": ""G12""}",ai-reviewed,[],deterministic-screen-only,not-adjudicated,anchors/gaozhong-化学.jsonl:94
ca_XTgvDjJn,化学,能结合实例了解共价分子具有特定的空间结构，并可运用相关理论和模型进行解释和预测,结合实例了解共价分子具有特定的空间结构，并可运用相关理论和模型进行解释和预测。知道分子的结构可以通过波谱、晶体 X 射线衍射等技术进行测定。,48,"{""min"": ""G10"", ""max"": ""G12""}",ai-reviewed,[],deterministic-screen-only,not-adjudicated,anchors/gaozhong-化学.jsonl:95
ca_NytYn4YF,化学,能知道介于典型晶体之间的过渡晶体及混合型晶体是普遍存在的,了解晶体中微粒的空间排布存在周期性，认识简单的晶胞。借助分子晶体、共价晶体、离子晶体、金属晶体等模型认识晶体的结构特点。知道介于典型晶体之间的过渡晶体及混合型晶体是普遍存在的。,48,"{""min"": ""G10"", ""max"": ""G12""}",ai-reviewed,[],deterministic-screen-only,not-adjudicated,anchors/gaozhong-化学.jsonl:96
ca_Eqzizerj,化学,能比较不同类型的微粒间作用的联系与区别,能说出微粒间作用（离子键、共价键、配位键和分子间作用力等）的主要类型、特征和实质；能比较不同类型的微粒间作用的联系与区别；能说明典型物质的成键类型。,50,"{""min"": ""G10"", ""max"": ""G12""}",ai-reviewed,[],deterministic-screen-only,not-adjudicated,anchors/gaozhong-化学.jsonl:97
ca_52UDhbx5,化学,能说明典型物质的成键类型,能说出微粒间作用（离子键、共价键、配位键和分子间作用力等）的主要类型、特征和实质；能比较不同类型的微粒间作用的联系与区别；能说明典型物质的成键类型。,50,"{""min"": ""G10"", ""max"": ""G12""}",ai-reviewed,[],deterministic-screen-only,not-adjudicated,anchors/gaozhong-化学.jsonl:98
ca_8iqi9UAg,化学,能利用电负性判断共价键的极性,能利用电负性判断共价键的极性，能根据共价分子的结构特点说明简单分子的某些性质；能运用离子键、配位键、金属键等模型，解释离子化合物、配合物、金属等物质的某些典型性质；能说明分子间作用力（含氢键）对物质熔、沸点等性质的影响，能列举含有氢键的物质及其性质特点。,50,"{""min"": ""G10"", ""max"": ""G12""}",ai-reviewed,[],deterministic-screen-only,not-adjudicated,anchors/gaozhong-化学.jsonl:99
ca_BeV65KKa,化学,能根据共价分子的结构特点说明简单分子的某些性质,能利用电负性判断共价键的极性，能根据共价分子的结构特点说明简单分子的某些性质；能运用离子键、配位键、金属键等模型，解释离子化合物、配合物、金属等物质的某些典型性质；能说明分子间作用力（含氢键）对物质熔、沸点等性质的影响，能列举含有氢键的物质及其性质特点。,50,"{""min"": ""G10"", ""max"": ""G12""}",ai-reviewed,[],deterministic-screen-only,not-adjudicated,anchors/gaozhong-化学.jsonl:100
ca_QtBQtK7p,化学,能解释离子化合物、配合物、金属等物质的某些典型性质,能利用电负性判断共价键的极性，能根据共价分子的结构特点说明简单分子的某些性质；能运用离子键、配位键、金属键等模型，解释离子化合物、配合物、金属等物质的某些典型性质；能说明分子间作用力（含氢键）对物质熔、沸点等性质的影响，能列举含有氢键的物质及其性质特点。,50,"{""min"": ""G10"", ""max"": ""G12""}",ai-reviewed,"[""A09""]",deterministic-screen-only,not-adjudicated,anchors/gaozhong-化学.jsonl:102
ca_WBrAqyXf,化学,能说明分子间作用力（含氢键）对物质熔、沸点等性质的影响,能利用电负性判断共价键的极性，能根据共价分子的结构特点说明简单分子的某些性质；能运用离子键、配位键、金属键等模型，解释离子化合物、配合物、金属等物质的某些典型性质；能说明分子间作用力（含氢键）对物质熔、沸点等性质的影响，能列举含有氢键的物质及其性质特点。,50,"{""min"": ""G10"", ""max"": ""G12""}",ai-reviewed,[],deterministic-screen-only,not-adjudicated,anchors/gaozhong-化学.jsonl:103
ca_wejBLvLB,化学,能列举含有氢键的物质及其性质特点,能利用电负性判断共价键的极性，能根据共价分子的结构特点说明简单分子的某些性质；能运用离子键、配位键、金属键等模型，解释离子化合物、配合物、金属等物质的某些典型性质；能说明分子间作用力（含氢键）对物质熔、沸点等性质的影响，能列举含有氢键的物质及其性质特点。,50,"{""min"": ""G10"", ""max"": ""G12""}",ai-reviewed,[],deterministic-screen-only,not-adjudicated,anchors/gaozhong-化学.jsonl:104
ca_7k9KMEg7,化学,能根据给定的信息分析常见简单分子的空间结构,能根据给定的信息分析常见简单分子的空间结构，能利用相关理论解释简单的共价分子的空间结构；能根据分子结构特点和键的极性来判断分子的极性，并据此对分子的一些典型性质及其应用作出解释。,50,"{""min"": ""G10"", ""max"": ""G12""}",ai-reviewed,[],deterministic-screen-only,not-adjudicated,anchors/gaozhong-化学.jsonl:105
ca_PhmPaUgN,化学,能利用相关理论解释简单的共价分子的空间结构,能根据给定的信息分析常见简单分子的空间结构，能利用相关理论解释简单的共价分子的空间结构；能根据分子结构特点和键的极性来判断分子的极性，并据此对分子的一些典型性质及其应用作出解释。,50,"{""min"": ""G10"", ""max"": ""G12""}",ai-reviewed,[],deterministic-screen-only,not-adjudicated,anchors/gaozhong-化学.jsonl:106
ca_JrQGpMFf,化学,能根据分子结构特点和键的极性来判断分子的极性，并据此对分子的一些典型性质及其应用作出解释,能根据给定的信息分析常见简单分子的空间结构，能利用相关理论解释简单的共价分子的空间结构；能根据分子结构特点和键的极性来判断分子的极性，并据此对分子的一些典型性质及其应用作出解释。,50,"{""min"": ""G10"", ""max"": ""G12""}",ai-reviewed,[],deterministic-screen-only,not-adjudicated,anchors/gaozhong-化学.jsonl:107
ca_6ccQdU5M,化学,能说出晶体与非晶体的区别,能说出晶体与非晶体的区别；能结合实例描述晶体中微粒排列的周期性规律；能借助分子晶体、共价晶体、离子晶体、金属晶体等模型说明晶体中的微粒及其微粒间的相互作用。,50,"{""min"": ""G10"", ""max"": ""G12""}",ai-reviewed,[],deterministic-screen-only,not-adjudicated,anchors/gaozhong-化学.jsonl:108
ca_dBCyNQ3G,化学,能结合实例描述晶体中微粒排列的周期性规律,能说出晶体与非晶体的区别；能结合实例描述晶体中微粒排列的周期性规律；能借助分子晶体、共价晶体、离子晶体、金属晶体等模型说明晶体中的微粒及其微粒间的相互作用。,50,"{""min"": ""G10"", ""max"": ""G12""}",ai-reviewed,[],deterministic-screen-only,not-adjudicated,anchors/gaozhong-化学.jsonl:109
ca_bp9ABZKt,化学,能说明原子光谱、分子光谱、 X 射线衍射等实验手段在物质结构研究中的作用,能说明原子光谱、分子光谱、 X 射线衍射等实验手段在物质结构研究中的作用。,52,"{""min"": ""G10"", ""max"": ""G12""}",ai-reviewed,"[""A09""]",deterministic-screen-only,not-adjudicated,anchors/gaozhong-化学.jsonl:110
ca_SCseUjms,化学,能举例说明结构研究对于发现、制备新物质的作用,能举例说明物质在原子、分子、超分子、聚集态等不同尺度上的结构特点对物质性质的影响，能举例说明结构研究对于发现、制备新物质的作用。,52,"{""min"": ""G10"", ""max"": ""G12""}",ai-reviewed,[],deterministic-screen-only,not-adjudicated,anchors/gaozhong-化学.jsonl:111
ca_dBVhDXxj,化学,能判断有机化合物分子中碳原子的饱和程度、键的类型,能辨识有机化合物分子中的官能团，判断有机化合物分子中碳原子的饱和程度、键的类型，分析键的极性；能依据有机化合物分子的结构特征分析简单有机化合物的某些化学性质。,55,"{""min"": ""G10"", ""max"": ""G12""}",ai-reviewed,"[""A09""]",deterministic-screen-only,not-adjudicated,anchors/gaozhong-化学.jsonl:112
ca_r8GWZYbE,化学,能依据有机化合物分子的结构特征分析简单有机化合物的某些化学性质,能辨识有机化合物分子中的官能团，判断有机化合物分子中碳原子的饱和程度、键的类型，分析键的极性；能依据有机化合物分子的结构特征分析简单有机化合物的某些化学性质。,55,"{""min"": ""G10"", ""max"": ""G12""}",ai-reviewed,[],deterministic-screen-only,not-adjudicated,anchors/gaozhong-化学.jsonl:113
ca_HYtEgXi3,化学,能写出符合特定条件的同分异构体,能辨识同分异构现象，能写出符合特定条件的同分异构体，能举例说明立体异构现象。,55,"{""min"": ""G10"", ""max"": ""G12""}",ai-reviewed,[],deterministic-screen-only,not-adjudicated,anchors/gaozhong-化学.jsonl:114
ca_DiWqfJyf,化学,能举例说明立体异构现象,能辨识同分异构现象，能写出符合特定条件的同分异构体，能举例说明立体异构现象。,55,"{""min"": ""G10"", ""max"": ""G12""}",ai-reviewed,[],deterministic-screen-only,not-adjudicated,anchors/gaozhong-化学.jsonl:115
ca_HsUgLedz,化学,能说出测定有机化合物分子结构的常用仪器分析方法,能说出测定有机化合物分子结构的常用仪器分析方法，能结合简单图谱信息分析判断有机化合物的分子结构。,55,"{""min"": ""G10"", ""max"": ""G12""}",ai-reviewed,[],deterministic-screen-only,not-adjudicated,anchors/gaozhong-化学.jsonl:116
ca_zXBnCSke,化学,能结合简单图谱信息分析判断有机化合物的分子结构,能说出测定有机化合物分子结构的常用仪器分析方法，能结合简单图谱信息分析判断有机化合物的分子结构。,55,"{""min"": ""G10"", ""max"": ""G12""}",ai-reviewed,[],deterministic-screen-only,not-adjudicated,anchors/gaozhong-化学.jsonl:117
ca_wKfgKs9T,化学,能写出烃及其衍生物的官能团、简单代表物的结构简式和名称,能写出烃及其衍生物的官能团、简单代表物的结构简式和名称；能够列举各类有机化合物的典型代表物的主要物理性质。,58,"{""min"": ""G10"", ""max"": ""G12""}",ai-reviewed,[],deterministic-screen-only,not-adjudicated,anchors/gaozhong-化学.jsonl:118
ca_aumTaDmB,化学,能够列举各类有机化合物的典型代表物的主要物理性质,能写出烃及其衍生物的官能团、简单代表物的结构简式和名称；能够列举各类有机化合物的典型代表物的主要物理性质。,58,"{""min"": ""G10"", ""max"": ""G12""}",ai-reviewed,[],deterministic-screen-only,not-adjudicated,anchors/gaozhong-化学.jsonl:119
ca_SM6qswmq,化学,能描述和分析各类有机化合物的典型代表物的重要反应,能描述和分析各类有机化合物的典型代表物的重要反应，能书写相应的反应式。,58,"{""min"": ""G10"", ""max"": ""G12""}",ai-reviewed,"[""A09""]",deterministic-screen-only,not-adjudicated,anchors/gaozhong-化学.jsonl:120
ca_quK9X2L4,化学,能书写相应的反应式,能描述和分析各类有机化合物的典型代表物的重要反应，能书写相应的反应式。,58,"{""min"": ""G10"", ""max"": ""G12""}",ai-reviewed,[],deterministic-screen-only,not-adjudicated,anchors/gaozhong-化学.jsonl:121
ca_dKhzhPgN,化学,能基于官能团、化学键的特点与反应规律分析和推断含有典型官能团的有机化合物的化学性质,能基于官能团、化学键的特点与反应规律分析和推断含有典型官能团的有机化合物的化学性质。根据有关信息书写相应的反应式。,58,"{""min"": ""G10"", ""max"": ""G12""}",ai-reviewed,[],deterministic-screen-only,not-adjudicated,anchors/gaozhong-化学.jsonl:122
ca_fVMXMB6e,化学,能综合应用有关知识完成推断有机化合物、检验官能团、设计有机合成路线等任务,能综合应用有关知识完成推断有机化合物、检验官能团、设计有机合成路线等任务。,58,"{""min"": ""G10"", ""max"": ""G12""}",ai-reviewed,"[""A09""]",deterministic-screen-only,not-adjudicated,anchors/gaozhong-化学.jsonl:123
ca_As7cq5vK,化学,能参与环境保护等与有机化合物性质应用相关的社会性议题的讨论，并作出有科学依据的判断、评价和决策,能参与环境保护等与有机化合物性质应用相关的社会性议题的讨论，并作出有科学依据的判断、评价和决策。,58,"{""min"": ""G10"", ""max"": ""G12""}",ai-reviewed,[],deterministic-screen-only,not-adjudicated,anchors/gaozhong-化学.jsonl:124
ca_HSCLiB25,化学,能分析高分子的合成路线,能对单体和高分子进行相互推断，能分析高分子的合成路线，能写出典型的加聚反应和缩聚反应的反应式。,60,"{""min"": ""G10"", ""max"": ""G12""}",ai-reviewed,[],deterministic-screen-only,not-adjudicated,anchors/gaozhong-化学.jsonl:125
ca_y8DFDd3t,化学,能写出典型的加聚反应和缩聚反应的反应式,能对单体和高分子进行相互推断，能分析高分子的合成路线，能写出典型的加聚反应和缩聚反应的反应式。,60,"{""min"": ""G10"", ""max"": ""G12""}",ai-reviewed,[],deterministic-screen-only,not-adjudicated,anchors/gaozhong-化学.jsonl:126
ca_juHUKag5,化学,能列举典型糖类物质,能列举典型糖类物质，能说明单糖、二糖和多糖的区别与联系，能探究葡萄糖的化学性质，能描述淀粉、纤维素的典型性质。,61,"{""min"": ""G10"", ""max"": ""G12""}",ai-reviewed,[],deterministic-screen-only,not-adjudicated,anchors/gaozhong-化学.jsonl:127
ca_ttjEdgeu,化学,能说明单糖、二糖和多糖的区别与联系,能列举典型糖类物质，能说明单糖、二糖和多糖的区别与联系，能探究葡萄糖的化学性质，能描述淀粉、纤维素的典型性质。,61,"{""min"": ""G10"", ""max"": ""G12""}",ai-reviewed,[],deterministic-screen-only,not-adjudicated,anchors/gaozhong-化学.jsonl:128
ca_z5JKVDGE,化学,能描述淀粉、纤维素的典型性质,能列举典型糖类物质，能说明单糖、二糖和多糖的区别与联系，能探究葡萄糖的化学性质，能描述淀粉、纤维素的典型性质。,61,"{""min"": ""G10"", ""max"": ""G12""}",ai-reviewed,"[""A09""]",deterministic-screen-only,not-adjudicated,anchors/gaozhong-化学.jsonl:129
ca_FH2HC78p,化学,能说明蛋白质的基本结构特点,能辨识蛋白质结构中的肽键，能说明蛋白质的基本结构特点，能判断氨基酸的缩合产物、多肽的水解产物。能分析说明氨基酸、蛋白质与人体健康的关系。,61,"{""min"": ""G10"", ""max"": ""G12""}",ai-reviewed,[],deterministic-screen-only,not-adjudicated,anchors/gaozhong-化学.jsonl:130
ca_TjwbrdAp,化学,能判断氨基酸的缩合产物、多肽的水解产物,能辨识蛋白质结构中的肽键，能说明蛋白质的基本结构特点，能判断氨基酸的缩合产物、多肽的水解产物。能分析说明氨基酸、蛋白质与人体健康的关系。,61,"{""min"": ""G10"", ""max"": ""G12""}",ai-reviewed,"[""A09""]",deterministic-screen-only,not-adjudicated,anchors/gaozhong-化学.jsonl:131
ca_FSWN5qqD,化学,能分析说明氨基酸、蛋白质与人体健康的关系,能辨识蛋白质结构中的肽键，能说明蛋白质的基本结构特点，能判断氨基酸的缩合产物、多肽的水解产物。能分析说明氨基酸、蛋白质与人体健康的关系。,61,"{""min"": ""G10"", ""max"": ""G12""}",ai-reviewed,[],deterministic-screen-only,not-adjudicated,anchors/gaozhong-化学.jsonl:132
ca_EiGArqvZ,化学,能基于氢键分析碱基的配对原理,能辨识核糖核酸、脱氧核糖核酸中的磷酯键，能基于氢键分析碱基的配对原理。能说明核糖核酸、脱氧核糖核酸对于生命遗传的意义。,61,"{""min"": ""G10"", ""max"": ""G12""}",ai-reviewed,[],deterministic-screen-only,not-adjudicated,anchors/gaozhong-化学.jsonl:133
ca_2q3TtPma,化学,能举例说明塑料、合成橡胶、合成纤维的组成和结构特点,能举例说明塑料、合成橡胶、合成纤维的组成和结构特点，能列举重要的合成高分子化合物，说明它们在材料领域中的应用。,61,"{""min"": ""G10"", ""max"": ""G12""}",ai-reviewed,[],deterministic-screen-only,not-adjudicated,anchors/gaozhong-化学.jsonl:134
ca_ZC7nxTGf,化学,能列举重要的合成高分子化合物,能举例说明塑料、合成橡胶、合成纤维的组成和结构特点，能列举重要的合成高分子化合物，说明它们在材料领域中的应用。,61,"{""min"": ""G10"", ""max"": ""G12""}",ai-reviewed,[],deterministic-screen-only,not-adjudicated,anchors/gaozhong-化学.jsonl:135
ca_EFS8Lwia,化学,能掌握实验装置组装的基本原则和技能,实验技能：掌握开展实验探究必备的实验技能，掌握过滤（抽滤） 、蒸馏（回流） 、萃取、滴定等基本实验操作，初步掌握酸度计等仪器的使用方法，掌握实验装置组装的基本原则和技能。,64,"{""min"": ""G10"", ""max"": ""G12""}",ai-reviewed,[],deterministic-screen-only,not-adjudicated,anchors/gaozhong-化学.jsonl:137
ca_YHwHpJxB,化学,能运用化学学科核心素养作出合理的分析和推断，作出理智、科学的决策,科学态度：形成实事求是、严谨细致的科学态度，具有批判精神和创新意识。系列2 化学与社会化学不仅与人类的衣、食、住、行密切相关，而且已发展成为生命科学、材料科学、能源科学、环境科学、信息科学、纳米科技和工程技术科学的重要基础，成为推进科学技术进步和现代社会文明的重要力量。通过系列 2 课程的学习，学生可进一步了解化学的广泛应用，认识化学与生活、生产、社会发展的关系，发展化学学科核心素养；在面临与化学有关的综合问题时，能运用化学学科核心素养作出合理的分析和推断，作出理智、科学的决策。,65,"{""min"": ""G10"", ""max"": ""G12""}",ai-reviewed,"[""A09""]",deterministic-screen-only,not-adjudicated,anchors/gaozhong-化学.jsonl:138
ca_zhMy8uvx,化学,能举例说明化学在促进人类健康、提供生活材料和保护环境等方面的作用,能举例说明化学在促进人类健康、提供生活材料和保护环境等方面的作用，能运用所学知识对生活中的有关问题作出解释。能依据科学理性、辩证观点、科学的生活态度与观念对生活问题及其解决方案作出评估，能根据实际情况权衡利弊作出决策。,68,"{""min"": ""G10"", ""max"": ""G12""}",ai-reviewed,"[""A09""]",deterministic-screen-only,not-adjudicated,anchors/gaozhong-化学.jsonl:139
ca_HHGzjmDV,化学,能依据科学理性、辩证观点、科学的生活态度与观念对生活问题及其解决方案作出评估,能举例说明化学在促进人类健康、提供生活材料和保护环境等方面的作用，能运用所学知识对生活中的有关问题作出解释。能依据科学理性、辩证观点、科学的生活态度与观念对生活问题及其解决方案作出评估，能根据实际情况权衡利弊作出决策。,68,"{""min"": ""G10"", ""max"": ""G12""}",ai-reviewed,[],deterministic-screen-only,not-adjudicated,anchors/gaozhong-化学.jsonl:140
ca_khTcEcFh,化学,"能依据""绿色化学""思想分析某些化工生产过程的特点和存在的问题，探讨系统化处理或解决问题的基本思路",能举例说明化学在自然资源开发利用、材料制造和工农业生产中的应用，能运用所学知识对与化学有关的技术问题作出分析和解释。能依据“绿色化学”思想分析某些化工生产过程的特点和存在的问题，探讨系统化处理或解决问题的基本思路。,68,"{""min"": ""G10"", ""max"": ""G12""}",ai-reviewed,[],deterministic-screen-only,not-adjudicated,anchors/gaozhong-化学.jsonl:141
ca_h36ZebWw,化学,能通过举例的方式描述化学科学研究的主要领域、重要成果和新进展,通过对化学研究进展的进一步了解，体验现代化学发展的面貌和方向，增进对化学科学的整体感知，提升研究化学的潜能。能通过举例的方式描述化学科学研究的主要领域、重要成果和新进展，能说明解决某个前沿问题的研究思路与方法，能描述化学前沿研究的过程。,71,"{""min"": ""G10"", ""max"": ""G12""}",ai-reviewed,"[""A09""]",deterministic-screen-only,not-adjudicated,anchors/gaozhong-化学.jsonl:142
ca_xuZ98gG7,化学,能说明解决某个前沿问题的研究思路与方法,通过对化学研究进展的进一步了解，体验现代化学发展的面貌和方向，增进对化学科学的整体感知，提升研究化学的潜能。能通过举例的方式描述化学科学研究的主要领域、重要成果和新进展，能说明解决某个前沿问题的研究思路与方法，能描述化学前沿研究的过程。,71,"{""min"": ""G10"", ""max"": ""G12""}",ai-reviewed,[],deterministic-screen-only,not-adjudicated,anchors/gaozhong-化学.jsonl:143
ca_P5eyeCEu,化学,能描述化学前沿研究的过程,通过对化学研究进展的进一步了解，体验现代化学发展的面貌和方向，增进对化学科学的整体感知，提升研究化学的潜能。能通过举例的方式描述化学科学研究的主要领域、重要成果和新进展，能说明解决某个前沿问题的研究思路与方法，能描述化学前沿研究的过程。,71,"{""min"": ""G10"", ""max"": ""G12""}",ai-reviewed,[],deterministic-screen-only,not-adjudicated,anchors/gaozhong-化学.jsonl:144
ca_Vq3j5ydh,化学,能查阅化学某个领域学术研究的文献，对文献内容进行分析、概括与点评,能查阅化学某个领域学术研究的文献，对文献内容进行分析、概括与点评。鼓励针对一个学术问题在教师（导师）的指导下开展项目研究、撰写研究报告。,71,"{""min"": ""G10"", ""max"": ""G12""}",ai-reviewed,[],deterministic-screen-only,not-adjudicated,anchors/gaozhong-化学.jsonl:145
ca_XzSugHSr,化学,能对常见物质（包括简单的有机化合物）及其变化进行描述和符号表征,能对常见物质（包括简单的有机化合物）及其变化进行描述和符号表征；,71,"{""min"": ""G10"", ""max"": ""G12""}",ai-reviewed,[],deterministic-screen-only,not-adjudicated,anchors/gaozhong-化学.jsonl:146
ca_hUK9WqjT,化学,能结合实例书写离子方程式和氧化还原反应化学方程式,能认识离子反应和氧化还原反应的本质，能结合实例书写离子方程式和氧化还原反应化学方程式；,71,"{""min"": ""G10"", ""max"": ""G12""}",ai-reviewed,"[""A09""]",deterministic-screen-only,not-adjudicated,anchors/gaozhong-化学.jsonl:147
ca_LcCfi3Gv,化学,能说明常见物质的性质与应用的关系,能说明常见物质的性质与应用的关系。,71,"{""min"": ""G10"", ""max"": ""G12""}",ai-reviewed,[],deterministic-screen-only,not-adjudicated,anchors/gaozhong-化学.jsonl:148
ca_GWPzYFP6,化学,能说明化学变化中的质量关系和能量转化,1-2 认识化学变化是有条件的，能说明化学变化中的质量关系和能量转化，能从物质的组成、构成微粒、主要性质等方面解释或说明化学变化的本质特征；,71,"{""min"": ""G10"", ""max"": ""G12""}",ai-reviewed,[],deterministic-screen-only,not-adjudicated,anchors/gaozhong-化学.jsonl:149
ca_ehUgAQey,化学,能从物质的组成、构成微粒、主要性质等方面解释或说明化学变化的本质特征,1-2 认识化学变化是有条件的，能说明化学变化中的质量关系和能量转化，能从物质的组成、构成微粒、主要性质等方面解释或说明化学变化的本质特征；,71,"{""min"": ""G10"", ""max"": ""G12""}",ai-reviewed,[],deterministic-screen-only,not-adjudicated,anchors/gaozhong-化学.jsonl:150
ca_aAVixPTs,化学,能结合实验或生产、生活中的实际数据，并应用物质的量计算物质的组成和物质转化过程中的质量关系,认识物质的量在化学定量研究中的重要作用，能结合实验或生产、生活中的实际数据，并应用物质的量计算物质的组成和物质转化过程中的质量关系。,71,"{""min"": ""G10"", ""max"": ""G12""}",ai-reviewed,"[""A09""]",deterministic-screen-only,not-adjudicated,anchors/gaozhong-化学.jsonl:151
ca_uhkV762H,化学,能与同伴合作进行实验探究，如实观察、记录实验现象,能与同伴合作进行实验探究，如实观察、记录实验现象，能根据实验现象形成初步结论。,71,"{""min"": ""G10"", ""max"": ""G12""}",ai-reviewed,[],deterministic-screen-only,not-adjudicated,anchors/gaozhong-化学.jsonl:152
ca_sUQFpAnF,化学,能主动关心并参与有关的社会性议题的讨论，赞赏化学对人类生活和生产所作的贡献,1-4 具有安全意识，能将化学知识与生产、生活实际结合，能主动关心并参与有关的社会性议题的讨论，赞赏化学对人类生活和生产所作的贡献；,71,"{""min"": ""G10"", ""max"": ""G12""}",ai-reviewed,[],deterministic-screen-only,not-adjudicated,anchors/gaozhong-化学.jsonl:153
ca_VRZrscfN,化学,能从原子结构视角说明元素的性质递变规律,能从原子结构视角说明元素的性质递变规律；,71,"{""min"": ""G10"", ""max"": ""G12""}",ai-reviewed,[],deterministic-screen-only,not-adjudicated,anchors/gaozhong-化学.jsonl:154
ca_U9JKDdv4,化学,能从构成物质的微粒、化学键、官能团等方面说明常见物质的主要性质,能从构成物质的微粒、化学键、官能团等方面说明常见物质的主要性质，能分析物质性质与用途的关系。,71,"{""min"": ""G10"", ""max"": ""G12""}",ai-reviewed,[],deterministic-screen-only,not-adjudicated,anchors/gaozhong-化学.jsonl:155
ca_Thy83fEZ,化学,能分析物质性质与用途的关系,能从构成物质的微粒、化学键、官能团等方面说明常见物质的主要性质，能分析物质性质与用途的关系。,71,"{""min"": ""G10"", ""max"": ""G12""}",ai-reviewed,[],deterministic-screen-only,not-adjudicated,anchors/gaozhong-化学.jsonl:156
ca_uf2n8XGr,化学,能分析化学反应速率的主要影响因素,认识化学变化的多样性和复杂性，能分析化学反应速率的主要影响因素；,71,"{""min"": ""G10"", ""max"": ""G12""}",ai-reviewed,[],deterministic-screen-only,not-adjudicated,anchors/gaozhong-化学.jsonl:157
ca_NmucLgyJ,化学,能设计物质转化的方案,能设计物质转化的方案，能运用化学符号表征物质的转化，能说明化学变化的本质特征和变化规律；,71,"{""min"": ""G10"", ""max"": ""G12""}",ai-reviewed,[],deterministic-screen-only,not-adjudicated,anchors/gaozhong-化学.jsonl:158
ca_8bkrd5AM,化学,能运用化学符号表征物质的转化,能设计物质转化的方案，能运用化学符号表征物质的转化，能说明化学变化的本质特征和变化规律；,71,"{""min"": ""G10"", ""max"": ""G12""}",ai-reviewed,[],deterministic-screen-only,not-adjudicated,anchors/gaozhong-化学.jsonl:159
ca_yrVRE7Tc,化学,能说明化学变化的本质特征和变化规律,能设计物质转化的方案，能运用化学符号表征物质的转化，能说明化学变化的本质特征和变化规律；,71,"{""min"": ""G10"", ""max"": ""G12""}",ai-reviewed,[],deterministic-screen-only,not-adjudicated,anchors/gaozhong-化学.jsonl:160
ca_N8uRAJyp,化学,能应用质量守恒定律分析物质转化对资源利用的影响,能应用质量守恒定律分析物质转化对资源利用的影响。,71,"{""min"": ""G10"", ""max"": ""G12""}",ai-reviewed,[],deterministic-screen-only,not-adjudicated,anchors/gaozhong-化学.jsonl:161
ca_Ah7Knxu5,化学,能提出有意义的实验探究问题，根据已有经验和资料作出预测和假设,2-3 能通过实验探究物质的性质和变化规律，能提出有意义的实验探究问题，根据已有经验和资料作出预测和假设，能设计简单实验方案，能运用适当的方法控制反应条件并顺利完成实验；,71,"{""min"": ""G10"", ""max"": ""G12""}",ai-reviewed,[],deterministic-screen-only,not-adjudicated,anchors/gaozhong-化学.jsonl:162
ca_4c9PdHbZ,化学,能收集和表述实验证据，基于实验事实得出结论,能收集和表述实验证据，基于实验事实得出结论。,71,"{""min"": ""G10"", ""max"": ""G12""}",ai-reviewed,[],deterministic-screen-only,not-adjudicated,anchors/gaozhong-化学.jsonl:163
ca_MAsNa6Ua,化学,能说明物质的组成、官能团和微粒间作用力的差异对物质性质的影响,能说明物质的组成、官能团和微粒间作用力的差异对物质性质的影响；,71,"{""min"": ""G10"", ""max"": ""G12""}",ai-reviewed,"[""A09""]",deterministic-screen-only,not-adjudicated,anchors/gaozhong-化学.jsonl:164
ca_dMkM7Cpf,化学,能说明影响化学反应速率和化学平衡的因素,3-2 能根据反应速率理论和化学平衡原理，说明影响化学反应速率和化学平衡的因素；,71,"{""min"": ""G10"", ""max"": ""G12""}",ai-reviewed,[],deterministic-screen-only,not-adjudicated,anchors/gaozhong-化学.jsonl:165
ca_V6wsULtb,化学,能定量分析化学变化的热效应,能定量分析化学变化的热效应，分析化学能与电能相互转化的原理及其在生产和生活中的应用。,71,"{""min"": ""G10"", ""max"": ""G12""}",ai-reviewed,[],deterministic-screen-only,not-adjudicated,anchors/gaozhong-化学.jsonl:166
ca_vvPUHRAv,化学,能根据解决问题的需要设计无机化合物转化与制备、典型有机化合物的组成结构检测与合成的方案,能根据解决问题的需要设计无机化合物转化与制备、典型有机化合物的组成结构检测与合成的方案；,71,"{""min"": ""G10"", ""max"": ""G12""}",ai-reviewed,"[""A09""]",deterministic-screen-only,not-adjudicated,anchors/gaozhong-化学.jsonl:167
ca_Ku8iP6Zh,化学,能分析评估物质转化过程对环境的影响,能分析评估物质转化过程对环境的影响。,71,"{""min"": ""G10"", ""max"": ""G12""}",ai-reviewed,[],deterministic-screen-only,not-adjudicated,anchors/gaozhong-化学.jsonl:168
ca_Ut7wC9QD,化学,能设计实验方案探究物质和能量的转化、影响反应速率和化学平衡的因素、有机化合物的主要性质等,能设计实验方案探究物质和能量的转化、影响反应速率和化学平衡的因素、有机化合物的主要性质等；,71,"{""min"": ""G10"", ""max"": ""G12""}",ai-reviewed,"[""A09""]",deterministic-screen-only,not-adjudicated,anchors/gaozhong-化学.jsonl:169
ca_FvtpgFry,化学,能收集并用数据、图表等多种方式描述实验证据,能收集并用数据、图表等多种方式描述实验证据，能基于现象和数据进行分析推理得出合理结论。,71,"{""min"": ""G10"", ""max"": ""G12""}",ai-reviewed,[],deterministic-screen-only,not-adjudicated,anchors/gaozhong-化学.jsonl:170
ca_Q69j9VSi,化学,能基于现象和数据进行分析推理得出合理结论,能收集并用数据、图表等多种方式描述实验证据，能基于现象和数据进行分析推理得出合理结论。,71,"{""min"": ""G10"", ""max"": ""G12""}",ai-reviewed,[],deterministic-screen-only,not-adjudicated,anchors/gaozhong-化学.jsonl:171
ca_WyX2AH8q,化学,能运用化学原理和方法解释或解决生产、生活中与化学相关的一些实际问题,能运用化学原理和方法解释或解决生产、生活中与化学相关的一些实际问题；,71,"{""min"": ""G10"", ""max"": ""G12""}",ai-reviewed,[],deterministic-screen-only,not-adjudicated,anchors/gaozhong-化学.jsonl:172
ca_UfPNwawb,化学,能分析化学品生产和应用过程对社会和环境可能发生的影响,具有对化学技术推广应用和化学品使用进行风险评估的意识，能分析化学品生产和应用过程对社会和环境可能发生的影响，能提出降低其负面影响的建议。,71,"{""min"": ""G10"", ""max"": ""G12""}",ai-reviewed,[],deterministic-screen-only,not-adjudicated,anchors/gaozhong-化学.jsonl:173
ca_YmpWwHNg,化学,能从宏观与微观、定性与定量等角度对物质变化中的能量转化进行分析和表征,能从宏观与微观、定性与定量等角度对物质变化中的能量转化进行分析和表征；,71,"{""min"": ""G10"", ""max"": ""G12""}",ai-reviewed,[],deterministic-screen-only,not-adjudicated,anchors/gaozhong-化学.jsonl:174
ca_mUEjZLU9,化学,能基于物质性质提出物质在生产、生活和科学技术等方面应用的建议和意见,能基于物质性质提出物质在生产、生活和科学技术等方面应用的建议和意见。,71,"{""min"": ""G10"", ""max"": ""G12""}",ai-reviewed,[],deterministic-screen-only,not-adjudicated,anchors/gaozhong-化学.jsonl:175
ca_UQtCZ8DA,化学,能选择简明、合理的表征方式描述和说明化学变化的本质和规律,能选择简明、合理的表征方式描述和说明化学变化的本质和规律，能根据化学反应原理预测物质转化的产物，确定检验所做预测的证据；,71,"{""min"": ""G10"", ""max"": ""G12""}",ai-reviewed,"[""A09""]",deterministic-screen-only,not-adjudicated,anchors/gaozhong-化学.jsonl:176
ca_C5EpAHws,化学,能根据化学反应原理预测物质转化的产物，确定检验所做预测的证据,能选择简明、合理的表征方式描述和说明化学变化的本质和规律，能根据化学反应原理预测物质转化的产物，确定检验所做预测的证据；,71,"{""min"": ""G10"", ""max"": ""G12""}",ai-reviewed,[],deterministic-screen-only,not-adjudicated,anchors/gaozhong-化学.jsonl:177
ca_tb562EWe,化学,"能基于""绿色化学""理念设计无机化合物制备和有机化合物合成的方案，并对方案进行评价和优化",能基于“绿色化学”理念设计无机化合物制备和有机化合物合成的方案，并对方案进行评价和优化；,71,"{""min"": ""G10"", ""max"": ""G12""}",ai-reviewed,[],deterministic-screen-only,not-adjudicated,anchors/gaozhong-化学.jsonl:178
ca_fEjGaVme,化学,能分析评估物质转化过程对环境和资源利用的影响,能分析评估物质转化过程对环境和资源利用的影响。,71,"{""min"": ""G10"", ""max"": ""G12""}",ai-reviewed,[],deterministic-screen-only,not-adjudicated,anchors/gaozhong-化学.jsonl:179
ca_iCjuA93i,化学,能根据仪器分析的数据或图表推测简单物质的组成和结构,4-3 能列举测定物质组成和结构的实验方法，能根据仪器分析的数据或图表推测简单物质的组成和结构；,71,"{""min"": ""G10"", ""max"": ""G12""}",ai-reviewed,[],deterministic-screen-only,not-adjudicated,anchors/gaozhong-化学.jsonl:180
ca_bpLKDe3L,化学,能在复杂的化学问题情境中提出有价值的实验探究课题,能在复杂的化学问题情境中提出有价值的实验探究课题，能设计有关物质转化、分离提纯、性质应用等的综合实验方案；,71,"{""min"": ""G10"", ""max"": ""G12""}",ai-reviewed,"[""A14""]",deterministic-screen-only,not-adjudicated,anchors/gaozhong-化学.jsonl:181
ca_WT2XfDRd,化学,能对实验方案、实验过程和实验结论进行评价，提出进一步探究的设想,能对实验方案、实验过程和实验结论进行评价，提出进一步探究的设想。,71,"{""min"": ""G10"", ""max"": ""G12""}",ai-reviewed,"[""A14""]",deterministic-screen-only,not-adjudicated,anchors/gaozhong-化学.jsonl:182
ca_qHLcVkrL,化学,能运用化学原理和方法对解决生产和生活中的热点问题提出创造性的建议,能运用化学原理和方法对解决生产和生活中的热点问题提出创造性的建议，能对化学技术推广应用和化学品使用进行分析和风险评估；,71,"{""min"": ""G10"", ""max"": ""G12""}",ai-reviewed,[],deterministic-screen-only,not-adjudicated,anchors/gaozhong-化学.jsonl:183
ca_ER9FvAgG,化学,能对化学技术推广应用和化学品使用进行分析和风险评估,具有对化学技术推广应用和化学品使用进行风险评估的意识，能分析化学品生产和应用过程对社会和环境可能发生的影响，能提出降低其负面影响的建议。,71,"{""min"": ""G10"", ""max"": ""G12""}",ai-reviewed,[],deterministic-screen-only,not-adjudicated,anchors/gaozhong-化学.jsonl:184
ca_jMvcrFra,化学,"能依据""绿色化学""思想分析某些化学产品生产和应用存在的问题，提出处理或解决化学问题的方案",能依据“绿色化学”思想分析某些化学产品生产和应用存在的问题，提出处理或解决化学问题的方案。,71,"{""min"": ""G10"", ""max"": ""G12""}",ai-reviewed,"[""A09"", ""A14""]",deterministic-screen-only,not-adjudicated,anchors/gaozhong-化学.jsonl:185
ca_vct94Xth,化学,能根据物质组成和性质对物质进行分类，形成物质是由元素组成和化学变化中元素不变的观点,能根据物质组成和性质对物质进行分类，形成物质是由元素组成和化学变化中元素不变的观点；能运用原子结构模型说明典型金属和非金属元素的性质；能对常见物质（包括简单的有机化合物）及其变化进行描述和符号表征；能认识离子反应和氧化还原反应的本质，能结合实例书写离子方程式和氧化还原反应化学方程式；能说明常见物质的性质与应用的关系。,73,"{""min"": ""G10"", ""max"": ""G12""}",disputed,"[""A02"", ""A07""]",deterministic-screen-only,not-adjudicated,anchors/gaozhong-化学.jsonl:186
ca_xHVNApGZ,化学,能分析化学变化中能量吸收或释放的原因,能分析化学变化中能量吸收或释放的原因；认识化学变化的多样性和复杂性，能分析化学反应速率的主要影响因素；能设计物质转化的方案，能运用化学符号表征物质的转化，能说明化学变化的本质特征和变化规律；能应用质量守恒定律分析物质转化对资源利用的影响。,73,"{""min"": ""G10"", ""max"": ""G12""}",llm-proposed,"[""A03"", ""A07""]",deterministic-screen-only,not-adjudicated,anchors/gaozhong-化学.jsonl:187
ca_JJtagWjw,化学,能运用化学符号表征物质的转化，能说明化学变化的本质特征和变化规律,能分析化学变化中能量吸收或释放的原因；认识化学变化的多样性和复杂性，能分析化学反应速率的主要影响因素；能设计物质转化的方案，能运用化学符号表征物质的转化，能说明化学变化的本质特征和变化规律；能应用质量守恒定律分析物质转化对资源利用的影响。,73,"{""min"": ""G10"", ""max"": ""G12""}",disputed,"[""A02"", ""A07""]",deterministic-screen-only,not-adjudicated,anchors/gaozhong-化学.jsonl:188
ca_ehfaMXx3,化学,能通过实验探究物质的性质和变化规律,能通过实验探究物质的性质和变化规律，能提出有意义的实验探究问题，根据已有经验和资料作出预测和假设，能设计简单实验方案，能运用适当的方法控制反应条件并顺利完成实验；能收集和表述实验证据，基于实验事实得出结论。,73,"{""min"": ""G10"", ""max"": ""G12""}",disputed,"[""A02"", ""A07""]",deterministic-screen-only,not-adjudicated,anchors/gaozhong-化学.jsonl:189
ca_gcKXWWmK,化学,能提出有意义的实验探究问题,能通过实验探究物质的性质和变化规律，能提出有意义的实验探究问题，根据已有经验和资料作出预测和假设，能设计简单实验方案，能运用适当的方法控制反应条件并顺利完成实验；能收集和表述实验证据，基于实验事实得出结论。,73,"{""min"": ""G10"", ""max"": ""G12""}",llm-proposed,"[""A03"", ""A07""]",deterministic-screen-only,not-adjudicated,anchors/gaozhong-化学.jsonl:190
ca_jSLLKsFS,化学,能设计简单实验方案,能通过实验探究物质的性质和变化规律，能提出有意义的实验探究问题，根据已有经验和资料作出预测和假设，能设计简单实验方案，能运用适当的方法控制反应条件并顺利完成实验；能收集和表述实验证据，基于实验事实得出结论。,73,"{""min"": ""G10"", ""max"": ""G12""}",disputed,"[""A02"", ""A07""]",deterministic-screen-only,not-adjudicated,anchors/gaozhong-化学.jsonl:191
ca_T53MwnPU,化学,能收集和表述实验证据,能通过实验探究物质的性质和变化规律，能提出有意义的实验探究问题，根据已有经验和资料作出预测和假设，能设计简单实验方案，能运用适当的方法控制反应条件并顺利完成实验；能收集和表述实验证据，基于实验事实得出结论。,73,"{""min"": ""G10"", ""max"": ""G12""}",disputed,"[""A02"", ""A07""]",deterministic-screen-only,not-adjudicated,anchors/gaozhong-化学.jsonl:192
ca_eK9aecVe,化学,能根据反应速率理论和化学平衡原理，说明影响化学反应速率和化学平衡的因素,能根据反应速率理论和化学平衡原理，说明影响化学反应速率和化学平衡的因素；能运用宏观、微观、符号等方式描述、说明物质转化的本质和规律；能定量分析化学变化的热效应，分析化学能与电能相互转化的原理及其在生产和生活中的应用。能根据解决问题的需要设计无机化合物转化与制备、典型有机化合物的组成结构检测与合成的方案；能分析评估物质转化过程对环境的影响。,74,"{""min"": ""G10"", ""max"": ""G12""}",llm-proposed,"[""A03"", ""A07""]",deterministic-screen-only,not-adjudicated,anchors/gaozhong-化学.jsonl:193
ca_FFFuWShu,化学,能根据解决问题的需要提出实验探究课题,能根据解决问题的需要提出实验探究课题；能设计实验方案探究物质和能量的转化、影响反应速率和化学平衡的因素、有机化合物的主要性质等；能选择合适的实验试剂和仪器装置，控制实验条件，安全、顺利地完成实验；能收集并用数据、图表等多种方式描述实验证据，能基于现象和数据进行分析推理得出合理结论。,74,"{""min"": ""G10"", ""max"": ""G12""}",llm-proposed,"[""A03"", ""A07""]",deterministic-screen-only,not-adjudicated,anchors/gaozhong-化学.jsonl:194
ca_bn2aXgE4,化学,能结合生产和生活实际问题情境说明化学变化中能量转化、调控反应条件等的重要应用,能结合生产和生活实际问题情境说明化学变化中能量转化、调控反应条件等的重要应用，认识有机化合物转化和合成在社会经济可持续发展、提高生活质量等方面的重要贡献；能运用化学原理和方法解释或解决生产、生活中与化学相关的一些实际问题；具有对化学技术推广应用和化学品使用进行风险评估的意识，能分析化学品生产和应用过程对社会和环境可能发生的影响，能提出降低其负面影响的建议。,74,"{""min"": ""G10"", ""max"": ""G12""}",disputed,"[""A02"", ""A07""]",deterministic-screen-only,not-adjudicated,anchors/gaozhong-化学.jsonl:195
ca_9N5muFvJ,化学,能具有对化学技术推广应用和化学品使用进行风险评估的意识,能结合生产和生活实际问题情境说明化学变化中能量转化、调控反应条件等的重要应用，认识有机化合物转化和合成在社会经济可持续发展、提高生活质量等方面的重要贡献；能运用化学原理和方法解释或解决生产、生活中与化学相关的一些实际问题；具有对化学技术推广应用和化学品使用进行风险评估的意识，能分析化学品生产和应用过程对社会和环境可能发生的影响，能提出降低其负面影响的建议。,74,"{""min"": ""G10"", ""max"": ""G12""}",disputed,"[""A02"", ""A07""]",deterministic-screen-only,not-adjudicated,anchors/gaozhong-化学.jsonl:196
ca_VgqbGA4A,化学,能在物质及其变化的情境中，依据需要选择不同方法，从不同角度对物质及其变化进行分析和推断,能在物质及其变化的情境中，依据需要选择不同方法，从不同角度对物质及其变化进行分析和推断；能根据物质的类别、组成、微粒的结构、微粒间作用力等说明或预测物质的性质，评估所做说明或预测的合理性；能从宏观与微观、定性与定量等角度对物质变化中的能量转化进行分析和表征；能基于物质性质提出物质在生产、生活和科学技术等方面应用的建议和意见。,74,"{""min"": ""G10"", ""max"": ""G12""}",disputed,"[""A02"", ""A07""]",deterministic-screen-only,not-adjudicated,anchors/gaozhong-化学.jsonl:197
ca_vqVjgcRA,化学,能从调控反应速率、提高反应转化率等方面综合分析反应的条件，提出有效控制反应条件的措施,能从调控反应速率、提高反应转化率等方面综合分析反应的条件，提出有效控制反应条件的措施；能选择简明、合理的表征方式描述和说明化学变化的本质和规律，能根据化学反应原理预测物质转化的产物，确定检验所做预测的证据；能依据化学变化中能量转化的原理，提出利用化学变化实现能量储存和释放的有实用价值的建议；能基于“绿色化学”理念设计无机化合物制备和有机化合物合成的方案，并对方案进行评价和优化；能分析评估物质转化过程对环境和资源利用的影响。,75,"{""min"": ""G10"", ""max"": ""G12""}",disputed,"[""A02"", ""A07""]",deterministic-screen-only,not-adjudicated,anchors/gaozhong-化学.jsonl:198
ca_2Vmjd4QG,化学,能依据化学变化中能量转化的原理，提出利用化学变化实现能量储存和释放的有实用价值的建议,能从调控反应速率、提高反应转化率等方面综合分析反应的条件，提出有效控制反应条件的措施；能选择简明、合理的表征方式描述和说明化学变化的本质和规律，能根据化学反应原理预测物质转化的产物，确定检验所做预测的证据；能依据化学变化中能量转化的原理，提出利用化学变化实现能量储存和释放的有实用价值的建议；能基于“绿色化学”理念设计无机化合物制备和有机化合物合成的方案，并对方案进行评价和优化；能分析评估物质转化过程对环境和资源利用的影响。,75,"{""min"": ""G10"", ""max"": ""G12""}",disputed,"[""A02"", ""A07""]",deterministic-screen-only,not-adjudicated,anchors/gaozhong-化学.jsonl:199
ca_5uQvuLbu,化学,能列举测定物质组成和结构的实验方法,能列举测定物质组成和结构的实验方法，能根据仪器分析的数据或图表推测简单物质的组成和结构；能在复杂的化学问题情境中提出有价值的实验探究课题，能设计有关物质转化、分离提纯、性质应用等的综合实验方案；能运用变量控制的方法探究并确定合适的反应条件，安全、顺利地完成实验；能用数据、图表、符号等描述实验证据并据此进行分析推理形成结论；能对实验方案、实验过程和实验结论进行评价，提出进一步探究的设想。,75,"{""min"": ""G10"", ""max"": ""G12""}",disputed,"[""A02"", ""A07""]",deterministic-screen-only,not-adjudicated,anchors/gaozhong-化学.jsonl:200
ca_Uqc83nGJ,化学,能在复杂的化学问题情境中提出有价值的实验探究课题,能列举测定物质组成和结构的实验方法，能根据仪器分析的数据或图表推测简单物质的组成和结构；能在复杂的化学问题情境中提出有价值的实验探究课题，能设计有关物质转化、分离提纯、性质应用等的综合实验方案；能运用变量控制的方法探究并确定合适的反应条件，安全、顺利地完成实验；能用数据、图表、符号等描述实验证据并据此进行分析推理形成结论；能对实验方案、实验过程和实验结论进行评价，提出进一步探究的设想。,75,"{""min"": ""G10"", ""max"": ""G12""}",disputed,"[""A02"", ""A07"", ""A14""]",deterministic-screen-only,not-adjudicated,anchors/gaozhong-化学.jsonl:201
ca_LvCqC9a9,化学,能设计有关物质转化、分离提纯、性质应用等的综合实验方案,能列举测定物质组成和结构的实验方法，能根据仪器分析的数据或图表推测简单物质的组成和结构；能在复杂的化学问题情境中提出有价值的实验探究课题，能设计有关物质转化、分离提纯、性质应用等的综合实验方案；能运用变量控制的方法探究并确定合适的反应条件，安全、顺利地完成实验；能用数据、图表、符号等描述实验证据并据此进行分析推理形成结论；能对实验方案、实验过程和实验结论进行评价，提出进一步探究的设想。,75,"{""min"": ""G10"", ""max"": ""G12""}",disputed,"[""A02"", ""A07""]",deterministic-screen-only,not-adjudicated,anchors/gaozhong-化学.jsonl:202
ca_Wp5w46rt,化学,能对实验方案、实验过程和实验结论进行评价，提出进一步探究的设想,能列举测定物质组成和结构的实验方法，能根据仪器分析的数据或图表推测简单物质的组成和结构；能在复杂的化学问题情境中提出有价值的实验探究课题，能设计有关物质转化、分离提纯、性质应用等的综合实验方案；能运用变量控制的方法探究并确定合适的反应条件，安全、顺利地完成实验；能用数据、图表、符号等描述实验证据并据此进行分析推理形成结论；能对实验方案、实验过程和实验结论进行评价，提出进一步探究的设想。,75,"{""min"": ""G10"", ""max"": ""G12""}",disputed,"[""A02"", ""A07"", ""A14""]",deterministic-screen-only,not-adjudicated,anchors/gaozhong-化学.jsonl:203
ca_ARsHTgjQ,化学,能运用化学原理和方法对解决生产和生活中的热点问题提出创造性的建议，能对化学技术推广应用和化学品使用进行分析和风险评估,能说明化学科学发展在自然资源利用、材料合成、环境保护、保障人类健康、促进科学技术发展等方面的重要作用；能运用化学原理和方法对解决生产和生活中的热点问题提出创造性的建议，能对化学技术推广应用和化学品使用进行分析和风险评估；能依据“绿色化学”思想分析某些化学产品生产和应用存在的问题，提出处理或解决化学问题的方案。,75,"{""min"": ""G10"", ""max"": ""G12""}",disputed,"[""A02"", ""A07""]",deterministic-screen-only,not-adjudicated,anchors/gaozhong-化学.jsonl:204
ca_54PaRE8U,化学,"能依据""绿色化学""思想分析某些化学产品生产和应用存在的问题，提出处理或解决化学问题的方案",能说明化学科学发展在自然资源利用、材料合成、环境保护、保障人类健康、促进科学技术发展等方面的重要作用；能运用化学原理和方法对解决生产和生活中的热点问题提出创造性的建议，能对化学技术推广应用和化学品使用进行分析和风险评估；能依据“绿色化学”思想分析某些化学产品生产和应用存在的问题，提出处理或解决化学问题的方案。,75,"{""min"": ""G10"", ""max"": ""G12""}",disputed,"[""A02"", ""A07"", ""A14""]",deterministic-screen-only,not-adjudicated,anchors/gaozhong-化学.jsonl:205
ca_xJ7mmTHJ,历史,能知道南海诸岛、台湾及其包括钓鱼岛在内的附属岛屿是中国版图一部分,通过了解明清时期统一全国和经略边疆的相关举措，知道南海诸岛、台湾及其包括钓鱼岛在内的附属岛屿是中国版图一部分，认识这一时期统一多民族国家版图奠定的重要意义；了解明清时期社会经济、思想文化的重要变化；通过了解明清时期封建专制的发展、世界的变化对中国的影响，认识中国社会面临的危机。,21,"{""min"": ""G10"", ""max"": ""G12""}",ai-reviewed,[],deterministic-screen-only,not-adjudicated,anchors/gaozhong-历史.jsonl:1
ca_HKmBkSH6,历史,能分析国民党政权在大陆统治灭亡的原因，探讨中国共产党领导人民取得中国革命胜利的原因和意义,通过了解全面内战的爆发及人民解放战争的进程，分析国民党政权在大陆统治灭亡的原因，探讨中国共产党领导人民取得中国革命胜利的原因和意义。,22,"{""min"": ""G10"", ""max"": ""G12""}",ai-reviewed,[],deterministic-screen-only,not-adjudicated,anchors/gaozhong-历史.jsonl:2
ca_VxkQ3UM3,历史,能了解《共产党宣言》的主要内容,通过了解马克思主义产生的时代背景以及马克思、恩格斯的理论探索与革命实践，了解《共产党宣言》的主要内容，理解马克思主义产生的世界意义。,24,"{""min"": ""G10"", ""max"": ""G12""}",ai-reviewed,[],deterministic-screen-only,not-adjudicated,anchors/gaozhong-历史.jsonl:3
ca_KhySShCp,历史,能理解贸易活动在文化交流中所扮演的重要角色,了解不同时代、不同类型商路的开辟；通过了解商品所体现的特色文化，理解贸易活动在文化交流中所扮演的重要角色。,39,"{""min"": ""G10"", ""max"": ""G12""}",ai-reviewed,[],deterministic-screen-only,not-adjudicated,anchors/gaozhong-历史.jsonl:5
ca_kTiDjLFR,历史,能尝试运用唯物史观的观点对历史问题进行分析和解释,知道历史观对于史学研究和史学发展的重要性；知道唯物史观的基本观点及认识历史的基本原则；理解唯物史观是科学的历史观，对历史研究具有重要意义；尝试运用唯物史观的观点对历史问题进行分析和解释。,42,"{""min"": ""G10"", ""max"": ""G12""}",ai-reviewed,[],deterministic-screen-only,not-adjudicated,anchors/gaozhong-历史.jsonl:6
ca_6cBzGx54,历史,能够尝试制作有关的历史地图和历史年表,了解历史地图的种类、特点及作用，以及古今地名的变化情况，能够尝试制作有关的历史地图和历史年表。,42,"{""min"": ""G10"", ""max"": ""G12""}",ai-reviewed,[],deterministic-screen-only,not-adjudicated,anchors/gaozhong-历史.jsonl:7
ca_kNCjCbEy,历史,能运用已学的历史知识和掌握的技能，对这一历史问题进行自主探究，并将自己的研究成果写一篇历史小论文,选定一个与历史有关的问题，自行拟订研究的计划和方法，在进行文献检索和综述的基础上，搜集、整理、辨析相关的历史材料，运用已学的历史知识和掌握的技能，对这一历史问题进行自主探究，并将自己的研究成果写一篇历史小论文；所写的论文有一定的逻辑层次，体现出论据与论点的内在联系，论文中的引文与注释符合规范。,43,"{""min"": ""G10"", ""max"": ""G12""}",ai-reviewed,[],deterministic-screen-only,not-adjudicated,anchors/gaozhong-历史.jsonl:8
ca_q7DBFkdf,历史,能运用史料就是理解历史，需要秉持大胆怀疑、多源互证等原则,史料是人们了解过去、认识历史的重要依据和基础。由于时代和认识上的局限，并非所有史料都能进入人们的视野。迄今为止，人们所能认识并可以搜集、运用的史料大体有文献、实物、口述、图像等类别。搜集和整理不同类别史料的方法有所不同，但却有共同的原则。运用史料就是理解历史，需要秉持大胆怀疑、多源互证等原则。,45,"{""min"": ""G10"", ""max"": ""G12""}",ai-reviewed,[],deterministic-screen-only,not-adjudicated,anchors/gaozhong-历史.jsonl:9
ca_sm62wAyS,历史,能知道当事人或亲历者的口述回忆是重要的史料,知道当事人或亲历者的口述回忆是重要的史料，知道神话、传说、史诗等也是口述史料的组成部分；选择有代表性的口述史料进行研读；认识口述史料的价值与局限性；学会使用现代科技手段记录和整理口述史料。所涉及的主要口述史料包括：回忆录与其他口述史记录；神话、传说、史诗。,46,"{""min"": ""G10"", ""max"": ""G12""}",ai-reviewed,[],deterministic-screen-only,not-adjudicated,anchors/gaozhong-历史.jsonl:11
ca_vpAnazHu,历史,能知道神话、传说、史诗等也是口述史料的组成部分,知道当事人或亲历者的口述回忆是重要的史料，知道神话、传说、史诗等也是口述史料的组成部分；选择有代表性的口述史料进行研读；认识口述史料的价值与局限性；学会使用现代科技手段记录和整理口述史料。所涉及的主要口述史料包括：回忆录与其他口述史记录；神话、传说、史诗。,46,"{""min"": ""G10"", ""max"": ""G12""}",ai-reviewed,[],deterministic-screen-only,not-adjudicated,anchors/gaozhong-历史.jsonl:12
ca_rk44Jbwp,历史,能选择有代表性的口述史料进行研读,知道当事人或亲历者的口述回忆是重要的史料，知道神话、传说、史诗等也是口述史料的组成部分；选择有代表性的口述史料进行研读；认识口述史料的价值与局限性；学会使用现代科技手段记录和整理口述史料。所涉及的主要口述史料包括：回忆录与其他口述史记录；神话、传说、史诗。,46,"{""min"": ""G10"", ""max"": ""G12""}",ai-reviewed,[],deterministic-screen-only,not-adjudicated,anchors/gaozhong-历史.jsonl:13
ca_9PR7syVw,历史,能学会使用现代科技手段记录和整理口述史料,知道当事人或亲历者的口述回忆是重要的史料，知道神话、传说、史诗等也是口述史料的组成部分；选择有代表性的口述史料进行研读；认识口述史料的价值与局限性；学会使用现代科技手段记录和整理口述史料。所涉及的主要口述史料包括：回忆录与其他口述史记录；神话、传说、史诗。,46,"{""min"": ""G10"", ""max"": ""G12""}",ai-reviewed,[],deterministic-screen-only,not-adjudicated,anchors/gaozhong-历史.jsonl:14
ca_xQtgfEff,历史,能尝试利用录音、录像等手段记录当今社会的不同方面,知道现代科学技术带来了录音、录像等记录手段，了解录音、录像、纪实性影视作品等在记录 100 多年来历史方面的独特价值；尝试利用录音、录像等手段记录当今社会的不同方面，掌握整理、利用这类史料的基本方法。所涉及的主要音像史料包括能反映不同历史内容的录音、录像及纪实性影视作品。,46,"{""min"": ""G10"", ""max"": ""G12""}",ai-reviewed,[],deterministic-screen-only,not-adjudicated,anchors/gaozhong-历史.jsonl:15
ca_ZDxjhvuJ,历史,能尝试围绕特定历史研究主题，通过数字资源寻找相关史料,在有条件的学校，学会通过互联网利用数字资源，以更为方便地获取所需史料；知道数字资源的价值与特点；尝试围绕特定历史研究主题，通过数字资源寻找相关史料；主要数字资源包括电子书、电子期刊、网页、多媒体资料等；初步了解数字资源与大型数据库的利用给历史研究带来的变化。,46,"{""min"": ""G10"", ""max"": ""G12""}",ai-reviewed,[],deterministic-screen-only,not-adjudicated,anchors/gaozhong-历史.jsonl:16
ca_dFauajZH,历史,能够从多种渠道获取史料，从中提取有效信息，并尝试运用史料作为证据来论证自己的观点,例如，针对史料实证这一素养，教师在制订必修课程的教学目标时，要注重培养学生依据史料讲述历史的实证意识，使学生能够认识史料的不同类型及其价值，能够从多种渠道获取史料，从中提取有效信息，并尝试运用史料作为证据来论证自己的观点；,53,"{""min"": ""G10"", ""max"": ""G12""}",ai-reviewed,[],deterministic-screen-only,not-adjudicated,anchors/gaozhong-历史.jsonl:17
ca_QSxjcHMy,历史,能观察中国历代疆域图中的疆界，并进行比较分析,观察中国历代疆域图中的疆界，并进行比较分析。,57,"{""min"": ""G10"", ""max"": ""G12""}",ai-reviewed,[],deterministic-screen-only,not-adjudicated,anchors/gaozhong-历史.jsonl:20
ca_4FJUss43,历史,能分析长安、东京的历史地位,运用时空定位，分析长安、东京的历史地位，认识都城是唐宋社会繁荣的重要标志。,81,"{""min"": ""G10"", ""max"": ""G12""}",ai-reviewed,"[""A09""]",deterministic-screen-only,not-adjudicated,anchors/gaozhong-历史.jsonl:21
ca_DgMimLaE,历史,能分析唐朝长安城和北宋东京城繁荣的原因,结合所学知识，分析唐朝长安城和北宋东京城繁荣的原因。,81,"{""min"": ""G10"", ""max"": ""G12""}",ai-reviewed,[],deterministic-screen-only,not-adjudicated,anchors/gaozhong-历史.jsonl:22
ca_kqy92rpe,历史,能辨识都城示意图和材料中的时间与空间表达方式,能辨识都城示意图和材料中的时间与空间表达方式；,88,"{""min"": ""G10"", ""max"": ""G12""}",ai-reviewed,[],deterministic-screen-only,not-adjudicated,anchors/gaozhong-历史.jsonl:23
ca_Lq4MVNtq,历史,能够依据史料尝试从多种渠道获取信息,在解答问题时，能够依据史料尝试从多种渠道获取信息；,88,"{""min"": ""G10"", ""max"": ""G12""}",ai-reviewed,[],deterministic-screen-only,not-adjudicated,anchors/gaozhong-历史.jsonl:24
ca_pg6AX3WJ,历史,能够尝试运用材料作为证据论证自己的观点,在论述问题的过程中，能够尝试运用材料作为证据论证自己的观点。,88,"{""min"": ""G10"", ""max"": ""G12""}",ai-reviewed,[],deterministic-screen-only,not-adjudicated,anchors/gaozhong-历史.jsonl:25
ca_hnjkYreZ,历史,能够判明唐宋变化中的价值取向，增强对民族交融的认同感，正确对待古代民族交流与对外交流,能够判明唐宋变化中的价值取向，增强对民族交融的认同感，正确对待古代民族交流与对外交流。,88,"{""min"": ""G10"", ""max"": ""G12""}",ai-reviewed,"[""A13""]",deterministic-screen-only,not-adjudicated,anchors/gaozhong-历史.jsonl:27
ca_C6WsgZGq,历史,能够恰当地运用材料作出自己对所探究问题的论述,在对唐宋社会变化的问题进行独立探究的过程中，能够恰当地运用材料作出自己对所探究问题的论述；,88,"{""min"": ""G10"", ""max"": ""G12""}",ai-reviewed,[],deterministic-screen-only,not-adjudicated,anchors/gaozhong-历史.jsonl:29
ca_DwXLBTXk,历史,能够知道人类物质生活资料的生产是社会生活的基础,能够知道人类物质生活资料的生产是社会生活的基础，知道生产力是历史发展的决定因素，知道经济基础与上层建筑之间的辩证关系，了解人类社会形态从低级到高级发展的规律；能够理解唯物史观是科学的历史观。,49,"{""min"": ""G10"", ""max"": ""G12""}",llm-proposed,"[""A03"", ""A07""]",deterministic-screen-only,not-adjudicated,anchors/gaozhong-历史.jsonl:30
ca_mmyNF7bQ,历史,能知道生产力是历史发展的决定因素,能够知道人类物质生活资料的生产是社会生活的基础，知道生产力是历史发展的决定因素，知道经济基础与上层建筑之间的辩证关系，了解人类社会形态从低级到高级发展的规律；能够理解唯物史观是科学的历史观。,49,"{""min"": ""G10"", ""max"": ""G12""}",disputed,"[""A02"", ""A07""]",deterministic-screen-only,not-adjudicated,anchors/gaozhong-历史.jsonl:31
ca_AvcnCXCJ,历史,能够识别历史地图中的相关信息,能够了解所学内容的历史分期方式，理解历史时期是按时序划分的；能够知道认识史事要考虑到历史地理的状况；能够识别历史地图中的相关信息，知道古今地名的区别。,50,"{""min"": ""G10"", ""max"": ""G12""}",disputed,"[""A02"", ""A07""]",deterministic-screen-only,not-adjudicated,anchors/gaozhong-历史.jsonl:32
ca_ABxCFpn6,历史,能够在解答某一历史问题时，尝试从多种渠道获取与其有关的材料,能够知道史料分为文献史料、图像史料、实物史料、口述史料等多种类型；能够在解答某一历史问题时，尝试从多种渠道获取与其有关的材料；能够从所获得的史料中提取有关的信息。,50,"{""min"": ""G10"", ""max"": ""G12""}",llm-proposed,"[""A03"", ""A07""]",deterministic-screen-only,not-adjudicated,anchors/gaozhong-历史.jsonl:33
ca_H5n8M6y6,历史,能够从所获得的史料中提取有关的信息,能够知道史料分为文献史料、图像史料、实物史料、口述史料等多种类型；能够在解答某一历史问题时，尝试从多种渠道获取与其有关的材料；能够从所获得的史料中提取有关的信息。,50,"{""min"": ""G10"", ""max"": ""G12""}",disputed,"[""A02"", ""A07""]",deterministic-screen-only,not-adjudicated,anchors/gaozhong-历史.jsonl:34
ca_vJ5NZhe9,历史,能够有条理地讲述历史上的事情，概述历史发展的基本进程,能够有条理地讲述历史上的事情，概述历史发展的基本进程；能够说出重要历史事件的经过及结果、重要历史人物的事略、重要历史现象的基本状况。,50,"{""min"": ""G10"", ""max"": ""G12""}",llm-proposed,"[""A03"", ""A07""]",deterministic-screen-only,not-adjudicated,anchors/gaozhong-历史.jsonl:35
ca_qX5mQhYa,历史,能够说出重要历史事件的经过及结果、重要历史人物的事略、重要历史现象的基本状况,能够有条理地讲述历史上的事情，概述历史发展的基本进程；能够说出重要历史事件的经过及结果、重要历史人物的事略、重要历史现象的基本状况。,50,"{""min"": ""G10"", ""max"": ""G12""}",llm-proposed,"[""A03"", ""A07""]",deterministic-screen-only,not-adjudicated,anchors/gaozhong-历史.jsonl:36
ca_B2pyFHDk,历史,能够运用各种时间术语描述过去,能够将某一史事定位在特定的时间和空间框架下；能够运用各种时间术语描述过去；能够利用历史年表、历史地图等方式对相关史事加以描述；能够认识事物发生的来龙去脉，理解空间和环境因素对认识历史与现实的重要性。,50,"{""min"": ""G10"", ""max"": ""G12""}",disputed,"[""A02"", ""A07""]",deterministic-screen-only,not-adjudicated,anchors/gaozhong-历史.jsonl:37
ca_8E6saD6Y,历史,能够在对史事与现实问题进行论述的过程中，尝试运用史料作为证据论证自己的观点,能够认识不同类型的史料所具有的不同价值；能够掌握获取史料的基本方法；能够在对史事与现实问题进行论述的过程中，尝试运用史料作为证据论证自己的观点。,50,"{""min"": ""G10"", ""max"": ""G12""}",disputed,"[""A02"", ""A07""]",deterministic-screen-only,not-adjudicated,anchors/gaozhong-历史.jsonl:38
ca_YNHesFkS,历史,能够分析有关的历史结论,能够分析有关的历史结论；能够区分历史叙述中的史实与解释；能够在叙述历史时把握历史发展的各种联系，如古今联系、中外联系等，并将历史知识与其他相关学科如地理、语文、艺术等知识加以联系；能够选择、组织和运用相关材料并使用相关历史术语，对具体史事作出解释；能够尝试从历史的角度解释现实问题。,50,"{""min"": ""G10"", ""max"": ""G12""}",disputed,"[""A02"", ""A07""]",deterministic-screen-only,not-adjudicated,anchors/gaozhong-历史.jsonl:39
ca_YYET5kky,历史,能够区分历史叙述中的史实与解释,能够分析有关的历史结论；能够区分历史叙述中的史实与解释；能够在叙述历史时把握历史发展的各种联系，如古今联系、中外联系等，并将历史知识与其他相关学科如地理、语文、艺术等知识加以联系；能够选择、组织和运用相关材料并使用相关历史术语，对具体史事作出解释；能够尝试从历史的角度解释现实问题。,50,"{""min"": ""G10"", ""max"": ""G12""}",llm-proposed,"[""A03"", ""A07""]",deterministic-screen-only,not-adjudicated,anchors/gaozhong-历史.jsonl:40
ca_RY7cHYBj,历史,能够选择、组织和运用相关材料并使用相关历史术语，对具体史事作出解释,能够分析有关的历史结论；能够区分历史叙述中的史实与解释；能够在叙述历史时把握历史发展的各种联系，如古今联系、中外联系等，并将历史知识与其他相关学科如地理、语文、艺术等知识加以联系；能够选择、组织和运用相关材料并使用相关历史术语，对具体史事作出解释；能够尝试从历史的角度解释现实问题。,50,"{""min"": ""G10"", ""max"": ""G12""}",llm-proposed,"[""A03"", ""A07""]",deterministic-screen-only,not-adjudicated,anchors/gaozhong-历史.jsonl:41
ca_dPQcVatX,历史,能够尝试从历史的角度解释现实问题,能够分析有关的历史结论；能够区分历史叙述中的史实与解释；能够在叙述历史时把握历史发展的各种联系，如古今联系、中外联系等，并将历史知识与其他相关学科如地理、语文、艺术等知识加以联系；能够选择、组织和运用相关材料并使用相关历史术语，对具体史事作出解释；能够尝试从历史的角度解释现实问题。,50,"{""min"": ""G10"", ""max"": ""G12""}",disputed,"[""A02"", ""A07""]",deterministic-screen-only,not-adjudicated,anchors/gaozhong-历史.jsonl:42
ca_kjnu3Bs3,历史,能够对史料进行整理和辨析，并判断其价值,能够在探究特定历史问题时，自主地搜集有关史料；能够对史料进行整理和辨析，并判断其价值；能够利用不同类型史料的长处，对所探究的问题进行互证。,51,"{""min"": ""G10"", ""max"": ""G12""}",llm-proposed,"[""A03"", ""A07""]",deterministic-screen-only,not-adjudicated,anchors/gaozhong-历史.jsonl:43
ca_VLQh5cRZ,历史,能够分辨不同的历史解释，尝试从来源、性质和目的等多方面,能够分辨不同的历史解释，尝试从来源、性质和目的等多方面，说明导致这些不同解释的原因并加以评析；能够选择、组织和运用相关材料并使用相关历史术语，在正确的历史观和方法论的指导下，对系列史事作出解释。,51,"{""min"": ""G10"", ""max"": ""G12""}",disputed,"[""A02"", ""A07""]",deterministic-screen-only,not-adjudicated,anchors/gaozhong-历史.jsonl:44
ca_x4tiQjnx,历史,能够根据需要并运用相关材料和正确方法，独立绘制相关图表，并加以说明,在对历史和现实问题进行独立探究的过程中，能够将其置于具体的时空框架下；能够选择恰当的时空尺度对其进行分析、综合、比较，在此基础上作出合理的论述；能够根据需要并运用相关材料和正确方法，独立绘制相关图表，并加以说明。,51,"{""min"": ""G10"", ""max"": ""G12""}",llm-proposed,"[""A03"", ""A07""]",deterministic-screen-only,not-adjudicated,anchors/gaozhong-历史.jsonl:45
ca_GUfVXEdh,历史,能够比较、分析不同来源、不同观点的史料,能够比较、分析不同来源、不同观点的史料；能够在辨别史料作者意图的基础上利用史料；在评述历史时，能够对材料进行适当的取舍；在对历史和现实问题进行探究的过程中，能够恰当地运用史料对所探究问题进行论述；能够符合规范地引用史料。,51,"{""min"": ""G10"", ""max"": ""G12""}",llm-proposed,"[""A03"", ""A07""]",deterministic-screen-only,not-adjudicated,anchors/gaozhong-历史.jsonl:46
ca_3PUrV2DU,历史,能够恰当地运用史料对所探究问题进行论述,能够比较、分析不同来源、不同观点的史料；能够在辨别史料作者意图的基础上利用史料；在评述历史时，能够对材料进行适当的取舍；在对历史和现实问题进行探究的过程中，能够恰当地运用史料对所探究问题进行论述；能够符合规范地引用史料。,51,"{""min"": ""G10"", ""max"": ""G12""}",llm-proposed,"[""A03"", ""A07""]",deterministic-screen-only,not-adjudicated,anchors/gaozhong-历史.jsonl:47
ca_7acehpRb,历史,能够在独立探究历史问题时，在尽可能占有史料的基础上，尝试验证以往的说法或提出新的解释,能够在独立探究历史问题时，在尽可能占有史料的基础上，尝试验证以往的说法或提出新的解释；能够在正确的历史观和方法论的指导下，全面、客观地论述历史和现实问题。,52,"{""min"": ""G10"", ""max"": ""G12""}",disputed,"[""A02"", ""A07""]",deterministic-screen-only,not-adjudicated,anchors/gaozhong-历史.jsonl:48
ca_pFS8FASX,地理,能解释常见天气现象的成因,气系统，并运用简易天气图，解释常见天气现象的成因。,20,"{""min"": ""G10"", ""max"": ""G12""}",ai-reviewed,[],deterministic-screen-only,not-adjudicated,anchors/gaozhong-地理.jsonl:1
ca_U42pqV2k,地理,能说明因地制宜对于区域发展的重要意义,区域发展的异同，说明因地制宜对于区域发展的重要意义。,21,"{""min"": ""G10"", ""max"": ""G12""}",ai-reviewed,[],deterministic-screen-only,not-adjudicated,anchors/gaozhong-地理.jsonl:2
ca_F9v4iqdv,地理,能说明维护国家领土主权和海洋权益的重要性,岛屿、南海诸岛属于中国的立场和依据，说明维护国家领土主权和海洋权益的重要性。,26,"{""min"": ""G10"", ""max"": ""G12""}",disputed,"[""A02""]",deterministic-screen-only,not-adjudicated,anchors/gaozhong-地理.jsonl:3
ca_4ndSGnTj,地理,能分析影响景观形成的主要因素，以及景观要素间的相互关系,绘制示意图及剖面图，分析影响景观形成的主要因素，以及景观要素间的相互关系。,34,"{""min"": ""G10"", ""max"": ""G12""}",ai-reviewed,[],deterministic-screen-only,not-adjudicated,anchors/gaozhong-地理.jsonl:4
ca_aSaBFCQh,地理,能运用资料，描述地球所处的宇宙环境，说明太阳对地球的影响,运用资料，描述地球所处的宇宙环境，说明太阳对地球的影响。,16,"{""min"": ""G10"", ""max"": ""G12""}",ai-reviewed,[],deterministic-screen-only,not-adjudicated,anchors/gaozhong-地理.jsonl:5
ca_LymWa5kf,地理,能运用示意图，说明地球的圈层结构,运用示意图，说明地球的圈层结构。,16,"{""min"": ""G10"", ""max"": ""G12""}",ai-reviewed,[],deterministic-screen-only,not-adjudicated,anchors/gaozhong-地理.jsonl:6
ca_Jzt3GsAh,地理,能运用地质年代表等资料，简要描述地球的演化过程,运用地质年代表等资料，简要描述地球的演化过程。,16,"{""min"": ""G10"", ""max"": ""G12""}",ai-reviewed,[],deterministic-screen-only,not-adjudicated,anchors/gaozhong-地理.jsonl:7
ca_krUhrSfy,地理,能运用图表等资料，说明大气的组成和垂直分层，及其与生产和生活的联系,运用图表等资料，说明大气的组成和垂直分层，及其与生产和生活的联系。,17,"{""min"": ""G10"", ""max"": ""G12""}",ai-reviewed,[],deterministic-screen-only,not-adjudicated,anchors/gaozhong-地理.jsonl:8
ca_Vcu3jXKJ,地理,能运用示意图等，说明大气受热过程与热力环流原理， 并解释相关现象,"运用示意图等，说明大气受热过程与热力环流原理, 并解释相关现象。",17,"{""min"": ""G10"", ""max"": ""G12""}",disputed,"[""A02""]",deterministic-screen-only,not-adjudicated,anchors/gaozhong-地理.jsonl:9
ca_dxsT5vCN,地理,能运用示意图，说明水循环的过程及其地理意义,运用示意图，说明水循环的过程及其地理意义。,17,"{""min"": ""G10"", ""max"": ""G12""}",ai-reviewed,[],deterministic-screen-only,not-adjudicated,anchors/gaozhong-地理.jsonl:10
ca_wHzpzwPM,地理,能运用图表等资料，说明海水性质和运动对人类活动的影响,运用图表等资料，说明海水性质和运动对人类活动的影响。,17,"{""min"": ""G10"", ""max"": ""G12""}",ai-reviewed,[],deterministic-screen-only,not-adjudicated,anchors/gaozhong-地理.jsonl:11
ca_rUDYrx2R,地理,能结合实例，说明地域文化在城乡景观上的体现,结合实例，说明地域文化在城乡景观上的体现。,18,"{""min"": ""G10"", ""max"": ""G12""}",ai-reviewed,[],deterministic-screen-only,not-adjudicated,anchors/gaozhong-地理.jsonl:12
ca_9B2DhnGZ,地理,能运用资料，说明不同地区城镇化的过程和特点，以及城镇化的利弊,运用资料，说明不同地区城镇化的过程和特点，以及城镇化的利弊。,18,"{""min"": ""G10"", ""max"": ""G12""}",ai-reviewed,[],deterministic-screen-only,not-adjudicated,anchors/gaozhong-地理.jsonl:13
ca_B9sFn75S,地理,能结合实例，说明工业、农业和服务业的区位因素,结合实例，说明工业、农业和服务业的区位因素。,18,"{""min"": ""G10"", ""max"": ""G12""}",ai-reviewed,[],deterministic-screen-only,not-adjudicated,anchors/gaozhong-地理.jsonl:14
ca_AEkpudKJ,地理,能结合实例，说明运输方式和交通布局与区域发展的关系,结合实例，说明运输方式和交通布局与区域发展的关系。,18,"{""min"": ""G10"", ""max"": ""G12""}",ai-reviewed,[],deterministic-screen-only,not-adjudicated,anchors/gaozhong-地理.jsonl:15
ca_KqVVF8VX,地理,能运用不同类型的专题地图，说明其地理背景,以国家某项重大发展战略为例，运用不同类型的专题地图，说明其地理背景。,18,"{""min"": ""G10"", ""max"": ""G12""}",disputed,"[""A02""]",deterministic-screen-only,not-adjudicated,anchors/gaozhong-地理.jsonl:16
ca_c84pdZ4R,地理,能结合实例，说明国家海洋权益、海洋发展战略及其重要意义,结合实例，说明国家海洋权益、海洋发展战略及其重要意义。,18,"{""min"": ""G10"", ""max"": ""G12""}",llm-proposed,"[""A03""]",deterministic-screen-only,not-adjudicated,anchors/gaozhong-地理.jsonl:17
ca_DeXSiGrC,地理,能运用资料，归纳人类面临的主要环境问题，说明协调人地关系和可持续发展的主要途径及其缘由,运用资料，归纳人类面临的主要环境问题，说明协调人地关系和可持续发展的主要途径及其缘由。,18,"{""min"": ""G10"", ""max"": ""G12""}",ai-reviewed,[],deterministic-screen-only,not-adjudicated,anchors/gaozhong-地理.jsonl:18
ca_BXMD5uTD,地理,能结合实例，说明地球运动的地理意义,结合实例，说明地球运动的地理意义。,20,"{""min"": ""G10"", ""max"": ""G12""}",ai-reviewed,[],deterministic-screen-only,not-adjudicated,anchors/gaozhong-地理.jsonl:19
ca_swX5zLFJ,地理,能运用示意图，说明岩石圈物质循环过程,运用示意图，说明岩石圈物质循环过程。,20,"{""min"": ""G10"", ""max"": ""G12""}",ai-reviewed,[],deterministic-screen-only,not-adjudicated,anchors/gaozhong-地理.jsonl:20
ca_RChkgwrt,地理,能结合实例，解释内力和外力对地表形态变化的影响，并说明人类活动与地表形态的关系,结合实例，解释内力和外力对地表形态变化的影响，并说明人类活动与地表形态的关系。,20,"{""min"": ""G10"", ""max"": ""G12""}",ai-reviewed,[],deterministic-screen-only,not-adjudicated,anchors/gaozhong-地理.jsonl:21
ca_ejBGQGh8,地理,能解释各类陆地水体之间的相互关系,绘制示意图，解释各类陆地水体之间的相互关系。,20,"{""min"": ""G10"", ""max"": ""G12""}",ai-reviewed,[],deterministic-screen-only,not-adjudicated,anchors/gaozhong-地理.jsonl:22
ca_4j7QgAqD,地理,能运用世界洋流分布图，说明世界洋流的分布规律，并举例说明洋流对地理环境和人类活动的影响,运用世界洋流分布图，说明世界洋流的分布规律，并举例说明洋流对地理环境和人类活动的影响。,20,"{""min"": ""G10"", ""max"": ""G12""}",ai-reviewed,[],deterministic-screen-only,not-adjudicated,anchors/gaozhong-地理.jsonl:23
ca_Ev6YMTGs,地理,能运用图表并结合实例，分析自然环境的整体性和地域分异规律,运用图表并结合实例，分析自然环境的整体性和地域分异规律。,20,"{""min"": ""G10"", ""max"": ""G12""}",ai-reviewed,[],deterministic-screen-only,not-adjudicated,anchors/gaozhong-地理.jsonl:24
ca_Jz3WYYL7,地理,能结合实例，说明区域的含义及类型,结合实例，说明区域的含义及类型。,21,"{""min"": ""G10"", ""max"": ""G12""}",ai-reviewed,[],deterministic-screen-only,not-adjudicated,anchors/gaozhong-地理.jsonl:25
ca_UKSXgEpt,地理,能说明大都市辐射功能,以某大都市为例，从区域空间组织的视角出发，说明大都市辐射功能。,21,"{""min"": ""G10"", ""max"": ""G12""}",ai-reviewed,[],deterministic-screen-only,not-adjudicated,anchors/gaozhong-地理.jsonl:26
ca_XPeKU55z,地理,能分析地区产业结构变化过程及原因,以某地区为例，分析地区产业结构变化过程及原因。,21,"{""min"": ""G10"", ""max"": ""G12""}",ai-reviewed,[],deterministic-screen-only,not-adjudicated,anchors/gaozhong-地理.jsonl:27
ca_7mGwYd3r,地理,能说明产业转移和资源跨区域调配对区域发展的影响,以某区域为例，说明产业转移和资源跨区域调配对区域发展的影响。,21,"{""min"": ""G10"", ""max"": ""G12""}",ai-reviewed,[],deterministic-screen-only,not-adjudicated,anchors/gaozhong-地理.jsonl:28
ca_9NmPFdsi,地理,"能结合""一带一路""建设，说明国际合作的重要意义",结合“一带一路”建设，说明国际合作的重要意义。,22,"{""min"": ""G10"", ""max"": ""G12""}",ai-reviewed,[],deterministic-screen-only,not-adjudicated,anchors/gaozhong-地理.jsonl:29
ca_ATJZzVmD,地理,能结合实例，说明海洋空间资源开发对国家安全的影响,结合实例，说明海洋空间资源开发对国家安全的影响。,23,"{""min"": ""G10"", ""max"": ""G12""}",ai-reviewed,[],deterministic-screen-only,not-adjudicated,anchors/gaozhong-地理.jsonl:30
ca_dcHqtzpM,地理,能运用碳循环和温室效应原理，分析碳排放对环境的影响，说明碳减排国际合作的重要性,运用碳循环和温室效应原理，分析碳排放对环境的影响，说明碳减排国际合作的重要性。,23,"{""min"": ""G10"", ""max"": ""G12""}",ai-reviewed,[],deterministic-screen-only,not-adjudicated,anchors/gaozhong-地理.jsonl:31
ca_XAgESR2N,地理,能结合实例，说明污染物跨境转移对环境安全的影响,结合实例，说明污染物跨境转移对环境安全的影响。,23,"{""min"": ""G10"", ""max"": ""G12""}",ai-reviewed,[],deterministic-screen-only,not-adjudicated,anchors/gaozhong-地理.jsonl:32
ca_xDED6vUK,地理,能举例说明环境保护政策、措施与国家安全的关系,举例说明环境保护政策、措施与国家安全的关系。,23,"{""min"": ""G10"", ""max"": ""G12""}",ai-reviewed,[],deterministic-screen-only,not-adjudicated,anchors/gaozhong-地理.jsonl:33
ca_9myVYkGi,地理,能在星图、天球仪上认识主要星座，辨认四季星空的主要星座,在星图、天球仪上认识主要星座，辨认四季星空的主要星座，说出一些星座的地理导向意义。,24,"{""min"": ""G10"", ""max"": ""G12""}",ai-reviewed,[],deterministic-screen-only,not-adjudicated,anchors/gaozhong-地理.jsonl:34
ca_u3dPzL5e,地理,能说出一些星座的地理导向意义,在星图、天球仪上认识主要星座，辨认四季星空的主要星座，说出一些星座的地理导向意义。,24,"{""min"": ""G10"", ""max"": ""G12""}",disputed,"[""A02""]",deterministic-screen-only,not-adjudicated,anchors/gaozhong-地理.jsonl:35
ca_BqE5FiMF,地理,能运用太阳系模式图和其他资料，描述太阳系的结构和行星运动特征,运用太阳系模式图和其他资料，描述太阳系的结构和行星运动特征。,24,"{""min"": ""G10"", ""max"": ""G12""}",ai-reviewed,[],deterministic-screen-only,not-adjudicated,anchors/gaozhong-地理.jsonl:36
ca_cQXCTqKa,地理,能运用图表、软件等资料，简述地月系的组成及其运动特征,运用图表、软件等资料，简述地月系的组成及其运动特征。,24,"{""min"": ""G10"", ""max"": ""G12""}",ai-reviewed,[],deterministic-screen-only,not-adjudicated,anchors/gaozhong-地理.jsonl:37
ca_ekhJ5r3x,地理,能说明太阳活动及其对地球的影响,绘制太阳大气的圈层结构图，说明太阳活动及其对地球的影响。,24,"{""min"": ""G10"", ""max"": ""G12""}",disputed,"[""A02""]",deterministic-screen-only,not-adjudicated,anchors/gaozhong-地理.jsonl:38
ca_peFZTWHE,地理,能运用图表等资料，描述恒星概况，说明其演化过程,运用图表等资料，描述恒星概况，说明其演化过程。,24,"{""min"": ""G10"", ""max"": ""G12""}",ai-reviewed,[],deterministic-screen-only,not-adjudicated,anchors/gaozhong-地理.jsonl:39
ca_U6VhUHef,地理,能观察并运用图表等资料,观察并运用图表等资料，描述银河系的外貌和结构，说明其演化过程。,24,"{""min"": ""G10"", ""max"": ""G12""}",disputed,"[""A02""]",deterministic-screen-only,not-adjudicated,anchors/gaozhong-地理.jsonl:40
ca_pf3TQRtw,地理,能描述银河系的外貌和结构,观察并运用图表等资料，描述银河系的外貌和结构，说明其演化过程。,24,"{""min"": ""G10"", ""max"": ""G12""}",ai-reviewed,[],deterministic-screen-only,not-adjudicated,anchors/gaozhong-地理.jsonl:41
ca_PkbWC7bs,地理,能描述宇宙的基本组分,说明“宇宙大爆炸”假说的主要观点，描述宇宙的基本组分。,25,"{""min"": ""G10"", ""max"": ""G12""}",disputed,"[""A02""]",deterministic-screen-only,not-adjudicated,anchors/gaozhong-地理.jsonl:42
ca_75Qn5MJF,地理,能运用图片资料，说明海岸的主要类型以及从海岸到海洋的地形变化特点,运用图片资料，说明海岸的主要类型以及从海岸到海洋的地形变化特点。,25,"{""min"": ""G10"", ""max"": ""G12""}",ai-reviewed,[],deterministic-screen-only,not-adjudicated,anchors/gaozhong-地理.jsonl:43
ca_krn7Db2i,地理,能解释海洋与大气的相互作用关系,解释海洋与大气的相互作用关系，运用图表说明其对全球水循环和水热平衡的影响。,25,"{""min"": ""G10"", ""max"": ""G12""}",ai-reviewed,[],deterministic-screen-only,not-adjudicated,anchors/gaozhong-地理.jsonl:44
ca_umRDV7xK,地理,能运用图表说明其对全球水循环和水热平衡的影响,解释海洋与大气的相互作用关系，运用图表说明其对全球水循环和水热平衡的影响。,25,"{""min"": ""G10"", ""max"": ""G12""}",ai-reviewed,[],deterministic-screen-only,not-adjudicated,anchors/gaozhong-地理.jsonl:45
ca_efb48uqC,地理,能举例说明主要的海洋灾害及其成因，以及相应的减灾举措,举例说明主要的海洋灾害及其成因，以及相应的减灾举措。,26,"{""min"": ""G10"", ""max"": ""G12""}",ai-reviewed,[],deterministic-screen-only,not-adjudicated,anchors/gaozhong-地理.jsonl:46
ca_kdWAJJHr,地理,能结合实例，说明沿海地区的开发对于国家经济发展的重要作用,结合实例，说明沿海地区的开发对于国家经济发展的重要作用。,26,"{""min"": ""G10"", ""max"": ""G12""}",ai-reviewed,[],deterministic-screen-only,not-adjudicated,anchors/gaozhong-地理.jsonl:47
ca_DzLLiunP,地理,能解释地震、泥石流、滑坡等地质灾害的成因与危害,解释地震、泥石流、滑坡等地质灾害的成因与危害。,27,"{""min"": ""G10"", ""max"": ""G12""}",ai-reviewed,[],deterministic-screen-only,not-adjudicated,anchors/gaozhong-地理.jsonl:48
ca_DxerkfdB,地理,能举例说明虫灾、鼠灾等生物灾害的危害,举例说明虫灾、鼠灾等生物灾害的危害。,27,"{""min"": ""G10"", ""max"": ""G12""}",ai-reviewed,[],deterministic-screen-only,not-adjudicated,anchors/gaozhong-地理.jsonl:49
ca_WWk3s3XD,地理,能举例说明人类活动对自然灾害的影响,举例说明人类活动对自然灾害的影响。,27,"{""min"": ""G10"", ""max"": ""G12""}",disputed,"[""A02""]",deterministic-screen-only,not-adjudicated,anchors/gaozhong-地理.jsonl:50
ca_Xr4LTs39,地理,能运用图表资料，说明世界主要自然灾害的空间分布，比较同一自然灾害危害程度的地域差异,运用图表资料，说明世界主要自然灾害的空间分布，比较同一自然灾害危害程度的地域差异。,27,"{""min"": ""G10"", ""max"": ""G12""}",ai-reviewed,[],deterministic-screen-only,not-adjudicated,anchors/gaozhong-地理.jsonl:51
ca_FBnhRQER,地理,能结合实例，说明我国自然灾害多发区的环境特点,结合实例，说明我国自然灾害多发区的环境特点。,27,"{""min"": ""G10"", ""max"": ""G12""}",ai-reviewed,[],deterministic-screen-only,not-adjudicated,anchors/gaozhong-地理.jsonl:52
ca_8nmnB2zW,地理,能结合实例，说明某些自然灾害爆发的先兆及预报方法,结合实例，说明某些自然灾害爆发的先兆及预报方法。,27,"{""min"": ""G10"", ""max"": ""G12""}",ai-reviewed,[],deterministic-screen-only,not-adjudicated,anchors/gaozhong-地理.jsonl:53
ca_4NxbsHMT,地理,能列举适当的应对方法或应急措施,以地震等一两种自然灾害为例，列举适当的应对方法或应急措施。,27,"{""min"": ""G10"", ""max"": ""G12""}",disputed,"[""A02""]",deterministic-screen-only,not-adjudicated,anchors/gaozhong-地理.jsonl:54
ca_hKjm8Sq8,地理,能运用资料，说明全球环境的基本问题，以及主要的环境修复原理,运用资料，说明全球环境的基本问题，以及主要的环境修复原理。,28,"{""min"": ""G10"", ""max"": ""G12""}",ai-reviewed,[],deterministic-screen-only,not-adjudicated,anchors/gaozhong-地理.jsonl:55
ca_faGTGLZh,地理,能运用资料，说明我国水资源概况和水环境污染的严峻性,运用资料，说明我国水资源概况和水环境污染的严峻性。,28,"{""min"": ""G10"", ""max"": ""G12""}",disputed,"[""A02""]",deterministic-screen-only,not-adjudicated,anchors/gaozhong-地理.jsonl:56
ca_5KHUhsyu,地理,能学会水质采样方法及方案设计，学会用简易方法检测水质,学会水质采样方法及方案设计，学会用简易方法检测水质。,28,"{""min"": ""G10"", ""max"": ""G12""}",ai-reviewed,[],deterministic-screen-only,not-adjudicated,anchors/gaozhong-地理.jsonl:57
ca_cXRzR8cP,地理,能针对某一具体区域，设计水资源保护方案,针对某一具体区域，设计水资源保护方案。,28,"{""min"": ""G10"", ""max"": ""G12""}",ai-reviewed,[],deterministic-screen-only,not-adjudicated,anchors/gaozhong-地理.jsonl:58
ca_tnTWAhVm,地理,能结合实例，说明全球变暖对生态环境的影响,结合实例，说明全球变暖对生态环境的影响。,28,"{""min"": ""G10"", ""max"": ""G12""}",ai-reviewed,[],deterministic-screen-only,not-adjudicated,anchors/gaozhong-地理.jsonl:59
ca_AKymQKgX,地理,能举例说明大气污染的危害,解释形成大气污染的基本机理，举例说明大气污染的危害。,28,"{""min"": ""G10"", ""max"": ""G12""}",ai-reviewed,[],deterministic-screen-only,not-adjudicated,anchors/gaozhong-地理.jsonl:60
ca_Sf5ExUwJ,地理,能运用资料，分析我国固体废弃物污染的状况,运用资料，分析我国固体废弃物污染的状况。,28,"{""min"": ""G10"", ""max"": ""G12""}",ai-reviewed,[],deterministic-screen-only,not-adjudicated,anchors/gaozhong-地理.jsonl:61
ca_amqqnx9a,地理,能说明常见的土壤污染类型,解释土壤污染的形成机理，说明常见的土壤污染类型。,28,"{""min"": ""G10"", ""max"": ""G12""}",ai-reviewed,[],deterministic-screen-only,not-adjudicated,anchors/gaozhong-地理.jsonl:62
ca_x2s5BuAg,地理,能结合实例，说明环境管理的基本内容和主要手段,结合实例，说明环境管理的基本内容和主要手段。,28,"{""min"": ""G10"", ""max"": ""G12""}",disputed,"[""A02""]",deterministic-screen-only,not-adjudicated,anchors/gaozhong-地理.jsonl:63
ca_Y3wSyPHQ,地理,能描述旅游资源的分类和内涵,描述旅游资源的分类和内涵。,29,"{""min"": ""G10"", ""max"": ""G12""}",ai-reviewed,[],deterministic-screen-only,not-adjudicated,anchors/gaozhong-地理.jsonl:64
ca_dU3VbbqB,地理,能举例说明某种旅游资源的成因和价值,举例说明某种旅游资源的成因和价值。,29,"{""min"": ""G10"", ""max"": ""G12""}",ai-reviewed,[],deterministic-screen-only,not-adjudicated,anchors/gaozhong-地理.jsonl:65
ca_8LzLginS,地理,能结合实例，评价旅游资源的开发条件,结合实例，评价旅游资源的开发条件。,29,"{""min"": ""G10"", ""max"": ""G12""}",ai-reviewed,[],deterministic-screen-only,not-adjudicated,anchors/gaozhong-地理.jsonl:66
ca_eKLvyWCJ,地理,能结合实例，分析旅游目的地和旅游客源地之间的关系,结合实例，分析旅游目的地和旅游客源地之间的关系。,29,"{""min"": ""G10"", ""max"": ""G12""}",ai-reviewed,[],deterministic-screen-only,not-adjudicated,anchors/gaozhong-地理.jsonl:67
ca_QwBjE7GN,地理,能举例说明旅游开发过程中的环境保护措施,举例说明旅游开发过程中的环境保护措施。,29,"{""min"": ""G10"", ""max"": ""G12""}",ai-reviewed,[],deterministic-screen-only,not-adjudicated,anchors/gaozhong-地理.jsonl:68
ca_Jm7KhW2i,地理,能结合实例，设计旅游出行的时间、线路以及景区内部线路,结合实例，设计旅游出行的时间、线路以及景区内部线路。,29,"{""min"": ""G10"", ""max"": ""G12""}",ai-reviewed,[],deterministic-screen-only,not-adjudicated,anchors/gaozhong-地理.jsonl:69
ca_YLvLZN7f,地理,能举例说明自然地理条件与旅游安全的关系，以及对应的安全措施,举例说明自然地理条件与旅游安全的关系，以及对应的安全措施。,29,"{""min"": ""G10"", ""max"": ""G12""}",ai-reviewed,[],deterministic-screen-only,not-adjudicated,anchors/gaozhong-地理.jsonl:70
ca_i8FqDYUY,地理,能归纳城市在不同阶段的基本特征,举例说明城市的形成和发展，归纳城市在不同阶段的基本特征。,30,"{""min"": ""G10"", ""max"": ""G12""}",ai-reviewed,[],deterministic-screen-only,not-adjudicated,anchors/gaozhong-地理.jsonl:71
ca_KjNMEafE,地理,能举例说明不同地理环境中乡村聚落的特点，并分析其成因,举例说明不同地理环境中乡村聚落的特点，并分析其成因。,30,"{""min"": ""G10"", ""max"": ""G12""}",ai-reviewed,[],deterministic-screen-only,not-adjudicated,anchors/gaozhong-地理.jsonl:72
ca_cr3dviUR,地理,能结合实例，分析城镇与乡村的空间形态和景观特色,结合实例，分析城镇与乡村的空间形态和景观特色。,30,"{""min"": ""G10"", ""max"": ""G12""}",ai-reviewed,[],deterministic-screen-only,not-adjudicated,anchors/gaozhong-地理.jsonl:73
ca_hLAwzm5z,地理,能运用资料，阐述新型城镇化的内涵和意义,运用资料，阐述新型城镇化的内涵和意义。,30,"{""min"": ""G10"", ""max"": ""G12""}",ai-reviewed,[],deterministic-screen-only,not-adjudicated,anchors/gaozhong-地理.jsonl:74
ca_fjZyPG2d,地理,能举例说明促进城镇合理布局和协调发展的途径,举例说明促进城镇合理布局和协调发展的途径。,30,"{""min"": ""G10"", ""max"": ""G12""}",ai-reviewed,[],deterministic-screen-only,not-adjudicated,anchors/gaozhong-地理.jsonl:75
ca_qtJnSND2,地理,能举例说明交通运输对城市分布和空间形态的影响,举例说明交通运输对城市分布和空间形态的影响。,30,"{""min"": ""G10"", ""max"": ""G12""}",ai-reviewed,[],deterministic-screen-only,not-adjudicated,anchors/gaozhong-地理.jsonl:76
ca_GK3sz3ry,地理,能结合实例，评价居住小区的区位与环境特点,结合实例，评价居住小区的区位与环境特点。,30,"{""min"": ""G10"", ""max"": ""G12""}",ai-reviewed,[],deterministic-screen-only,not-adjudicated,anchors/gaozhong-地理.jsonl:77
ca_P9kkgVRQ,地理,能运用资料，说明保护传统文化和特色景观应采取的对策,运用资料，说明保护传统文化和特色景观应采取的对策。,30,"{""min"": ""G10"", ""max"": ""G12""}",ai-reviewed,[],deterministic-screen-only,not-adjudicated,anchors/gaozhong-地理.jsonl:78
ca_Kf4h54ib,地理,能解释国家领土的概念，从领土的角度说明国家的基本特征,解释国家领土的概念，从领土的角度说明国家的基本特征。,31,"{""min"": ""G10"", ""max"": ""G12""}",ai-reviewed,[],deterministic-screen-only,not-adjudicated,anchors/gaozhong-地理.jsonl:79
ca_r5mhe4Tt,地理,能结合首都选址实例，说明首都的职能与影响,结合首都选址实例，说明首都的职能与影响。,31,"{""min"": ""G10"", ""max"": ""G12""}",ai-reviewed,[],deterministic-screen-only,not-adjudicated,anchors/gaozhong-地理.jsonl:80
ca_Juwx9RuA,地理,能结合实例，了解边界纠纷与解决途径,结合实例，了解边界纠纷与解决途径。,31,"{""min"": ""G10"", ""max"": ""G12""}",ai-reviewed,[],deterministic-screen-only,not-adjudicated,anchors/gaozhong-地理.jsonl:81
ca_JrZA377t,地理,能解释综合国力的概念，并举例说明综合国力的基本要素,解释综合国力的概念，并举例说明综合国力的基本要素。,31,"{""min"": ""G10"", ""max"": ""G12""}",ai-reviewed,[],deterministic-screen-only,not-adjudicated,anchors/gaozhong-地理.jsonl:82
ca_jGsiP7hb,地理,能描述当代国际政治格局及世界政治多极化形势,描述当代国际政治格局及世界政治多极化形势，认识共建人类命运共同体的重要意义。,31,"{""min"": ""G10"", ""max"": ""G12""}",ai-reviewed,[],deterministic-screen-only,not-adjudicated,anchors/gaozhong-地理.jsonl:83
ca_CLA3W8DD,地理,能结合实例和热点地区，说明国际合作与冲突的背景、表现形式和前景,结合实例和热点地区，说明国际合作与冲突的背景、表现形式和前景。,31,"{""min"": ""G10"", ""max"": ""G12""}",ai-reviewed,[],deterministic-screen-only,not-adjudicated,anchors/gaozhong-地理.jsonl:84
ca_4VCZeVnr,地理,能结合实例，说明目前世界经济全球化趋势及变化,结合实例，说明目前世界经济全球化趋势及变化。,32,"{""min"": ""G10"", ""max"": ""G12""}",ai-reviewed,[],deterministic-screen-only,not-adjudicated,anchors/gaozhong-地理.jsonl:85
ca_S2sLnZGt,地理,能描述地理信息技术的基本内容,描述地理信息技术的基本内容。,32,"{""min"": ""G10"", ""max"": ""G12""}",ai-reviewed,[],deterministic-screen-only,not-adjudicated,anchors/gaozhong-地理.jsonl:86
ca_kixPqvfc,地理,能解释数字地球、数字城市等概念,解释数字地球、数字城市等概念，说明其对人们生产、生活的影响。,32,"{""min"": ""G10"", ""max"": ""G12""}",ai-reviewed,[],deterministic-screen-only,not-adjudicated,anchors/gaozhong-地理.jsonl:87
ca_fj8GELSR,地理,能说出常见的地理信息系统软件名称和基本特点,了解数字地图的概念，说出常见的地理信息系统软件名称和基本特点。,32,"{""min"": ""G10"", ""max"": ""G12""}",ai-reviewed,[],deterministic-screen-only,not-adjudicated,anchors/gaozhong-地理.jsonl:88
ca_BY47iB7C,地理,能解释地图数字化的过程，学会建立地理信息系统数据表,解释地图数字化的过程，学会建立地理信息系统数据表。,32,"{""min"": ""G10"", ""max"": ""G12""}",disputed,"[""A02""]",deterministic-screen-only,not-adjudicated,anchors/gaozhong-地理.jsonl:89
ca_V9iuS3HA,地理,能分析地理要素的分布规律,学会在地理信息系统软件中进行简单的条件查询，分析地理要素的分布规律。,32,"{""min"": ""G10"", ""max"": ""G12""}",disputed,"[""A02""]",deterministic-screen-only,not-adjudicated,anchors/gaozhong-地理.jsonl:90
ca_uKdqD45G,地理,能学会使用地理信息系统软件制作人口、资源分布等相关专题地图,学会使用地理信息系统软件制作人口、资源分布等相关专题地图。,33,"{""min"": ""G10"", ""max"": ""G12""}",ai-reviewed,[],deterministic-screen-only,not-adjudicated,anchors/gaozhong-地理.jsonl:91
ca_i4gCD82z,地理,能解释遥感的基本原理，并结合遥感图像说明遥感的基本类型,解释遥感的基本原理，并结合遥感图像说明遥感的基本类型。,33,"{""min"": ""G10"", ""max"": ""G12""}",ai-reviewed,[],deterministic-screen-only,not-adjudicated,anchors/gaozhong-地理.jsonl:92
ca_3T84wsub,地理,能解释全球卫星导航系统的基本原理,解释全球卫星导航系统的基本原理，说出主要的卫星导航系统。,33,"{""min"": ""G10"", ""max"": ""G12""}",ai-reviewed,[],deterministic-screen-only,not-adjudicated,anchors/gaozhong-地理.jsonl:93
ca_wLz739LQ,地理,能说出主要的卫星导航系统,解释全球卫星导航系统的基本原理，说出主要的卫星导航系统。,33,"{""min"": ""G10"", ""max"": ""G12""}",ai-reviewed,[],deterministic-screen-only,not-adjudicated,anchors/gaozhong-地理.jsonl:94
ca_fErmqD8y,地理,能学会运用多种手段收集和提取地理信息,学会运用多种手段收集和提取地理信息，设计野外实习方案，了解野外生存常识。,33,"{""min"": ""G10"", ""max"": ""G12""}",ai-reviewed,[],deterministic-screen-only,not-adjudicated,anchors/gaozhong-地理.jsonl:95
ca_xFVFXhZG,地理,能设计野外实习方案,学会运用多种手段收集和提取地理信息，设计野外实习方案，了解野外生存常识。,33,"{""min"": ""G10"", ""max"": ""G12""}",ai-reviewed,[],deterministic-screen-only,not-adjudicated,anchors/gaozhong-地理.jsonl:96
ca_BRkQsdex,地理,能运用地理工具在野外进行定向、定位并获取野外地理信息,运用地理工具在野外进行定向、定位并获取野外地理信息。,34,"{""min"": ""G10"", ""max"": ""G12""}",ai-reviewed,[],deterministic-screen-only,not-adjudicated,anchors/gaozhong-地理.jsonl:97
ca_Uq2fFbCV,地理,能识别主要地形区、基本地质构造和地貌特点,阅读地形图、地质构造图以及遥感图像等，识别主要地形区、基本地质构造和地貌特点。,34,"{""min"": ""G10"", ""max"": ""G12""}",ai-reviewed,[],deterministic-screen-only,not-adjudicated,anchors/gaozhong-地理.jsonl:98
ca_rnPKDTMh,地理,能识别主要造岩矿物和常见岩石,识别主要造岩矿物和常见岩石，认识不同性质岩石对地貌发育的影响。,34,"{""min"": ""G10"", ""max"": ""G12""}",ai-reviewed,[],deterministic-screen-only,not-adjudicated,anchors/gaozhong-地理.jsonl:99
ca_2qNFYw6h,地理,能学会收集并理解天气谚语，在室外观云识天气,学会收集并理解天气谚语，在室外观云识天气。,34,"{""min"": ""G10"", ""max"": ""G12""}",disputed,"[""A02""]",deterministic-screen-only,not-adjudicated,anchors/gaozhong-地理.jsonl:100
ca_vSuqXeQJ,地理,能识别不同土地利用方式及特点,学会社会调查的基本方法，并进行城乡实地调查，识别不同土地利用方式及特点。,34,"{""min"": ""G10"", ""max"": ""G12""}",ai-reviewed,[],deterministic-screen-only,not-adjudicated,anchors/gaozhong-地理.jsonl:101
ca_Bg4WhiDP,地理,能运用资料，描述地球所处的宇宙环境,运用资料，描述地球所处的宇宙环境，说明太阳对地球的影响。,16,"{""min"": ""G10"", ""max"": ""G12""}",llm-proposed,"[""A03""]",deterministic-screen-only,not-adjudicated,anchors/gaozhong-地理.jsonl:102
ca_j8u634EP,地理,能说明太阳对地球的影响,运用资料，描述地球所处的宇宙环境，说明太阳对地球的影响。,16,"{""min"": ""G10"", ""max"": ""G12""}",llm-proposed,"[""A03""]",deterministic-screen-only,not-adjudicated,anchors/gaozhong-地理.jsonl:103
ca_8AsDYe7j,地理,能通过野外观察或运用视频、图像，识别 3~4 种地貌,通过野外观察或运用视频、图像，识别 3~4 种地貌，描述其景观的主要特点。,16,"{""min"": ""G10"", ""max"": ""G12""}",llm-proposed,"[""A03""]",deterministic-screen-only,not-adjudicated,anchors/gaozhong-地理.jsonl:104
ca_VsUbk757,地理,能通过野外观察或运用视频、图像，识别主要植被,通过野外观察或运用视频、图像，识别主要植被，说明其与自然环境的关系。,17,"{""min"": ""G10"", ""max"": ""G12""}",llm-proposed,"[""A03""]",deterministic-screen-only,not-adjudicated,anchors/gaozhong-地理.jsonl:105
ca_QFga2t3t,地理,能运用资料，说明常见自然灾害的成因,运用资料，说明常见自然灾害的成因，了解避灾、防灾的措施。,17,"{""min"": ""G10"", ""max"": ""G12""}",llm-proposed,"[""A03""]",deterministic-screen-only,not-adjudicated,anchors/gaozhong-地理.jsonl:106
ca_DmNyHitT,地理,能解释区域资源环境承载力、人口合理容量,运用资料，描述人口分布、迁移的特点及其影响因素，并结合实例，解释区域资源环境承载力、人口合理容量。,18,"{""min"": ""G10"", ""max"": ""G12""}",disputed,"[""A02""]",deterministic-screen-only,not-adjudicated,anchors/gaozhong-地理.jsonl:107
ca_hC8yhF9Z,地理,能结合实例，解释城镇和乡村内部的空间结构,结合实例，解释城镇和乡村内部的空间结构，说明合理利用城乡空间的意义。,18,"{""min"": ""G10"", ""max"": ""G12""}",llm-proposed,"[""A03""]",deterministic-screen-only,not-adjudicated,anchors/gaozhong-地理.jsonl:108
ca_JxdtE2tZ,地理,能运用资料，说明不同地区城镇化的过程和特点,运用资料，说明不同地区城镇化的过程和特点，以及城镇化的利弊。,18,"{""min"": ""G10"", ""max"": ""G12""}",llm-proposed,"[""A03""]",deterministic-screen-only,not-adjudicated,anchors/gaozhong-地理.jsonl:109
ca_S7GBrUju,地理,能运用资料，归纳人类面临的主要环境问题,运用资料，归纳人类面临的主要环境问题，说明协调人地关系和可持续发展的主要途径及其缘由。,18,"{""min"": ""G10"", ""max"": ""G12""}",disputed,"[""A02""]",deterministic-screen-only,not-adjudicated,anchors/gaozhong-地理.jsonl:110
ca_drXjdNFa,地理,能说明协调人地关系和可持续发展的主要途径及其缘由,运用资料，归纳人类面临的主要环境问题，说明协调人地关系和可持续发展的主要途径及其缘由。,18,"{""min"": ""G10"", ""max"": ""G12""}",disputed,"[""A02""]",deterministic-screen-only,not-adjudicated,anchors/gaozhong-地理.jsonl:111
ca_2GeecTgL,地理,能运用图表，分析海—气相互作用对全球水热平衡的影响,运用图表，分析海—气相互作用对全球水热平衡的影响，解释厄尔尼诺、拉尼娜现象对全球气候和人类活动的影响。,20,"{""min"": ""G10"", ""max"": ""G12""}",disputed,"[""A02""]",deterministic-screen-only,not-adjudicated,anchors/gaozhong-地理.jsonl:112
ca_fNHu5224,地理,能解释厄尔尼诺、拉尼娜现象对全球气候和人类活动的影响,运用图表，分析海—气相互作用对全球水热平衡的影响，解释厄尔尼诺、拉尼娜现象对全球气候和人类活动的影响。,20,"{""min"": ""G10"", ""max"": ""G12""}",llm-proposed,"[""A03""]",deterministic-screen-only,not-adjudicated,anchors/gaozhong-地理.jsonl:113
ca_sy2FLHdT,地理,能结合实例，从地理环境整体性和区域关联的角度，比较不同区域发展的异同,结合实例，从地理环境整体性和区域关联的角度，比较不同区域发展的异同，说明因地制宜对于区域发展的重要意义。,21,"{""min"": ""G10"", ""max"": ""G12""}",llm-proposed,"[""A03""]",deterministic-screen-only,not-adjudicated,anchors/gaozhong-地理.jsonl:114
ca_cwYN4pqu,地理,能运用图表，解释中国耕地资源的分布,运用图表，解释中国耕地资源的分布，说明其开发利用现状，以及耕地保护与粮食安全的关系。,23,"{""min"": ""G10"", ""max"": ""G12""}",llm-proposed,"[""A03""]",deterministic-screen-only,not-adjudicated,anchors/gaozhong-地理.jsonl:115
ca_qDzbLc6U,地理,能运用碳循环和温室效应原理，分析碳排放对环境的影响,运用碳循环和温室效应原理，分析碳排放对环境的影响，说明碳减排国际合作的重要性。,23,"{""min"": ""G10"", ""max"": ""G12""}",llm-proposed,"[""A03""]",deterministic-screen-only,not-adjudicated,anchors/gaozhong-地理.jsonl:116
ca_QMCSUMX7,地理,能说明碳减排国际合作的重要性,运用碳循环和温室效应原理，分析碳排放对环境的影响，说明碳减排国际合作的重要性。,23,"{""min"": ""G10"", ""max"": ""G12""}",disputed,"[""A02""]",deterministic-screen-only,not-adjudicated,anchors/gaozhong-地理.jsonl:117
ca_CYbAud3U,地理,能绘制太阳大气的圈层结构图,绘制太阳大气的圈层结构图，说明太阳活动及其对地球的影响。,24,"{""min"": ""G10"", ""max"": ""G12""}",llm-proposed,"[""A03""]",deterministic-screen-only,not-adjudicated,anchors/gaozhong-地理.jsonl:118
ca_zG2wN4qG,地理,能运用图表等资料，描述恒星概况,运用图表等资料，描述恒星概况，说明其演化过程。,24,"{""min"": ""G10"", ""max"": ""G12""}",disputed,"[""A02""]",deterministic-screen-only,not-adjudicated,anchors/gaozhong-地理.jsonl:119
ca_yRvsDLiR,地理,能明主要海洋资源的基本特点和应用前景,说明主要海洋资源的基本特点和应用前景。,25,"{""min"": ""G10"", ""max"": ""G12""}",llm-proposed,"[""A03""]",deterministic-screen-only,not-adjudicated,anchors/gaozhong-地理.jsonl:120
ca_XkDnQJck,地理,能举例说明主要的海洋灾害及其成因,举例说明主要的海洋灾害及其成因，以及相应的减灾举措。,26,"{""min"": ""G10"", ""max"": ""G12""}",llm-proposed,"[""A03""]",deterministic-screen-only,not-adjudicated,anchors/gaozhong-地理.jsonl:121
ca_RhYwkd9U,地理,能明海洋污染的形成及其对海洋环境的危害，简述保护海洋环境的主要对策,说明海洋污染的形成及其对海洋环境的危害，简述保护海洋环境的主要对策。,26,"{""min"": ""G10"", ""max"": ""G12""}",disputed,"[""A02""]",deterministic-screen-only,not-adjudicated,anchors/gaozhong-地理.jsonl:122
ca_xjUzWZwM,地理,能运用图表资料，说明世界主要自然灾害的空间分布,运用图表资料，说明世界主要自然灾害的空间分布，比较同一自然灾害危害程度的地域差异。,27,"{""min"": ""G10"", ""max"": ""G12""}",llm-proposed,"[""A03""]",deterministic-screen-only,not-adjudicated,anchors/gaozhong-地理.jsonl:123
ca_brTpeZwH,地理,能比较同一自然灾害危害程度的地域差异,运用图表资料，说明世界主要自然灾害的空间分布，比较同一自然灾害危害程度的地域差异。,27,"{""min"": ""G10"", ""max"": ""G12""}",llm-proposed,"[""A03""]",deterministic-screen-only,not-adjudicated,anchors/gaozhong-地理.jsonl:124
ca_cVLi5eFh,地理,能明地理信息技术在自然灾害预测、灾情监测和评估中的运用,说明地理信息技术在自然灾害预测、灾情监测和评估中的运用。,27,"{""min"": ""G10"", ""max"": ""G12""}",disputed,"[""A02""]",deterministic-screen-only,not-adjudicated,anchors/gaozhong-地理.jsonl:125
ca_wB3VS9Rz,地理,能简要说明地球上碳、氮、氧等元素循环的过程及其对环境的影响,简要说明地球上碳、氮、氧等元素循环的过程及其对环境的影响。,28,"{""min"": ""G10"", ""max"": ""G12""}",llm-proposed,"[""A03""]",deterministic-screen-only,not-adjudicated,anchors/gaozhong-地理.jsonl:126
ca_3MMyi9dx,地理,能运用资料，说明全球环境的基本问题,运用资料，说明全球环境的基本问题，以及主要的环境修复原理。,28,"{""min"": ""G10"", ""max"": ""G12""}",disputed,"[""A02""]",deterministic-screen-only,not-adjudicated,anchors/gaozhong-地理.jsonl:127
ca_Mp8dVTN9,地理,能区别自然遗产和文化遗产基本概念，结合实例说明保护世界遗产的意义和方式,区别自然遗产和文化遗产基本概念，结合实例说明保护世界遗产的意义和方式。,29,"{""min"": ""G10"", ""max"": ""G12""}",llm-proposed,"[""A03""]",deterministic-screen-only,not-adjudicated,anchors/gaozhong-地理.jsonl:128
ca_kiMTmqaz,地理,能举例说明自然地理条件与旅游安全的关系,举例说明自然地理条件与旅游安全的关系，以及对应的安全措施。,29,"{""min"": ""G10"", ""max"": ""G12""}",disputed,"[""A02""]",deterministic-screen-only,not-adjudicated,anchors/gaozhong-地理.jsonl:129
ca_LKzEEjDF,地理,能运用资料，说明城乡规划的主要作用和重要意义,运用资料，说明城乡规划的主要作用和重要意义，了解城乡总体规划的基本方法。,30,"{""min"": ""G10"", ""max"": ""G12""}",disputed,"[""A02""]",deterministic-screen-only,not-adjudicated,anchors/gaozhong-地理.jsonl:130
ca_7SGLcrFU,地理,能结合实例，说明分析综合国力的方法,结合实例，说明分析综合国力的方法，以及提高综合国力的途径。,31,"{""min"": ""G10"", ""max"": ""G12""}",llm-proposed,"[""A03""]",deterministic-screen-only,not-adjudicated,anchors/gaozhong-地理.jsonl:131
ca_PazLZqFZ,地理,能学会收集并理解天气谚语,学会收集并理解天气谚语，在室外观云识天气。,34,"{""min"": ""G10"", ""max"": ""G12""}",disputed,"[""A02""]",deterministic-screen-only,not-adjudicated,anchors/gaozhong-地理.jsonl:132
ca_NLXk9rgC,地理,能够在地理实践中理解和接受不同的想法，表现出合作的意识、求真的态度与应用知识的能力,借助他人的帮助，能够使用遥感影像等地理信息技术手段和其他地理工具，对地貌、土壤、植被等自然要素和相关自然现象进行初步观察，并设计简单的实验；能够收集人口、城乡、产业、文化等方面的人文地理信息，开展社会调查；能够在地理实践中理解和接受不同的想法，表现出合作的意识、求真的态度与应用知识的能力。,36,"{""min"": ""G10"", ""max"": ""G12""}",disputed,"[""A02"", ""A07""]",deterministic-screen-only,not-adjudicated,anchors/gaozhong-地理.jsonl:133
ca_YSBB9ij5,地理,能说明人地协调发展和走可持续发展之路的重要性,对于给定的简单地理事象，能够简单分析地貌、大气、水、土壤、植被等自然地理要素中多个要素之间的关系，解释地球演化、热力环流、水循环等的时空变化过程，辨识某些自然地理要素与人类活动相互作用的主要方式和结果；能够简单分析人口、城乡、产业、文化等人文地理事象之间，以及它们与自然要素之间的关系，解释人口分布、城乡内部空间结构、城镇化、产业区位等的时空变化过程，结合某国家发展战略，简单分析其地理背景，辨识人类活动影响地理环境的主要方式，以及出现的人地关系问题，说明人地协调发展和走可持续发展之路的重要性。,36,"{""min"": ""G10"", ""max"": ""G12""}",disputed,"[""A02"", ""A07""]",deterministic-screen-only,not-adjudicated,anchors/gaozhong-地理.jsonl:134
ca_fFbtibYH,地理,能够归纳某些自然地理要素的空间分布特征，自主辨识给定区域的某些自然要素特征,能够归纳某些自然地理要素的空间分布特征，自主辨识给定区域的某些自然要素特征；能够自主辨识给定区域内某产业的区位因素。,36,"{""min"": ""G10"", ""max"": ""G12""}",disputed,"[""A02"", ""A07""]",deterministic-screen-only,not-adjudicated,anchors/gaozhong-地理.jsonl:135
ca_47GS6P9c,地理,能够在地理实践中表现出独立思考的意识、求真求实的科学态度，以及灵活运用知识的能力,与他人合作，能够使用遥感图像等地理信息技术手段和其他地理工具，对地貌、土壤、植被等自然要素和相关自然现象进行深入观察，并设计实验，作出简要解释；能够对人口、城乡、产业、文化等方面的人文地理事象，设计和实施社会调查，作出简要的解释；能够在地理实践中表现出独立思考的意识、求真求实的科学态度，以及灵活运用知识的能力。,36,"{""min"": ""G10"", ""max"": ""G12""}",disputed,"[""A02"", ""A07""]",deterministic-screen-only,not-adjudicated,anchors/gaozhong-地理.jsonl:136
ca_tk94cY8c,地理,能够说明自然环境对人类活动的影响,对于给定的复杂地理事象，能够说明自然环境对人类活动的影响，分析人类活动对自然环境影响的强度与方式，具备尊重自然规律、科学适应和利用自然的意识；对于给定的区域发展案例，能够说明自然资源、环境满足人们需要的潜力及有限性，分析区域环境治理和保护措施；能够说明资源和环境是影响国家安全的重要因素，理解个人、社会和国家在保护自然资源和环境中应担当的责任。,37,"{""min"": ""G10"", ""max"": ""G12""}",disputed,"[""A02"", ""A07""]",deterministic-screen-only,not-adjudicated,anchors/gaozhong-地理.jsonl:137
ca_VdhyAKTQ,地理,能分析人类活动对自然环境影响的强度与方式，具备尊重自然规律、科学适应和利用自然的意识,对于给定的复杂地理事象，能够说明自然环境对人类活动的影响，分析人类活动对自然环境影响的强度与方式，具备尊重自然规律、科学适应和利用自然的意识；对于给定的区域发展案例，能够说明自然资源、环境满足人们需要的潜力及有限性，分析区域环境治理和保护措施；能够说明资源和环境是影响国家安全的重要因素，理解个人、社会和国家在保护自然资源和环境中应担当的责任。,37,"{""min"": ""G10"", ""max"": ""G12""}",disputed,"[""A02"", ""A07""]",deterministic-screen-only,not-adjudicated,anchors/gaozhong-地理.jsonl:138
ca_aruyq2Gd,地理,能够说明自然资源、环境满足人们需要的潜力及有限性,对于给定的复杂地理事象，能够说明自然环境对人类活动的影响，分析人类活动对自然环境影响的强度与方式，具备尊重自然规律、科学适应和利用自然的意识；对于给定的区域发展案例，能够说明自然资源、环境满足人们需要的潜力及有限性，分析区域环境治理和保护措施；能够说明资源和环境是影响国家安全的重要因素，理解个人、社会和国家在保护自然资源和环境中应担当的责任。,37,"{""min"": ""G10"", ""max"": ""G12""}",llm-proposed,"[""A03"", ""A07""]",deterministic-screen-only,not-adjudicated,anchors/gaozhong-地理.jsonl:139
ca_kTf53YTj,地理,能分析区域环境治理和保护措施,对于给定的复杂地理事象，能够说明自然环境对人类活动的影响，分析人类活动对自然环境影响的强度与方式，具备尊重自然规律、科学适应和利用自然的意识；对于给定的区域发展案例，能够说明自然资源、环境满足人们需要的潜力及有限性，分析区域环境治理和保护措施；能够说明资源和环境是影响国家安全的重要因素，理解个人、社会和国家在保护自然资源和环境中应担当的责任。,37,"{""min"": ""G10"", ""max"": ""G12""}",disputed,"[""A02"", ""A07""]",deterministic-screen-only,not-adjudicated,anchors/gaozhong-地理.jsonl:140
ca_69BcKGPz,地理,能够说明资源和环境是影响国家安全的重要因素,对于给定的复杂地理事象，能够说明自然环境对人类活动的影响，分析人类活动对自然环境影响的强度与方式，具备尊重自然规律、科学适应和利用自然的意识；对于给定的区域发展案例，能够说明自然资源、环境满足人们需要的潜力及有限性，分析区域环境治理和保护措施；能够说明资源和环境是影响国家安全的重要因素，理解个人、社会和国家在保护自然资源和环境中应担当的责任。,37,"{""min"": ""G10"", ""max"": ""G12""}",disputed,"[""A02"", ""A07""]",deterministic-screen-only,not-adjudicated,anchors/gaozhong-地理.jsonl:141
ca_LudGpQAn,地理,能理解个人、社会和国家在保护自然资源和环境中应担当的责任,对于给定的复杂地理事象，能够说明自然环境对人类活动的影响，分析人类活动对自然环境影响的强度与方式，具备尊重自然规律、科学适应和利用自然的意识；对于给定的区域发展案例，能够说明自然资源、环境满足人们需要的潜力及有限性，分析区域环境治理和保护措施；能够说明资源和环境是影响国家安全的重要因素，理解个人、社会和国家在保护自然资源和环境中应担当的责任。,37,"{""min"": ""G10"", ""max"": ""G12""}",disputed,"[""A02"", ""A07""]",deterministic-screen-only,not-adjudicated,anchors/gaozhong-地理.jsonl:142
ca_NDbjEwme,地理,能够说明地球运动与昼夜更替、四季变化等自然现象的关系,能够说明地球运动与昼夜更替、四季变化等自然现象的关系，说明岩石、地貌、大气、水的运动与变化规律；能够分析不同区域发展中出现问题的原因，并对解决问题的对策作出解释；能够分析战略性矿产资源、耕地资源、海洋空间资源等与国家安全的关系，说明生态破坏、环境污染等问题产生的原因，并构想解决这些问题的主要途径。,37,"{""min"": ""G10"", ""max"": ""G12""}",llm-proposed,"[""A03"", ""A07""]",deterministic-screen-only,not-adjudicated,anchors/gaozhong-地理.jsonl:143
ca_WZ2k2rQF,地理,能够分析战略性矿产资源、耕地资源、海洋空间资源等与国家安全的关系,能够说明地球运动与昼夜更替、四季变化等自然现象的关系，说明岩石、地貌、大气、水的运动与变化规律；能够分析不同区域发展中出现问题的原因，并对解决问题的对策作出解释；能够分析战略性矿产资源、耕地资源、海洋空间资源等与国家安全的关系，说明生态破坏、环境污染等问题产生的原因，并构想解决这些问题的主要途径。,37,"{""min"": ""G10"", ""max"": ""G12""}",disputed,"[""A02"", ""A07""]",deterministic-screen-only,not-adjudicated,anchors/gaozhong-地理.jsonl:144
ca_4HN8nEaR,地理,能解释自然环境的整体性与差异性,能够从空间格局的角度，解释自然环境的整体性与差异性；能够根据不同类型区域的发展条件和现状，分类思考和分析区域发展问题及原因；能够筛选恰当资料，对某区域资源开发和环境保护决策是否合理进行论证。,37,"{""min"": ""G10"", ""max"": ""G12""}",disputed,"[""A02"", ""A07""]",deterministic-screen-only,not-adjudicated,anchors/gaozhong-地理.jsonl:145
ca_7dBVANU9,地理,能设计和实施较复杂的地理模拟实验和考察方案，并独立、熟练地运用地理信息技术分析相关自然地理事象,能够与他人合作，设计和实施较复杂的地理模拟实验和考察方案，并独立、熟练地运用地理信息技术分析相关自然地理事象；能够搜寻不同类型区域的统计信息，收集相关区域发展规划，参与区域发展问题的调查；能够查阅相关政策法规文献，尝试运用所学知识，对某区域的资源合理化利用和生态环境保护提出构想；能够在地理实践中主动发现问题、探索问题，保持求真、求实的科学态度。,37,"{""min"": ""G10"", ""max"": ""G12""}",disputed,"[""A02"", ""A07""]",deterministic-screen-only,not-adjudicated,anchors/gaozhong-地理.jsonl:146
ca_bC3RHdzi,地理,能够搜寻不同类型区域的统计信息，收集相关区域发展规划，参与区域发展问题的调查,能够与他人合作，设计和实施较复杂的地理模拟实验和考察方案，并独立、熟练地运用地理信息技术分析相关自然地理事象；能够搜寻不同类型区域的统计信息，收集相关区域发展规划，参与区域发展问题的调查；能够查阅相关政策法规文献，尝试运用所学知识，对某区域的资源合理化利用和生态环境保护提出构想；能够在地理实践中主动发现问题、探索问题，保持求真、求实的科学态度。,37,"{""min"": ""G10"", ""max"": ""G12""}",disputed,"[""A02"", ""A07""]",deterministic-screen-only,not-adjudicated,anchors/gaozhong-地理.jsonl:147
ca_6PNZAVap,地理,能够查阅相关政策法规文献，尝试运用所学知识，对某区域的资源合理化利用和生态环境保护提出构想,能够与他人合作，设计和实施较复杂的地理模拟实验和考察方案，并独立、熟练地运用地理信息技术分析相关自然地理事象；能够搜寻不同类型区域的统计信息，收集相关区域发展规划，参与区域发展问题的调查；能够查阅相关政策法规文献，尝试运用所学知识，对某区域的资源合理化利用和生态环境保护提出构想；能够在地理实践中主动发现问题、探索问题，保持求真、求实的科学态度。,37,"{""min"": ""G10"", ""max"": ""G12""}",disputed,"[""A02"", ""A07""]",deterministic-screen-only,not-adjudicated,anchors/gaozhong-地理.jsonl:148
ca_Q6qdyisM,地理,能分析自然环境对人类活动的影响和作用,结合现实中的自然环境问题，能够从人地关系系统的角度，分析自然环境对人类活动的影响和作用，归纳人类活动遵循自然规律、与自然和谐相处的必要性和路径；结合现实中的区域发展情境，能够说明区域在开放的条件下，该地自然资源、环境满足人们需要的潜力变化，归纳该类区域不同发展阶段可能遇到的人地关系问题，分析区域特有的环境治理和保护措施；结合区域自然资源开发和环境保护实例，能够从国家安全的高度，理解资源和环境安全对于人地协调发展的重要性，增强国际合作意识，建立和谐发展的观念。,37,"{""min"": ""G10"", ""max"": ""G12""}",disputed,"[""A02"", ""A07""]",deterministic-screen-only,not-adjudicated,anchors/gaozhong-地理.jsonl:149
ca_ZDnAbH4w,地理,能归纳人类活动遵循自然规律、与自然和谐相处的必要性和路径,结合现实中的自然环境问题，能够从人地关系系统的角度，分析自然环境对人类活动的影响和作用，归纳人类活动遵循自然规律、与自然和谐相处的必要性和路径；结合现实中的区域发展情境，能够说明区域在开放的条件下，该地自然资源、环境满足人们需要的潜力变化，归纳该类区域不同发展阶段可能遇到的人地关系问题，分析区域特有的环境治理和保护措施；结合区域自然资源开发和环境保护实例，能够从国家安全的高度，理解资源和环境安全对于人地协调发展的重要性，增强国际合作意识，建立和谐发展的观念。,37,"{""min"": ""G10"", ""max"": ""G12""}",disputed,"[""A02"", ""A07""]",deterministic-screen-only,not-adjudicated,anchors/gaozhong-地理.jsonl:150
ca_kcxE6N47,地理,能分析区域特有的环境治理和保护措施,结合现实中的自然环境问题，能够从人地关系系统的角度，分析自然环境对人类活动的影响和作用，归纳人类活动遵循自然规律、与自然和谐相处的必要性和路径；结合现实中的区域发展情境，能够说明区域在开放的条件下，该地自然资源、环境满足人们需要的潜力变化，归纳该类区域不同发展阶段可能遇到的人地关系问题，分析区域特有的环境治理和保护措施；结合区域自然资源开发和环境保护实例，能够从国家安全的高度，理解资源和环境安全对于人地协调发展的重要性，增强国际合作意识，建立和谐发展的观念。,37,"{""min"": ""G10"", ""max"": ""G12""}",llm-proposed,"[""A03"", ""A07""]",deterministic-screen-only,not-adjudicated,anchors/gaozhong-地理.jsonl:151
ca_ufMqUCRD,地理,能结合区域自然资源开发和环境保护实例，能够从国家安全的高度,结合现实中的自然环境问题，能够从人地关系系统的角度，分析自然环境对人类活动的影响和作用，归纳人类活动遵循自然规律、与自然和谐相处的必要性和路径；结合现实中的区域发展情境，能够说明区域在开放的条件下，该地自然资源、环境满足人们需要的潜力变化，归纳该类区域不同发展阶段可能遇到的人地关系问题，分析区域特有的环境治理和保护措施；结合区域自然资源开发和环境保护实例，能够从国家安全的高度，理解资源和环境安全对于人地协调发展的重要性，增强国际合作意识，建立和谐发展的观念。,37,"{""min"": ""G10"", ""max"": ""G12""}",disputed,"[""A02"", ""A07""]",deterministic-screen-only,not-adjudicated,anchors/gaozhong-地理.jsonl:152
ca_q2ZVfvvY,地理,能够运用空间分析方法,能够运用空间分析方法，解释自然环境的整体性与差异性，并能够分析特定区域的自然地理特征与环境演变过程，评估其发展问题，提出科学决策的依据；能够比较全面地评价区域决策的得与失，并提出较为可行的改进建议；能够收集世界、全国或区域的资源、环境信息，并利用信息解释资源、环境问题及其成因，从维护国家安全的高度尝试提出解决问题的建议。,38,"{""min"": ""G10"", ""max"": ""G12""}",disputed,"[""A02"", ""A07""]",deterministic-screen-only,not-adjudicated,anchors/gaozhong-地理.jsonl:153
ca_VannRAvW,地理,能够比较全面地评价区域决策的得与失，并提出较为可行的改进建议,能够运用空间分析方法，解释自然环境的整体性与差异性，并能够分析特定区域的自然地理特征与环境演变过程，评估其发展问题，提出科学决策的依据；能够比较全面地评价区域决策的得与失，并提出较为可行的改进建议；能够收集世界、全国或区域的资源、环境信息，并利用信息解释资源、环境问题及其成因，从维护国家安全的高度尝试提出解决问题的建议。,38,"{""min"": ""G10"", ""max"": ""G12""}",disputed,"[""A02"", ""A07""]",deterministic-screen-only,not-adjudicated,anchors/gaozhong-地理.jsonl:154
ca_d3smZrG2,地理,能够独立设计科学的地理模拟实验和考察方案,能够独立设计科学的地理模拟实验和考察方案，利用地理信息技术及相关工具、材料，分析与处理相关数据与信息，对地理事象进行科学解释与评价；能够搜寻不同类型区域的统计信息，收集相关区域发展规划，设计区域发展问题的调查方案；能够有针对性地开展野外资源、环境调查，描述某区域存在的资源和环境问题，并结合已有资料，对解决区域资源和环境问题提出建议；能够在地理实践中表现出较强的行动能力。,38,"{""min"": ""G10"", ""max"": ""G12""}",disputed,"[""A02"", ""A07""]",deterministic-screen-only,not-adjudicated,anchors/gaozhong-地理.jsonl:155
ca_7GpKgvRj,地理,能分析与处理相关数据与信息，对地理事象进行科学解释与评价,能够独立设计科学的地理模拟实验和考察方案，利用地理信息技术及相关工具、材料，分析与处理相关数据与信息，对地理事象进行科学解释与评价；能够搜寻不同类型区域的统计信息，收集相关区域发展规划，设计区域发展问题的调查方案；能够有针对性地开展野外资源、环境调查，描述某区域存在的资源和环境问题，并结合已有资料，对解决区域资源和环境问题提出建议；能够在地理实践中表现出较强的行动能力。,38,"{""min"": ""G10"", ""max"": ""G12""}",disputed,"[""A02"", ""A07""]",deterministic-screen-only,not-adjudicated,anchors/gaozhong-地理.jsonl:156
ca_bzTQuXCp,地理,能够搜寻不同类型区域的统计信息，收集相关区域发展规划,能够独立设计科学的地理模拟实验和考察方案，利用地理信息技术及相关工具、材料，分析与处理相关数据与信息，对地理事象进行科学解释与评价；能够搜寻不同类型区域的统计信息，收集相关区域发展规划，设计区域发展问题的调查方案；能够有针对性地开展野外资源、环境调查，描述某区域存在的资源和环境问题，并结合已有资料，对解决区域资源和环境问题提出建议；能够在地理实践中表现出较强的行动能力。,38,"{""min"": ""G10"", ""max"": ""G12""}",llm-proposed,"[""A03"", ""A07""]",deterministic-screen-only,not-adjudicated,anchors/gaozhong-地理.jsonl:157
ca_v8BxxKhS,地理,能设计区域发展问题的调查方案,能够独立设计科学的地理模拟实验和考察方案，利用地理信息技术及相关工具、材料，分析与处理相关数据与信息，对地理事象进行科学解释与评价；能够搜寻不同类型区域的统计信息，收集相关区域发展规划，设计区域发展问题的调查方案；能够有针对性地开展野外资源、环境调查，描述某区域存在的资源和环境问题，并结合已有资料，对解决区域资源和环境问题提出建议；能够在地理实践中表现出较强的行动能力。,38,"{""min"": ""G10"", ""max"": ""G12""}",disputed,"[""A02"", ""A07""]",deterministic-screen-only,not-adjudicated,anchors/gaozhong-地理.jsonl:158
ca_czhyYrZr,地理,能描述某区域存在的资源和环境问题，并结合已有资料，对解决区域资源和环境问题提出建议,能够独立设计科学的地理模拟实验和考察方案，利用地理信息技术及相关工具、材料，分析与处理相关数据与信息，对地理事象进行科学解释与评价；能够搜寻不同类型区域的统计信息，收集相关区域发展规划，设计区域发展问题的调查方案；能够有针对性地开展野外资源、环境调查，描述某区域存在的资源和环境问题，并结合已有资料，对解决区域资源和环境问题提出建议；能够在地理实践中表现出较强的行动能力。,38,"{""min"": ""G10"", ""max"": ""G12""}",llm-proposed,"[""A03"", ""A07""]",deterministic-screen-only,not-adjudicated,anchors/gaozhong-地理.jsonl:159
ca_JfwTZu2b,德语,能分析相关主题在世界范围内的特征,了解中国梦这一提法产生的背景，讨论自己对于中国梦的理解和认识，畅想祖国未来发展蓝图；理解社会主义核心价值观的内涵；将国家发展主题置于世界文明发展的大语境之中，分析相关主题在世界范围内的特征，了解其与各国文化的相关性，培养民族自豪感。,31,"{""min"": ""G10"", ""max"": ""G12""}",ai-reviewed,[],deterministic-screen-only,not-adjudicated,anchors/gaozhong-德语.jsonl:1
ca_DqJKZVYv,德语,能运用所学表达进一步搜集有关能源储藏、疆域划分和国家利益等方面的资料,学生还可在课外组织与这个主题相关的话语活动，运用所学表达进一步搜集有关能源储藏、疆域划分和国家利益等方面的资料。,35,"{""min"": ""G10"", ""max"": ""G12""}",ai-reviewed,"[""A09""]",deterministic-screen-only,not-adjudicated,anchors/gaozhong-德语.jsonl:2
ca_TdNq33Np,德语,能运用所学表达进一步搜集有关能源储藏的资料,学生还可在课外组织与这个主题相关的话语活动，运用所学表达进一步搜集有关能源储藏、疆域划分和国家利益等方面的资料。,35,"{""min"": ""G10"", ""max"": ""G12""}",ai-reviewed,[],deterministic-screen-only,not-adjudicated,anchors/gaozhong-德语.jsonl:3
ca_EzuAD6j8,德语,能运用所学表达进一步搜集有关疆域划分的资料,学生还可在课外组织与这个主题相关的话语活动，运用所学表达进一步搜集有关能源储藏、疆域划分和国家利益等方面的资料。,35,"{""min"": ""G10"", ""max"": ""G12""}",ai-reviewed,[],deterministic-screen-only,not-adjudicated,anchors/gaozhong-德语.jsonl:4
ca_xu2fZaD6,德语,能运用所学表达进一步搜集有关国家利益的资料,学生还可在课外组织与这个主题相关的话语活动，运用所学表达进一步搜集有关能源储藏、疆域划分和国家利益等方面的资料。,35,"{""min"": ""G10"", ""max"": ""G12""}",ai-reviewed,[],deterministic-screen-only,not-adjudicated,anchors/gaozhong-德语.jsonl:5
ca_mtZgpPUT,德语,能比较中国和德语国家建筑和市容的风格与布局的异同,篇章类别：采访、游记、科普文章等。这个主题围绕建筑和市容问题展开跨文化比较。基于对相关内容已有的了解，结合新获取的信息，学习有关建筑和市容的表述方式，提高语言信息选择和归纳能力；了解德语国家主要城市的基本情况与各地市容的主要特点，比较中国和德语国家建筑和市容的风格与布局的异同；强调对家乡、对国家的归属感与认同感，培养深入了解家乡历史文化、风土人情的意识，认识家乡的发展与祖国的富强，提高社会责任感与历史使命感，提升文化自信，同时加深对德国文化的认识，培养跨文化意识。,29,"{""min"": ""G10"", ""max"": ""G12""}",ai-reviewed,[],deterministic-screen-only,not-adjudicated,anchors/gaozhong-德语.jsonl:6
ca_gX6fQ7pX,德语,能归纳出水与石的关系及其寓意,篇章类别：民谚、格言等。这个主题以水和石为主线，在课堂上引导学生通过自己生活经历中的饮水、用水、嬉水、观石、赏石和搬石等，来理解简短的德语民谚和格言。学生通过阅读、解释或翻译民谚和格言等短小精悍的篇章，掌握这类篇章的表达形式与特点，了解水、石主题的思想内涵和在中国和德语国家的相关风俗习惯，并能在课堂上讲述应用这些民谚和格言的场景实例，在课外进一步搜集、梳理与水、石主题有关的资料，归纳出水与石的关系及其寓意。,32,"{""min"": ""G10"", ""max"": ""G12""}",disputed,"[""A02""]",deterministic-screen-only,not-adjudicated,anchors/gaozhong-德语.jsonl:7
ca_75Wvz4BJ,德语,能运用所学知识进一步搜集相关资料,篇章类别：科普文章、安全宣传册、叙事文等。这个主题以生命观为主线，在课堂上引导学生通过阅读和讨论了解上述篇章中与生物和生命相关的表达方式、观点态度、历史原因和文化渊源，树立“生命至上、安全第一”的意识。学生还可在课外组织与这个主题相关的话语活动，运用所学知识进一步搜集相关资料。,34,"{""min"": ""G10"", ""max"": ""G12""}",disputed,"[""A02""]",deterministic-screen-only,not-adjudicated,anchors/gaozhong-德语.jsonl:8
ca_RuCNPvKP,德语,能运用相关表达进一步搜集有关民族分布、风俗习惯、战争与和平主题等方面的资料,篇章类别：历史文献、年鉴、叙事文等。这个主题以民族观为主线，在课堂上引导学生通过阅读和讨论了解上述篇章中与民族和历史相关的表达方式、历史沿革、发展前景和观点见解，增强学生的中华民族共同体意识和参与各民族交往交流交融的积极性。学生还可在课外组织与这个主题相关的话语活动，运用相关表达进一步搜集有关民族分布、风俗习惯、战争与和平主题等方面的资料。,35,"{""min"": ""G10"", ""max"": ""G12""}",disputed,"[""A02"", ""A13""]",deterministic-screen-only,not-adjudicated,anchors/gaozhong-德语.jsonl:9
ca_whivPAP9,德语,能运用所学表达进一步搜集有关能源开采与使用及能源危机主题的资料,篇章类别：新闻、年鉴、叙事文等。这个主题以能源观为主线，在课堂上引导学生通过阅读和讨论了解上述篇章中与能源和节能相关的表达方式、人与自然和谐共生的关系、绿色发展方式和生活方式。学生还可在课外组织与这个主题相关的话语活动，运用所学表达进一步搜集有关能源开采与使用及能源危机主题的资料。,35,"{""min"": ""G10"", ""max"": ""G12""}",ai-reviewed,[],deterministic-screen-only,not-adjudicated,anchors/gaozhong-德语.jsonl:10
ca_vUWZtR6C,德语,能学生通过阅读、解释或翻译民谚和格言等短小精悍的篇章,篇章类别：民谚、格言等。这个主题以水和石为主线，在课堂上引导学生通过自己生活经历中的饮水、用水、嬉水、观石、赏石和搬石等，来理解简短的德语民谚和格言。学生通过阅读、解释或翻译民谚和格言等短小精悍的篇章，掌握这类篇章的表达形式与特点，了解水、石主题的思想内涵和在中国和德语国家的相关风俗习惯，并能在课堂上讲述应用这些民谚和格言的场景实例，在课外进一步搜集、梳理与水、石主题有关的资料，归纳出水与石的关系及其寓意。,32,"{""min"": ""G10"", ""max"": ""G12""}",disputed,"[""A02""]",deterministic-screen-only,not-adjudicated,anchors/gaozhong-德语.jsonl:11
ca_beTiFVH8,德语,能同时具有中国情怀，初步具有跨文化比较及运用德语传播中华文化的意识,掌握与德语国家和中国国情以及中华优秀传统文化、革命文化和社会主义先进文化相关的最基本表达，初步了解与必修课程主题内容相关的文化内容，形成初步的跨文化沟通能力；同时具有中国情怀，初步具有跨文化比较及运用德语传播中华文化的意识。,38,"{""min"": ""G10"", ""max"": ""G12""}",disputed,"[""A02"", ""A07""]",deterministic-screen-only,not-adjudicated,anchors/gaozhong-德语.jsonl:12
ca_APY6Pb5x,德语,能复述和转述课本内容，并运用所学德语知识对其进行改编或设计简短的对话,了解简单的德语语言结构，能复述和转述课本内容，并运用所学德语知识对其进行改编或设计简短的对话；能通过比较和翻译途径，借助母语或其他外语知识促进德语基础知识学习；在学习中初步形成多元视角。,38,"{""min"": ""G10"", ""max"": ""G12""}",disputed,"[""A02"", ""A07""]",deterministic-screen-only,not-adjudicated,anchors/gaozhong-德语.jsonl:13
ca_xS9EhE7T,德语,能通过比较和翻译途径,了解简单的德语语言结构，能复述和转述课本内容，并运用所学德语知识对其进行改编或设计简短的对话；能通过比较和翻译途径，借助母语或其他外语知识促进德语基础知识学习；在学习中初步形成多元视角。,38,"{""min"": ""G10"", ""max"": ""G12""}",disputed,"[""A02"", ""A07""]",deterministic-screen-only,not-adjudicated,anchors/gaozhong-德语.jsonl:14
ca_4PTgAyft,德语,能在教师指导下围绕课程主题制作简单的、图文并茂的演示文稿，并作最简单的主题报告,对德语学习产生兴趣和学习热情，乐于在创设的情境中模仿学习，敢于表达；能在教师指导下围绕课程主题制作简单的、图文并茂的演示文稿，并作最简单的主题报告；愿意通过与他人合作的方式进行学习；在学习过程中乐于参与、积极合作、主动请教，初步形成良好的学习习惯。,38,"{""min"": ""G10"", ""max"": ""G12""}",llm-proposed,"[""A03"", ""A07"", ""A11""]",deterministic-screen-only,not-adjudicated,anchors/gaozhong-德语.jsonl:15
ca_q2tunzty,德语,能在简单的模拟情境中，就与必修课程和选修课程主题内容相关的话题，进行简单的交流和沟通,初步掌握德语基本发音规则；能在简单的模拟情境中，就与必修课程和选修课程主题内容相关的话题，进行简单的交流和沟通；能通过阅读或聆听德语篇章了解大意并寻找目标信息，并能自己撰写简单的对话、短文；能较好地掌握所学基础语法现象和词汇内容，将其较正确地运用于口头与书面交际；能围绕某些熟悉的主题开展课内外的话语活动。,39,"{""min"": ""G10"", ""max"": ""G12""}",disputed,"[""A02"", ""A07""]",deterministic-screen-only,not-adjudicated,anchors/gaozhong-德语.jsonl:16
ca_SwiKfGd7,德语,能较好地掌握所学基础语法现象和词汇内容，将其较正确地运用于口头与书面交际,初步掌握德语基本发音规则；能在简单的模拟情境中，就与必修课程和选修课程主题内容相关的话题，进行简单的交流和沟通；能通过阅读或聆听德语篇章了解大意并寻找目标信息，并能自己撰写简单的对话、短文；能较好地掌握所学基础语法现象和词汇内容，将其较正确地运用于口头与书面交际；能围绕某些熟悉的主题开展课内外的话语活动。,39,"{""min"": ""G10"", ""max"": ""G12""}",disputed,"[""A02"", ""A07""]",deterministic-screen-only,not-adjudicated,anchors/gaozhong-德语.jsonl:17
ca_tASgfiJD,德语,能结合母语或其他外语的相关现象分析和归纳一些基本形式,初步了解德语语言结构的一些基本特征，能结合母语或其他外语的相关现象分析和归纳一些基本形式；能运用所学德语知识进行简单的模仿表达；学生在运用德语的过程中能简单描述事件，能提出简单的问题，并在教师指导下，尝试运用多语知识和多元视角寻找解决方案。,39,"{""min"": ""G10"", ""max"": ""G12""}",disputed,"[""A02"", ""A07""]",deterministic-screen-only,not-adjudicated,anchors/gaozhong-德语.jsonl:18
ca_FznkGcG3,德语,能学生在运用德语的过程中能简单描述事件,初步了解德语语言结构的一些基本特征，能结合母语或其他外语的相关现象分析和归纳一些基本形式；能运用所学德语知识进行简单的模仿表达；学生在运用德语的过程中能简单描述事件，能提出简单的问题，并在教师指导下，尝试运用多语知识和多元视角寻找解决方案。,39,"{""min"": ""G10"", ""max"": ""G12""}",disputed,"[""A02"", ""A07""]",deterministic-screen-only,not-adjudicated,anchors/gaozhong-德语.jsonl:19
ca_H9tdhLef,德语,能提出简单的问题，并在教师指导下，尝试运用多语知识和多元视角寻找解决方案,初步了解德语语言结构的一些基本特征，能结合母语或其他外语的相关现象分析和归纳一些基本形式；能运用所学德语知识进行简单的模仿表达；学生在运用德语的过程中能简单描述事件，能提出简单的问题，并在教师指导下，尝试运用多语知识和多元视角寻找解决方案。,39,"{""min"": ""G10"", ""max"": ""G12""}",llm-proposed,"[""A03"", ""A07"", ""A11""]",deterministic-screen-only,not-adjudicated,anchors/gaozhong-德语.jsonl:20
ca_f85wHnZt,德语,能在教师指导下围绕课程主题制作较为复杂的、图文并茂的演示文稿，并以个人或小组课堂报告的形式呈现,对德语学习表现出浓厚的兴趣和较高的学习热情；能在教师指导下围绕课程主题制作较为复杂的、图文并茂的演示文稿，并以个人或小组课堂报告的形式呈现；基本适应以小组合作的方式进行探究和学习；在学习中乐于参与、积极合作、主动请教，形成良好的学习习惯。,39,"{""min"": ""G10"", ""max"": ""G12""}",disputed,"[""A02"", ""A07"", ""A11""]",deterministic-screen-only,not-adjudicated,anchors/gaozhong-德语.jsonl:21
ca_zpFkXTvT,德语,能在较复杂的模拟情境中，就与必修课程和选修课程主题内容相关的话题，进行简单的交流和沟通,较熟练地掌握德语发音规则；能在较复杂的模拟情境中，就与必修课程和选修课程主题内容相关的话题，进行简单的交流和沟通；能浅显地提出自己的观点；能通过阅读或聆听德语篇章找出主要信息，并在教师的指导下撰写简单的实用类篇章；能较好地掌握所学基础语法现象和词汇内容，并将其较正确地运用于口头与书面交际；能围绕某些熟悉的主题开展课内外的话语活动。,39,"{""min"": ""G10"", ""max"": ""G12""}",disputed,"[""A02"", ""A07""]",deterministic-screen-only,not-adjudicated,anchors/gaozhong-德语.jsonl:22
ca_zZMkTPHU,德语,能浅显地提出自己的观点,较熟练地掌握德语发音规则；能在较复杂的模拟情境中，就与必修课程和选修课程主题内容相关的话题，进行简单的交流和沟通；能浅显地提出自己的观点；能通过阅读或聆听德语篇章找出主要信息，并在教师的指导下撰写简单的实用类篇章；能较好地掌握所学基础语法现象和词汇内容，并将其较正确地运用于口头与书面交际；能围绕某些熟悉的主题开展课内外的话语活动。,39,"{""min"": ""G10"", ""max"": ""G12""}",disputed,"[""A02"", ""A07""]",deterministic-screen-only,not-adjudicated,anchors/gaozhong-德语.jsonl:23
ca_3AtMu2FK,德语,能较好地掌握所学基础语法现象和词汇内容，并将其较正确地运用于口头与书面交际,较熟练地掌握德语发音规则；能在较复杂的模拟情境中，就与必修课程和选修课程主题内容相关的话题，进行简单的交流和沟通；能浅显地提出自己的观点；能通过阅读或聆听德语篇章找出主要信息，并在教师的指导下撰写简单的实用类篇章；能较好地掌握所学基础语法现象和词汇内容，并将其较正确地运用于口头与书面交际；能围绕某些熟悉的主题开展课内外的话语活动。,39,"{""min"": ""G10"", ""max"": ""G12""}",disputed,"[""A02"", ""A07""]",deterministic-screen-only,not-adjudicated,anchors/gaozhong-德语.jsonl:24
ca_6E7WGgmq,德语,能同时具有中国情怀，增强文化自信，有初步运用德语传播中华文化的意识,对德语国家国情和风俗习惯等文化知识有基本的了解，具有初步的多元文化意识；同时具有中国情怀，增强文化自信，有初步运用德语传播中华文化的意识，能用德语简单介绍中国国情、中华优秀传统文化、革命文化和社会主义先进文化等内容，具有一定的跨文化沟通能力。,39,"{""min"": ""G10"", ""max"": ""G12""}",disputed,"[""A02"", ""A07""]",deterministic-screen-only,not-adjudicated,anchors/gaozhong-德语.jsonl:25
ca_Uf9fC9rk,德语,能描述事件，表述趋于多样化,在一定程度上熟悉德语语言结构，能结合母语或其他外语的相关现象分析和归纳一些基本形式；能运用所学德语知识进行简单的自由表达；能描述事件，表述趋于多样化；能提出简单的问题，进行简单分析，并在教师指导下，尝试运用多语知识和多元视角寻找解决方案。,40,"{""min"": ""G10"", ""max"": ""G12""}",disputed,"[""A02"", ""A07""]",deterministic-screen-only,not-adjudicated,anchors/gaozhong-德语.jsonl:26
ca_rimrbrpC,德语,能探索一些适合自己的学习方法,对德语学习表现出积极性和自信心，开始总结和反思自己的德语学习方法，能探索一些适合自己的学习方法；能主动参与课堂内外的德语教学活动，并在教师指导下运用多媒体和网络资源开展自主学习；愿意在跨文化沟通中主动实践所学的语言和文化知识；能通过小组合作的方式探究和学习，能围绕主题制作图文并茂、结构清晰的演示文稿，并以个人或小组课堂报告的形式呈现。,40,"{""min"": ""G10"", ""max"": ""G12""}",disputed,"[""A02"", ""A07""]",deterministic-screen-only,not-adjudicated,anchors/gaozhong-德语.jsonl:27
ca_qGw9K5GW,德语,能主动参与课堂内外的德语教学活动，并在教师指导下运用多媒体和网络资源开展自主学习,对德语学习表现出积极性和自信心，开始总结和反思自己的德语学习方法，能探索一些适合自己的学习方法；能主动参与课堂内外的德语教学活动，并在教师指导下运用多媒体和网络资源开展自主学习；愿意在跨文化沟通中主动实践所学的语言和文化知识；能通过小组合作的方式探究和学习，能围绕主题制作图文并茂、结构清晰的演示文稿，并以个人或小组课堂报告的形式呈现。,40,"{""min"": ""G10"", ""max"": ""G12""}",disputed,"[""A02"", ""A07"", ""A11""]",deterministic-screen-only,not-adjudicated,anchors/gaozhong-德语.jsonl:28
ca_cEpgSTgp,德语,能围绕主题制作图文并茂、结构清晰的演示文稿，并以个人或小组课堂报告的形式呈现,对德语学习表现出积极性和自信心，开始总结和反思自己的德语学习方法，能探索一些适合自己的学习方法；能主动参与课堂内外的德语教学活动，并在教师指导下运用多媒体和网络资源开展自主学习；愿意在跨文化沟通中主动实践所学的语言和文化知识；能通过小组合作的方式探究和学习，能围绕主题制作图文并茂、结构清晰的演示文稿，并以个人或小组课堂报告的形式呈现。,40,"{""min"": ""G10"", ""max"": ""G12""}",llm-proposed,"[""A03"", ""A07""]",deterministic-screen-only,not-adjudicated,anchors/gaozhong-德语.jsonl:29
ca_Aq2DiHsK,德语,能在复杂的模拟情境中，就与必修课程和选修课程主题内容相关的话题，进行简单的交流和沟通,较熟练地掌握德语发音规则，语调自如；能在复杂的模拟情境中，就与必修课程和选修课程主题内容相关的话题，进行简单的交流和沟通；能简单地表达自己的观点；能通过阅读或聆听德语篇章找出主要信息，并开始自己撰写简单的实用类和交际类篇章；能较好地掌握所学一般语法现象和词汇内容，并将其较正确地运用于口头与书面交际；能围绕某些熟悉的主题开展课内外的话语活动；能翻译简单的语段。,40,"{""min"": ""G10"", ""max"": ""G12""}",disputed,"[""A02"", ""A07""]",deterministic-screen-only,not-adjudicated,anchors/gaozhong-德语.jsonl:30
ca_XikJi83w,德语,能简单地表达自己的观点,较熟练地掌握德语发音规则，语调自如；能在复杂的模拟情境中，就与必修课程和选修课程主题内容相关的话题，进行简单的交流和沟通；能简单地表达自己的观点；能通过阅读或聆听德语篇章找出主要信息，并开始自己撰写简单的实用类和交际类篇章；能较好地掌握所学一般语法现象和词汇内容，并将其较正确地运用于口头与书面交际；能围绕某些熟悉的主题开展课内外的话语活动；能翻译简单的语段。,40,"{""min"": ""G10"", ""max"": ""G12""}",disputed,"[""A02"", ""A07""]",deterministic-screen-only,not-adjudicated,anchors/gaozhong-德语.jsonl:31
ca_EkWWGSWa,德语,能较好地掌握所学一般语法现象和词汇内容，并将其较正确地运用于口头与书面交际,较熟练地掌握德语发音规则，语调自如；能在复杂的模拟情境中，就与必修课程和选修课程主题内容相关的话题，进行简单的交流和沟通；能简单地表达自己的观点；能通过阅读或聆听德语篇章找出主要信息，并开始自己撰写简单的实用类和交际类篇章；能较好地掌握所学一般语法现象和词汇内容，并将其较正确地运用于口头与书面交际；能围绕某些熟悉的主题开展课内外的话语活动；能翻译简单的语段。,40,"{""min"": ""G10"", ""max"": ""G12""}",disputed,"[""A02"", ""A07""]",deterministic-screen-only,not-adjudicated,anchors/gaozhong-德语.jsonl:32
ca_zDAKVYKb,德语,能翻译简单的语段,较熟练地掌握德语发音规则，语调自如；能在复杂的模拟情境中，就与必修课程和选修课程主题内容相关的话题，进行简单的交流和沟通；能简单地表达自己的观点；能通过阅读或聆听德语篇章找出主要信息，并开始自己撰写简单的实用类和交际类篇章；能较好地掌握所学一般语法现象和词汇内容，并将其较正确地运用于口头与书面交际；能围绕某些熟悉的主题开展课内外的话语活动；能翻译简单的语段。,40,"{""min"": ""G10"", ""max"": ""G12""}",llm-proposed,"[""A03"", ""A07""]",deterministic-screen-only,not-adjudicated,anchors/gaozhong-德语.jsonl:33
ca_iAgtE9rV,德语,能描述事件，并在教师指导下运用多语知识、多元视角和创新思维寻找解决方案,在一定程度上熟悉德语语言结构，能结合母语或其他外语的相关现象分析和归纳一些基本形式；能运用所学德语知识进行语法结构比较正确的创造性语言表达；能描述事件，并在教师指导下运用多语知识、多元视角和创新思维寻找解决方案。,40,"{""min"": ""G10"", ""max"": ""G12""}",disputed,"[""A02"", ""A07"", ""A11""]",deterministic-screen-only,not-adjudicated,anchors/gaozhong-德语.jsonl:34
ca_Tbnuqvzd,德语,能在自主创设的情境中，就与必修课程和选修课程主题内容相关的话题，进行意向性较明确的交流和沟通,熟练地掌握德语发音规则，语调自如；能在自主创设的情境中，就与必修课程和选修课程主题内容相关的话题，进行意向性较明确的交流和沟通；能简单地表达自己的观点；能通过阅读或聆听德语篇章找出主要信息，并能撰写部分简单的实用类和交际类篇章；能较好地掌握所学一般语法现象和词汇内容，并将其较正确地运用于口头与书面交际；能围绕某些熟悉的主题开展课内外的话语活动；能翻译简单的语段。,41,"{""min"": ""G10"", ""max"": ""G12""}",disputed,"[""A02"", ""A07""]",deterministic-screen-only,not-adjudicated,anchors/gaozhong-德语.jsonl:35
ca_YTLK6NyC,德语,能同时具有中国情怀，增强文化自信，有运用德语传播中华文化的意识,对德语国家国情和风俗习惯等文化知识有一定了解，具有一定程度的多元文化意识；同时具有中国情怀，增强文化自信，有运用德语传播中华文化的意识，能用德语介绍中国国情、中华优秀传统文化、革命文化和社会主义先进文化等内容，了解跨文化沟通的一些基本理念，具有一定的跨文化沟通能力。,41,"{""min"": ""G10"", ""max"": ""G12""}",disputed,"[""A02"", ""A07""]",deterministic-screen-only,not-adjudicated,anchors/gaozhong-德语.jsonl:36
ca_s9D7XYds,德语,能在一定程度上熟悉德语语言结构，并能结合母语或其他外语的相关现象分析和归纳一些基本形式,在一定程度上熟悉德语语言结构，并能结合母语或其他外语的相关现象分析和归纳一些基本形式；能运用所学德语知识进行语法结构正确的创造性语言表达；能开始简单地分析问题，并尝试独立运用多语知识、多元视角和创新思维寻找解决方案。,41,"{""min"": ""G10"", ""max"": ""G12""}",disputed,"[""A02"", ""A07""]",deterministic-screen-only,not-adjudicated,anchors/gaozhong-德语.jsonl:37
ca_tSiJziP3,德语,能开始简单地分析问题，并尝试独立运用多语知识、多元视角和创新思维寻找解决方案,在一定程度上熟悉德语语言结构，并能结合母语或其他外语的相关现象分析和归纳一些基本形式；能运用所学德语知识进行语法结构正确的创造性语言表达；能开始简单地分析问题，并尝试独立运用多语知识、多元视角和创新思维寻找解决方案。,41,"{""min"": ""G10"", ""max"": ""G12""}",disputed,"[""A02"", ""A07""]",deterministic-screen-only,not-adjudicated,anchors/gaozhong-德语.jsonl:38
ca_SPUCSahK,德语,能大致理解并复述或概述篇章的主要内容,能基本掌握必修课程和选修课程所学主题的篇章中出现的重点语音、关键词语、重要语法规则和实例，能大致理解并复述或概述篇章的主要内容；能根据有关主题和情境提取重点及特殊信息，并运用所学表达，以书面和口头两种形式基本准确、比较流畅地描述相关场景或过程；能进行简单的日常篇章翻译。,41,"{""min"": ""G10"", ""max"": ""G12""}",llm-proposed,"[""A03"", ""A07""]",deterministic-screen-only,not-adjudicated,anchors/gaozhong-德语.jsonl:39
ca_7uuDqNUh,德语,能从所学篇章中发现和探究与主题有关的文化元素和背景，并找出和说明其中的一些明显异同点,具有一定的跨文化敏感性，能从所学篇章中发现和探究与主题有关的文化元素和背景，并找出和说明其中的一些明显异同点；在多元文化意识的基础上，具有正确的中华文化认同感、文化自信和跨文化理解力，能在跨文化交流中讲好中国故事，展现真实、立体、全面的中国。,41,"{""min"": ""G10"", ""max"": ""G12""}",llm-proposed,"[""A03"", ""A07""]",deterministic-screen-only,not-adjudicated,anchors/gaozhong-德语.jsonl:40
ca_J43zRgqt,德语,能评述必修课程和选修课程所学主题的篇章及有关资料中的主要信息，或提出认为有思考价值的问题,能评述必修课程和选修课程所学主题的篇章及有关资料中的主要信息，或提出认为有思考价值的问题；能运用多语思维、多元视角和具有一定创意的方式设计出符合个人或小组见解和分析的实践性话语活动。,42,"{""min"": ""G10"", ""max"": ""G12""}",disputed,"[""A02"", ""A07""]",deterministic-screen-only,not-adjudicated,anchors/gaozhong-德语.jsonl:41
ca_e5nMn5QR,德语,能运用多语思维、多元视角和具有一定创意的方式设计出符合个人或小组见解和分析的实践性话语活动,能评述必修课程和选修课程所学主题的篇章及有关资料中的主要信息，或提出认为有思考价值的问题；能运用多语思维、多元视角和具有一定创意的方式设计出符合个人或小组见解和分析的实践性话语活动。,42,"{""min"": ""G10"", ""max"": ""G12""}",disputed,"[""A02"", ""A07""]",deterministic-screen-only,not-adjudicated,anchors/gaozhong-德语.jsonl:42
ca_JnbEV7WC,德语,能制作结构清晰的演示文稿，并以多模态、多媒体的信息化形式呈现,能将以上能力和素养付诸实践，如实习、实地调研、参加或组织公益活动等；能在教师指导和建议下，个人独立或小组联合搜集与教学主题相关的资料，如短文、图片、视频，能制作结构清晰的演示文稿，并以多模态、多媒体的信息化形式呈现；以个人或小组课堂报告的形式，介绍研习、设计、体验的过程和收获，最终形成分析和实践相结合的书面或口头报告。,42,"{""min"": ""G10"", ""max"": ""G12""}",disputed,"[""A02"", ""A07""]",deterministic-screen-only,not-adjudicated,anchors/gaozhong-德语.jsonl:43
ca_PUYuvPbm,德语,能整体理解并复述或概述篇章的主要内容,能充分掌握必修课程和选修课程所学主题的篇章中出现的重点语音、关键词语、重要语法规则和篇章结构，能整体理解并复述或概述篇章的主要内容；能根据有关主题和情境提取、解释重点及特殊信息，并运用所学表达，以书面和口头两种形式准确、流畅地描述有关场景或过程的具体细节；能进行简单的日常篇章翻译。,42,"{""min"": ""G10"", ""max"": ""G12""}",llm-proposed,"[""A03"", ""A07""]",deterministic-screen-only,not-adjudicated,anchors/gaozhong-德语.jsonl:44
ca_KCMMvAd6,德语,能说明每一类资料的类别及其与教学单元主题的关系，并总结所搜集资料中的重要信息及其社会背景，也可提出认为有思考价值的问题,能评述必修课程和选修课程所学主题的篇章及其他资料类别中的主要信息，能说明每一类资料的类别及其与教学单元主题的关系，并总结所搜集资料中的重要信息及其社会背景，也可提出认为有思考价值的问题；能发挥多元视角和多语思维能力的优势，有创意地设计出符合个人或小组见解和分析的实践性话语活动。,42,"{""min"": ""G10"", ""max"": ""G12""}",disputed,"[""A02"", ""A07"", ""A11""]",deterministic-screen-only,not-adjudicated,anchors/gaozhong-德语.jsonl:45
ca_TDGFJHyZ,德语,能发挥多元视角和多语思维能力的优势，有创意地设计出符合个人或小组见解和分析的实践性话语活动,能评述必修课程和选修课程所学主题的篇章及其他资料类别中的主要信息，能说明每一类资料的类别及其与教学单元主题的关系，并总结所搜集资料中的重要信息及其社会背景，也可提出认为有思考价值的问题；能发挥多元视角和多语思维能力的优势，有创意地设计出符合个人或小组见解和分析的实践性话语活动。,42,"{""min"": ""G10"", ""max"": ""G12""}",disputed,"[""A02"", ""A07""]",deterministic-screen-only,not-adjudicated,anchors/gaozhong-德语.jsonl:46
ca_upBxhX6X,德语,能翻译与课程内容主题相关的篇章,能充分掌握必修课程和选修课程所学主题的篇章中出现的关键词语、重要语法规则和篇章结构，能整体理解并复述或概述篇章的主要内容；能根据有关主题和情境提取、解释重点及特殊信息，并运用所学表达，以书面和口头两种形式准确、流畅地描述有关场景或过程的具体细节，或用图示和表格构建有关结构和理解；能翻译与课程内容主题相关的篇章。,43,"{""min"": ""G10"", ""max"": ""G12""}",disputed,"[""A02"", ""A07""]",deterministic-screen-only,not-adjudicated,anchors/gaozhong-德语.jsonl:47
ca_ZSgYEYL2,德语,能发挥多元视角和多语思维能力的优势，开始尝试设计符合社会需要的实践性话语活动,能评述必修课程和选修课程所学主题的篇章及其他资料类别中的主要信息，能说明每一类资料的类别及其与教学单元主题的关系，并总结所搜集资料中的重要信息及其社会背景，也可提出认为有思考价值的问题；能发挥多元视角和多语思维能力的优势，开始尝试设计符合社会需要的实践性话语活动。,43,"{""min"": ""G10"", ""max"": ""G12""}",disputed,"[""A02"", ""A07""]",deterministic-screen-only,not-adjudicated,anchors/gaozhong-德语.jsonl:48
ca_JJPWCnrg,德语,能全面理解并复述或概述篇章的主要内容,能充分掌握必修课程和选修课程所学主题的篇章中出现的关键词语、重要语法规则和篇章结构，能全面理解并复述或概述篇章的主要内容；能根据有关主题和情境提取、解释重点及特殊信息；具备构建和使用具体场景进行话语交际的能力，能以书面和口头两种形式准确、流畅、连贯地描述和评价有关场景或过程的具体细节；能翻译与课程内容主题相关的篇章。,43,"{""min"": ""G10"", ""max"": ""G12""}",llm-proposed,"[""A03"", ""A07""]",deterministic-screen-only,not-adjudicated,anchors/gaozhong-德语.jsonl:49
ca_FNyRgGQD,德语,能根据有关主题和情境提取、解释重点及特殊信息,能充分掌握必修课程和选修课程所学主题的篇章中出现的关键词语、重要语法规则和篇章结构，能全面理解并复述或概述篇章的主要内容；能根据有关主题和情境提取、解释重点及特殊信息；具备构建和使用具体场景进行话语交际的能力，能以书面和口头两种形式准确、流畅、连贯地描述和评价有关场景或过程的具体细节；能翻译与课程内容主题相关的篇章。,43,"{""min"": ""G10"", ""max"": ""G12""}",llm-proposed,"[""A03"", ""A07""]",deterministic-screen-only,not-adjudicated,anchors/gaozhong-德语.jsonl:50
ca_yFyGzj4J,德语,能具备构建和使用具体场景进行话语交际的能力,能充分掌握必修课程和选修课程所学主题的篇章中出现的关键词语、重要语法规则和篇章结构，能全面理解并复述或概述篇章的主要内容；能根据有关主题和情境提取、解释重点及特殊信息；具备构建和使用具体场景进行话语交际的能力，能以书面和口头两种形式准确、流畅、连贯地描述和评价有关场景或过程的具体细节；能翻译与课程内容主题相关的篇章。,43,"{""min"": ""G10"", ""max"": ""G12""}",disputed,"[""A02"", ""A07""]",deterministic-screen-only,not-adjudicated,anchors/gaozhong-德语.jsonl:51
ca_fJgvFNVd,德语,能以书面和口头两种形式准确、流畅、连贯地描述和评价有关场景或过程的具体细节,能充分掌握必修课程和选修课程所学主题的篇章中出现的关键词语、重要语法规则和篇章结构，能全面理解并复述或概述篇章的主要内容；能根据有关主题和情境提取、解释重点及特殊信息；具备构建和使用具体场景进行话语交际的能力，能以书面和口头两种形式准确、流畅、连贯地描述和评价有关场景或过程的具体细节；能翻译与课程内容主题相关的篇章。,43,"{""min"": ""G10"", ""max"": ""G12""}",disputed,"[""A02"", ""A07""]",deterministic-screen-only,not-adjudicated,anchors/gaozhong-德语.jsonl:52
ca_34Zum4NF,德语,能设计出基于个人独立见解的实践性话语活动,能评述必修课程和选修课程所学主题的篇章及其他资料类别中的主要信息，能说明每一类资料的类别及其与教学单元主题的关系，并总结所搜集资料中的重要信息及其社会背景，也可提出认为有跨学科思考价值的问题；能发挥多元视角和多语思维能力的优势，围绕所学主题的内容，以解决现实问题为导向，针对具有某种不良结构的观点、言论或现象，设计出基于个人独立见解的实践性话语活动；能与教师合作，共同商定学习和创新并举的研究方案。,44,"{""min"": ""G10"", ""max"": ""G12""}",disputed,"[""A02"", ""A07""]",deterministic-screen-only,not-adjudicated,anchors/gaozhong-德语.jsonl:53
ca_8hjdMQDX,德语,能与教师合作，共同商定学习和创新并举的研究方案,能评述必修课程和选修课程所学主题的篇章及其他资料类别中的主要信息，能说明每一类资料的类别及其与教学单元主题的关系，并总结所搜集资料中的重要信息及其社会背景，也可提出认为有跨学科思考价值的问题；能发挥多元视角和多语思维能力的优势，围绕所学主题的内容，以解决现实问题为导向，针对具有某种不良结构的观点、言论或现象，设计出基于个人独立见解的实践性话语活动；能与教师合作，共同商定学习和创新并举的研究方案。,44,"{""min"": ""G10"", ""max"": ""G12""}",disputed,"[""A02"", ""A07"", ""A11""]",deterministic-screen-only,not-adjudicated,anchors/gaozhong-德语.jsonl:54
ca_XBzWYGrf,德语,能尝试完成一篇聚焦跨学科合作和（或）跨文化沟通的小论文，或研制出一个多模态、多媒体的信息化作品,能在教师的指导下，按照某种理论视角和实践领域的类型，以自主安排的学习方式为主，完成以上活动设计或研究方案；能为自己设计的活动方案落实具体形式、时间、地点和实施步骤；能在实践过程和场所搜集相关资料，其中包括自己动手（参与）完成的部分，然后按照一定标准整理这些资料，制作结构清晰的演示文稿，并以多模态、多媒体的信息化形式呈现；尝试完成一篇聚焦跨学科合作和（或）跨文化沟通的小论文，或研制出一个多模态、多媒体的信息化作品。,44,"{""min"": ""G10"", ""max"": ""G12""}",disputed,"[""A02"", ""A07""]",deterministic-screen-only,not-adjudicated,anchors/gaozhong-德语.jsonl:55
ca_YUWjy9nc,德语,能具备构建和运用具体场景进行话语交际的能力,能充分掌握必修课程和选修课程所学主题的篇章中出现的关键词语、重要语法规则和篇章结构，能全面理解并复述或概述篇章的主要内容，能根据有关主题和情境提取、解释重点及特殊信息；具备构建和运用具体场景进行话语交际的能力，能以书面和口头两种形式准确、流畅、连贯地描述和评价有关场景或过程的具体细节，并用德语讲述中国故事；能翻译主题较为熟悉的篇章。,44,"{""min"": ""G10"", ""max"": ""G12""}",disputed,"[""A02"", ""A07""]",deterministic-screen-only,not-adjudicated,anchors/gaozhong-德语.jsonl:56
ca_ZFCffU6Y,德语,能翻译主题较为熟悉的篇章,能充分掌握必修课程和选修课程所学主题的篇章中出现的关键词语、重要语法规则和篇章结构，能全面理解并复述或概述篇章的主要内容，能根据有关主题和情境提取、解释重点及特殊信息；具备构建和运用具体场景进行话语交际的能力，能以书面和口头两种形式准确、流畅、连贯地描述和评价有关场景或过程的具体细节，并用德语讲述中国故事；能翻译主题较为熟悉的篇章。,44,"{""min"": ""G10"", ""max"": ""G12""}",disputed,"[""A02"", ""A07""]",deterministic-screen-only,not-adjudicated,anchors/gaozhong-德语.jsonl:57
ca_gJzyxcJG,思想政治,能解释我国独立自主的和平外交政策，阐述合作共赢的理念,述世界多极化趋势；解释我国独立自主的和平外交政策，阐述合作共赢的理念，认识构建人类命运共同体的意义。,32,"{""min"": ""G10"", ""max"": ""G12""}",ai-reviewed,"[""A09""]",deterministic-screen-only,not-adjudicated,anchors/gaozhong-思想政治.jsonl:1
ca_Pj3ATPDk,思想政治,能分析世界贸易组织、世界银行、国际货币基金组织在国际经济事务中发挥的作用,4.  国际组织际事务中发挥的作用；分析世界贸易组织、世界银行、国际货币基金组织在国际经济事务中发挥的作用。,33,"{""min"": ""G10"", ""max"": ""G12""}",ai-reviewed,"[""A09""]",deterministic-screen-only,not-adjudicated,anchors/gaozhong-思想政治.jsonl:2
ca_B2mGvkay,思想政治,能说明依法经营的必要性,权保护等基本法律制度，评述市场竞争的基本规则，说明依法经营的必要性。,36,"{""min"": ""G10"", ""max"": ""G12""}",ai-reviewed,[],deterministic-screen-only,not-adjudicated,anchors/gaozhong-思想政治.jsonl:3
ca_Ydt89Tw6,思想政治,能结合具体的判断活动，区分判断的不同类型,运用判断；结合具体的判断活动，区分判断的不同类型。,38,"{""min"": ""G10"", ""max"": ""G12""}",ai-reviewed,[],deterministic-screen-only,not-adjudicated,anchors/gaozhong-思想政治.jsonl:4
ca_7A2bpEtp,思想政治,能解释我国独立自主的和平外交政策,述世界多极化趋势；解释我国独立自主的和平外交政策，阐述合作共赢的理念，认识构建人类命运共同体的意义。,32,"{""min"": ""G10"", ""max"": ""G12""}",ai-reviewed,[],deterministic-screen-only,not-adjudicated,anchors/gaozhong-思想政治.jsonl:6
ca_Me6Vatgk,思想政治,能阐述合作共赢的理念,述世界多极化趋势；解释我国独立自主的和平外交政策，阐述合作共赢的理念，认识构建人类命运共同体的意义。,32,"{""min"": ""G10"", ""max"": ""G12""}",ai-reviewed,[],deterministic-screen-only,not-adjudicated,anchors/gaozhong-思想政治.jsonl:7
ca_9q33DK4n,思想政治,能分析世界贸易组织在国际经济事务中发挥的作用,4.  国际组织际事务中发挥的作用；分析世界贸易组织、世界银行、国际货币基金组织在国际经济事务中发挥的作用。,33,"{""min"": ""G10"", ""max"": ""G12""}",ai-reviewed,[],deterministic-screen-only,not-adjudicated,anchors/gaozhong-思想政治.jsonl:8
ca_aWGzEmgt,思想政治,能分析世界银行在国际经济事务中发挥的作用,4.  国际组织际事务中发挥的作用；分析世界贸易组织、世界银行、国际货币基金组织在国际经济事务中发挥的作用。,33,"{""min"": ""G10"", ""max"": ""G12""}",ai-reviewed,[],deterministic-screen-only,not-adjudicated,anchors/gaozhong-思想政治.jsonl:9
ca_WyPiMbay,思想政治,能分析国际货币基金组织在国际经济事务中发挥的作用,4.  国际组织际事务中发挥的作用；分析世界贸易组织、世界银行、国际货币基金组织在国际经济事务中发挥的作用。,33,"{""min"": ""G10"", ""max"": ""G12""}",ai-reviewed,[],deterministic-screen-only,not-adjudicated,anchors/gaozhong-思想政治.jsonl:10
ca_AwUpq2A4,思想政治,能描述不同社会形态的本质特征,描述不同社会形态的本质特征；解释人类社会发展的一般过程，阐明社会发展的历史进程取决于社会基本矛盾的运动。,19,"{""min"": ""G10"", ""max"": ""G12""}",ai-reviewed,[],deterministic-screen-only,not-adjudicated,anchors/gaozhong-思想政治.jsonl:11
ca_PQpxn9kV,思想政治,能解释人类社会发展的一般过程，阐明社会发展的历史进程取决于社会基本矛盾的运动,描述不同社会形态的本质特征；解释人类社会发展的一般过程，阐明社会发展的历史进程取决于社会基本矛盾的运动。,19,"{""min"": ""G10"", ""max"": ""G12""}",ai-reviewed,[],deterministic-screen-only,not-adjudicated,anchors/gaozhong-思想政治.jsonl:12
ca_mbBW8YQu,思想政治,能论证中国特色社会主义是当代中国发展的根本方向，坚定坚持和发展中国特色社会主义的自信,论证中国特色社会主义是当代中国发展的根本方向，坚定坚持和发展中国特色社会主义的自信。,21,"{""min"": ""G10"", ""max"": ""G12""}",ai-reviewed,[],deterministic-screen-only,not-adjudicated,anchors/gaozhong-思想政治.jsonl:13
ca_nnVvjSfs,思想政治,能解释经济发展方式的转变和供给侧结构性改革，评析经济发展中践行社会责任的实例,阐释以人民为中心的发展思想和创新、协调、绿色、开放、共享的新发展理念，解释经济发展方式的转变和供给侧结构性改革，评析经济发展中践行社会责任的实例。,23,"{""min"": ""G10"", ""max"": ""G12""}",ai-reviewed,[],deterministic-screen-only,not-adjudicated,anchors/gaozhong-思想政治.jsonl:14
ca_6LwBpbV2,思想政治,能解释个人收入分配政策的完善,了解我国个人收入的方式与合法途径，解释个人收入分配政策的完善；评析实现共同富裕、促进社会公平正义的收入分配与社会保障政策 ，列举完善社会保障体系的措施。,23,"{""min"": ""G10"", ""max"": ""G12""}",ai-reviewed,[],deterministic-screen-only,not-adjudicated,anchors/gaozhong-思想政治.jsonl:15
ca_z3nAvCU4,思想政治,能列举完善社会保障体系的措施,了解我国个人收入的方式与合法途径，解释个人收入分配政策的完善；评析实现共同富裕、促进社会公平正义的收入分配与社会保障政策 ，列举完善社会保障体系的措施。,23,"{""min"": ""G10"", ""max"": ""G12""}",disputed,"[""A02""]",deterministic-screen-only,not-adjudicated,anchors/gaozhong-思想政治.jsonl:16
ca_9Lhxejqk,思想政治,能说明没有中国共产党就没有新中国，阐明中国共产党成为执政党的必然性,引述宪法序言 ，说明没有中国共产党就没有新中国，阐明中国共产党成为执政党的必然性。,25,"{""min"": ""G10"", ""max"": ""G12""}",ai-reviewed,[],deterministic-screen-only,not-adjudicated,anchors/gaozhong-思想政治.jsonl:17
ca_AAkES7mg,思想政治,能列举宪法有关人民主体地位的规定,列举宪法有关人民主体地位的规定，说明我国是人民民主专政的社会主义国家，人民代表大会制度是我国的根本政治制度。,26,"{""min"": ""G10"", ""max"": ""G12""}",ai-reviewed,[],deterministic-screen-only,not-adjudicated,anchors/gaozhong-思想政治.jsonl:18
ca_GsJgWzyb,思想政治,能说明我国是人民民主专政的社会主义国家，人民代表大会制度是我国的根本政治制度,列举宪法有关人民主体地位的规定，说明我国是人民民主专政的社会主义国家，人民代表大会制度是我国的根本政治制度。,26,"{""min"": ""G10"", ""max"": ""G12""}",ai-reviewed,[],deterministic-screen-only,not-adjudicated,anchors/gaozhong-思想政治.jsonl:19
ca_VgCCd6wd,思想政治,能解释公民享有宗教信仰自由的含义,阐述民族区域自治制度是符合我国国情的基本政治制度，铸牢中华民族共同体意识；解释公民享有宗教信仰自由的含义。,26,"{""min"": ""G10"", ""max"": ""G12""}",ai-reviewed,[],deterministic-screen-only,not-adjudicated,anchors/gaozhong-思想政治.jsonl:20
ca_qga37Ug5,思想政治,能比较哲学思维与日常思维的异同,比较哲学思维与日常思维的异同；理解哲学是时代精神的精华，阐明马克思主义哲学是科学的世界观和方法论。,29,"{""min"": ""G10"", ""max"": ""G12""}",ai-reviewed,[],deterministic-screen-only,not-adjudicated,anchors/gaozhong-思想政治.jsonl:21
ca_THjLFBCM,思想政治,能理解文化多样性的价值，明确文化交流互鉴的途径和意义,感悟世界文化的多样性，理解文化多样性的价值，明确文化交流互鉴的途径和意义。,31,"{""min"": ""G10"", ""max"": ""G12""}",ai-reviewed,[],deterministic-screen-only,not-adjudicated,anchors/gaozhong-思想政治.jsonl:22
ca_fFSTp7uT,思想政治,能比较不同国家的特点及其发展状况，阐明我国的总体国家安全观,引用实例，比较不同国家的特点及其发展状况，阐明我国的总体国家安全观。,32,"{""min"": ""G10"", ""max"": ""G12""}",disputed,"[""A02""]",deterministic-screen-only,not-adjudicated,anchors/gaozhong-思想政治.jsonl:23
ca_6P2YysXm,思想政治,能描述世界多极化趋势,引述有关资料，全面阐述和平与发展是当今时代的主题，描述世界多极化趋势；解释我国独立自主的和平外交政策，阐述合作共赢的理念，认识构建人类命运共同体的意义。,32,"{""min"": ""G10"", ""max"": ""G12""}",ai-reviewed,[],deterministic-screen-only,not-adjudicated,anchors/gaozhong-思想政治.jsonl:24
ca_VFcAKR9S,思想政治,能描述当代国际经济发展的基本特点和趋势,辨识国际经济中的比较优势，描述当代国际经济发展的基本特点和趋势。,33,"{""min"": ""G10"", ""max"": ""G12""}",ai-reviewed,[],deterministic-screen-only,not-adjudicated,anchors/gaozhong-思想政治.jsonl:25
ca_4iK9KVTb,思想政治,能识别主要的区域性国际组织,识别主要的区域性国际组织，评价区域性国际组织在国际事务中发挥的作用。,33,"{""min"": ""G10"", ""max"": ""G12""}",ai-reviewed,[],deterministic-screen-only,not-adjudicated,anchors/gaozhong-思想政治.jsonl:26
ca_U3fhAJmU,思想政治,能评价区域性国际组织在国际事务中发挥的作用,识别主要的区域性国际组织，评价区域性国际组织在国际事务中发挥的作用。,33,"{""min"": ""G10"", ""max"": ""G12""}",ai-reviewed,[],deterministic-screen-only,not-adjudicated,anchors/gaozhong-思想政治.jsonl:27
ca_JUvS7Y9a,思想政治,能识别我国公民的民事权利和民事责任,了解我国民法的基本原则，识别我国公民的民事权利和民事责任。,35,"{""min"": ""G10"", ""max"": ""G12""}",ai-reviewed,[],deterministic-screen-only,not-adjudicated,anchors/gaozhong-思想政治.jsonl:28
ca_9vx5Cr4C,思想政治,能列举物权法的基本原则和物权的主要类型，懂得维护物权的途径,列举物权法的基本原则和物权的主要类型，懂得维护物权的途径。,35,"{""min"": ""G10"", ""max"": ""G12""}",ai-reviewed,[],deterministic-screen-only,not-adjudicated,anchors/gaozhong-思想政治.jsonl:29
ca_dubMmJe3,思想政治,能解释劳动合同的主要内容，熟悉劳动者依法维权的途径和方式,了解劳动法的基本原则，理解劳动者的权利和义务，解释劳动合同的主要内容，熟悉劳动者依法维权的途径和方式。,36,"{""min"": ""G10"", ""max"": ""G12""}",ai-reviewed,[],deterministic-screen-only,not-adjudicated,anchors/gaozhong-思想政治.jsonl:30
ca_ZjKvx76Z,思想政治,能识别人民调解、行政调解等不同的调解方式，明确调解制度的特点和程序,识别人民调解、行政调解等不同的调解方式，明确调解制度的特点和程序。,36,"{""min"": ""G10"", ""max"": ""G12""}",ai-reviewed,[],deterministic-screen-only,not-adjudicated,anchors/gaozhong-思想政治.jsonl:31
ca_kexveFMX,思想政治,能列举劳动人事争议仲裁、经济仲裁等仲裁形式，明确仲裁制度的特点和程序,列举劳动人事争议仲裁、经济仲裁等仲裁形式，明确仲裁制度的特点和程序。,36,"{""min"": ""G10"", ""max"": ""G12""}",ai-reviewed,[],deterministic-screen-only,not-adjudicated,anchors/gaozhong-思想政治.jsonl:32
ca_3u6e6nDJ,思想政治,能描述常见的思维活动,描述常见的思维活动，体会思维是人所特有的属性，了解思维的基本形态和特征；懂得正确思维的基本条件。,38,"{""min"": ""G10"", ""max"": ""G12""}",ai-reviewed,[],deterministic-screen-only,not-adjudicated,anchors/gaozhong-思想政治.jsonl:33
ca_uW5uCvyq,思想政治,能学会归纳推理、类比推理,了解推理的类型；掌握演绎推理的方法；学会归纳推理、类比推理；评析常见的推理错误。,38,"{""min"": ""G10"", ""max"": ""G12""}",ai-reviewed,[],deterministic-screen-only,not-adjudicated,anchors/gaozhong-思想政治.jsonl:34
ca_D5DHbKqE,思想政治,能理解分析与综合的辩证关系,结合对复杂事物的把握，体会辩证思维的特征；理解分析与综合的辩证关系。,38,"{""min"": ""G10"", ""max"": ""G12""}",ai-reviewed,[],deterministic-screen-only,not-adjudicated,anchors/gaozhong-思想政治.jsonl:35
ca_4LMvjMMz,思想政治,能分析逆向思维的依据和优势,分析逆向思维的依据和优势；发挥正向思维和逆向思维的互补作用。,38,"{""min"": ""G10"", ""max"": ""G12""}",ai-reviewed,[],deterministic-screen-only,not-adjudicated,anchors/gaozhong-思想政治.jsonl:36
ca_ykEGyxJi,思想政治,能把握超前思维的探索性、预测性特点,体会超前思维是对常识局限性的突破和超越；把握超前思维的探索性、预测性特点；了解创造性预测事物发展态势的意义。,39,"{""min"": ""G10"", ""max"": ""G12""}",ai-reviewed,[],deterministic-screen-only,not-adjudicated,anchors/gaozhong-思想政治.jsonl:37
ca_ZKRsg9ac,思想政治,能描述货币形态的变迁,描述货币形态的变迁，了解货币的职能，树立正确的金钱观。,40,"{""min"": ""G10"", ""max"": ""G12""}",ai-reviewed,[],deterministic-screen-only,not-adjudicated,anchors/gaozhong-思想政治.jsonl:38
ca_fximGWgZ,思想政治,能归纳影响个人收入和消费水平的主要因素,归纳影响个人收入和消费水平的主要因素，分析消费结构变迁的主要规律。,40,"{""min"": ""G10"", ""max"": ""G12""}",ai-reviewed,[],deterministic-screen-only,not-adjudicated,anchors/gaozhong-思想政治.jsonl:39
ca_xjW9maNn,思想政治,能分析消费结构变迁的主要规律,归纳影响个人收入和消费水平的主要因素，分析消费结构变迁的主要规律。,40,"{""min"": ""G10"", ""max"": ""G12""}",ai-reviewed,[],deterministic-screen-only,not-adjudicated,anchors/gaozhong-思想政治.jsonl:40
ca_pYxpS8RH,思想政治,能运用实例，描述主要的金融市场，分析它们在我国经济生活中发挥的主要功能,运用实例，描述主要的金融市场，分析它们在我国经济生活中发挥的主要功能。,40,"{""min"": ""G10"", ""max"": ""G12""}",ai-reviewed,[],deterministic-screen-only,not-adjudicated,anchors/gaozhong-思想政治.jsonl:41
ca_HxT8sdia,思想政治,能比较各种常见的投资理财方式,比较各种常见的投资理财方式；探讨投资理财风险的管控与规避，合理确定投资理财组合，树立正确的财富积累观念。,41,"{""min"": ""G10"", ""max"": ""G12""}",ai-reviewed,[],deterministic-screen-only,not-adjudicated,anchors/gaozhong-思想政治.jsonl:42
ca_q6Gk7mAf,思想政治,能列举经验论和唯理论哲学的代表人物和思想观点,列举经验论和唯理论哲学的代表人物和思想观点。,43,"{""min"": ""G10"", ""max"": ""G12""}",ai-reviewed,[],deterministic-screen-only,not-adjudicated,anchors/gaozhong-思想政治.jsonl:43
ca_SV56Mxni,思想政治,能列举十八世纪法国唯物主义的代表人物和思想观点,列举十八世纪法国唯物主义的代表人物和思想观点。,43,"{""min"": ""G10"", ""max"": ""G12""}",ai-reviewed,[],deterministic-screen-only,not-adjudicated,anchors/gaozhong-思想政治.jsonl:44
ca_SUX99YF4,思想政治,能够结合社会实践活动，初步运用中国特色社会主义政治经济学的基本观点，观察和分析经济社会现象,通过本模块的学习，学生能够结合社会实践活动，初步运用中国特色社会主义政治经济学的基本观点，观察和分析经济社会现象；了解社会主义基本经济制度的优越性；理解坚持社会主义市场经济和深化经济体制改革的意义；明确加快建设现代化经济体系的必要性；树立以人民为中心的发展思想；尝试对促进社会公正、实现共同富裕、营造良好社会风尚、完善社会保障的政策提出建议。,24,"{""min"": ""G10"", ""max"": ""G12""}",disputed,"[""A02""]",deterministic-screen-only,not-adjudicated,anchors/gaozhong-思想政治.jsonl:45
ca_jS8Zi8Lt,思想政治,能正确运用科学思维方法观察和理解社会，处理学习和生活中遇到的问题,通过本模块的学习，学生能够经历探究过程，明确科学思维的重要意义；学会遵循逻辑思维的规律；把握辩证思维的方法；提高创新思维的能力；提升自己的思维品质；正确运用科学思维方法观察和理解社会，处理学习和生活中遇到的问题。,39,"{""min"": ""G10"", ""max"": ""G12""}",disputed,"[""A02""]",deterministic-screen-only,not-adjudicated,anchors/gaozhong-思想政治.jsonl:46
ca_X5TYrMer,思想政治,能阐明中国共产党领导的多党合作和政治协商制度是具有中国特色的基本政治制度,阐明中国共产党领导的多党合作和政治协商制度是具有中国特色的基本政治制度。,26,"{""min"": ""G10"", ""max"": ""G12""}",disputed,"[""A02""]",deterministic-screen-only,not-adjudicated,anchors/gaozhong-思想政治.jsonl:47
ca_TqhH3skf,思想政治,能阐明实践是认识的基础，是检验真理的唯一标准,了解人的实践活动的特性和作用，理解社会生活的实践本质；阐明实践是认识的基础，是检验真理的唯一标准；阐述认识运动的辩证发展过程。,29,"{""min"": ""G10"", ""max"": ""G12""}",disputed,"[""A02""]",deterministic-screen-only,not-adjudicated,anchors/gaozhong-思想政治.jsonl:48
ca_Ubf7ZHsX,思想政治,能辨识国际经济中的比较优势,辨识国际经济中的比较优势，描述当代国际经济发展的基本特点和趋势。,33,"{""min"": ""G10"", ""max"": ""G12""}",llm-proposed,"[""A03""]",deterministic-screen-only,not-adjudicated,anchors/gaozhong-思想政治.jsonl:49
ca_EbAyZwpE,思想政治,能概述公民的诉讼权利，熟悉公民获得法律援助的渠道,概述公民的诉讼权利，熟悉公民获得法律援助的渠道。,36,"{""min"": ""G10"", ""max"": ""G12""}",llm-proposed,"[""A03""]",deterministic-screen-only,not-adjudicated,anchors/gaozhong-思想政治.jsonl:50
ca_PnREtFx8,思想政治,能区分抽象思维和形象思维,区分抽象思维和形象思维；掌握科学思维的特点，体悟学会科学思维的意义。,38,"{""min"": ""G10"", ""max"": ""G12""}",disputed,"[""A02""]",deterministic-screen-only,not-adjudicated,anchors/gaozhong-思想政治.jsonl:51
ca_Jj7FF56V,思想政治,能评析常见的推理错误,了解推理的类型；掌握演绎推理的方法；学会归纳推理、类比推理；评析常见的推理错误。,38,"{""min"": ""G10"", ""max"": ""G12""}",llm-proposed,"[""A03""]",deterministic-screen-only,not-adjudicated,anchors/gaozhong-思想政治.jsonl:52
ca_Hu4W4efx,思想政治,能运用实例，描述主要的金融市场,运用实例，描述主要的金融市场，分析它们在我国经济生活中发挥的主要功能。,40,"{""min"": ""G10"", ""max"": ""G12""}",llm-proposed,"[""A03""]",deterministic-screen-only,not-adjudicated,anchors/gaozhong-思想政治.jsonl:53
ca_2XHLhBq4,思想政治,能概括法官对维护司法公正的价值,概括法官对维护司法公正的价值。,41,"{""min"": ""G10"", ""max"": ""G12""}",disputed,"[""A02""]",deterministic-screen-only,not-adjudicated,anchors/gaozhong-思想政治.jsonl:54
ca_HQaDW7f7,思想政治,能评析律师维护社会正义的价值,评析律师维护社会正义的价值。,42,"{""min"": ""G10"", ""max"": ""G12""}",llm-proposed,"[""A03""]",deterministic-screen-only,not-adjudicated,anchors/gaozhong-思想政治.jsonl:55
ca_NaQrfFLt,思想政治,能概述律师民事代理的业务范围，阅读代理词,概述律师民事代理的业务范围，阅读代理词。,42,"{""min"": ""G10"", ""max"": ""G12""}",llm-proposed,"[""A03""]",deterministic-screen-only,not-adjudicated,anchors/gaozhong-思想政治.jsonl:56
ca_geFKnVXk,思想政治,能概述从苏格拉底经柏拉图到亚里士多德的哲学思想发展脉络,概述从苏格拉底经柏拉图到亚里士多德的哲学思想发展脉络。,43,"{""min"": ""G10"", ""max"": ""G12""}",disputed,"[""A02""]",deterministic-screen-only,not-adjudicated,anchors/gaozhong-思想政治.jsonl:57
ca_Qi9fMvJy,思想政治,能引用典型事例，证实选择中国特色社会主义道路的正确性,引用典型事例，证实选择中国特色社会主义道路的正确性；回顾改革开放的发展历程，表明中国特色社会主义理论体系是指导党和人民沿着中国特色社会主义道路实现中华民族伟大复兴的正确理论，习近平新时代中国特色社会主义思想是马克思主义中国化最新成果；引述宪法对我国根本制度的规定，了解社会主义制度的特征；结合典型事例，说明中国共产党是中国特色社会主义事业的领导核心；描绘全面建成小康社会的图景，解释国家富强民主文明和谐美丽的价值目标，表达中国特色社会主义是全国各族人民的共同理想。,44,"{""min"": ""G10"", ""max"": ""G12""}",llm-proposed,"[""A03"", ""A07""]",deterministic-screen-only,not-adjudicated,anchors/gaozhong-思想政治.jsonl:58
ca_yjnvKcwK,思想政治,能结合典型事例，说明中国共产党是中国特色社会主义事业的领导核心,引用典型事例，证实选择中国特色社会主义道路的正确性；回顾改革开放的发展历程，表明中国特色社会主义理论体系是指导党和人民沿着中国特色社会主义道路实现中华民族伟大复兴的正确理论，习近平新时代中国特色社会主义思想是马克思主义中国化最新成果；引述宪法对我国根本制度的规定，了解社会主义制度的特征；结合典型事例，说明中国共产党是中国特色社会主义事业的领导核心；描绘全面建成小康社会的图景，解释国家富强民主文明和谐美丽的价值目标，表达中国特色社会主义是全国各族人民的共同理想。,44,"{""min"": ""G10"", ""max"": ""G12""}",disputed,"[""A02"", ""A07""]",deterministic-screen-only,not-adjudicated,anchors/gaozhong-思想政治.jsonl:59
ca_AupESePS,思想政治,能解释国家富强民主文明和谐美丽的价值目标,引用典型事例，证实选择中国特色社会主义道路的正确性；回顾改革开放的发展历程，表明中国特色社会主义理论体系是指导党和人民沿着中国特色社会主义道路实现中华民族伟大复兴的正确理论，习近平新时代中国特色社会主义思想是马克思主义中国化最新成果；引述宪法对我国根本制度的规定，了解社会主义制度的特征；结合典型事例，说明中国共产党是中国特色社会主义事业的领导核心；描绘全面建成小康社会的图景，解释国家富强民主文明和谐美丽的价值目标，表达中国特色社会主义是全国各族人民的共同理想。,44,"{""min"": ""G10"", ""max"": ""G12""}",llm-proposed,"[""A03"", ""A07""]",deterministic-screen-only,not-adjudicated,anchors/gaozhong-思想政治.jsonl:60
ca_AMFAQpDj,思想政治,能表达中国特色社会主义是全国各族人民的共同理想,引用典型事例，证实选择中国特色社会主义道路的正确性；回顾改革开放的发展历程，表明中国特色社会主义理论体系是指导党和人民沿着中国特色社会主义道路实现中华民族伟大复兴的正确理论，习近平新时代中国特色社会主义思想是马克思主义中国化最新成果；引述宪法对我国根本制度的规定，了解社会主义制度的特征；结合典型事例，说明中国共产党是中国特色社会主义事业的领导核心；描绘全面建成小康社会的图景，解释国家富强民主文明和谐美丽的价值目标，表达中国特色社会主义是全国各族人民的共同理想。,44,"{""min"": ""G10"", ""max"": ""G12""}",llm-proposed,"[""A03"", ""A07""]",deterministic-screen-only,not-adjudicated,anchors/gaozhong-思想政治.jsonl:61
ca_bWjLqJ2P,思想政治,能识别当前各种文化现象,依据马克思主义哲学基本原理，观察并解释经济、政治、文化、社会和生态等现象，阐释创新、协调、绿色、开放、共享的新发展理念；运用相关学科的方法，表述相关体制运行的意义，在实践中识别决策目标和主要限制性条件，确认合理的选择方案；面对各种矛盾争端，把握个人在社会生活中的角色，评价既遵守规范、遵循程序，又不盲从、敢于质疑的行为；识别当前各种文化现象，理解存在于区域、民族和国家间的文化差异，表明认同中华文化、尊重域外文化、选择先进文化的态度。,45,"{""min"": ""G10"", ""max"": ""G12""}",disputed,"[""A02"", ""A07""]",deterministic-screen-only,not-adjudicated,anchors/gaozhong-思想政治.jsonl:62
ca_XgkfeBDL,思想政治,能讲述法治使国家更强大的典型事例，表明法治是先进的国家治理方式,讲述法治使国家更强大的典型事例，表明法治是先进的国家治理方式；列举科学立法、严格执法、公正司法、全民守法的事例，描绘社会主义法治国家的图景；列举实例，说明任何组织或者个人都没有超越宪法和法律的特权；秉持自由、平等、公正、法治的价值取向，解释公民依法行使权利、依法履行义务的行为；引用自身的经验，推荐依法办事、依法维权、依法解决纠纷的案例，表明法治让社会更和谐。,45,"{""min"": ""G10"", ""max"": ""G12""}",disputed,"[""A02"", ""A07""]",deterministic-screen-only,not-adjudicated,anchors/gaozhong-思想政治.jsonl:63
ca_Pz3Hc7DM,思想政治,能说明任何组织或者个人都没有超越宪法和法律的特权,讲述法治使国家更强大的典型事例，表明法治是先进的国家治理方式；列举科学立法、严格执法、公正司法、全民守法的事例，描绘社会主义法治国家的图景；列举实例，说明任何组织或者个人都没有超越宪法和法律的特权；秉持自由、平等、公正、法治的价值取向，解释公民依法行使权利、依法履行义务的行为；引用自身的经验，推荐依法办事、依法维权、依法解决纠纷的案例，表明法治让社会更和谐。,45,"{""min"": ""G10"", ""max"": ""G12""}",llm-proposed,"[""A03"", ""A07""]",deterministic-screen-only,not-adjudicated,anchors/gaozhong-思想政治.jsonl:64
ca_dUWBWFtm,思想政治,能解释公民依法行使权利、依法履行义务的行为,讲述法治使国家更强大的典型事例，表明法治是先进的国家治理方式；列举科学立法、严格执法、公正司法、全民守法的事例，描绘社会主义法治国家的图景；列举实例，说明任何组织或者个人都没有超越宪法和法律的特权；秉持自由、平等、公正、法治的价值取向，解释公民依法行使权利、依法履行义务的行为；引用自身的经验，推荐依法办事、依法维权、依法解决纠纷的案例，表明法治让社会更和谐。,45,"{""min"": ""G10"", ""max"": ""G12""}",llm-proposed,"[""A03"", ""A07""]",deterministic-screen-only,not-adjudicated,anchors/gaozhong-思想政治.jsonl:65
ca_r5iZdXDb,思想政治,能解释公民参与民主决策、民主管理、民主监督的必要条件和重要意义,引用主流媒体的报道，确认公民参与国家立法、政府决策、社会治理、公共服务的途径、方式和规则；引用经过核实的报道，解释公民参与民主决策、民主管理、民主监督的必要条件和重要意义；阐述爱国、敬业、诚信、友善的价值准则，表明参加公益活动、践行公共道德的积极态度；结合各层面、各领域公民参与的情境，表明公共参与是体现人民主体地位的应有之义。,45,"{""min"": ""G10"", ""max"": ""G12""}",disputed,"[""A02"", ""A07""]",deterministic-screen-only,not-adjudicated,anchors/gaozhong-思想政治.jsonl:66
ca_u3KDXDaF,思想政治,能结合各层面、各领域公民参与的情境，表明公共参与是体现人民主体地位的应有之义,引用主流媒体的报道，确认公民参与国家立法、政府决策、社会治理、公共服务的途径、方式和规则；引用经过核实的报道，解释公民参与民主决策、民主管理、民主监督的必要条件和重要意义；阐述爱国、敬业、诚信、友善的价值准则，表明参加公益活动、践行公共道德的积极态度；结合各层面、各领域公民参与的情境，表明公共参与是体现人民主体地位的应有之义。,45,"{""min"": ""G10"", ""max"": ""G12""}",disputed,"[""A02"", ""A07""]",deterministic-screen-only,not-adjudicated,anchors/gaozhong-思想政治.jsonl:67
ca_B37YVppB,思想政治,能归纳中国特色社会主义政治制度、经济制度的特点和优点,通过对中国近现代史的回顾，依循历史逻辑证实走中国特色社会主义道路是历史和人民的选择；叙述马克思主义“一脉相承、与时俱进”的发展，明确习近平新时代中国特色社会主义思想是对马克思列宁主义、毛泽东思想、邓小平理论、 “三个代表”重要思想、科学发展观的继承和发展，是马克思主义中国化最新成果；分析具体事例，归纳中国特色社会主义政治制度、经济制度的特点和优点；运用具体事例，展示中国共产党依法执政的方式，说明加强和改善党的领导的意义；结合为实现中华民族伟大复兴中国梦而奋斗的历程，解释社会主义核心价值观是中国特色社会主义道路、理论、制度和文化的价值表达。,45,"{""min"": ""G10"", ""max"": ""G12""}",disputed,"[""A02"", ""A07""]",deterministic-screen-only,not-adjudicated,anchors/gaozhong-思想政治.jsonl:68
ca_ybRtFzSy,思想政治,能辨析继承中华优秀传统文化、不同文化交流互鉴、践行与传播先进文化的行为,运用辩证唯物主义基本观点和方法，回应当前经济、政治、文化、社会和生态文明建设中的突出问题，并对相关信息或推理进行检验和评价；运用相关学科的方法，在实践中反思各领域既有政策和体制、机制方面的限制性条件，解放思想，评估其对国家和社会发展的影响；关注当前热点问题和事件，科学论证选择方案，既表达担当社会责任的态度，又表现促进社会和谐的智慧；辨析继承中华优秀传统文化、不同文化交流互鉴、践行与传播先进文化的行为，表达文化创新的意义，揭示事物的文化价值以及各种文化现象背后的重要影响因素。,45,"{""min"": ""G10"", ""max"": ""G12""}",disputed,"[""A02"", ""A07""]",deterministic-screen-only,not-adjudicated,anchors/gaozhong-思想政治.jsonl:69
ca_QMZcfJ9f,思想政治,能表达文化创新的意义，揭示事物的文化价值以及各种文化现象背后的重要影响因素,运用辩证唯物主义基本观点和方法，回应当前经济、政治、文化、社会和生态文明建设中的突出问题，并对相关信息或推理进行检验和评价；运用相关学科的方法，在实践中反思各领域既有政策和体制、机制方面的限制性条件，解放思想，评估其对国家和社会发展的影响；关注当前热点问题和事件，科学论证选择方案，既表达担当社会责任的态度，又表现促进社会和谐的智慧；辨析继承中华优秀传统文化、不同文化交流互鉴、践行与传播先进文化的行为，表达文化创新的意义，揭示事物的文化价值以及各种文化现象背后的重要影响因素。,45,"{""min"": ""G10"", ""max"": ""G12""}",disputed,"[""A02"", ""A07""]",deterministic-screen-only,not-adjudicated,anchors/gaozhong-思想政治.jsonl:70
ca_rDNe9C8t,思想政治,能描述法治国家、法治政府、法治社会的基本表征,描述法治国家、法治政府、法治社会的基本表征，说明依法治国是党领导人民治理国家的基本方式；归纳违法犯罪的主要种类及其成因，阐明宪法法律至上、法律面前人人平等的法治理念；剖析实例，比较不同的涉法行为，预测其后果，阐释权利与义务的关系；联系依法治理的实际，证实依法办事、依法维权、依法解决纠纷的好处，表达法治让生活更美好的感悟。,46,"{""min"": ""G10"", ""max"": ""G12""}",llm-proposed,"[""A03"", ""A07""]",deterministic-screen-only,not-adjudicated,anchors/gaozhong-思想政治.jsonl:71
ca_hUz85MMK,思想政治,能说明依法治国是党领导人民治理国家的基本方式,描述法治国家、法治政府、法治社会的基本表征，说明依法治国是党领导人民治理国家的基本方式；归纳违法犯罪的主要种类及其成因，阐明宪法法律至上、法律面前人人平等的法治理念；剖析实例，比较不同的涉法行为，预测其后果，阐释权利与义务的关系；联系依法治理的实际，证实依法办事、依法维权、依法解决纠纷的好处，表达法治让生活更美好的感悟。,46,"{""min"": ""G10"", ""max"": ""G12""}",llm-proposed,"[""A03"", ""A07""]",deterministic-screen-only,not-adjudicated,anchors/gaozhong-思想政治.jsonl:72
ca_HLSbRFru,思想政治,能归纳违法犯罪的主要种类及其成因，阐明宪法法律至上、法律面前人人平等的法治理念,描述法治国家、法治政府、法治社会的基本表征，说明依法治国是党领导人民治理国家的基本方式；归纳违法犯罪的主要种类及其成因，阐明宪法法律至上、法律面前人人平等的法治理念；剖析实例，比较不同的涉法行为，预测其后果，阐释权利与义务的关系；联系依法治理的实际，证实依法办事、依法维权、依法解决纠纷的好处，表达法治让生活更美好的感悟。,46,"{""min"": ""G10"", ""max"": ""G12""}",disputed,"[""A02"", ""A07""]",deterministic-screen-only,not-adjudicated,anchors/gaozhong-思想政治.jsonl:73
ca_85TxmGGL,思想政治,能比较不同的涉法行为，预测其后果，阐释权利与义务的关系,描述法治国家、法治政府、法治社会的基本表征，说明依法治国是党领导人民治理国家的基本方式；归纳违法犯罪的主要种类及其成因，阐明宪法法律至上、法律面前人人平等的法治理念；剖析实例，比较不同的涉法行为，预测其后果，阐释权利与义务的关系；联系依法治理的实际，证实依法办事、依法维权、依法解决纠纷的好处，表达法治让生活更美好的感悟。,46,"{""min"": ""G10"", ""max"": ""G12""}",disputed,"[""A02"", ""A07""]",deterministic-screen-only,not-adjudicated,anchors/gaozhong-思想政治.jsonl:74
ca_EPy8MEqs,思想政治,能表达法治让生活更美好的感悟,描述法治国家、法治政府、法治社会的基本表征，说明依法治国是党领导人民治理国家的基本方式；归纳违法犯罪的主要种类及其成因，阐明宪法法律至上、法律面前人人平等的法治理念；剖析实例，比较不同的涉法行为，预测其后果，阐释权利与义务的关系；联系依法治理的实际，证实依法办事、依法维权、依法解决纠纷的好处，表达法治让生活更美好的感悟。,46,"{""min"": ""G10"", ""max"": ""G12""}",disputed,"[""A02"", ""A07""]",deterministic-screen-only,not-adjudicated,anchors/gaozhong-思想政治.jsonl:75
ca_KrHb4ner,思想政治,能表达参与公益事业的幸福感和成就感,举例说明各领域、各层级公共机构与公民生活的关系，并表达对这些机构的工作方式和规则的期望；针对人们当前关注的公共事务，评议政府履行职责的行为；解释基层群众自治的价值，阐述公民有序参与、直接行使民主权利的意义；分享公共参与的体验，表达参与公益事业的幸福感和成就感；评析公共参与的实例，展现我国人民的主人翁意识和社会责任感。,46,"{""min"": ""G10"", ""max"": ""G12""}",disputed,"[""A02"", ""A07""]",deterministic-screen-only,not-adjudicated,anchors/gaozhong-思想政治.jsonl:76
ca_Jx7rFcZz,思想政治,能选择恰当论据，在全球视野中比较各国发展道路,选择恰当论据，在全球视野中比较各国发展道路，论证只有中国特色社会主义才能发展中国；结合改革开放的实践，阐述习近平新时代中国特色社会主义思想的精神实质；对照西方主要国家的政治制度，阐述人民代表大会制度的组织和活动原则，说明绝不能照搬西方政治制度模式的道理；阐明党的执政理念和全面从严治党的意志，阐述中国共产党永远保持先进性和纯洁性的意义；论证社会主义核心价值观既体现了社会主义本质要求，继承了中华优秀传统文化，也吸收了世界文明有益成果，体现了时代精神。,46,"{""min"": ""G10"", ""max"": ""G12""}",llm-proposed,"[""A03"", ""A07""]",deterministic-screen-only,not-adjudicated,anchors/gaozhong-思想政治.jsonl:77
ca_mXsyDH8w,思想政治,能论证只有中国特色社会主义才能发展中国,选择恰当论据，在全球视野中比较各国发展道路，论证只有中国特色社会主义才能发展中国；结合改革开放的实践，阐述习近平新时代中国特色社会主义思想的精神实质；对照西方主要国家的政治制度，阐述人民代表大会制度的组织和活动原则，说明绝不能照搬西方政治制度模式的道理；阐明党的执政理念和全面从严治党的意志，阐述中国共产党永远保持先进性和纯洁性的意义；论证社会主义核心价值观既体现了社会主义本质要求，继承了中华优秀传统文化，也吸收了世界文明有益成果，体现了时代精神。,46,"{""min"": ""G10"", ""max"": ""G12""}",disputed,"[""A02"", ""A07""]",deterministic-screen-only,not-adjudicated,anchors/gaozhong-思想政治.jsonl:78
ca_ZX6ZzB9T,思想政治,能说明绝不能照搬西方政治制度模式的道理,选择恰当论据，在全球视野中比较各国发展道路，论证只有中国特色社会主义才能发展中国；结合改革开放的实践，阐述习近平新时代中国特色社会主义思想的精神实质；对照西方主要国家的政治制度，阐述人民代表大会制度的组织和活动原则，说明绝不能照搬西方政治制度模式的道理；阐明党的执政理念和全面从严治党的意志，阐述中国共产党永远保持先进性和纯洁性的意义；论证社会主义核心价值观既体现了社会主义本质要求，继承了中华优秀传统文化，也吸收了世界文明有益成果，体现了时代精神。,46,"{""min"": ""G10"", ""max"": ""G12""}",llm-proposed,"[""A03"", ""A07""]",deterministic-screen-only,not-adjudicated,anchors/gaozhong-思想政治.jsonl:79
ca_u8jEKKDB,思想政治,能运用相关学科原理辨识各种选择方案，预测未来发展的走向，作出恰当的研判,运用历史唯物主义基本观点和方法，阐释社会发展的基本规律和趋势，用历史思维评价不同信息和观点，辨明事实真伪；针对经济、政治、社会活动中的重要议题，运用相关学科原理辨识各种选择方案，预测未来发展的走向，作出恰当的研判；针对生活实践中各种不确定的具体问题，用矛盾分析的方法权衡利弊，作出正确的价值判断和行为选择；在积极开展国际文化交往的过程中，对如何继承中华优秀传统文化和革命文化、发展中国特色社会主义文化等议题，发表持之有故、言之成理的见解，并提出可行的建议。,46,"{""min"": ""G10"", ""max"": ""G12""}",disputed,"[""A02"", ""A07""]",deterministic-screen-only,not-adjudicated,anchors/gaozhong-思想政治.jsonl:80
ca_x453v5pN,思想政治,能剖析公共机构制定公共政策的实例，阐释公民有序参与不同领域、不同层级公共事务的意义和价值,剖析公共机构制定公共政策的实例，阐释公民有序参与不同领域、不同层级公共事务的意义和价值；列举公共利益与私人利益发生矛盾的实例，阐述协商民主的意义和价值，评估合理解决矛盾的方案；列举不同情境下的各种冷漠表现和议论，剖析导致冷漠的思想根源，彰显践行公共道德的勇气；抨击漠视、损害公共利益的行为，表达公共参与的强烈意愿，提出率先垂范的行动方案。,47,"{""min"": ""G10"", ""max"": ""G12""}",disputed,"[""A02"", ""A07""]",deterministic-screen-only,not-adjudicated,anchors/gaozhong-思想政治.jsonl:81
ca_mAkdQfxY,思想政治,能列举公共利益与私人利益发生矛盾的实例，阐述协商民主的意义和价值，评估合理解决矛盾的方案,剖析公共机构制定公共政策的实例，阐释公民有序参与不同领域、不同层级公共事务的意义和价值；列举公共利益与私人利益发生矛盾的实例，阐述协商民主的意义和价值，评估合理解决矛盾的方案；列举不同情境下的各种冷漠表现和议论，剖析导致冷漠的思想根源，彰显践行公共道德的勇气；抨击漠视、损害公共利益的行为，表达公共参与的强烈意愿，提出率先垂范的行动方案。,47,"{""min"": ""G10"", ""max"": ""G12""}",disputed,"[""A02"", ""A07""]",deterministic-screen-only,not-adjudicated,anchors/gaozhong-思想政治.jsonl:82
ca_NSUHEvsP,思想政治,能列举不同情境下的各种冷漠表现和议论，剖析导致冷漠的思想根源，彰显践行公共道德的勇气,剖析公共机构制定公共政策的实例，阐释公民有序参与不同领域、不同层级公共事务的意义和价值；列举公共利益与私人利益发生矛盾的实例，阐述协商民主的意义和价值，评估合理解决矛盾的方案；列举不同情境下的各种冷漠表现和议论，剖析导致冷漠的思想根源，彰显践行公共道德的勇气；抨击漠视、损害公共利益的行为，表达公共参与的强烈意愿，提出率先垂范的行动方案。,47,"{""min"": ""G10"", ""max"": ""G12""}",disputed,"[""A02"", ""A07""]",deterministic-screen-only,not-adjudicated,anchors/gaozhong-思想政治.jsonl:83
ca_ksJkLSVL,思想政治,能表达公共参与的强烈意愿，提出率先垂范的行动方案,剖析公共机构制定公共政策的实例，阐释公民有序参与不同领域、不同层级公共事务的意义和价值；列举公共利益与私人利益发生矛盾的实例，阐述协商民主的意义和价值，评估合理解决矛盾的方案；列举不同情境下的各种冷漠表现和议论，剖析导致冷漠的思想根源，彰显践行公共道德的勇气；抨击漠视、损害公共利益的行为，表达公共参与的强烈意愿，提出率先垂范的行动方案。,47,"{""min"": ""G10"", ""max"": ""G12""}",disputed,"[""A02"", ""A07""]",deterministic-screen-only,not-adjudicated,anchors/gaozhong-思想政治.jsonl:84
ca_5JVFpm32,思想政治,能表达坚守本色、保持特色、锐意进取的意志,综合运用各种论据，辨析各种错误思潮，有创见地批驳封闭僵化或改旗易帜的主张，阐明走中国特色社会主义道路的坚定信念；阐述习近平新时代中国特色社会主义思想的丰富内涵，表达坚守本色、保持特色、锐意进取的意志；跟进全面深化改革的进程，论证坚持中国特色社会主义制度不动摇的理由；引用全面从严治党的各种数据，评析中国共产党领导全国各族人民长期奋斗、不忘初心、继续前进的业绩；论证中国特色社会主义文化源自于中华优秀传统文化，熔铸于革命文化和社会主义先进文化，植根于中国特色社会主义伟大实践，阐明道路自信、理论自信、制度自信都是文化自信的表现。,47,"{""min"": ""G10"", ""max"": ""G12""}",llm-proposed,"[""A03"", ""A07""]",deterministic-screen-only,not-adjudicated,anchors/gaozhong-思想政治.jsonl:85
ca_2N9Gqgm7,思想政治,能论证坚持中国特色社会主义制度不动摇的理由,综合运用各种论据，辨析各种错误思潮，有创见地批驳封闭僵化或改旗易帜的主张，阐明走中国特色社会主义道路的坚定信念；阐述习近平新时代中国特色社会主义思想的丰富内涵，表达坚守本色、保持特色、锐意进取的意志；跟进全面深化改革的进程，论证坚持中国特色社会主义制度不动摇的理由；引用全面从严治党的各种数据，评析中国共产党领导全国各族人民长期奋斗、不忘初心、继续前进的业绩；论证中国特色社会主义文化源自于中华优秀传统文化，熔铸于革命文化和社会主义先进文化，植根于中国特色社会主义伟大实践，阐明道路自信、理论自信、制度自信都是文化自信的表现。,47,"{""min"": ""G10"", ""max"": ""G12""}",llm-proposed,"[""A03"", ""A07""]",deterministic-screen-only,not-adjudicated,anchors/gaozhong-思想政治.jsonl:86
ca_HLsGRcyg,思想政治,能论证尊崇宪法和法律在治国理政中的作用和价值,反思历史经验，立足于发展中国特色社会主义的实践，阐释全面依法治国对推进国家治理体系和治理能力现代化的意义；选用立法、执法、司法和守法中体现法律面前人人平等的实例，阐述运用法治思维的意义，论证尊崇宪法和法律在治国理政中的作用和价值；了解生活中主要民事法律规范，列举解决纠纷的有效途径和方式，论证依法行使权利、依法履行义务、依法办事的意义；描绘法治中国的蓝图，阐述法治信仰的价值，提出维护公平正义和法律尊严的行动方案。,47,"{""min"": ""G10"", ""max"": ""G12""}",llm-proposed,"[""A03"", ""A07""]",deterministic-screen-only,not-adjudicated,anchors/gaozhong-思想政治.jsonl:87
ca_xJTeMpXW,思想政治,能列举解决纠纷的有效途径和方式,反思历史经验，立足于发展中国特色社会主义的实践，阐释全面依法治国对推进国家治理体系和治理能力现代化的意义；选用立法、执法、司法和守法中体现法律面前人人平等的实例，阐述运用法治思维的意义，论证尊崇宪法和法律在治国理政中的作用和价值；了解生活中主要民事法律规范，列举解决纠纷的有效途径和方式，论证依法行使权利、依法履行义务、依法办事的意义；描绘法治中国的蓝图，阐述法治信仰的价值，提出维护公平正义和法律尊严的行动方案。,47,"{""min"": ""G10"", ""max"": ""G12""}",llm-proposed,"[""A03"", ""A07""]",deterministic-screen-only,not-adjudicated,anchors/gaozhong-思想政治.jsonl:88
ca_MLtyKMW9,思想政治,能描绘法治中国的蓝图，阐述法治信仰的价值，提出维护公平正义和法律尊严的行动方案,反思历史经验，立足于发展中国特色社会主义的实践，阐释全面依法治国对推进国家治理体系和治理能力现代化的意义；选用立法、执法、司法和守法中体现法律面前人人平等的实例，阐述运用法治思维的意义，论证尊崇宪法和法律在治国理政中的作用和价值；了解生活中主要民事法律规范，列举解决纠纷的有效途径和方式，论证依法行使权利、依法履行义务、依法办事的意义；描绘法治中国的蓝图，阐述法治信仰的价值，提出维护公平正义和法律尊严的行动方案。,47,"{""min"": ""G10"", ""max"": ""G12""}",llm-proposed,"[""A03"", ""A07""]",deterministic-screen-only,not-adjudicated,anchors/gaozhong-思想政治.jsonl:89
ca_stEyX3AB,思想政治,能论证公共参与是人民当家作主的必然表现和重要标志，是当代中国公民责任担当的宝贵品格和关键能力,评析各种指向公共机构的质疑，解释公民在公共参与过程中与各领域、各层级公共机构的互动关系，系统归纳参与国家立法、政府决策、社会治理的途径和方式；列举不同群体间利益冲突的实例，揭示其历史和现实根源，并提出管控冲突、化解矛盾的方法；评述有序政治参与的过程，既解释公民行使权利、履行义务的意义，又强调人民主体地位的保障；全面阐述公共参与对公民直接行使民主权利的意义，论证公共参与是人民当家作主的必然表现和重要标志，是当代中国公民责任担当的宝贵品格和关键能力。,48,"{""min"": ""G10"", ""max"": ""G12""}",disputed,"[""A02"", ""A07""]",deterministic-screen-only,not-adjudicated,anchors/gaozhong-思想政治.jsonl:90
ca_anashh7U,数学,能识别给定集合的子集,集合的基本关系理解集合之间包含与相等的含义 ，能识别给定集合的子集 。,23,"{""min"": ""G10"", ""max"": ""G12""}",ai-reviewed,[],deterministic-screen-only,not-adjudicated,anchors/gaozhong-数学.jsonl:1
ca_5fCx8Y3a,数学,能用基本不等式解决简单的最大值或最小值问题,基本不等式掌握基本不等式 槡犪 犫≤犪＋犫2 （犪，犫≥0） 。结合具体实例 ，能用6 1基本不等式解决简单的最大值或最小值问题 。4 .从函数观点看一元二次方程和一元二次不等式用函数理解方程和不等式是数学的基本思想方法 。本单元的学习，可以帮助学生用一元二次函数认识一元二次方程和一元二次不等式。通过梳理初中数学的相关内容 ，理解函数 、方程和不等式之间的联系，体会数学的整体性 。内容包括：从函数观点看一元二次方程 、从函数观点看一元二次不等式。,24,"{""min"": ""G10"", ""max"": ""G12""}",ai-reviewed,[],deterministic-screen-only,not-adjudicated,anchors/gaozhong-数学.jsonl:2
ca_rWAMueVh,数学,能判断一元二次方程实根的存在性及实根的个数,从函数观点看一元二次方程会结合一元二次函数的图象 ，判断一元二次方程实根的存在性及实根的个数，了解函数的零点与方程根的关系 。,25,"{""min"": ""G10"", ""max"": ""G12""}",ai-reviewed,[],deterministic-screen-only,not-adjudicated,anchors/gaozhong-数学.jsonl:3
ca_upr9t2Ck,数学,能借助一元二次函数求解一元二次不等式 ，并能用集合表示一元二次不等式的解集,从函数观点看一元二次不等式①经历从实际情境中抽象出一元二次不等式的过程 ，了解一元二次不等式的现实意义 。能借助一元二次函数求解一元二次不等式 ，并能用集合表示一元二次不等式的解集 。②借助一元二次函数的图象 ，了解一元二次不等式与相应函数 、方程的联系 （参见案例1） 。,25,"{""min"": ""G10"", ""max"": ""G12""}",ai-reviewed,"[""A09""]",deterministic-screen-only,not-adjudicated,anchors/gaozhong-数学.jsonl:4
ca_NMJd6Muy,数学,能利用函数构建模型 ，解决问题,1 .函数概念与性质本单元的学习 ，可以帮助学生建立完整的函数概念 ，不仅把函数理解为刻画变量之间依赖关系的数学语言和工具 ，也把函数理解为实数集合之间的对应关系 ；能用代数运算和函数图象揭示函数的主要性质；在现实问题中，能利用函数构建模型 ，解决问题。,27,"{""min"": ""G10"", ""max"": ""G12""}",ai-reviewed,[],deterministic-screen-only,not-adjudicated,anchors/gaozhong-数学.jsonl:5
ca_9cd64r5L,数学,会根据不同的需要选择恰当的方法 （如图象法、列表法、解析法）表示函数,函数概念①在初中用变量之间的依赖关系描述函数的基础上 ，用集合语言和对应关系刻画函数 ，建立完整的函数概念 （参见案例 2） ，体会集合语言和对应关系在刻画函数概念中的作用 。了解构成函数的要素，能求简单函数的定义域 。②在实际情境中 ，会根据不同的需要选择恰当的方法 （如图象法、列表法、解析法）表示函数，理解函数图象的作用 。③通过具体实例，了解简单的分段函数 ，并能简单应用。,27,"{""min"": ""G10"", ""max"": ""G12""}",ai-reviewed,[],deterministic-screen-only,not-adjudicated,anchors/gaozhong-数学.jsonl:6
ca_Mg7hXjv8,数学,会用符号语言表达函数的单调性 、最大值 、最小值,函数性质①借助函数图象 ，会用符号语言表达函数的单调性 、最大值 、最小值，理解它们的作用和实际意义 。②结合具体函数，了解奇偶性的概念和几何意义 。③结合三角函数，了解周期性的概念和几何意义 。9 1/G3A/G25/G26/G27/G3B/G3C［1］标有的内容为选学内容 ，不作为考试要求 。,27,"{""min"": ""G10"", ""max"": ""G12""}",ai-reviewed,"[""A09""]",deterministic-screen-only,not-adjudicated,anchors/gaozhong-数学.jsonl:7
ca_xP66Q3eW,数学,能利用三角函数构建数学模型 ，解决实际问题,利用三角函数构建数学模型 ，解决实际问题。,28,"{""min"": ""G10"", ""max"": ""G12""}",ai-reviewed,[],deterministic-screen-only,not-adjudicated,anchors/gaozhong-数学.jsonl:8
ca_cZNCFHH3,数学,能画出这些三角函数的图象,三角函数概念和性质①借助单位圆理解三角函数 （正弦、余弦、正切 ）的定义 ，能画出这些三角函数的图象 ，了解三角函数的周期性 、单调性 、奇偶性、最大 （小）值。借助单位圆的对称性 ，利用定义推导出诱导公式 （α±π2，α±π的正弦、余弦、正切） 。②借助图象理解正弦函数 、余弦函数在 ［0，2π］上，正切函数在（－π2，π2）上的性质。1 2/G3A/G25/G26/G27/G3B/G3C③结合具体实例 ，了解狔＝犃s i n（ω狓＋φ）的实际意义 ；能借助图象理解 参 数ω，φ，犃 的 意 义，了 解 参 数 的 变 化 对 函 数 图 象 的影响。,29,"{""min"": ""G10"", ""max"": ""G12""}",ai-reviewed,[],deterministic-screen-only,not-adjudicated,anchors/gaozhong-数学.jsonl:9
ca_SUi66jrG,数学,能运用模型思想发现和提出问题 、分析和解决问题,三角函数应用会用三角函数解决简单的实际问题 ，体会可以利用三角函数构建刻画事物周期变化的数学模型 （参见案例4） 。4 .函数应用函数应用不仅体现在用函数解决数学问题 ，更重要的是用函数解决实际问题 。本单元的学习 ，可以帮助学生掌握运用函数性质求方程近似解的基本方法 （二分法 ） ；理解用函数构建数学模型的基本过程；运用模型思想发现和提出问题 、分析和解决问题 。内容包括：二分法与求方程近似解 、函数与数学模型 。,30,"{""min"": ""G10"", ""max"": ""G12""}",ai-reviewed,[],deterministic-screen-only,not-adjudicated,anchors/gaozhong-数学.jsonl:10
ca_cHUDqLuL,数学,能借助计算工具用二分法求方程近似解,二分法与求方程近似解①结合学过的函数图象 ，了解函数零点与方程解的关系 。②结合具体连续函数及其图象的特点 ，了解函数零点存在定理 ，探索用二分法求方程近似解的思路并会画程序框图 ，能借助计算工2 2具用二分法求方程近似解 ，了解用二分法求方程近似解具有一般性 。,30,"{""min"": ""G10"", ""max"": ""G12""}",ai-reviewed,[],deterministic-screen-only,not-adjudicated,anchors/gaozhong-数学.jsonl:11
ca_8APpmP2c,数学,会选择合适的函数类型刻画现实问题的变化规律,函数与数学模型①理解函数模型是描述客观世界中变量关系和规律的重要数学语言和工具。在实际情境中 ，会选择合适的函数类型刻画现实问题的变化规律。②结合现实情境中的具体问题 ，利用计算工具 ，比较对数函数 、一元一次函数、指数函数增长速度的差异 ，理解 “对数增长 ”“直线上升”“指数爆炸”等术语的现实含义 。③收集、阅读一些现实生活、生产实际或者经济领域中的数学模型，体会人们是如何借助函数刻画实际问题的 ，感悟数学模型中参数的现实意义。,31,"{""min"": ""G10"", ""max"": ""G12""}",ai-reviewed,[],deterministic-screen-only,not-adjudicated,anchors/gaozhong-数学.jsonl:12
ca_nBJtiSmx,数学,能比较对数函数 、一元一次函数、指数函数增长速度的差异,函数与数学模型①理解函数模型是描述客观世界中变量关系和规律的重要数学语言和工具。在实际情境中 ，会选择合适的函数类型刻画现实问题的变化规律。②结合现实情境中的具体问题 ，利用计算工具 ，比较对数函数 、一元一次函数、指数函数增长速度的差异 ，理解 “对数增长 ”“直线上升”“指数爆炸”等术语的现实含义 。③收集、阅读一些现实生活、生产实际或者经济领域中的数学模型，体会人们是如何借助函数刻画实际问题的 ，感悟数学模型中参数的现实意义。,31,"{""min"": ""G10"", ""max"": ""G12""}",ai-reviewed,"[""A09""]",deterministic-screen-only,not-adjudicated,anchors/gaozhong-数学.jsonl:13
ca_9QYLicS7,数学,能用向量语言 、方法表述和解决现实生活 、数学和物理中的问题,1 .平面向量及其应用向量理论具有深刻的数学内涵 、丰富的物理背景 。向量既是代数研究对象，也是几何研究对象 ，是沟通几何与代数的桥梁 。向量是描述直线、曲线、平面、曲面以及高维空间数学问题的基本工具 ，是进一步学习和研究其他数学领域问题的基础 ，在解决实际问题中发挥重要作用 。本单元的学习 ，可以帮助学生理解平面向量的几何意义和代数意义 ；掌握平面向量的概念 、运算、向量基本定理以及向量的应用；用向量语言 、方法表述和解决现实生活 、数学和物理中的问题。,33,"{""min"": ""G10"", ""max"": ""G12""}",ai-reviewed,"[""A09""]",deterministic-screen-only,not-adjudicated,anchors/gaozhong-数学.jsonl:14
ca_xhWegj3A,数学,会计算平面向量的数量积,向量运算①借助实例和平面向量的几何表示 ，掌握平面向量加 、减运算及运算规则，理解其几何意义 。②通过实例分析 ，掌握平面向量数乘运算及运算规则 ，理解其几何意义。理解两个平面向量共线的含义 。③了解平面向量的线性运算性质及其几何意义 。④通过物理中功等实例 ，理解平面向量数量积的概念及其物理意义，会计算平面向量的数量积 。⑤通过几何直观 ，了解平面向量投影的概念以及投影向量的意义 （参见案例9） 。⑥会用数量积判断两个平面向量的垂直关系 。,34,"{""min"": ""G10"", ""max"": ""G12""}",ai-reviewed,[],deterministic-screen-only,not-adjudicated,anchors/gaozhong-数学.jsonl:15
ca_5vjTCnv4,数学,会表示两个平面向量的夹角,向量基本定理及坐标表示①理解平面向量基本定理及其意义 。②借助平面直角坐标系 ，掌握平面向量的正交分解及坐标表示 。③会用坐标表示平面向量的加 、减运算与数乘运算 。④能用 坐 标 表 示 平 面 向 量 的 数 量 积，会 表 示 两 个 平 面 向 量 的夹角。⑤能用坐标表示平面向量共线 、垂直的条件。,34,"{""min"": ""G10"", ""max"": ""G12""}",ai-reviewed,[],deterministic-screen-only,not-adjudicated,anchors/gaozhong-数学.jsonl:16
ca_6zDt3ii2,数学,能掌握复数的表示 、运算及其几何意义,向量应用与解三角形①会用向量方法解决简单的平面几何问题 、力学问题以及其他实际问题，体会向量在解决数学和实际问题中的作用 。②借助向量的运算 ，探索三角形边长与角度的关系 ，掌握余弦定理、正弦定理。③能用余弦定理、正弦定理解决简单的实际问题 。2 .复数复数是一类重要的运算对象 ，有广泛的应用 。本单元的学习 ，可以帮助学生通过方程求解 ，理解引入复数的必要性 ，了解数系的6 2扩充，掌握复数的表示 、运算及其几何意义 。内容包括：复数的概念、复数的运算、复数的三角表示 。,34,"{""min"": ""G10"", ""max"": ""G12""}",ai-reviewed,[],deterministic-screen-only,not-adjudicated,anchors/gaozhong-数学.jsonl:18
ca_Prr4XaFi,数学,能了解以下基本事实[1] 和定理,基本图形位置关系①借助长方体，在直观认识空间点 、直线、平面的位置关系的基础上，抽象出空间点 、直线、平面的位置关系的定义 ，了解以下基本事实［1］  和定理。,36,"{""min"": ""G10"", ""max"": ""G12""}",ai-reviewed,[],deterministic-screen-only,not-adjudicated,anchors/gaozhong-数学.jsonl:19
ca_qMvyKyKm,数学,能归纳出以下性质定理 ，并加以证明,②从上述定义和基本事实出发 ，借助长方体 ，通过直观感知 ，了解空间中直线与直线 、直线与平面 、平面与平面的平行和垂直的关系，归纳出以下性质定理 ，并加以证明。,36,"{""min"": ""G10"", ""max"": ""G12""}",ai-reviewed,[],deterministic-screen-only,not-adjudicated,anchors/gaozhong-数学.jsonl:20
ca_YwuNByYy,数学,能了解空间中直线与直线 、直线与平面 、平面与平面的平行和垂直的8 2[1]基本事实1~4也称公理,③从上述定义和基本事实出发 ，借助长方体 ，通过直观感知 ，了解空间中直线与直线 、直线与平面 、平面与平面的平行和垂直的8 2［1］基本事实1～4也称公理。,36,"{""min"": ""G10"", ""max"": ""G12""}",ai-reviewed,[],deterministic-screen-only,not-adjudicated,anchors/gaozhong-数学.jsonl:21
ca_GavFfv9G,数学,能归纳出以下判定定理,关系，归纳出以下判定定理 。,36,"{""min"": ""G10"", ""max"": ""G12""}",ai-reviewed,[],deterministic-screen-only,not-adjudicated,anchors/gaozhong-数学.jsonl:22
ca_gaUfR85Z,数学,能计算古典概型中简单随机事件的概率,随机事件与概率①结合具体实例 ，理解样本点和有限样本空间的含义 ，理解随机事件与样本点的关系 （参见案例1 2） 。了解随机事件的并 、交与互斥的含义，能结合实例进行随机事件的并 、交运算。②结合具体实例 ，理解古典概型 ，能计算古典概型中简单随机事件的概率。③通过实例，理解概率的性质 ，掌握随机事件概率的运算法则 。④结合实例，会用频率估计概率 。,39,"{""min"": ""G10"", ""max"": ""G12""}",ai-reviewed,[],deterministic-screen-only,not-adjudicated,anchors/gaozhong-数学.jsonl:23
ca_seHzPzaQ,数学,能结合古典概型，利用独立性计算概率,随机事件的独立性结合有限样本空间 ，了解两个随机事件独立性的含义 。结合古典概型，利用独立性计算概率 。2 统计本单元的学习 ，可以帮助学生进一步学习数据收集和整理的方法、数据直观图表的表示方法 、数据统计特征的刻画方法 ；通过具体实例，感悟在实际生活中进行科学决策的必要性和可能性 ；体会统计思维与确定性思维的差异 、归纳推断与演绎证明的差异 ；通过1 3/G3A/G25/G26/G27/G3B/G3C实际操作、计算机模拟等活动 ，积累数据分析的经验 。内容包括：获取数据的基本途径及相关概念 、抽样、统计图表 、用样本估计总体 。,39,"{""min"": ""G10"", ""max"": ""G12""}",ai-reviewed,[],deterministic-screen-only,not-adjudicated,anchors/gaozhong-数学.jsonl:24
ca_yxrepRwC,数学,会计算样本均值和样本方差,抽样①简单随机抽样通过实例，了解简单随机抽样的含义及其解决问题的过程 ，掌握两种简单随机抽样方法 ：抽签法和随机数法 。会计算样本均值和样本方差，了解样本与总体的关系 。②分层随机抽样通过实例，了解分层随机抽样的特点和适用范围 ，了解分层随机抽样的必要性 ，掌握各层样本量比例分配的方法 。结合具体实例 ，掌握分层随机抽样的样本均值和样本方差 （参见案例1 3） 。③抽样方法的选择在简单的实际情境中 ，能根据实际问题的特点 ，设计恰当的抽样方法解决问题 。,40,"{""min"": ""G10"", ""max"": ""G12""}",ai-reviewed,[],deterministic-screen-only,not-adjudicated,anchors/gaozhong-数学.jsonl:26
ca_tLa2GcRH,数学,能设计恰当的抽样方法解决问题,抽样①简单随机抽样通过实例，了解简单随机抽样的含义及其解决问题的过程 ，掌握两种简单随机抽样方法 ：抽签法和随机数法 。会计算样本均值和样本方差，了解样本与总体的关系 。②分层随机抽样通过实例，了解分层随机抽样的特点和适用范围 ，了解分层随机抽样的必要性 ，掌握各层样本量比例分配的方法 。结合具体实例 ，掌握分层随机抽样的样本均值和样本方差 （参见案例1 3） 。③抽样方法的选择在简单的实际情境中 ，能根据实际问题的特点 ，设计恰当的抽样方法解决问题 。,40,"{""min"": ""G10"", ""max"": ""G12""}",ai-reviewed,[],deterministic-screen-only,not-adjudicated,anchors/gaozhong-数学.jsonl:27
ca_7dqYxEPA,数学,能运用等差数列 、等比数列解决简单的实际问题和数学问题,7 3/G3A/G25/G26/G27/G3B/G3C1.数列本单元的学习 ，可以帮助学生通过对日常生活中实际问题的分析，了解数列的概念 ；探索并掌握等差数列和等比数列的变化规律 ，建立通项公式和前 狀 项和公式 ；能运用等差数列 、等比数列解决简单的实际问题和数学问题 ，感受数学模型的现实意义与应用 ；了解等差数列与一元一次函数 、等比数列与指数函数的联系 ，感受数列与函数的共性与差异 ，体会数学的整体性 。,45,"{""min"": ""G10"", ""max"": ""G12""}",ai-reviewed,"[""A09""]",deterministic-screen-only,not-adjudicated,anchors/gaozhong-数学.jsonl:29
ca_AXSgdKDq,数学,能了解数列是一种特殊函数,数列概念通过日常生 活 和 数 学 中 的 实 例，了 解 数 列 的 概 念 和 表 示 方 法（列表、图象、通项公式） ，了解数列是一种特殊函数 。,46,"{""min"": ""G10"", ""max"": ""G12""}",ai-reviewed,[],deterministic-screen-only,not-adjudicated,anchors/gaozhong-数学.jsonl:30
ca_nBeLs6Rt,数学,能用数学归纳法证明数列中的一些简单命题,数学归纳法了解数学归纳法的原理 ，能用数学归纳法证明数列中的一些简单命题。8 3,46,"{""min"": ""G10"", ""max"": ""G12""}",ai-reviewed,[],deterministic-screen-only,not-adjudicated,anchors/gaozhong-数学.jsonl:31
ca_QQU97tUC,数学,能运用导数研究函数的性质 ，并解决一些实际问题,一元函数导数及其应用本单元的学习 ，可以帮助学生通过丰富的实际背景理解导数的概念，掌握导数的基本运算 ，运用导数研究函数的性质 ，并解决一些实际问题。内容包括：导数概念及其意义 、导数运算 、导数在研究函数中的应用、微积分的创立与发展 。,47,"{""min"": ""G10"", ""max"": ""G12""}",ai-reviewed,[],deterministic-screen-only,not-adjudicated,anchors/gaozhong-数学.jsonl:32
ca_k8QXQYzW,数学,能运用向量的方法研究空间基本图形的位置关系和度量关系,1 .空间向量与立体几何本单元的学习 ，可以帮助学生在学习平面向量的基础上 ，利用类比的方法理解空间向量的概念 、运算、基本定理和应用 ，体会平面向量和空间向量的共性和差异 ；运用向量的方法研究空间基本图形的位置关系和度量关系 ，体会向量方法和综合几何方法的共性和差异；运用向量方法解决简单的数学问题和实际问题 ，感悟向量是研究几何问题的有效工具 。,50,"{""min"": ""G10"", ""max"": ""G12""}",ai-reviewed,"[""A09""]",deterministic-screen-only,not-adjudicated,anchors/gaozhong-数学.jsonl:33
ca_yDseq5YK,数学,能运用向量方法解决简单的数学问题和实际问题 ，感悟向量是研究几何问题的有效工具,1 .空间向量与立体几何本单元的学习 ，可以帮助学生在学习平面向量的基础上 ，利用类比的方法理解空间向量的概念 、运算、基本定理和应用 ，体会平面向量和空间向量的共性和差异 ；运用向量的方法研究空间基本图形的位置关系和度量关系 ，体会向量方法和综合几何方法的共性和差异；运用向量方法解决简单的数学问题和实际问题 ，感悟向量是研究几何问题的有效工具 。,50,"{""min"": ""G10"", ""max"": ""G12""}",ai-reviewed,[],deterministic-screen-only,not-adjudicated,anchors/gaozhong-数学.jsonl:34
ca_7piKRU9K,数学,能运用代数方法进一步认识圆锥曲线的性质以及它们的位置关系,运用代数方法进一步认识圆锥曲线的性质以及它们的位置关系 ；,50,"{""min"": ""G10"", ""max"": ""G12""}",ai-reviewed,[],deterministic-screen-only,not-adjudicated,anchors/gaozhong-数学.jsonl:35
ca_s6g9tvUJ,数学,能掌握过两点的直线斜率的计算公式,直线与方程①在平面直角坐标系中 ，结合具体图形 ，探索确定直线位置的几何要素。②理解直线的倾斜角和斜率的概念 ，经历用代数方法刻画直线斜率的过程，掌握过两点的直线斜率的计算公式 。③能根据斜率判定两条直线平行或垂直 。④根据确定直线位置的几何要素 ，探索并掌握直线方程的几种形式 （点斜式、两点式及一般式 ） 。⑤能用解方程组的方法求两条直线的交点坐标 。⑥探索并掌握平面上两点间的距离公式 、点到直线的距离公式 ，3 4/G3A/G25/G26/G27/G3B/G3C会求两条平行直线间的距离 。,51,"{""min"": ""G10"", ""max"": ""G12""}",ai-reviewed,[],deterministic-screen-only,not-adjudicated,anchors/gaozhong-数学.jsonl:37
ca_NsGyU4hS,数学,能判断直线与圆 、圆与圆的位置关系,圆与方程①回顾确定圆的几何要素 ，在平面直角坐标系中 ，探索并掌握圆的标准方程与一般方程 。②能根据给定直线 、圆的方程 ，判断直线与圆 、圆与圆的位置关系。③能用直线和圆的方程解决一些简单的数学问题与实际问题 。,52,"{""min"": ""G10"", ""max"": ""G12""}",ai-reviewed,"[""A09""]",deterministic-screen-only,not-adjudicated,anchors/gaozhong-数学.jsonl:38
ca_98dKpV9V,数学,能运用计数原理探索排列 、组合、二项式定理等问题,1 .计数原理分类加法计数原理和分步乘法计数原理是解决计数问题的基础 ，称为基本计数原理 。本单元的学习 ，可以帮助学生理解两个基本计数原理，运用计数原理探索排列 、组合、二项式定理等问题 。,54,"{""min"": ""G10"", ""max"": ""G12""}",ai-reviewed,"[""A09""]",deterministic-screen-only,not-adjudicated,anchors/gaozhong-数学.jsonl:39
ca_ZfKJMjJm,数学,会用二项式定理解决与二项展开式有关的简单问题,二项式定理能用多项式运算法则和计数原理证明二项式定理 （参见案例 1 7，1 8） ，会用二项式定理解决与二项展开式有关的简单问题 。2 .概率本单元的学习 ，可以帮助学生了解条件概率及其与独立性的关系，能进行简单计算 ；感悟离散型随机变量及其分布列的含义 ，知道可以通过随机变量更好地刻画随机现象 ；理解伯努利试验 ，掌握二项分布，了解超几何分布 ；感悟服从正态分布的随机变量 ，知道连续型随机变量 ；基于随机变量及其分布解决简单的实际问题 。内容包括：随机事件的条件概率 、离散型随机变量及其分布列 、正态分布。,55,"{""min"": ""G10"", ""max"": ""G12""}",ai-reviewed,[],deterministic-screen-only,not-adjudicated,anchors/gaozhong-数学.jsonl:40
ca_S4rMstq4,数学,能计算简单随机事件的条件概率,随机事件的条件概率①结合古典概型 ，了解条件概率 ，能计算简单随机事件的条件概率。②结合古典概型，了解条件概率与独立性的关系 。③结合古典概型，会利用乘法公式计算概率 。④结合古典概型 ，会利用全概率公式计算概率 。了解贝叶斯公式。,55,"{""min"": ""G10"", ""max"": ""G12""}",ai-reviewed,[],deterministic-screen-only,not-adjudicated,anchors/gaozhong-数学.jsonl:41
ca_TGe8uMWy,数学,能了解一元线性回归模型和 2 × 2列联表,正态分布①通过误差模型 ，了解服从正态分布的随机变量 。通过具体实7 4/G3A/G25/G26/G27/G3B/G3C例，借助频率直方图的几何直观 ，了解正态分布的特征 。②了解正态分布的均值 、方差及其含义。3 .统计本单元的学习 ，可以帮助学生了解样本相关系数的统计含义 ，了解一元线性回归模型和 2 × 2列联表，运用这些方法解决简单的实际问题。会利用统计软件进行数据分析 。内容包括：成对数据的统计相关性 、一元线性回归模型 、2×2列联表。,55,"{""min"": ""G10"", ""max"": ""G12""}",ai-reviewed,[],deterministic-screen-only,not-adjudicated,anchors/gaozhong-数学.jsonl:42
ca_FvHaV7QE,数学,会通过相关系数比较多组成对数据的相关性,成对数据的统计相关性①结合实例，了解样本相关系数的统计含义 ，了解样本相关系数与标准化数据向量夹角的关系 。②结合实例，会通过相关系数比较多组成对数据的相关性 。,56,"{""min"": ""G10"", ""max"": ""G12""}",ai-reviewed,[],deterministic-screen-only,not-adjudicated,anchors/gaozhong-数学.jsonl:43
ca_MdWPMvLS,数学,会使用相关的统计软件,一元线性回归模型①结合具体实例 ，了解一元线性回归模型的含义 ，了解模型参数的统计意义 ，了解最小二乘原理 ，掌握一元线性回归模型参数的最小二乘估计方法 ，会使用相关的统计软件 。②针对实际问题，会用一元线性回归模型进行预测 。,56,"{""min"": ""G10"", ""max"": ""G12""}",ai-reviewed,[],deterministic-screen-only,not-adjudicated,anchors/gaozhong-数学.jsonl:44
ca_P4aKdKyG,数学,能够在熟悉的数学情境中了解运算对象 ，提出运算问题,能够在熟悉的情境中 ，直接抽象出数学概念和规则 ；能够用归纳或类比的方法 ，发现数量或图形的性质 、数量关系或图形关系，形成简单 的 数 学 命 题；能 够 抽 象 出 实 物 的 几 何 图 形，建立简单图形与实物之间的联系 ，体会图形与图形 、图形与数量的关系；了解随机现象及简单的概率或统计问题 ；了解熟悉的数学模型的实际背景及其数学描述 ，了解数学模型中的参数 、结论的实际含义 ；能够在熟悉的数学情境中了解运算对象 ，提出运算问题。,83,"{""min"": ""G10"", ""max"": ""G12""}",disputed,"[""A02"", ""A07""]",deterministic-screen-only,not-adjudicated,anchors/gaozhong-数学.jsonl:45
ca_nmFxUNG3,数学,能够在熟悉的数学情境中，解释数学概念和规则的含义,能够在熟 悉 的 数 学 情 境 中，解 释 数 学 概 念 和 规 则 的 含 义，了解数学命题的条件与结论之间的逻辑关系 ，抽象出数学问题 ；能够通过熟悉的例子理解归纳推理 、类比推理和演绎推理的基本形式，识别归纳推理 、类比推理 、演绎推理 ；掌握一些基本命题与定理的证明 ，并有条理地表述论证过程 ；能够借助图形的性质和变换 （平移、对称、旋转 ）发现数学规律 ；能够描述简单图形的位置关系和度量关系及其特有性质 ；能够了解运算法则及其适用范围 ，正确进行运算 ；能够根据问题的特征形成合适的运算思路 ；能够对熟悉的概率问题 ，选择合适的概率模型；能够对熟悉的 统 计 问 题，选 择 合 适 的 抽 样 方 法 收 集 数 据，掌握描述 、刻画、分析数据的基本统计方法 ；能够解决简单的数学应用问题 ；知道数学建模的过程包括 ：提出问题 、建立模型、求解模型 、检验结果 、完善模型 ；能够在熟悉的实际情境中，模仿学过的数学建模过程解决问题 。,83,"{""min"": ""G10"", ""max"": ""G12""}",disputed,"[""A02"", ""A07""]",deterministic-screen-only,not-adjudicated,anchors/gaozhong-数学.jsonl:46
ca_5x3ngecL,数学,能够通过熟悉的例子理解归纳推理 、类比推理和演绎推理的基本形式,能够在熟 悉 的 数 学 情 境 中，解 释 数 学 概 念 和 规 则 的 含 义，了解数学命题的条件与结论之间的逻辑关系 ，抽象出数学问题 ；能够通过熟悉的例子理解归纳推理 、类比推理和演绎推理的基本形式，识别归纳推理 、类比推理 、演绎推理 ；掌握一些基本命题与定理的证明 ，并有条理地表述论证过程 ；能够借助图形的性质和变换 （平移、对称、旋转 ）发现数学规律 ；能够描述简单图形的位置关系和度量关系及其特有性质 ；能够了解运算法则及其适用范围 ，正确进行运算 ；能够根据问题的特征形成合适的运算思路 ；能够对熟悉的概率问题 ，选择合适的概率模型；能够对熟悉的 统 计 问 题，选 择 合 适 的 抽 样 方 法 收 集 数 据，掌握描述 、刻画、分析数据的基本统计方法 ；能够解决简单的数学应用问题 ；知道数学建模的过程包括 ：提出问题 、建立模型、求解模型 、检验结果 、完善模型 ；能够在熟悉的实际情境中，模仿学过的数学建模过程解决问题 。,83,"{""min"": ""G10"", ""max"": ""G12""}",disputed,"[""A02"", ""A07""]",deterministic-screen-only,not-adjudicated,anchors/gaozhong-数学.jsonl:47
ca_DvLzCAmG,数学,能识别归纳推理 、类比推理 、演绎推理,能够在熟 悉 的 数 学 情 境 中，解 释 数 学 概 念 和 规 则 的 含 义，了解数学命题的条件与结论之间的逻辑关系 ，抽象出数学问题 ；能够通过熟悉的例子理解归纳推理 、类比推理和演绎推理的基本形式，识别归纳推理 、类比推理 、演绎推理 ；掌握一些基本命题与定理的证明 ，并有条理地表述论证过程 ；能够借助图形的性质和变换 （平移、对称、旋转 ）发现数学规律 ；能够描述简单图形的位置关系和度量关系及其特有性质 ；能够了解运算法则及其适用范围 ，正确进行运算 ；能够根据问题的特征形成合适的运算思路 ；能够对熟悉的概率问题 ，选择合适的概率模型；能够对熟悉的 统 计 问 题，选 择 合 适 的 抽 样 方 法 收 集 数 据，掌握描述 、刻画、分析数据的基本统计方法 ；能够解决简单的数学应用问题 ；知道数学建模的过程包括 ：提出问题 、建立模型、求解模型 、检验结果 、完善模型 ；能够在熟悉的实际情境中，模仿学过的数学建模过程解决问题 。,83,"{""min"": ""G10"", ""max"": ""G12""}",llm-proposed,"[""A03"", ""A07""]",deterministic-screen-only,not-adjudicated,anchors/gaozhong-数学.jsonl:48
ca_ZyfrXATV,数学,能掌握一些基本命题与定理的证明 ，并有条理地表述论证过程,能够在熟 悉 的 数 学 情 境 中，解 释 数 学 概 念 和 规 则 的 含 义，了解数学命题的条件与结论之间的逻辑关系 ，抽象出数学问题 ；能够通过熟悉的例子理解归纳推理 、类比推理和演绎推理的基本形式，识别归纳推理 、类比推理 、演绎推理 ；掌握一些基本命题与定理的证明 ，并有条理地表述论证过程 ；能够借助图形的性质和变换 （平移、对称、旋转 ）发现数学规律 ；能够描述简单图形的位置关系和度量关系及其特有性质 ；能够了解运算法则及其适用范围 ，正确进行运算 ；能够根据问题的特征形成合适的运算思路 ；能够对熟悉的概率问题 ，选择合适的概率模型；能够对熟悉的 统 计 问 题，选 择 合 适 的 抽 样 方 法 收 集 数 据，掌握描述 、刻画、分析数据的基本统计方法 ；能够解决简单的数学应用问题 ；知道数学建模的过程包括 ：提出问题 、建立模型、求解模型 、检验结果 、完善模型 ；能够在熟悉的实际情境中，模仿学过的数学建模过程解决问题 。,83,"{""min"": ""G10"", ""max"": ""G12""}",disputed,"[""A02"", ""A07""]",deterministic-screen-only,not-adjudicated,anchors/gaozhong-数学.jsonl:49
ca_R3LuxG4T,数学,能够描述简单图形的位置关系和度量关系及其特有性质,能够在熟 悉 的 数 学 情 境 中，解 释 数 学 概 念 和 规 则 的 含 义，了解数学命题的条件与结论之间的逻辑关系 ，抽象出数学问题 ；能够通过熟悉的例子理解归纳推理 、类比推理和演绎推理的基本形式，识别归纳推理 、类比推理 、演绎推理 ；掌握一些基本命题与定理的证明 ，并有条理地表述论证过程 ；能够借助图形的性质和变换 （平移、对称、旋转 ）发现数学规律 ；能够描述简单图形的位置关系和度量关系及其特有性质 ；能够了解运算法则及其适用范围 ，正确进行运算 ；能够根据问题的特征形成合适的运算思路 ；能够对熟悉的概率问题 ，选择合适的概率模型；能够对熟悉的 统 计 问 题，选 择 合 适 的 抽 样 方 法 收 集 数 据，掌握描述 、刻画、分析数据的基本统计方法 ；能够解决简单的数学应用问题 ；知道数学建模的过程包括 ：提出问题 、建立模型、求解模型 、检验结果 、完善模型 ；能够在熟悉的实际情境中，模仿学过的数学建模过程解决问题 。,83,"{""min"": ""G10"", ""max"": ""G12""}",disputed,"[""A02"", ""A07""]",deterministic-screen-only,not-adjudicated,anchors/gaozhong-数学.jsonl:50
ca_tmmpb9d7,数学,能够对熟悉的概率问题 ，选择合适的概率模型,能够在熟 悉 的 数 学 情 境 中，解 释 数 学 概 念 和 规 则 的 含 义，了解数学命题的条件与结论之间的逻辑关系 ，抽象出数学问题 ；能够通过熟悉的例子理解归纳推理 、类比推理和演绎推理的基本形式，识别归纳推理 、类比推理 、演绎推理 ；掌握一些基本命题与定理的证明 ，并有条理地表述论证过程 ；能够借助图形的性质和变换 （平移、对称、旋转 ）发现数学规律 ；能够描述简单图形的位置关系和度量关系及其特有性质 ；能够了解运算法则及其适用范围 ，正确进行运算 ；能够根据问题的特征形成合适的运算思路 ；能够对熟悉的概率问题 ，选择合适的概率模型；能够对熟悉的 统 计 问 题，选 择 合 适 的 抽 样 方 法 收 集 数 据，掌握描述 、刻画、分析数据的基本统计方法 ；能够解决简单的数学应用问题 ；知道数学建模的过程包括 ：提出问题 、建立模型、求解模型 、检验结果 、完善模型 ；能够在熟悉的实际情境中，模仿学过的数学建模过程解决问题 。,83,"{""min"": ""G10"", ""max"": ""G12""}",disputed,"[""A02"", ""A07""]",deterministic-screen-only,not-adjudicated,anchors/gaozhong-数学.jsonl:51
ca_Z5HQvWCf,数学,能够对熟悉的统计问题，选择合适的抽样方法收集数据,能够在熟 悉 的 数 学 情 境 中，解 释 数 学 概 念 和 规 则 的 含 义，了解数学命题的条件与结论之间的逻辑关系 ，抽象出数学问题 ；能够通过熟悉的例子理解归纳推理 、类比推理和演绎推理的基本形式，识别归纳推理 、类比推理 、演绎推理 ；掌握一些基本命题与定理的证明 ，并有条理地表述论证过程 ；能够借助图形的性质和变换 （平移、对称、旋转 ）发现数学规律 ；能够描述简单图形的位置关系和度量关系及其特有性质 ；能够了解运算法则及其适用范围 ，正确进行运算 ；能够根据问题的特征形成合适的运算思路 ；能够对熟悉的概率问题 ，选择合适的概率模型；能够对熟悉的 统 计 问 题，选 择 合 适 的 抽 样 方 法 收 集 数 据，掌握描述 、刻画、分析数据的基本统计方法 ；能够解决简单的数学应用问题 ；知道数学建模的过程包括 ：提出问题 、建立模型、求解模型 、检验结果 、完善模型 ；能够在熟悉的实际情境中，模仿学过的数学建模过程解决问题 。,83,"{""min"": ""G10"", ""max"": ""G12""}",llm-proposed,"[""A03"", ""A07""]",deterministic-screen-only,not-adjudicated,anchors/gaozhong-数学.jsonl:52
ca_ApVTuukQ,数学,能掌握描述 、刻画、分析数据的基本统计方法,能够在熟 悉 的 数 学 情 境 中，解 释 数 学 概 念 和 规 则 的 含 义，了解数学命题的条件与结论之间的逻辑关系 ，抽象出数学问题 ；能够通过熟悉的例子理解归纳推理 、类比推理和演绎推理的基本形式，识别归纳推理 、类比推理 、演绎推理 ；掌握一些基本命题与定理的证明 ，并有条理地表述论证过程 ；能够借助图形的性质和变换 （平移、对称、旋转 ）发现数学规律 ；能够描述简单图形的位置关系和度量关系及其特有性质 ；能够了解运算法则及其适用范围 ，正确进行运算 ；能够根据问题的特征形成合适的运算思路 ；能够对熟悉的概率问题 ，选择合适的概率模型；能够对熟悉的 统 计 问 题，选 择 合 适 的 抽 样 方 法 收 集 数 据，掌握描述 、刻画、分析数据的基本统计方法 ；能够解决简单的数学应用问题 ；知道数学建模的过程包括 ：提出问题 、建立模型、求解模型 、检验结果 、完善模型 ；能够在熟悉的实际情境中，模仿学过的数学建模过程解决问题 。,83,"{""min"": ""G10"", ""max"": ""G12""}",disputed,"[""A02"", ""A07""]",deterministic-screen-only,not-adjudicated,anchors/gaozhong-数学.jsonl:53
ca_Erfu3H3Y,数学,能够解决简单的数学应用问题,能够在熟 悉 的 数 学 情 境 中，解 释 数 学 概 念 和 规 则 的 含 义，了解数学命题的条件与结论之间的逻辑关系 ，抽象出数学问题 ；能够通过熟悉的例子理解归纳推理 、类比推理和演绎推理的基本形式，识别归纳推理 、类比推理 、演绎推理 ；掌握一些基本命题与定理的证明 ，并有条理地表述论证过程 ；能够借助图形的性质和变换 （平移、对称、旋转 ）发现数学规律 ；能够描述简单图形的位置关系和度量关系及其特有性质 ；能够了解运算法则及其适用范围 ，正确进行运算 ；能够根据问题的特征形成合适的运算思路 ；能够对熟悉的概率问题 ，选择合适的概率模型；能够对熟悉的 统 计 问 题，选 择 合 适 的 抽 样 方 法 收 集 数 据，掌握描述 、刻画、分析数据的基本统计方法 ；能够解决简单的数学应用问题 ；知道数学建模的过程包括 ：提出问题 、建立模型、求解模型 、检验结果 、完善模型 ；能够在熟悉的实际情境中，模仿学过的数学建模过程解决问题 。,83,"{""min"": ""G10"", ""max"": ""G12""}",disputed,"[""A02"", ""A07""]",deterministic-screen-only,not-adjudicated,anchors/gaozhong-数学.jsonl:54
ca_uX2Q6Rjf,数学,能够在熟悉的实际情境中，模仿学过的数学建模过程解决问题,能够在熟 悉 的 数 学 情 境 中，解 释 数 学 概 念 和 规 则 的 含 义，了解数学命题的条件与结论之间的逻辑关系 ，抽象出数学问题 ；能够通过熟悉的例子理解归纳推理 、类比推理和演绎推理的基本形式，识别归纳推理 、类比推理 、演绎推理 ；掌握一些基本命题与定理的证明 ，并有条理地表述论证过程 ；能够借助图形的性质和变换 （平移、对称、旋转 ）发现数学规律 ；能够描述简单图形的位置关系和度量关系及其特有性质 ；能够了解运算法则及其适用范围 ，正确进行运算 ；能够根据问题的特征形成合适的运算思路 ；能够对熟悉的概率问题 ，选择合适的概率模型；能够对熟悉的 统 计 问 题，选 择 合 适 的 抽 样 方 法 收 集 数 据，掌握描述 、刻画、分析数据的基本统计方法 ；能够解决简单的数学应用问题 ；知道数学建模的过程包括 ：提出问题 、建立模型、求解模型 、检验结果 、完善模型 ；能够在熟悉的实际情境中，模仿学过的数学建模过程解决问题 。,83,"{""min"": ""G10"", ""max"": ""G12""}",disputed,"[""A02"", ""A07""]",deterministic-screen-only,not-adjudicated,anchors/gaozhong-数学.jsonl:55
ca_NHaQm2zc,数学,能够在解决相似的问题中感悟数学的通性通法,能够了解用数学语言表达的推理和论证 ；能够在解决相似的问题中感悟数学的通性通法 ；能够用图形描述和表达熟悉的数学问题、启迪解决这些问题的思路 ，体会数形结合 ；能够体会运算法则的意义和作用 ，运用运算验证简单的数学结论 ；能够用概率和统计的语言表达简单的随机现象 ；能够结合熟悉的实例，体会概率的意义 ，感悟统计方法的作用 ；对于学过的数学模型 ，能 够 举 例 说 明 数 学 建 模 的 意 义，体 会 其 蕴 含 的 数 学思想。,84,"{""min"": ""G10"", ""max"": ""G12""}",disputed,"[""A02"", ""A07""]",deterministic-screen-only,not-adjudicated,anchors/gaozhong-数学.jsonl:56
ca_m9ufKGJ5,数学,能运用运算验证简单的数学结论,能够了解用数学语言表达的推理和论证 ；能够在解决相似的问题中感悟数学的通性通法 ；能够用图形描述和表达熟悉的数学问题、启迪解决这些问题的思路 ，体会数形结合 ；能够体会运算法则的意义和作用 ，运用运算验证简单的数学结论 ；能够用概率和统计的语言表达简单的随机现象 ；能够结合熟悉的实例，体会概率的意义 ，感悟统计方法的作用 ；对于学过的数学模型 ，能 够 举 例 说 明 数 学 建 模 的 意 义，体 会 其 蕴 含 的 数 学思想。,84,"{""min"": ""G10"", ""max"": ""G12""}",disputed,"[""A02"", ""A07""]",deterministic-screen-only,not-adjudicated,anchors/gaozhong-数学.jsonl:57
ca_49MMZaAS,数学,能够用概率和统计的语言表达简单的随机现象,能够了解用数学语言表达的推理和论证 ；能够在解决相似的问题中感悟数学的通性通法 ；能够用图形描述和表达熟悉的数学问题、启迪解决这些问题的思路 ，体会数形结合 ；能够体会运算法则的意义和作用 ，运用运算验证简单的数学结论 ；能够用概率和统计的语言表达简单的随机现象 ；能够结合熟悉的实例，体会概率的意义 ，感悟统计方法的作用 ；对于学过的数学模型 ，能 够 举 例 说 明 数 学 建 模 的 意 义，体 会 其 蕴 含 的 数 学思想。,84,"{""min"": ""G10"", ""max"": ""G12""}",disputed,"[""A02"", ""A07""]",deterministic-screen-only,not-adjudicated,anchors/gaozhong-数学.jsonl:58
ca_jNN9zHC4,数学,能够在交流的过程中 ，结合实际情境解释相关的抽象概念,能够在交流的过程中 ，结合实际情境解释相关的抽象概念 ；能够在日常生活中利用图形直观进行交流 ；能够用统计图表和简单概率模型解释熟悉的随机现象 ；能够用运算的结果 、借助或引用已有数学建模的结果说明问题 ；能够明确所讨论问题的内涵，有条理地表达观点 。,84,"{""min"": ""G10"", ""max"": ""G12""}",llm-proposed,"[""A03"", ""A07""]",deterministic-screen-only,not-adjudicated,anchors/gaozhong-数学.jsonl:59
ca_Yhqj6pSz,数学,能够用统计图表和简单概率模型解释熟悉的随机现象,能够在交流的过程中 ，结合实际情境解释相关的抽象概念 ；能够在日常生活中利用图形直观进行交流 ；能够用统计图表和简单概率模型解释熟悉的随机现象 ；能够用运算的结果 、借助或引用已有数学建模的结果说明问题 ；能够明确所讨论问题的内涵，有条理地表达观点 。,84,"{""min"": ""G10"", ""max"": ""G12""}",disputed,"[""A02"", ""A07""]",deterministic-screen-only,not-adjudicated,anchors/gaozhong-数学.jsonl:60
ca_aZHd6H2g,数学,能够用运算的结果 、借助或引用已有数学建模的结果说明问题,能够在交流的过程中 ，结合实际情境解释相关的抽象概念 ；能够在日常生活中利用图形直观进行交流 ；能够用统计图表和简单概率模型解释熟悉的随机现象 ；能够用运算的结果 、借助或引用已有数学建模的结果说明问题 ；能够明确所讨论问题的内涵，有条理地表达观点 。,84,"{""min"": ""G10"", ""max"": ""G12""}",disputed,"[""A02"", ""A07""]",deterministic-screen-only,not-adjudicated,anchors/gaozhong-数学.jsonl:61
ca_bRPiDCHA,数学,能够明确所讨论问题的内涵，有条理地表达观点,能够在交流的过程中 ，结合实际情境解释相关的抽象概念 ；能够在日常生活中利用图形直观进行交流 ；能够用统计图表和简单概率模型解释熟悉的随机现象 ；能够用运算的结果 、借助或引用已有数学建模的结果说明问题 ；能够明确所讨论问题的内涵，有条理地表达观点 。,84,"{""min"": ""G10"", ""max"": ""G12""}",llm-proposed,"[""A03"", ""A07""]",deterministic-screen-only,not-adjudicated,anchors/gaozhong-数学.jsonl:62
ca_j6ZRTqvU,数学,能够理解归纳 、类比是发现和提出数学命题的重要途径,能够在关联的情境中 ，抽象出一般的数学概念和规则 ，确定运算对象和随机现象 ，发现问 题 并 提 出 或 转 化 为 数 学 问 题；能够想象并构建相应的几何图形 ，发现图形与图形 、图形与数量的关系，探索图形的运动规律 ；能够理解归纳 、类比是发现和提出数学命题的重要途径 ；能够将已知数学命题推广到更一般的情形；能够在新的情境中选择和运用数学方法解决问题 。,84,"{""min"": ""G10"", ""max"": ""G12""}",disputed,"[""A02"", ""A07""]",deterministic-screen-only,not-adjudicated,anchors/gaozhong-数学.jsonl:63
ca_kk6aeqgJ,数学,能够在新的情境中选择和运用数学方法解决问题,能够在关联的情境中 ，抽象出一般的数学概念和规则 ，确定运算对象和随机现象 ，发现问 题 并 提 出 或 转 化 为 数 学 问 题；能够想象并构建相应的几何图形 ，发现图形与图形 、图形与数量的关系，探索图形的运动规律 ；能够理解归纳 、类比是发现和提出数学命题的重要途径 ；能够将已知数学命题推广到更一般的情形；能够在新的情境中选择和运用数学方法解决问题 。,84,"{""min"": ""G10"", ""max"": ""G12""}",disputed,"[""A02"", ""A07""]",deterministic-screen-only,not-adjudicated,anchors/gaozhong-数学.jsonl:64
ca_9gQT93hj,数学,能够用恰当的例子解释抽象的数学概念和规则,能够用恰当的例子解释抽象的数学概念和规则 ；能够理解数学命题的条件与结论 ，通过分析相关数学命题的条件与结论 ，探索论证的思路 ，选择合适的论证方法予以证明 ；能够理解和构建相关数学知识之间的联系 ；能够通过举反例说明某些数学结论不成立 ；能够掌握研究图形与图形 、图形与数量之间关系的基本方法，借助图形性质探索数学规律 ，解决实际问题或数学问题；能够针对运算问题 ，合理选择运算方法 、设计运算程序，运算求解；能够选择合适的数学模型表达所要解决的数学问题，理解模型中参数的意义 ，知道如何确定参数 ，建立模型 ，求解模型；能够根据问题的实际意义检验结果 ，完善模型 ，解决问题；能够针对具体问题 ，选择离散型随机变量或连续型随机变量刻画随机现象 ，理解抽样方法的统计意义 ，运用适当的概率或统计模型解决问题 。,84,"{""min"": ""G10"", ""max"": ""G12""}",disputed,"[""A02"", ""A07""]",deterministic-screen-only,not-adjudicated,anchors/gaozhong-数学.jsonl:65
ca_gLNnXfAs,数学,能够通过举反例说明某些数学结论不成立,能够用恰当的例子解释抽象的数学概念和规则 ；能够理解数学命题的条件与结论 ，通过分析相关数学命题的条件与结论 ，探索论证的思路 ，选择合适的论证方法予以证明 ；能够理解和构建相关数学知识之间的联系 ；能够通过举反例说明某些数学结论不成立 ；能够掌握研究图形与图形 、图形与数量之间关系的基本方法，借助图形性质探索数学规律 ，解决实际问题或数学问题；能够针对运算问题 ，合理选择运算方法 、设计运算程序，运算求解；能够选择合适的数学模型表达所要解决的数学问题，理解模型中参数的意义 ，知道如何确定参数 ，建立模型 ，求解模型；能够根据问题的实际意义检验结果 ，完善模型 ，解决问题；能够针对具体问题 ，选择离散型随机变量或连续型随机变量刻画随机现象 ，理解抽样方法的统计意义 ，运用适当的概率或统计模型解决问题 。,84,"{""min"": ""G10"", ""max"": ""G12""}",llm-proposed,"[""A03"", ""A07""]",deterministic-screen-only,not-adjudicated,anchors/gaozhong-数学.jsonl:66
ca_Wna5q4nU,数学,能够选择合适的数学模型表达所要解决的数学问题,能够用恰当的例子解释抽象的数学概念和规则 ；能够理解数学命题的条件与结论 ，通过分析相关数学命题的条件与结论 ，探索论证的思路 ，选择合适的论证方法予以证明 ；能够理解和构建相关数学知识之间的联系 ；能够通过举反例说明某些数学结论不成立 ；能够掌握研究图形与图形 、图形与数量之间关系的基本方法，借助图形性质探索数学规律 ，解决实际问题或数学问题；能够针对运算问题 ，合理选择运算方法 、设计运算程序，运算求解；能够选择合适的数学模型表达所要解决的数学问题，理解模型中参数的意义 ，知道如何确定参数 ，建立模型 ，求解模型；能够根据问题的实际意义检验结果 ，完善模型 ，解决问题；能够针对具体问题 ，选择离散型随机变量或连续型随机变量刻画随机现象 ，理解抽样方法的统计意义 ，运用适当的概率或统计模型解决问题 。,84,"{""min"": ""G10"", ""max"": ""G12""}",llm-proposed,"[""A03"", ""A07""]",deterministic-screen-only,not-adjudicated,anchors/gaozhong-数学.jsonl:67
ca_RDpP7tzy,数学,能够根据问题的实际意义检验结果 ，完善模型 ，解决问题,能够用恰当的例子解释抽象的数学概念和规则 ；能够理解数学命题的条件与结论 ，通过分析相关数学命题的条件与结论 ，探索论证的思路 ，选择合适的论证方法予以证明 ；能够理解和构建相关数学知识之间的联系 ；能够通过举反例说明某些数学结论不成立 ；能够掌握研究图形与图形 、图形与数量之间关系的基本方法，借助图形性质探索数学规律 ，解决实际问题或数学问题；能够针对运算问题 ，合理选择运算方法 、设计运算程序，运算求解；能够选择合适的数学模型表达所要解决的数学问题，理解模型中参数的意义 ，知道如何确定参数 ，建立模型 ，求解模型；能够根据问题的实际意义检验结果 ，完善模型 ，解决问题；能够针对具体问题 ，选择离散型随机变量或连续型随机变量刻画随机现象 ，理解抽样方法的统计意义 ，运用适当的概率或统计模型解决问题 。,84,"{""min"": ""G10"", ""max"": ""G12""}",disputed,"[""A02"", ""A07""]",deterministic-screen-only,not-adjudicated,anchors/gaozhong-数学.jsonl:68
ca_mMdzqwid,数学,能够针对具体问题 ，选择离散型随机变量或连续型随机变量刻画随机现象,能够用恰当的例子解释抽象的数学概念和规则 ；能够理解数学命题的条件与结论 ，通过分析相关数学命题的条件与结论 ，探索论证的思路 ，选择合适的论证方法予以证明 ；能够理解和构建相关数学知识之间的联系 ；能够通过举反例说明某些数学结论不成立 ；能够掌握研究图形与图形 、图形与数量之间关系的基本方法，借助图形性质探索数学规律 ，解决实际问题或数学问题；能够针对运算问题 ，合理选择运算方法 、设计运算程序，运算求解；能够选择合适的数学模型表达所要解决的数学问题，理解模型中参数的意义 ，知道如何确定参数 ，建立模型 ，求解模型；能够根据问题的实际意义检验结果 ，完善模型 ，解决问题；能够针对具体问题 ，选择离散型随机变量或连续型随机变量刻画随机现象 ，理解抽样方法的统计意义 ，运用适当的概率或统计模型解决问题 。,84,"{""min"": ""G10"", ""max"": ""G12""}",llm-proposed,"[""A03"", ""A07""]",deterministic-screen-only,not-adjudicated,anchors/gaozhong-数学.jsonl:69
ca_pLM2k7sd,数学,能运用适当的概率或统计模型解决问题,能够用恰当的例子解释抽象的数学概念和规则 ；能够理解数学命题的条件与结论 ，通过分析相关数学命题的条件与结论 ，探索论证的思路 ，选择合适的论证方法予以证明 ；能够理解和构建相关数学知识之间的联系 ；能够通过举反例说明某些数学结论不成立 ；能够掌握研究图形与图形 、图形与数量之间关系的基本方法，借助图形性质探索数学规律 ，解决实际问题或数学问题；能够针对运算问题 ，合理选择运算方法 、设计运算程序，运算求解；能够选择合适的数学模型表达所要解决的数学问题，理解模型中参数的意义 ，知道如何确定参数 ，建立模型 ，求解模型；能够根据问题的实际意义检验结果 ，完善模型 ，解决问题；能够针对具体问题 ，选择离散型随机变量或连续型随机变量刻画随机现象 ，理解抽样方法的统计意义 ，运用适当的概率或统计模型解决问题 。,84,"{""min"": ""G10"", ""max"": ""G12""}",disputed,"[""A02"", ""A07""]",deterministic-screen-only,not-adjudicated,anchors/gaozhong-数学.jsonl:70
ca_2XG8Vzwc,数学,能够在运用统计方法解决问题的过程中，解释统计结果，感悟归纳推理的作用,能够理解用数学语言表达的概念 、规则 、推理和论证 ，理解相关概念 、命题、定理之间的逻辑关系 ，提炼出解决一类问题的数学方法 ，理解其中的数学思想 ，初步建立网状的知识结构；能够用图形探 索 解 决 问 题 的 思 路，形 成 数 形 结 合 的 思 想；能够理解运算是一种演绎推理 ，在综合运用运算方法解决问题的过程中，形成规范化思考问题的品质 ；能够在关联的情境中 ，经历数学建模的过程 ，运用数学语言 ，表述数学建模过程中的问题以及解决问题的过程和结果 ，形成研究报告 ，展示研究成果；能够在运用统 计 方 法 解 决 问 题 的 过 程 中，解 释 统 计 结 果，感悟归纳推理的作用 ；能够用概率或统计模型表达随机现象的统计规律。,85,"{""min"": ""G10"", ""max"": ""G12""}",disputed,"[""A02"", ""A07""]",deterministic-screen-only,not-adjudicated,anchors/gaozhong-数学.jsonl:71
ca_mD79MTbe,数学,能够用概率或统计模型表达随机现象的统计规律,能够理解用数学语言表达的概念 、规则 、推理和论证 ，理解相关概念 、命题、定理之间的逻辑关系 ，提炼出解决一类问题的数学方法 ，理解其中的数学思想 ，初步建立网状的知识结构；能够用图形探 索 解 决 问 题 的 思 路，形 成 数 形 结 合 的 思 想；能够理解运算是一种演绎推理 ，在综合运用运算方法解决问题的过程中，形成规范化思考问题的品质 ；能够在关联的情境中 ，经历数学建模的过程 ，运用数学语言 ，表述数学建模过程中的问题以及解决问题的过程和结果 ，形成研究报告 ，展示研究成果；能够在运用统 计 方 法 解 决 问 题 的 过 程 中，解 释 统 计 结 果，感悟归纳推理的作用 ；能够用概率或统计模型表达随机现象的统计规律。,85,"{""min"": ""G10"", ""max"": ""G12""}",llm-proposed,"[""A03"", ""A07""]",deterministic-screen-only,not-adjudicated,anchors/gaozhong-数学.jsonl:72
ca_6rsA67nu,数学,能够用一般的概念解释具体现象,在交流的过程中 ，能够用一般的概念解释具体现象 ；能够利用直观想象 、数学运算探讨数学问题 ；能够用数据呈现的规律解释随机现象 ；能够用模型的思想说明问题 。能够在交流的过程中，围绕主题 ，观点明确 ，论述有理有据 ，并能用准确的数学语言表述论证过程 。,85,"{""min"": ""G10"", ""max"": ""G12""}",disputed,"[""A02"", ""A07""]",deterministic-screen-only,not-adjudicated,anchors/gaozhong-数学.jsonl:73
ca_VpkBv4gP,数学,能够用数据呈现的规律解释随机现象,在交流的过程中 ，能够用一般的概念解释具体现象 ；能够利用直观想象 、数学运算探讨数学问题 ；能够用数据呈现的规律解释随机现象 ；能够用模型的思想说明问题 。能够在交流的过程中，围绕主题 ，观点明确 ，论述有理有据 ，并能用准确的数学语言表述论证过程 。,85,"{""min"": ""G10"", ""max"": ""G12""}",disputed,"[""A02"", ""A07""]",deterministic-screen-only,not-adjudicated,anchors/gaozhong-数学.jsonl:74
ca_J7gykzqV,数学,能够用模型的思想说明问题,在交流的过程中 ，能够用一般的概念解释具体现象 ；能够利用直观想象 、数学运算探讨数学问题 ；能够用数据呈现的规律解释随机现象 ；能够用模型的思想说明问题 。能够在交流的过程中，围绕主题 ，观点明确 ，论述有理有据 ，并能用准确的数学语言表述论证过程 。,85,"{""min"": ""G10"", ""max"": ""G12""}",disputed,"[""A02"", ""A07""]",deterministic-screen-only,not-adjudicated,anchors/gaozhong-数学.jsonl:75
ca_A3H6NFKS,数学,能够借助图形探索解决问题的思路,能够在综合的情境中 ，发现其中蕴含的数学关系 ，用数学的眼光找到合适的研究对象 ，用恰当的数学语言予以表达 ，并运用数学思维进行分析 ，提出数学问题 ；能够借助图形探索解决问题的思路 ；能够在得到的数学结论基础上形成新命题 。,85,"{""min"": ""G10"", ""max"": ""G12""}",disputed,"[""A02"", ""A07""]",deterministic-screen-only,not-adjudicated,anchors/gaozhong-数学.jsonl:76
ca_xhW7cJXW,数学,能够掌握不同的逻辑推理方法,能够通过数学对象 、运算或关系理解数学的抽象结构 ；能够掌握不同的逻辑推理方法 ；能够对较复杂的数学问题 ，通过构建过渡性命题 ，探索论证的途径 ，解决问题 ；能够对较复杂的运算问题 ，设计算法 ，构造运算程序 ，解决问题 ；能够综合利用图形与图形 、图形与数量的关系 ，理解数学各分支之间的联系；能够借助直观想象建立数学与其他学科的联系 ，并形成理论体系的直观模型 ，感悟高度概括 、有序多级的数学知识体系；能够在现实世界中发现问题 ，运用数学建模的一般方法和相关知识，创造性地建立数学模型 ，解决问题 ；能够针对不同的问题，综合或创造性地运用概率统计知识 ，构造相应的概率或统计模型，解决问题。,86,"{""min"": ""G10"", ""max"": ""G12""}",disputed,"[""A02"", ""A07""]",deterministic-screen-only,not-adjudicated,anchors/gaozhong-数学.jsonl:77
ca_DErdDYzk,数学,能设计算法 ，构造运算程序 ，解决问题,能够通过数学对象 、运算或关系理解数学的抽象结构 ；能够掌握不同的逻辑推理方法 ；能够对较复杂的数学问题 ，通过构建过渡性命题 ，探索论证的途径 ，解决问题 ；能够对较复杂的运算问题 ，设计算法 ，构造运算程序 ，解决问题 ；能够综合利用图形与图形 、图形与数量的关系 ，理解数学各分支之间的联系；能够借助直观想象建立数学与其他学科的联系 ，并形成理论体系的直观模型 ，感悟高度概括 、有序多级的数学知识体系；能够在现实世界中发现问题 ，运用数学建模的一般方法和相关知识，创造性地建立数学模型 ，解决问题 ；能够针对不同的问题，综合或创造性地运用概率统计知识 ，构造相应的概率或统计模型，解决问题。,86,"{""min"": ""G10"", ""max"": ""G12""}",disputed,"[""A02"", ""A07""]",deterministic-screen-only,not-adjudicated,anchors/gaozhong-数学.jsonl:78
ca_CCwAarKF,数学,能运用数学建模的一般方法和相关知识，创造性地建立数学模型 ，解决问题,能够通过数学对象 、运算或关系理解数学的抽象结构 ；能够掌握不同的逻辑推理方法 ；能够对较复杂的数学问题 ，通过构建过渡性命题 ，探索论证的途径 ，解决问题 ；能够对较复杂的运算问题 ，设计算法 ，构造运算程序 ，解决问题 ；能够综合利用图形与图形 、图形与数量的关系 ，理解数学各分支之间的联系；能够借助直观想象建立数学与其他学科的联系 ，并形成理论体系的直观模型 ，感悟高度概括 、有序多级的数学知识体系；能够在现实世界中发现问题 ，运用数学建模的一般方法和相关知识，创造性地建立数学模型 ，解决问题 ；能够针对不同的问题，综合或创造性地运用概率统计知识 ，构造相应的概率或统计模型，解决问题。,86,"{""min"": ""G10"", ""max"": ""G12""}",disputed,"[""A02"", ""A07""]",deterministic-screen-only,not-adjudicated,anchors/gaozhong-数学.jsonl:79
ca_McTEdDr3,数学,能够运用数学语言，清晰、准确地表达数学论证和数学建模的过程和结果,在实际情境中 ，能够把握研究对象的数学特征 ，感悟通性通法的数学原理和其中蕴含的 数 学 思 想 ；能 够 运 用 数 学 语 言，清晰、准确地表达数学论证和数学建模的过程和结果 ；能够理解建构数学体系的公理化思想 ；能够用程序思想理解与表达问题，理解程序思想与计算机解决问题的联系 ；能够通过想象对复杂的数学问题进行直观表达 ，抓住数学问题的本质 ，形成解决问题的思路 ；能够理解数据蕴含着信息 ，可以通过对信息的加工，得到数据所提供的知识和规律 ，理解数据分析在大数据时代的重要性 。,86,"{""min"": ""G10"", ""max"": ""G12""}",disputed,"[""A02"", ""A07""]",deterministic-screen-only,not-adjudicated,anchors/gaozhong-数学.jsonl:80
ca_NnPqk64z,数学,能够用程序思想理解与表达问题,在实际情境中 ，能够把握研究对象的数学特征 ，感悟通性通法的数学原理和其中蕴含的 数 学 思 想 ；能 够 运 用 数 学 语 言，清晰、准确地表达数学论证和数学建模的过程和结果 ；能够理解建构数学体系的公理化思想 ；能够用程序思想理解与表达问题，理解程序思想与计算机解决问题的联系 ；能够通过想象对复杂的数学问题进行直观表达 ，抓住数学问题的本质 ，形成解决问题的思路 ；能够理解数据蕴含着信息 ，可以通过对信息的加工，得到数据所提供的知识和规律 ，理解数据分析在大数据时代的重要性 。,86,"{""min"": ""G10"", ""max"": ""G12""}",disputed,"[""A02"", ""A07""]",deterministic-screen-only,not-adjudicated,anchors/gaozhong-数学.jsonl:81
ca_zBvPMKhv,数学,能理解程序思想与计算机解决问题的联系,在实际情境中 ，能够把握研究对象的数学特征 ，感悟通性通法的数学原理和其中蕴含的 数 学 思 想 ；能 够 运 用 数 学 语 言，清晰、准确地表达数学论证和数学建模的过程和结果 ；能够理解建构数学体系的公理化思想 ；能够用程序思想理解与表达问题，理解程序思想与计算机解决问题的联系 ；能够通过想象对复杂的数学问题进行直观表达 ，抓住数学问题的本质 ，形成解决问题的思路 ；能够理解数据蕴含着信息 ，可以通过对信息的加工，得到数据所提供的知识和规律 ，理解数据分析在大数据时代的重要性 。,86,"{""min"": ""G10"", ""max"": ""G12""}",disputed,"[""A02"", ""A07""]",deterministic-screen-only,not-adjudicated,anchors/gaozhong-数学.jsonl:82
ca_CyTPCmmQ,数学,能理解数据分析在大数据时代的重要性,在实际情境中 ，能够把握研究对象的数学特征 ，感悟通性通法的数学原理和其中蕴含的 数 学 思 想 ；能 够 运 用 数 学 语 言，清晰、准确地表达数学论证和数学建模的过程和结果 ；能够理解建构数学体系的公理化思想 ；能够用程序思想理解与表达问题，理解程序思想与计算机解决问题的联系 ；能够通过想象对复杂的数学问题进行直观表达 ，抓住数学问题的本质 ，形成解决问题的思路 ；能够理解数据蕴含着信息 ，可以通过对信息的加工，得到数据所提供的知识和规律 ，理解数据分析在大数据时代的重要性 。,86,"{""min"": ""G10"", ""max"": ""G12""}",disputed,"[""A02"", ""A07""]",deterministic-screen-only,not-adjudicated,anchors/gaozhong-数学.jsonl:83
ca_P7KyXbgX,数学,能够用数学原理解释自然现象和社会现象,在交流的过程中 ，能够用数学原理解释自然现象和社会现象；能够利用直观想象探讨问题的本质及其与数学的联系 ；能够用程序思想理解和解释问题 ；能够辨明随机现象 ，并运用恰当的数学语言进行表述 ；能够通过数学建模的结论和思想阐释科学规律和社会现象 ；能够合理地运用数学语言和思维进行跨学科的表达与交流 。,86,"{""min"": ""G10"", ""max"": ""G12""}",disputed,"[""A02"", ""A07""]",deterministic-screen-only,not-adjudicated,anchors/gaozhong-数学.jsonl:84
ca_e3qkQVk5,数学,能够用程序思想理解和解释问题,在交流的过程中 ，能够用数学原理解释自然现象和社会现象；能够利用直观想象探讨问题的本质及其与数学的联系 ；能够用程序思想理解和解释问题 ；能够辨明随机现象 ，并运用恰当的数学语言进行表述 ；能够通过数学建模的结论和思想阐释科学规律和社会现象 ；能够合理地运用数学语言和思维进行跨学科的表达与交流 。,86,"{""min"": ""G10"", ""max"": ""G12""}",disputed,"[""A02"", ""A07""]",deterministic-screen-only,not-adjudicated,anchors/gaozhong-数学.jsonl:85
ca_uRymQrYx,数学,能够辨明随机现象 ，并运用恰当的数学语言进行表述,在交流的过程中 ，能够用数学原理解释自然现象和社会现象；能够利用直观想象探讨问题的本质及其与数学的联系 ；能够用程序思想理解和解释问题 ；能够辨明随机现象 ，并运用恰当的数学语言进行表述 ；能够通过数学建模的结论和思想阐释科学规律和社会现象 ；能够合理地运用数学语言和思维进行跨学科的表达与交流 。,86,"{""min"": ""G10"", ""max"": ""G12""}",disputed,"[""A02"", ""A07""]",deterministic-screen-only,not-adjudicated,anchors/gaozhong-数学.jsonl:86
ca_hkMXbxJ4,数学,能够合理地运用数学语言和思维进行跨学科的表达与交流,在交流的过程中 ，能够用数学原理解释自然现象和社会现象；能够利用直观想象探讨问题的本质及其与数学的联系 ；能够用程序思想理解和解释问题 ；能够辨明随机现象 ，并运用恰当的数学语言进行表述 ；能够通过数学建模的结论和思想阐释科学规律和社会现象 ；能够合理地运用数学语言和思维进行跨学科的表达与交流 。,86,"{""min"": ""G10"", ""max"": ""G12""}",disputed,"[""A02"", ""A07""]",deterministic-screen-only,not-adjudicated,anchors/gaozhong-数学.jsonl:87
ca_Py3L8gjE,日语,能积极与教师、同学交流学习的体会和经验，汲取有效学习方法,积极与教师、同学交流学习的体会和经验，汲取有效学习方法。,25,"{""min"": ""G10"", ""max"": ""G12""}",ai-reviewed,"[""A07"", ""A11""]",deterministic-screen-only,not-adjudicated,anchors/gaozhong-日语.jsonl:1
ca_98N4y888,日语,能在学习活动中积极与同学协调、配合、合作,在学习活动中积极与同学协调、配合、合作。,25,"{""min"": ""G10"", ""max"": ""G12""}",ai-reviewed,"[""A07""]",deterministic-screen-only,not-adjudicated,anchors/gaozhong-日语.jsonl:2
ca_n8FxP4rK,日语,能主动拓宽日语学习的途径，把握和创造学习、运用日语的机会,主动拓宽日语学习的途径，把握和创造学习、运用日语的机会。,25,"{""min"": ""G10"", ""max"": ""G12""}",ai-reviewed,"[""A07""]",deterministic-screen-only,not-adjudicated,anchors/gaozhong-日语.jsonl:3
ca_Yw8kqwwU,日语,能在交际中注意选择对方易于理解的语言表达和行为方式,在交际中注意选择对方易于理解的语言表达和行为方式。,25,"{""min"": ""G10"", ""max"": ""G12""}",ai-reviewed,"[""A07""]",deterministic-screen-only,not-adjudicated,anchors/gaozhong-日语.jsonl:4
ca_ZRLGrxud,日语,能关注交际中语言运用是否得体，根据需要做相应的调整,关注交际中语言运用是否得体，根据需要做相应的调整。,25,"{""min"": ""G10"", ""max"": ""G12""}",ai-reviewed,"[""A07""]",deterministic-screen-only,not-adjudicated,anchors/gaozhong-日语.jsonl:5
ca_HABgDACF,日语,能通过预测、推断等学习策略，大体把握语篇的内容,根据语篇中的标题、语句、图表、图像等提取所需信息；通过预测、推断等学习策略，大体把握语篇的内容。,26,"{""min"": ""G10"", ""max"": ""G12""}",ai-reviewed,"[""A07""]",deterministic-screen-only,not-adjudicated,anchors/gaozhong-日语.jsonl:6
ca_tABEt2hZ,日语,能运用已有知识，表述自己的所见所闻,根据语篇的信息和内容做简要概述；就非常熟悉的主题，运用已有知识，表述自己的所见所闻。,26,"{""min"": ""G10"", ""max"": ""G12""}",ai-reviewed,"[""A07""]",deterministic-screen-only,not-adjudicated,anchors/gaozhong-日语.jsonl:7
ca_ZwnXCDD9,日语,能通过把握语篇中的关键词句等提取所需信息,通过把握语篇中的关键词句等提取所需信息；通过预测、推断等学习策略，了解语篇内容，理解主要意义。,27,"{""min"": ""G10"", ""max"": ""G12""}",ai-reviewed,"[""A07""]",deterministic-screen-only,not-adjudicated,anchors/gaozhong-日语.jsonl:8
ca_mEka3xwJ,日语,能通过预测、推断等学习策略,通过把握语篇中的关键词句等提取所需信息；通过预测、推断等学习策略，了解语篇内容，理解主要意义。,27,"{""min"": ""G10"", ""max"": ""G12""}",ai-reviewed,"[""A07""]",deterministic-screen-only,not-adjudicated,anchors/gaozhong-日语.jsonl:9
ca_vFE3CjjT,日语,能根据语篇中的重复、解释、停顿等理解话语意义,根据语篇中的重复、解释、停顿等理解话语意义。五级 表达,27,"{""min"": ""G10"", ""max"": ""G12""}",ai-reviewed,"[""A07""]",deterministic-screen-only,not-adjudicated,anchors/gaozhong-日语.jsonl:10
ca_YuUJz9v6,日语,能根据语篇的信息和内容，简要概述语篇的基本要义,根据语篇的信息和内容，简要概述语篇的基本要义；就熟悉的主题，运用已有知识，表述自己的所见所闻。,27,"{""min"": ""G10"", ""max"": ""G12""}",ai-reviewed,"[""A07""]",deterministic-screen-only,not-adjudicated,anchors/gaozhong-日语.jsonl:11
ca_xTBBX3Ju,日语,能通过把握语篇中的关键概念和细节提取所需信息，通过预测、推断等学习策略,通过把握语篇中的关键概念和细节提取所需信息，通过预测、推断等学习策略，理解语篇的核心内容。,27,"{""min"": ""G10"", ""max"": ""G12""}",ai-reviewed,"[""A07""]",deterministic-screen-only,not-adjudicated,anchors/gaozhong-日语.jsonl:12
ca_PsAe8EY2,日语,能把握语篇中的语境和相应的支撑论据,把握语篇中的语境和相应的支撑论据，理解语篇中内在的逻辑关系。,27,"{""min"": ""G10"", ""max"": ""G12""}",ai-reviewed,"[""A07""]",deterministic-screen-only,not-adjudicated,anchors/gaozhong-日语.jsonl:13
ca_dMj4xEAm,日语,能根据语篇的信息和内容，简要概述语篇的核心内容,根据语篇的信息和内容，简要概述语篇的核心内容；就不太熟悉的主题，运用已有知识，表述自己的所见所闻。,27,"{""min"": ""G10"", ""max"": ""G12""}",ai-reviewed,"[""A07""]",deterministic-screen-only,not-adjudicated,anchors/gaozhong-日语.jsonl:14
ca_9ARCrnE9,日语,能理解与运用动词的Vている、Vてある 、Vておく 等语法形式,理解与运用动词的Vている、Vてある 、Vておく 等语法形式。,28,"{""min"": ""G10"", ""max"": ""G12""}",ai-reviewed,"[""A07"", ""A09""]",deterministic-screen-only,not-adjudicated,anchors/gaozhong-日语.jsonl:15
ca_3wzeBFwM,日语,能理解与运用被动态的基本语法形式（Vれる・Vられる）,理解与运用被动态的基本语法形式（Vれる・Vられる）。,28,"{""min"": ""G10"", ""max"": ""G12""}",ai-reviewed,"[""A07""]",deterministic-screen-only,not-adjudicated,anchors/gaozhong-日语.jsonl:16
ca_xptFJsts,日语,能理解与运用可能态的基本语法形式（Vれる・Vられる）,理解与运用可能态的基本语法形式（Vれる・Vられる）。,28,"{""min"": ""G10"", ""max"": ""G12""}",ai-reviewed,"[""A07""]",deterministic-screen-only,not-adjudicated,anchors/gaozhong-日语.jsonl:17
ca_Q8Up8vHT,日语,能理解与运用授受表达方式（Vてくれる 、Vてあげる 、Vてもらう ）等语法形式,理解与运用授受表达方式（Vてくれる 、Vてあげる 、Vてもらう ）等语法形式。,28,"{""min"": ""G10"", ""max"": ""G12""}",ai-reviewed,"[""A07""]",deterministic-screen-only,not-adjudicated,anchors/gaozhong-日语.jsonl:18
ca_2Zu2uF7s,日语,能理解与运用表示意志（つもり） 、许可（Vてもいい ）的基本表达方式,理解与运用表示意志（つもり） 、许可（Vてもいい ）的基本表达方式。,28,"{""min"": ""G10"", ""max"": ""G12""}",ai-reviewed,"[""A07""]",deterministic-screen-only,not-adjudicated,anchors/gaozhong-日语.jsonl:19
ca_BxbczZ63,日语,能理解与运用语篇中的指代关系（こそあ）,理解与运用语篇中的指代关系（こそあ）。,28,"{""min"": ""G10"", ""max"": ""G12""}",ai-reviewed,"[""A07""]",deterministic-screen-only,not-adjudicated,anchors/gaozhong-日语.jsonl:20
ca_GWGSzR34,日语,"能理解常见的词语搭配（ 如""興味を持つ""""傘をさす""等）",理解常见的词语搭 配（ 如“興味を持つ”“傘をさす”等） 。,28,"{""min"": ""G10"", ""max"": ""G12""}",ai-reviewed,"[""A07""]",deterministic-screen-only,not-adjudicated,anchors/gaozhong-日语.jsonl:21
ca_VbrVGYGs,日语,能掌握上述 400 个词中日语汉字的书写方式 （参考附录 4 词汇表）,掌握上述 400 个词中日语汉字的书写方式 （参考附录 4 词汇表） 。,28,"{""min"": ""G10"", ""max"": ""G12""}",ai-reviewed,"[""A07""]",deterministic-screen-only,not-adjudicated,anchors/gaozhong-日语.jsonl:22
ca_aKvtxnTW,日语,能用接近正常语速和比较符合意义需求的语音、语调朗读语篇,用接近正常语速和比较符合意义需求的语音、语调朗读语篇。,28,"{""min"": ""G10"", ""max"": ""G12""}",ai-reviewed,"[""A07""]",deterministic-screen-only,not-adjudicated,anchors/gaozhong-日语.jsonl:23
ca_kXV7Vf8D,日语,能用比较正确的语音、语调完成表述,用比较正确的语音、语调完成表述。,28,"{""min"": ""G10"", ""max"": ""G12""}",ai-reviewed,"[""A07""]",deterministic-screen-only,not-adjudicated,anchors/gaozhong-日语.jsonl:24
ca_KL8wNPzm,日语,能理解与运用使役态的基本语法形式（Vせる・Vさせる）,理解与运用使役态的基本语法形式（Vせる・Vさせる）。,29,"{""min"": ""G10"", ""max"": ""G12""}",ai-reviewed,"[""A07""]",deterministic-screen-only,not-adjudicated,anchors/gaozhong-日语.jsonl:25
ca_sifXSRKk,日语,"能理解与运用被动态中的""受害""语法意义",理解与运用被动态中的“受害”语法意义。,29,"{""min"": ""G10"", ""max"": ""G12""}",disputed,"[""A02"", ""A07""]",deterministic-screen-only,not-adjudicated,anchors/gaozhong-日语.jsonl:26
ca_X6zsxJb6,日语,能理解与运用动词的命令形,理解与运用动词的命令形。,29,"{""min"": ""G10"", ""max"": ""G12""}",ai-reviewed,"[""A07""]",deterministic-screen-only,not-adjudicated,anchors/gaozhong-日语.jsonl:27
ca_XpVetDA4,日语,"能理解""Vれる・Vられる ""表示""尊敬""的语法意义",理解“Vれる・Vられる ”表示“尊敬”的语法意义。,29,"{""min"": ""G10"", ""max"": ""G12""}",ai-reviewed,"[""A07""]",deterministic-screen-only,not-adjudicated,anchors/gaozhong-日语.jsonl:28
ca_iKLEstFv,日语,能理解与运用授受表达的敬语表达方式（Vていただく 、Vてくださる ）,理解与运用授受表达的敬语表达方式（Vていただく 、Vてくださる ）。,29,"{""min"": ""G10"", ""max"": ""G12""}",ai-reviewed,"[""A07""]",deterministic-screen-only,not-adjudicated,anchors/gaozhong-日语.jsonl:29
ca_E9USxApY,日语,能理解语篇中表达逻辑关系的词语,理解语篇中表达逻辑关系的词语 。如 しかも 、つまり、なお等。,29,"{""min"": ""G10"", ""max"": ""G12""}",ai-reviewed,"[""A07""]",deterministic-screen-only,not-adjudicated,anchors/gaozhong-日语.jsonl:30
ca_gdD86aez,日语,能理解与运用语篇中的敬体与简体,理解与运用语篇中的敬体与简体。,29,"{""min"": ""G10"", ""max"": ""G12""}",ai-reviewed,"[""A07""]",deterministic-screen-only,not-adjudicated,anchors/gaozhong-日语.jsonl:31
ca_P7QNFTLk,日语,能理解与运用常见的拟声词、拟态词,理解与运用常见的拟声词、拟态词。,29,"{""min"": ""G10"", ""max"": ""G12""}",ai-reviewed,"[""A07""]",deterministic-screen-only,not-adjudicated,anchors/gaozhong-日语.jsonl:32
ca_6ArYy24w,日语,能掌握上述 600 个词中日语汉字的书写方式,掌握上述 600 个词中日语汉字的书写方式。 （参考附录4 词汇表） 。同上。六级,29,"{""min"": ""G10"", ""max"": ""G12""}",ai-reviewed,"[""A07""]",deterministic-screen-only,not-adjudicated,anchors/gaozhong-日语.jsonl:33
ca_Sqm3ThtP,日语,能理解与运用使役被动态的用法（Vさせられる ）,理解与运用使役被动态的用法（Vさせられる ）。,29,"{""min"": ""G10"", ""max"": ""G12""}",ai-reviewed,"[""A07""]",deterministic-screen-only,not-adjudicated,anchors/gaozhong-日语.jsonl:34
ca_Y8xwAajX,日语,"能理解""Vれる・Vられる ""表示""自发""的用法",理解“Vれる・Vられる ”表示“自发”的用法。,29,"{""min"": ""G10"", ""max"": ""G12""}",ai-reviewed,"[""A07""]",deterministic-screen-only,not-adjudicated,anchors/gaozhong-日语.jsonl:35
ca_82WMU44J,日语,能用比较自然的语音、语调、语速表达自己的意图和情感,用比较自然的语音、语调、语速表达自己的意图和情感。,30,"{""min"": ""G10"", ""max"": ""G12""}",ai-reviewed,"[""A07"", ""A13""]",deterministic-screen-only,not-adjudicated,anchors/gaozhong-日语.jsonl:36
ca_8fzVCSEh,日语,能理解与运用动词的Vている语法形式,理解与运用动词的Vている、Vてある 、Vておく 等语法形式。,28,"{""min"": ""G10"", ""max"": ""G12""}",ai-reviewed,"[""A07""]",deterministic-screen-only,not-adjudicated,anchors/gaozhong-日语.jsonl:37
ca_8StDt4m3,日语,能理解与运用动词的Vてある语法形式,理解与运用动词的Vている、Vてある 、Vておく 等语法形式。,28,"{""min"": ""G10"", ""max"": ""G12""}",ai-reviewed,"[""A07""]",deterministic-screen-only,not-adjudicated,anchors/gaozhong-日语.jsonl:38
ca_eU2k79E4,日语,能理解与运用动词的Vておく语法形式,理解与运用动词的Vている、Vてある 、Vておく 等语法形式。,28,"{""min"": ""G10"", ""max"": ""G12""}",ai-reviewed,"[""A07""]",deterministic-screen-only,not-adjudicated,anchors/gaozhong-日语.jsonl:39
ca_kXsBw7dp,日语,能通过梳理、归纳、推断等方式,能围绕非常熟悉的主题，调动已有知识与策略，理解语篇的具体信息，大体把握语篇的主要意义、观点和情感态度。通过梳理、归纳、推断等方式，理解语篇中简单的逻辑关系。通过发现中日语言的明显差异，逐步建构相应的语言知识结构并将知识转化为自己的语言运用能力。能就非常熟悉的主题做简单的描述，大致表达自己的观点；能基于客观事实，以思辨的方式对语篇信息提出问题，阐述自己的观点并尝试解决问题。,32,"{""min"": ""G10"", ""max"": ""G12""}",disputed,"[""A02"", ""A07""]",deterministic-screen-only,not-adjudicated,anchors/gaozhong-日语.jsonl:40
ca_7gw8sPfQ,日语,能通过发现中日语言的明显差异，逐步建构相应的语言知识结构并将知识转化为自己的语言运用能力,能围绕非常熟悉的主题，调动已有知识与策略，理解语篇的具体信息，大体把握语篇的主要意义、观点和情感态度。通过梳理、归纳、推断等方式，理解语篇中简单的逻辑关系。通过发现中日语言的明显差异，逐步建构相应的语言知识结构并将知识转化为自己的语言运用能力。能就非常熟悉的主题做简单的描述，大致表达自己的观点；能基于客观事实，以思辨的方式对语篇信息提出问题，阐述自己的观点并尝试解决问题。,32,"{""min"": ""G10"", ""max"": ""G12""}",disputed,"[""A02"", ""A07""]",deterministic-screen-only,not-adjudicated,anchors/gaozhong-日语.jsonl:41
ca_G6LatVAG,日语,能就非常熟悉的主题做简单的描述，大致表达自己的观点,能围绕非常熟悉的主题，调动已有知识与策略，理解语篇的具体信息，大体把握语篇的主要意义、观点和情感态度。通过梳理、归纳、推断等方式，理解语篇中简单的逻辑关系。通过发现中日语言的明显差异，逐步建构相应的语言知识结构并将知识转化为自己的语言运用能力。能就非常熟悉的主题做简单的描述，大致表达自己的观点；能基于客观事实，以思辨的方式对语篇信息提出问题，阐述自己的观点并尝试解决问题。,32,"{""min"": ""G10"", ""max"": ""G12""}",llm-proposed,"[""A03"", ""A07""]",deterministic-screen-only,not-adjudicated,anchors/gaozhong-日语.jsonl:42
ca_tvrZY8Rf,日语,能基于客观事实，以思辨的方式对语篇信息提出问题，阐述自己的观点并尝试解决问题,能围绕非常熟悉的主题，调动已有知识与策略，理解语篇的具体信息，大体把握语篇的主要意义、观点和情感态度。通过梳理、归纳、推断等方式，理解语篇中简单的逻辑关系。通过发现中日语言的明显差异，逐步建构相应的语言知识结构并将知识转化为自己的语言运用能力。能就非常熟悉的主题做简单的描述，大致表达自己的观点；能基于客观事实，以思辨的方式对语篇信息提出问题，阐述自己的观点并尝试解决问题。,32,"{""min"": ""G10"", ""max"": ""G12""}",disputed,"[""A02"", ""A07""]",deterministic-screen-only,not-adjudicated,anchors/gaozhong-日语.jsonl:43
ca_mzXEPKiv,日语,能通过文化比较，加深对中华文化的理解并能用所学日语简单介绍身边的人和事,能从所接触的语篇或现象中，了解日本或其他国家在生活、人文、社会、自然等方面的情况，发现中日及其他国家文化元素的异同。对于不同文化及其背景下的行为和思维方式采取尊重和包容的态度。通过文化比较，加深对中华文化的理解并能用所学日语简单介绍身边的人和事。,32,"{""min"": ""G10"", ""max"": ""G12""}",llm-proposed,"[""A03"", ""A07""]",deterministic-screen-only,not-adjudicated,anchors/gaozhong-日语.jsonl:44
ca_YnsTNPZM,日语,能在与同学和教师的互动中能借助手势、表情等非言语行为，共同完成学习任务,能运用资源策略，根据情境、任务等搜集相关的学习资源并加以分析、处理。能在教师的指导下，运用调控策略，总结和反思自己的学习行为和学习过程，根据需要尝试调整学习方法、学习策略和情感态度，保持好奇心。能在教师的指导下，开展自主学习；在与同学和教师的互动中能借助手势、表情等非言语行为，共同完成学习任务。,32,"{""min"": ""G10"", ""max"": ""G12""}",llm-proposed,"[""A03"", ""A07"", ""A11""]",deterministic-screen-only,not-adjudicated,anchors/gaozhong-日语.jsonl:45
ca_YLDimsei,日语,能通过发现和分析中日语言的差异，建构相应的语言知识结构并将知识转化为自己的语言运用能力,能围绕熟悉的主题，调动已有知识与策略，理解语篇的关键信息，把握语篇的主要意义、观点和情感态度。通过梳理、归纳、推断等方式，把握语篇中较为复杂的逻辑关系。通过发现和分析中日语言的差异，建构相应的语言知识结构并将知识转化为自己的语言运用能力。能就熟悉的主题做较为复杂的描述，完整地表达自己的观点；能借助工具书、网络等媒介手段搜集所需信息，以思辨方式对语篇信息提出问题，运用举例、引用、推理等方法阐述自己的观点，分析并解决问题。,32,"{""min"": ""G10"", ""max"": ""G12""}",disputed,"[""A02"", ""A07""]",deterministic-screen-only,not-adjudicated,anchors/gaozhong-日语.jsonl:46
ca_kULWAvB9,日语,能就熟悉的主题做较为复杂的描述，完整地表达自己的观点,能围绕熟悉的主题，调动已有知识与策略，理解语篇的关键信息，把握语篇的主要意义、观点和情感态度。通过梳理、归纳、推断等方式，把握语篇中较为复杂的逻辑关系。通过发现和分析中日语言的差异，建构相应的语言知识结构并将知识转化为自己的语言运用能力。能就熟悉的主题做较为复杂的描述，完整地表达自己的观点；能借助工具书、网络等媒介手段搜集所需信息，以思辨方式对语篇信息提出问题，运用举例、引用、推理等方法阐述自己的观点，分析并解决问题。,32,"{""min"": ""G10"", ""max"": ""G12""}",llm-proposed,"[""A03"", ""A07""]",deterministic-screen-only,not-adjudicated,anchors/gaozhong-日语.jsonl:47
ca_39HBabxV,日语,能分析并解决问题,能围绕熟悉的主题，调动已有知识与策略，理解语篇的关键信息，把握语篇的主要意义、观点和情感态度。通过梳理、归纳、推断等方式，把握语篇中较为复杂的逻辑关系。通过发现和分析中日语言的差异，建构相应的语言知识结构并将知识转化为自己的语言运用能力。能就熟悉的主题做较为复杂的描述，完整地表达自己的观点；能借助工具书、网络等媒介手段搜集所需信息，以思辨方式对语篇信息提出问题，运用举例、引用、推理等方法阐述自己的观点，分析并解决问题。,32,"{""min"": ""G10"", ""max"": ""G12""}",disputed,"[""A02"", ""A07""]",deterministic-screen-only,not-adjudicated,anchors/gaozhong-日语.jsonl:48
ca_95QX9X8H,日语,能通过文化比较，加深对中华文化的理解并以对方易于理解的方式，用所学日语简单介绍身边的中华文化现象,能从所接触的语篇或现象中，了解日本或其他国家在生活、人文、社会、自然等方面的情况，发现中日及其他国家文化的元素与特征，对比其异同并分析相互之间的关系。能意识到不同文化背景下的思维定势并作出判断。通过文化比较，加深对中华文化的理解并以对方易于理解的方式，用所学日语简单介绍身边的中华文化现象。,32,"{""min"": ""G10"", ""max"": ""G12""}",disputed,"[""A02"", ""A07""]",deterministic-screen-only,not-adjudicated,anchors/gaozhong-日语.jsonl:49
ca_pzzws9t9,日语,能在与同学的合作学习中以对方易于理解的语言表达和行为方式，提供有效信息和建设性意见,能运用资源策略，根据情境、任务等搜集并开发满足个性化学习需求的学习资源并加以分析、处理。能运用调控策略，总结、反思、评估自己的学习行为和学习过程，根据需要尝试调整学习方法、学习策略和情感态度，保持好奇心。能主动开展自主学习；在与同学的合作学习中以对方易于理解的语言表达和行为方式，提供有效信息和建设性意见。,32,"{""min"": ""G10"", ""max"": ""G12""}",disputed,"[""A02"", ""A07""]",deterministic-screen-only,not-adjudicated,anchors/gaozhong-日语.jsonl:50
ca_xtKZhvkF,日语,能通过发现和分析中日语言的微妙差异，建构相应的语言知识结构并将知识转化为自己的语言运用能力,能围绕不太熟悉的主题，调动已有知识与策略，理解语篇的关键信息与深层含义，把握语篇的意图、观点和情感态度。通过梳理、归纳、推断等方式，理解语篇中复杂的逻辑关系。通过发现和分析中日语言的微妙差异，建构相应的语言知识结构并将知识转化为自己的语言运用能力。能就不太熟悉的主题做有条理的描述，清晰地表达自己的观点；能借助工具书、网络等媒介手段搜集所需信息和相关资料，以思辨的方式对所获取的信息提出问题，运用举例、引用、推理等方法阐述自己的观点，尝试从多角度分析问题、解决问题。,33,"{""min"": ""G10"", ""max"": ""G12""}",disputed,"[""A02"", ""A07""]",deterministic-screen-only,not-adjudicated,anchors/gaozhong-日语.jsonl:51
ca_wQsGtFmm,日语,能就不太熟悉的主题做有条理的描述，清晰地表达自己的观点,能围绕不太熟悉的主题，调动已有知识与策略，理解语篇的关键信息与深层含义，把握语篇的意图、观点和情感态度。通过梳理、归纳、推断等方式，理解语篇中复杂的逻辑关系。通过发现和分析中日语言的微妙差异，建构相应的语言知识结构并将知识转化为自己的语言运用能力。能就不太熟悉的主题做有条理的描述，清晰地表达自己的观点；能借助工具书、网络等媒介手段搜集所需信息和相关资料，以思辨的方式对所获取的信息提出问题，运用举例、引用、推理等方法阐述自己的观点，尝试从多角度分析问题、解决问题。,33,"{""min"": ""G10"", ""max"": ""G12""}",disputed,"[""A02"", ""A07""]",deterministic-screen-only,not-adjudicated,anchors/gaozhong-日语.jsonl:52
ca_pDLuTvVf,日语,能在与同学的合作学习中以对方易于理解的语言表达和行为方式，提出建设性意见，推动学习任务的顺利完成,能运用资源策略，根据情境、任务等多渠道搜集、开发满足个性化学习需求的学习资源并加以分析、处理。能运用调控策略，总结、反思、评估自己的学习行为和学习过程，根据需要尝试调整学习方法、学习策略和情感态度，保持好奇心，形成终身学习的意识。能主动开展自主学习；在与同学的合作学习中以对方易于理解的语言表达和行为方式，提出建设性意见，推动学习任务的顺利完成。,33,"{""min"": ""G10"", ""max"": ""G12""}",disputed,"[""A02"", ""A07""]",deterministic-screen-only,not-adjudicated,anchors/gaozhong-日语.jsonl:53
ca_gB8ySwKi,法语,能正确读出 26 个法语字母,正确读出 26 个法语字母。,19,"{""min"": ""G10"", ""max"": ""G12""}",ai-reviewed,[],deterministic-screen-only,not-adjudicated,anchors/gaozhong-法语.jsonl:1
ca_JshC7ZVi,法语,会根据语音规则拼读结构简单的单词,了解基本的语音规则，会根据语音规则拼读结构简单的单词。,19,"{""min"": ""G10"", ""max"": ""G12""}",ai-reviewed,[],deterministic-screen-only,not-adjudicated,anchors/gaozhong-法语.jsonl:2
ca_YP7G86fR,法语,能正确读出句子的重音、节奏组、升调和降调,正确读出句子的重音、节奏组、升调和降调。,19,"{""min"": ""G10"", ""max"": ""G12""}",ai-reviewed,"[""A09""]",deterministic-screen-only,not-adjudicated,anchors/gaozhong-法语.jsonl:3
ca_d6srw9dB,法语,能正确默写单词、动词变位和词组,正确默写单词、动词变位和词组。,21,"{""min"": ""G10"", ""max"": ""G12""}",ai-reviewed,[],deterministic-screen-only,not-adjudicated,anchors/gaozhong-法语.jsonl:5
ca_6dEVDzfX,法语,会拼读结构复杂的单词,了解一些特殊的语音规则，会拼读结构复杂的单词。,22,"{""min"": ""G10"", ""max"": ""G12""}",ai-reviewed,[],deterministic-screen-only,not-adjudicated,anchors/gaozhong-法语.jsonl:6
ca_UQQdhbFG,法语,会正确拼读词组和句子,掌握法语语音的连音和联诵现象，会正确拼读词组和句子。词汇,22,"{""min"": ""G10"", ""max"": ""G12""}",ai-reviewed,[],deterministic-screen-only,not-adjudicated,anchors/gaozhong-法语.jsonl:7
ca_f8CRLni2,法语,能正确默写句子、对话和短文,正确默写句子、对话和短文。,24,"{""min"": ""G10"", ""max"": ""G12""}",ai-reviewed,[],deterministic-screen-only,not-adjudicated,anchors/gaozhong-法语.jsonl:8
ca_Zt3jj6J7,法语,能正确描述过去发生的动作,正确描述过去发生的动作。,24,"{""min"": ""G10"", ""max"": ""G12""}",ai-reviewed,[],deterministic-screen-only,not-adjudicated,anchors/gaozhong-法语.jsonl:9
ca_9KvRTqZJ,法语,能借助音标读出所有单词的发音,借助音标读出所有单词的发音。,25,"{""min"": ""G10"", ""max"": ""G12""}",ai-reviewed,[],deterministic-screen-only,not-adjudicated,anchors/gaozhong-法语.jsonl:10
ca_nTiEgXbC,法语,能根据语音知识辨别和书写不太熟悉的单词,根据语音知识辨别和书写不太熟悉的单词。,25,"{""min"": ""G10"", ""max"": ""G12""}",ai-reviewed,[],deterministic-screen-only,not-adjudicated,anchors/gaozhong-法语.jsonl:11
ca_S6Wh6RTm,法语,能对话或短文，口头概述主要内容,听对话或短文，口头概述主要内容。,26,"{""min"": ""G10"", ""max"": ""G12""}",ai-reviewed,[],deterministic-screen-only,not-adjudicated,anchors/gaozhong-法语.jsonl:12
ca_pcjGJRCX,法语,能描述将来发生的动作和事件,描述将来发生的动作和事件。,26,"{""min"": ""G10"", ""max"": ""G12""}",ai-reviewed,[],deterministic-screen-only,not-adjudicated,anchors/gaozhong-法语.jsonl:13
ca_y4fcbUH4,法语,能描述过去发生的动作和事件,描述过去发生的动作和事件。,26,"{""min"": ""G10"", ""max"": ""G12""}",ai-reviewed,[],deterministic-screen-only,not-adjudicated,anchors/gaozhong-法语.jsonl:14
ca_tNgu48jf,法语,能在日常生活会话或表达观点时做到语音和语调正确、自然，表述流畅,在日常生活会话或表达观点时做到语音和语调正确、自然，表述流畅。,28,"{""min"": ""G10"", ""max"": ""G12""}",ai-reviewed,"[""A09""]",deterministic-screen-only,not-adjudicated,anchors/gaozhong-法语.jsonl:15
ca_mstR9Mkf,法语,能理解和表达不同的意图和态度,根据重音和语调的变化，理解和表达不同的意图和态度。词汇,28,"{""min"": ""G10"", ""max"": ""G12""}",ai-reviewed,[],deterministic-screen-only,not-adjudicated,anchors/gaozhong-法语.jsonl:16
ca_4hS6D4nL,法语,能在真实场景中用法语与他人讨论，发表观点,在真实场景中用法语与他人讨论，发表观点。,36,"{""min"": ""G10"", ""max"": ""G12""}",ai-reviewed,[],deterministic-screen-only,not-adjudicated,anchors/gaozhong-法语.jsonl:17
ca_s7bWaJBC,法语,能正确读出句子的重音,正确读出句子的重音、节奏组、升调和降调。,19,"{""min"": ""G10"", ""max"": ""G12""}",ai-reviewed,[],deterministic-screen-only,not-adjudicated,anchors/gaozhong-法语.jsonl:18
ca_QdP6iQDj,法语,能正确读出句子的节奏组,正确读出句子的重音、节奏组、升调和降调。,19,"{""min"": ""G10"", ""max"": ""G12""}",ai-reviewed,[],deterministic-screen-only,not-adjudicated,anchors/gaozhong-法语.jsonl:19
ca_j8g28KBb,法语,能正确读出句子的升调,正确读出句子的重音、节奏组、升调和降调。,19,"{""min"": ""G10"", ""max"": ""G12""}",ai-reviewed,[],deterministic-screen-only,not-adjudicated,anchors/gaozhong-法语.jsonl:20
ca_xnSn6zzB,法语,能正确读出句子的降调,正确读出句子的重音、节奏组、升调和降调。,19,"{""min"": ""G10"", ""max"": ""G12""}",ai-reviewed,[],deterministic-screen-only,not-adjudicated,anchors/gaozhong-法语.jsonl:21
ca_pafWeQcw,法语,能在日常生活会话或表达观点时做到语音和语调正确、自然,在日常生活会话或表达观点时做到语音和语调正确、自然，表述流畅。,28,"{""min"": ""G10"", ""max"": ""G12""}",ai-reviewed,[],deterministic-screen-only,not-adjudicated,anchors/gaozhong-法语.jsonl:22
ca_vw8sbj8i,法语,能在日常生活会话或表达观点时做到表述流畅,在日常生活会话或表达观点时做到语音和语调正确、自然，表述流畅。,28,"{""min"": ""G10"", ""max"": ""G12""}",ai-reviewed,[],deterministic-screen-only,not-adjudicated,anchors/gaozhong-法语.jsonl:23
ca_kjVQhKdF,法语,能力（1） 能辨别语音和语调是否正确，区分联诵、省音等基本的语音变化,听力（1） 能辨别语音和语调是否正确，区分联诵、省音等基本的语音变化。（2） 听两遍以后，能充分理解时长为 30 秒左右、由大约 50 个单词构成、基于至该级所学词汇和语法编写的对话或短文，无重大错误。,39,"{""min"": ""G10"", ""max"": ""G12""}",llm-proposed,"[""A03"", ""A07""]",deterministic-screen-only,not-adjudicated,anchors/gaozhong-法语.jsonl:24
ca_GnE3xYDS,法语,能朗读时语音和语调正确，语速约 60 词 / 分钟,阅读与朗读（1） 阅读基于至该级所学词汇和语法编写、由 80 — 90个单词构成的短文，在 2 分钟内浏览两遍后，能读懂主要内容；朗读时语音和语调正确，语速约 60 词 / 分钟。（2） 能读懂经过选择或适当改编、文字要素符合至该级所学词汇和语法要求的语言材料，尤其是该级课程内容所建议的语言材料。,39,"{""min"": ""G10"", ""max"": ""G12""}",llm-proposed,"[""A03"", ""A07""]",deterministic-screen-only,not-adjudicated,anchors/gaozhong-法语.jsonl:25
ca_uNRHPMj9,法语,能（2） 能读懂经过选择或适当改编、文字要素符合至该级所学词汇和语法要求的语言材料，尤其是该级课程内容所建议的语言材料,阅读与朗读（1） 阅读基于至该级所学词汇和语法编写、由 80 — 90个单词构成的短文，在 2 分钟内浏览两遍后，能读懂主要内容；朗读时语音和语调正确，语速约 60 词 / 分钟。（2） 能读懂经过选择或适当改编、文字要素符合至该级所学词汇和语法要求的语言材料，尤其是该级课程内容所建议的语言材料。,39,"{""min"": ""G10"", ""max"": ""G12""}",disputed,"[""A02"", ""A07""]",deterministic-screen-only,not-adjudicated,anchors/gaozhong-法语.jsonl:26
ca_hhd2v23b,法语,能作（1）能清晰、流利地书写法语，正确使用标点符号,写作（1）能清晰、流利地书写法语，正确使用标点符号。（2） 与听力第（ 2）项要求相应，听两遍时长为 30 秒左右、由大约50 个单词构成的短文之后，记录的正确率在85% 以上。（3） 能用 8 — 10分钟的时间，根据文字或图片提示，写出至少包含 6个完整句子的短文，叙述事件、提供信息或发表简单评论，表意清楚，符合逻辑，无重大错误。,39,"{""min"": ""G10"", ""max"": ""G12""}",disputed,"[""A02"", ""A07""]",deterministic-screen-only,not-adjudicated,anchors/gaozhong-法语.jsonl:27
ca_zst5TWsj,法语,能读懂主要内容，并能较为流畅地朗读，语速为70 — 80词 / 分钟,阅读与朗读（1） 阅读基于至该级所学词汇和语法编写、由 100 — 110个单词构成的短文，在 2 分钟内浏览两遍以后，能读懂主要内容，并能较为流畅地朗读，语速为70 — 80词 / 分钟。（2） 能读懂经过选择或适当改编、文字要素符合至该级所学词汇和语法要求的语言材料，尤其是该级课程内容所建议的语言材料。,40,"{""min"": ""G10"", ""max"": ""G12""}",llm-proposed,"[""A03"", ""A07""]",deterministic-screen-only,not-adjudicated,anchors/gaozhong-法语.jsonl:28
ca_RLu2wpP4,法语,能力（1） 能根据自己的表达需要，较为熟练地应用语调、重音和节奏的变化,听力（1） 能根据自己的表达需要，较为熟练地应用语调、重音和节奏的变化。（2） 听两遍以后，能充分理解时长为 45 — 60秒、由 80 — 100个单词构成、基于至该级所学词汇和语法编写的对话或短文，无重大错误。,40,"{""min"": ""G10"", ""max"": ""G12""}",disputed,"[""A02"", ""A07""]",deterministic-screen-only,not-adjudicated,anchors/gaozhong-法语.jsonl:29
ca_tJdh9itX,法语,能读懂主要内容，并能流畅朗读，语速约 90 词 / 分钟,阅读与朗读（1） 阅读基于至该级所学词汇和语法编写、由 120 — 130 个单词构成的短文，在 2 分钟内浏览两遍以后，能读懂主要内容，并能流畅朗读，语速约 90 词 / 分钟。（2） 能读懂经过选择或适当改编、文字要素符合至该级所学词汇和语法要求的语言材料，尤其是该级课程内容所建议的语言材料。,41,"{""min"": ""G10"", ""max"": ""G12""}",llm-proposed,"[""A03"", ""A07""]",deterministic-screen-only,not-adjudicated,anchors/gaozhong-法语.jsonl:30
ca_snE68KGw,物理,能用公式、图像等方法描述匀变速直线运动,理解位移、速度和加速度。通过实验，探究匀变速直线运动的特点，能用公式、图像等方法描述匀变速直线运动，理解匀变速直线运动的规律，能运用其解决实际问题，体会科学思维中的抽象方法和物理问题研究中的极限方法。,20,"{""min"": ""G10"", ""max"": ""G12""}",ai-reviewed,[],deterministic-screen-only,not-adjudicated,anchors/gaozhong-物理.jsonl:1
ca_wTTETF52,物理,能用动摩擦因数计算滑动摩擦力的大小,认识重力、弹力与摩擦力。通过实验，了解胡克定律。知道滑动摩擦和静摩擦现象，能用动摩擦因数计算滑动摩擦力的大小。,21,"{""min"": ""G10"", ""max"": ""G12""}",ai-reviewed,[],deterministic-screen-only,not-adjudicated,anchors/gaozhong-物理.jsonl:3
ca_ueEJbYuf,物理,能用共点力的平衡条件分析生产生活中的问题,通过实验，了解力的合成与分解，知道矢量和标量。能用共点力的平衡条件分析生产生活中的问题。,21,"{""min"": ""G10"", ""max"": ""G12""}",ai-reviewed,[],deterministic-screen-only,not-adjudicated,anchors/gaozhong-物理.jsonl:4
ca_RfWm4gKW,物理,能用牛顿运动定律解释生产生活中的有关现象、解决有关问题,通过实验，探究物体运动的加速度与物体受力、物体质量的关系。理解牛顿运动定律，能用牛顿运动定律解释生产生活中的有关现象、解决有关问题。通过实验，认识超重和失重现象。,21,"{""min"": ""G10"", ""max"": ""G12""}",ai-reviewed,[],deterministic-screen-only,not-adjudicated,anchors/gaozhong-物理.jsonl:5
ca_fXXKad59,物理,能用动能定理解释生产生活中的现象,理解动能和动能定理。能用动能定理解释生产生活中的现象。,23,"{""min"": ""G10"", ""max"": ""G12""}",ai-reviewed,[],deterministic-screen-only,not-adjudicated,anchors/gaozhong-物理.jsonl:6
ca_Q6giTZzN,物理,能通过实验，验证机械能守恒定律,通过实验，验证机械能守恒定律。理解机械能守恒定律，体会守恒观念对认识物理规律的重要性。能用机械能守恒定律分析生产生活中的有关问题。,24,"{""min"": ""G10"", ""max"": ""G12""}",ai-reviewed,[],deterministic-screen-only,not-adjudicated,anchors/gaozhong-物理.jsonl:7
ca_sCu9ZPCF,物理,能用机械能守恒定律分析生产生活中的有关问题,通过实验，验证机械能守恒定律。理解机械能守恒定律，体会守恒观念对认识物理规律的重要性。能用机械能守恒定律分析生产生活中的有关问题。,24,"{""min"": ""G10"", ""max"": ""G12""}",ai-reviewed,[],deterministic-screen-only,not-adjudicated,anchors/gaozhong-物理.jsonl:8
ca_ed95C8im,物理,会用运动合成与分解的方法分析平抛运动,通过实验，探究并认识平抛运动的规律。会用运动合成与分解的方法分析平抛运动。体会将复杂运动分解为简单运动的物理思想。能分析生产生活中的抛体运动。,24,"{""min"": ""G10"", ""max"": ""G12""}",ai-reviewed,[],deterministic-screen-only,not-adjudicated,anchors/gaozhong-物理.jsonl:9
ca_YhAP5iA9,物理,能分析生产生活中的抛体运动,通过实验，探究并认识平抛运动的规律。会用运动合成与分解的方法分析平抛运动。体会将复杂运动分解为简单运动的物理思想。能分析生产生活中的抛体运动。,24,"{""min"": ""G10"", ""max"": ""G12""}",ai-reviewed,[],deterministic-screen-only,not-adjudicated,anchors/gaozhong-物理.jsonl:10
ca_Be824aaG,物理,会用线速度、角速度、周期描述匀速圆周运动,会用线速度、角速度、周期描述匀速圆周运动。知道匀速圆周运动向心加速度的大小和方向。通过实验，探究并了解匀速圆周运动向心力大小与半径、角速度、质量的关系。能用牛顿第二定律分析匀速圆周运动的向心力。了解生产生活中的离心现象及其产生的原因。,24,"{""min"": ""G10"", ""max"": ""G12""}",ai-reviewed,[],deterministic-screen-only,not-adjudicated,anchors/gaozhong-物理.jsonl:11
ca_HCnD4rJz,物理,能用牛顿第二定律分析匀速圆周运动的向心力,会用线速度、角速度、周期描述匀速圆周运动。知道匀速圆周运动向心加速度的大小和方向。通过实验，探究并了解匀速圆周运动向心力大小与半径、角速度、质量的关系。能用牛顿第二定律分析匀速圆周运动的向心力。了解生产生活中的离心现象及其产生的原因。,24,"{""min"": ""G10"", ""max"": ""G12""}",ai-reviewed,[],deterministic-screen-only,not-adjudicated,anchors/gaozhong-物理.jsonl:12
ca_LCzH2MXj,物理,会计算人造地球卫星的环绕速度,会计算人造地球卫星的环绕速度。知道第二宇宙速度和第三宇宙速度。,25,"{""min"": ""G10"", ""max"": ""G12""}",ai-reviewed,[],deterministic-screen-only,not-adjudicated,anchors/gaozhong-物理.jsonl:13
ca_tvL2PZ6Y,物理,能用原子结构模型和电荷守恒的知识分析静电现象,通过实验，了解静电现象。能用原子结构模型和电荷守恒的知识分析静电现象。,27,"{""min"": ""G10"", ""max"": ""G12""}",ai-reviewed,[],deterministic-screen-only,not-adjudicated,anchors/gaozhong-物理.jsonl:14
ca_8wFpeBRb,物理,能知道电场是一种物质,知道电场是一种物质。了解电场强度，体会用物理量之比定义新物理量的方法。会用电场线描述电场。,27,"{""min"": ""G10"", ""max"": ""G12""}",ai-reviewed,[],deterministic-screen-only,not-adjudicated,anchors/gaozhong-物理.jsonl:15
ca_n7dPu9pA,物理,会用电场线描述电场,知道电场是一种物质。了解电场强度，体会用物理量之比定义新物理量的方法。会用电场线描述电场。,27,"{""min"": ""G10"", ""max"": ""G12""}",ai-reviewed,[],deterministic-screen-only,not-adjudicated,anchors/gaozhong-物理.jsonl:16
ca_DSB9GySP,物理,能分析带电粒子在电场中的运动情况,知道静电场中的电荷具有电势能。了解电势能、电势和电势差的含义。知道匀强电场中电势差与电场强度的关系。能分析带电粒子在电场中的运动情况，能解释相关的物理现象。,27,"{""min"": ""G10"", ""max"": ""G12""}",ai-reviewed,[],deterministic-screen-only,not-adjudicated,anchors/gaozhong-物理.jsonl:17
ca_d2u8ybqM,物理,能解释相关的物理现象,知道静电场中的电荷具有电势能。了解电势能、电势和电势差的含义。知道匀强电场中电势差与电场强度的关系。能分析带电粒子在电场中的运动情况，能解释相关的物理现象。,27,"{""min"": ""G10"", ""max"": ""G12""}",ai-reviewed,[],deterministic-screen-only,not-adjudicated,anchors/gaozhong-物理.jsonl:18
ca_h5kb9S5h,物理,能观察并能识别常见的电路元器件,观察并能识别常见的电路元器件，了解它们在电路中的作用。会使用多用电表。,28,"{""min"": ""G10"", ""max"": ""G12""}",ai-reviewed,[],deterministic-screen-only,not-adjudicated,anchors/gaozhong-物理.jsonl:19
ca_sKgAKeD9,物理,会测量金属丝的电阻率,通过实验，探究并了解金属导体的电阻与材料、长度和横截面积的定量关系。会测量金属丝的电阻率。,28,"{""min"": ""G10"", ""max"": ""G12""}",ai-reviewed,[],deterministic-screen-only,not-adjudicated,anchors/gaozhong-物理.jsonl:20
ca_dv8A5JYF,物理,会测量电源的电动势和内阻,理解闭合电路欧姆定律。会测量电源的电动势和内阻。,28,"{""min"": ""G10"", ""max"": ""G12""}",ai-reviewed,[],deterministic-screen-only,not-adjudicated,anchors/gaozhong-物理.jsonl:21
ca_tqRxJNk7,物理,能用焦耳定律解释生产生活中的电热现象,理解电功、电功率及焦耳定律，能用焦耳定律解释生产生活中的电热现象。,28,"{""min"": ""G10"", ""max"": ""G12""}",ai-reviewed,[],deterministic-screen-only,not-adjudicated,anchors/gaozhong-物理.jsonl:22
ca_HAhzqJtY,物理,能分析和解决家庭电路中的简单问题,能分析和解决家庭电路中的简单问题，能将安全用电和节约用电的知识应用于生活实际。,28,"{""min"": ""G10"", ""max"": ""G12""}",ai-reviewed,[],deterministic-screen-only,not-adjudicated,anchors/gaozhong-物理.jsonl:23
ca_zyLVFWAQ,物理,能将安全用电和节约用电的知识应用于生活实际,能分析和解决家庭电路中的简单问题，能将安全用电和节约用电的知识应用于生活实际。,28,"{""min"": ""G10"", ""max"": ""G12""}",disputed,"[""A02""]",deterministic-screen-only,not-adjudicated,anchors/gaozhong-物理.jsonl:24
ca_PKMP8gCc,物理,能知道光是一种电磁波,知道光是一种电磁波。知道光的能量是不连续的。初步了解微观世界的量子化特征。,30,"{""min"": ""G10"", ""max"": ""G12""}",ai-reviewed,[],deterministic-screen-only,not-adjudicated,anchors/gaozhong-物理.jsonl:25
ca_njA7aD8K,物理,能知道光的能量是不连续的,知道光是一种电磁波。知道光的能量是不连续的。初步了解微观世界的量子化特征。,30,"{""min"": ""G10"", ""max"": ""G12""}",ai-reviewed,[],deterministic-screen-only,not-adjudicated,anchors/gaozhong-物理.jsonl:26
ca_MZDnpiMy,物理,能用公式和图像描述简谐运动,通过实验，认识简谐运动的特征。能用公式和图像描述简谐运动。,34,"{""min"": ""G10"", ""max"": ""G12""}",ai-reviewed,[],deterministic-screen-only,not-adjudicated,anchors/gaozhong-物理.jsonl:28
ca_39snaGkS,物理,会用单摆测量重力加速度的大小,通过实验，探究单摆的周期与摆长的定量关系。知道单摆周期与摆长、重力加速度的关系。会用单摆测量重力加速度的大小。,34,"{""min"": ""G10"", ""max"": ""G12""}",ai-reviewed,[],deterministic-screen-only,not-adjudicated,anchors/gaozhong-物理.jsonl:29
ca_kVAY6gAr,物理,能用图像描述横波,通过观察，认识波的特征。能区别横波和纵波。能用图像描述横波。理解波速、波长和频率的关系。,34,"{""min"": ""G10"", ""max"": ""G12""}",ai-reviewed,[],deterministic-screen-only,not-adjudicated,anchors/gaozhong-物理.jsonl:30
ca_uCvCDRbc,物理,能解释多普勒效应产生的原因,通过实验，认识多普勒效应。能解释多普勒效应产生的原因。能列举多普勒效应的应用实例。,34,"{""min"": ""G10"", ""max"": ""G12""}",ai-reviewed,[],deterministic-screen-only,not-adjudicated,anchors/gaozhong-物理.jsonl:31
ca_8KJJRe8d,物理,能列举多普勒效应的应用实例,通过实验，认识多普勒效应。能解释多普勒效应产生的原因。能列举多普勒效应的应用实例。,34,"{""min"": ""G10"", ""max"": ""G12""}",ai-reviewed,[],deterministic-screen-only,not-adjudicated,anchors/gaozhong-物理.jsonl:32
ca_HqTB3URj,物理,会测量材料的折射率,通过实验，理解光的折射定律。会测量材料的折射率。,34,"{""min"": ""G10"", ""max"": ""G12""}",ai-reviewed,[],deterministic-screen-only,not-adjudicated,anchors/gaozhong-物理.jsonl:33
ca_rYj6Bh3Q,物理,会用双缝干涉实验测量光的波长,观察光的干涉、衍射和偏振现象，了解这些现象产生的条件，知道其在生产生活中的应用。知道光是横波，会用双缝干涉实验测量光的波长。,35,"{""min"": ""G10"", ""max"": ""G12""}",ai-reviewed,[],deterministic-screen-only,not-adjudicated,anchors/gaozhong-物理.jsonl:34
ca_GWi7Q7wr,物理,能判断安培力的方向,通过实验，认识安培力。能判断安培力的方向，会计算安培力的大小。了解安培力在生产生活中的应用。,37,"{""min"": ""G10"", ""max"": ""G12""}",ai-reviewed,[],deterministic-screen-only,not-adjudicated,anchors/gaozhong-物理.jsonl:35
ca_SpDLAtBt,物理,会计算安培力的大小,通过实验，认识安培力。能判断安培力的方向，会计算安培力的大小。了解安培力在生产生活中的应用。,37,"{""min"": ""G10"", ""max"": ""G12""}",ai-reviewed,[],deterministic-screen-only,not-adjudicated,anchors/gaozhong-物理.jsonl:36
ca_7kLqBssk,物理,能判断洛伦兹力的方向,通过实验，认识洛伦兹力。能判断洛伦兹力的方向，会计算洛伦兹力的大小。,37,"{""min"": ""G10"", ""max"": ""G12""}",ai-reviewed,[],deterministic-screen-only,not-adjudicated,anchors/gaozhong-物理.jsonl:37
ca_B3uJUCtK,物理,会计算洛伦兹力的大小,通过实验，认识洛伦兹力。能判断洛伦兹力的方向，会计算洛伦兹力的大小。,37,"{""min"": ""G10"", ""max"": ""G12""}",ai-reviewed,[],deterministic-screen-only,not-adjudicated,anchors/gaozhong-物理.jsonl:38
ca_BrZFrpwX,物理,能用洛伦兹力分析带电粒子在匀强磁场中的圆周运动,能用洛伦兹力分析带电粒子在匀强磁场中的圆周运动。了解带电粒子在匀强磁场中的偏转及其应用。,37,"{""min"": ""G10"", ""max"": ""G12""}",ai-reviewed,[],deterministic-screen-only,not-adjudicated,anchors/gaozhong-物理.jsonl:39
ca_pYXLc9Uv,物理,能用公式和图像描述正弦交变电流,通过实验，认识交变电流。能用公式和图像描述正弦交变电流。,38,"{""min"": ""G10"", ""max"": ""G12""}",ai-reviewed,[],deterministic-screen-only,not-adjudicated,anchors/gaozhong-物理.jsonl:40
ca_hfZLfYVc,物理,会利用传感器制作简单的自动控制装置,通过实验，了解常见传感器的工作原理。会利用传感器制作简单的自动控制装置。,39,"{""min"": ""G10"", ""max"": ""G12""}",ai-reviewed,[],deterministic-screen-only,not-adjudicated,anchors/gaozhong-物理.jsonl:41
ca_zRmpeyJe,物理,能通过实验，估测油酸分子的大小,通过实验，估测油酸分子的大小。了解分子动理论的基本观点及相关的实验证据。,41,"{""min"": ""G10"", ""max"": ""G12""}",ai-reviewed,[],deterministic-screen-only,not-adjudicated,anchors/gaozhong-物理.jsonl:42
ca_hptkYQHw,物理,能观察并能解释布朗运动,通过实验，了解扩散现象。观察并能解释布朗运动。了解分子运动速率分布的统计规律，知道分子运动速率分布图像的物理意义。,41,"{""min"": ""G10"", ""max"": ""G12""}",ai-reviewed,[],deterministic-screen-only,not-adjudicated,anchors/gaozhong-物理.jsonl:43
ca_vjgiiqYd,物理,能列举生活中的晶体和非晶体,了解固体的微观结构。知道晶体和非晶体的特点。能列举生活中的晶体和非晶体。通过实例，了解液晶的主要性质及其在显示技术中的应用。,41,"{""min"": ""G10"", ""max"": ""G12""}",ai-reviewed,[],deterministic-screen-only,not-adjudicated,anchors/gaozhong-物理.jsonl:44
ca_ri5n4eWT,物理,能用分子动理论和统计观点解释气体压强和气体实验定律,通过实验，了解气体实验定律。知道理想气体模型。能用分子动理论和统计观点解释气体压强和气体实验定律。,42,"{""min"": ""G10"", ""max"": ""G12""}",ai-reviewed,[],deterministic-screen-only,not-adjudicated,anchors/gaozhong-物理.jsonl:45
ca_QJtySSKy,物理,能用能量守恒的观点解释自然现象,理解能量守恒定律，能用能量守恒的观点解释自然现象。体会能量守恒定律是最基本、最普遍的自然规律之一。,42,"{""min"": ""G10"", ""max"": ""G12""}",ai-reviewed,[],deterministic-screen-only,not-adjudicated,anchors/gaozhong-物理.jsonl:46
ca_W7fSQscv,物理,能根据质量数守恒和电荷守恒写出核反应方程,了解原子核的组成和核力的性质。知道四种基本相互作用。能根据质量数守恒和电荷守恒写出核反应方程。,43,"{""min"": ""G10"", ""max"": ""G12""}",ai-reviewed,[],deterministic-screen-only,not-adjudicated,anchors/gaozhong-物理.jsonl:47
ca_Z2UrPrK4,物理,能关注核技术应用对人类生活和社会发展的影响,认识原子核的结合能，了解核裂变反应和核聚变反应。关注核技术应用对人类生活和社会发展的影响。,43,"{""min"": ""G10"", ""max"": ""G12""}",ai-reviewed,[],deterministic-screen-only,not-adjudicated,anchors/gaozhong-物理.jsonl:48
ca_fv22cBc2,物理,能根据实验结论说明光的波粒二象性,通过实验，了解光电效应现象。知道爱因斯坦光电效应方程及其意义。能根据实验结论说明光的波粒二象性。,43,"{""min"": ""G10"", ""max"": ""G12""}",ai-reviewed,[],deterministic-screen-only,not-adjudicated,anchors/gaozhong-物理.jsonl:49
ca_ujrLZh3f,物理,能比较对宏观物体与微观粒子运动特点描述的差异,比较对宏观物体与微观粒子运动特点描述的差异。,50,"{""min"": ""G10"", ""max"": ""G12""}",ai-reviewed,[],deterministic-screen-only,not-adjudicated,anchors/gaozhong-物理.jsonl:50
ca_hNGPG9rs,物理,能解释长度收缩效应和时间延缓效应,能利用公式，解释长度收缩效应和时间延缓效应。,50,"{""min"": ""G10"", ""max"": ""G12""}",ai-reviewed,[],deterministic-screen-only,not-adjudicated,anchors/gaozhong-物理.jsonl:51
ca_57ShRbnX,物理,能说出一些所学的简单的物理模型,能说出一些所学的简单的物理模型；知道得出结论需要科学推理；能区别观点和证据；知道质疑和创新的重要性。,55,"{""min"": ""G10"", ""max"": ""G12""}",disputed,"[""A02"", ""A07""]",deterministic-screen-only,not-adjudicated,anchors/gaozhong-物理.jsonl:52
ca_KnRfZ5ZR,物理,能在他人指导下使用所学的简单的器材收集数据,具有问题意识；能在他人指导下使用所学的简单的器材收集数据；能对数据进行初步整理；具有与他人交流成果、讨论问题的意识。,55,"{""min"": ""G10"", ""max"": ""G12""}",disputed,"[""A02"", ""A07""]",deterministic-screen-only,not-adjudicated,anchors/gaozhong-物理.jsonl:53
ca_NkNC4ycm,物理,能具有与他人交流成果、讨论问题的意识,具有问题意识；能在他人指导下使用所学的简单的器材收集数据；能对数据进行初步整理；具有与他人交流成果、讨论问题的意识。,55,"{""min"": ""G10"", ""max"": ""G12""}",disputed,"[""A02"", ""A07""]",deterministic-screen-only,not-adjudicated,anchors/gaozhong-物理.jsonl:54
ca_cHsJfkLA,物理,能解释简单的自然现象，解决简单的实际问题,了解所学的物理概念和规律，能解释简单的自然现象，解决简单的实际问题。,55,"{""min"": ""G10"", ""max"": ""G12""}",disputed,"[""A02"", ""A07""]",deterministic-screen-only,not-adjudicated,anchors/gaozhong-物理.jsonl:55
ca_Rfm3mvVt,物理,能在熟悉的问题情境中应用所学的常见的物理模型,能在熟悉的问题情境中应用所学的常见的物理模型；能对比较简单的物理问题进行分析和推理，获得结论；能使用简单和直接的证据表达自己的观点；具有质疑和创新的意识。,55,"{""min"": ""G10"", ""max"": ""G12""}",disputed,"[""A02"", ""A07""]",deterministic-screen-only,not-adjudicated,anchors/gaozhong-物理.jsonl:56
ca_yuHUESqN,物理,能对比较简单的物理问题进行分析和推理，获得结论,能在熟悉的问题情境中应用所学的常见的物理模型；能对比较简单的物理问题进行分析和推理，获得结论；能使用简单和直接的证据表达自己的观点；具有质疑和创新的意识。,55,"{""min"": ""G10"", ""max"": ""G12""}",disputed,"[""A02"", ""A07""]",deterministic-screen-only,not-adjudicated,anchors/gaozhong-物理.jsonl:57
ca_6ZFZ4EtE,物理,能使用简单和直接的证据表达自己的观点,能在熟悉的问题情境中应用所学的常见的物理模型；能对比较简单的物理问题进行分析和推理，获得结论；能使用简单和直接的证据表达自己的观点；具有质疑和创新的意识。,55,"{""min"": ""G10"", ""max"": ""G12""}",disputed,"[""A02"", ""A07""]",deterministic-screen-only,not-adjudicated,anchors/gaozhong-物理.jsonl:58
ca_G5JidvuZ,物理,能观察物理现象，提出物理问题,能观察物理现象，提出物理问题；能根据已有的科学探究方案，使用所学的基本的器材获得数据；能对数据进行整理，得到初步的结论；能撰写简单的报告，陈述科学探究过程和结果。,55,"{""min"": ""G10"", ""max"": ""G12""}",disputed,"[""A02"", ""A07""]",deterministic-screen-only,not-adjudicated,anchors/gaozhong-物理.jsonl:59
ca_Np4H39Nr,物理,能根据已有的科学探究方案，使用所学的基本的器材获得数据,能观察物理现象，提出物理问题；能根据已有的科学探究方案，使用所学的基本的器材获得数据；能对数据进行整理，得到初步的结论；能撰写简单的报告，陈述科学探究过程和结果。,55,"{""min"": ""G10"", ""max"": ""G12""}",disputed,"[""A02"", ""A07""]",deterministic-screen-only,not-adjudicated,anchors/gaozhong-物理.jsonl:60
ca_7SxDCPmK,物理,能对数据进行整理，得到初步的结论,能观察物理现象，提出物理问题；能根据已有的科学探究方案，使用所学的基本的器材获得数据；能对数据进行整理，得到初步的结论；能撰写简单的报告，陈述科学探究过程和结果。,55,"{""min"": ""G10"", ""max"": ""G12""}",disputed,"[""A02"", ""A07""]",deterministic-screen-only,not-adjudicated,anchors/gaozhong-物理.jsonl:61
ca_P37WJTje,物理,能撰写简单的报告，陈述科学探究过程和结果,能观察物理现象，提出物理问题；能根据已有的科学探究方案，使用所学的基本的器材获得数据；能对数据进行整理，得到初步的结论；能撰写简单的报告，陈述科学探究过程和结果。,55,"{""min"": ""G10"", ""max"": ""G12""}",llm-proposed,"[""A03"", ""A07""]",deterministic-screen-only,not-adjudicated,anchors/gaozhong-物理.jsonl:62
ca_9CvMRRUm,物理,能解释自然现象，解决实际问题,了解所学的物理概念和规律及其相互关系，能解释自然现象，解决实际问题。,56,"{""min"": ""G10"", ""max"": ""G12""}",disputed,"[""A02"", ""A07""]",deterministic-screen-only,not-adjudicated,anchors/gaozhong-物理.jsonl:63
ca_w86gY2XS,物理,能在熟悉的问题情境中根据需要选用所学的恰当的模型解决简单的物理问题,能在熟悉的问题情境中根据需要选用所学的恰当的模型解决简单的物理问题；能对常见的物理问题进行分析，通过推理，获得结论并作出解释；能恰当使用证据表达自己的观点；能对已有观点提出质疑，从不同角度思考物理问题。,56,"{""min"": ""G10"", ""max"": ""G12""}",disputed,"[""A02"", ""A07""]",deterministic-screen-only,not-adjudicated,anchors/gaozhong-物理.jsonl:64
ca_pTJK36kw,物理,能恰当使用证据表达自己的观点,能在熟悉的问题情境中根据需要选用所学的恰当的模型解决简单的物理问题；能对常见的物理问题进行分析，通过推理，获得结论并作出解释；能恰当使用证据表达自己的观点；能对已有观点提出质疑，从不同角度思考物理问题。,56,"{""min"": ""G10"", ""max"": ""G12""}",disputed,"[""A02"", ""A07""]",deterministic-screen-only,not-adjudicated,anchors/gaozhong-物理.jsonl:65
ca_PpnVmhVZ,物理,能对已有观点提出质疑,能在熟悉的问题情境中根据需要选用所学的恰当的模型解决简单的物理问题；能对常见的物理问题进行分析，通过推理，获得结论并作出解释；能恰当使用证据表达自己的观点；能对已有观点提出质疑，从不同角度思考物理问题。,56,"{""min"": ""G10"", ""max"": ""G12""}",disputed,"[""A02"", ""A07""]",deterministic-screen-only,not-adjudicated,anchors/gaozhong-物理.jsonl:66
ca_5zpLY4af,物理,能分析物理现象，提出可探究的物理问题，作出初步的猜想,能分析物理现象，提出可探究的物理问题，作出初步的猜想；能在他人帮助下制订科学探究方案，使用基本的器材获得数据；能分析数据，发现特点，形成结论，尝试用已有的物理知识进行解释；能撰写实验报告，用学过的物理术语、图表等交流科学探究过程和结果。,56,"{""min"": ""G10"", ""max"": ""G12""}",disputed,"[""A02"", ""A07""]",deterministic-screen-only,not-adjudicated,anchors/gaozhong-物理.jsonl:67
ca_UrKVjnX8,物理,能在他人帮助下制订科学探究方案，使用基本的器材获得数据,能分析物理现象，提出可探究的物理问题，作出初步的猜想；能在他人帮助下制订科学探究方案，使用基本的器材获得数据；能分析数据，发现特点，形成结论，尝试用已有的物理知识进行解释；能撰写实验报告，用学过的物理术语、图表等交流科学探究过程和结果。,56,"{""min"": ""G10"", ""max"": ""G12""}",disputed,"[""A02"", ""A07""]",deterministic-screen-only,not-adjudicated,anchors/gaozhong-物理.jsonl:68
ca_b7Pv6rVe,物理,能撰写实验报告，用学过的物理术语、图表等交流科学探究过程和结果,能分析物理现象，提出可探究的物理问题，作出初步的猜想；能在他人帮助下制订科学探究方案，使用基本的器材获得数据；能分析数据，发现特点，形成结论，尝试用已有的物理知识进行解释；能撰写实验报告，用学过的物理术语、图表等交流科学探究过程和结果。,56,"{""min"": ""G10"", ""max"": ""G12""}",disputed,"[""A02"", ""A07""]",deterministic-screen-only,not-adjudicated,anchors/gaozhong-物理.jsonl:69
ca_FRgazW7S,物理,能做到实事求是，在合作中能尊重他人,认识到物理研究是建立在观察和实验基础上的一项创造性工作；有较强的学习和研究物理的兴趣，能做到实事求是，在合作中能尊重他人；认识到物理研究与应用应考虑道德与规范的要求，认识到人类在保护环境和促进可持续发展方面的责任。,56,"{""min"": ""G10"", ""max"": ""G12""}",disputed,"[""A02"", ""A07""]",deterministic-screen-only,not-adjudicated,anchors/gaozhong-物理.jsonl:70
ca_QrAQLA7K,物理,能正确解释自然现象，综合应用所学的物理知识解决实际问题,理解所学的物理概念和规律及其相互关系，能正确解释自然现象，综合应用所学的物理知识解决实际问题。,56,"{""min"": ""G10"", ""max"": ""G12""}",disputed,"[""A02"", ""A07""]",deterministic-screen-only,not-adjudicated,anchors/gaozhong-物理.jsonl:71
ca_tiZmYNCW,物理,能恰当使用证据证明物理结论,能将实际问题中的对象和过程转换成所学的物理模型；能对综合性物理问题进行分析和推理，获得结论并作出解释；能恰当使用证据证明物理结论；能对已有结论提出有依据的质疑，采用不同方式分析解决物理问题。,56,"{""min"": ""G10"", ""max"": ""G12""}",disputed,"[""A02"", ""A07""]",deterministic-screen-only,not-adjudicated,anchors/gaozhong-物理.jsonl:72
ca_D7EBHqPk,物理,能对已有结论提出有依据的质疑，采用不同方式分析解决物理问题,能将实际问题中的对象和过程转换成所学的物理模型；能对综合性物理问题进行分析和推理，获得结论并作出解释；能恰当使用证据证明物理结论；能对已有结论提出有依据的质疑，采用不同方式分析解决物理问题。,56,"{""min"": ""G10"", ""max"": ""G12""}",disputed,"[""A02"", ""A07""]",deterministic-screen-only,not-adjudicated,anchors/gaozhong-物理.jsonl:73
ca_KADt94LT,物理,能分析相关事实或结论，提出并准确表述可探究的物理问题，作出有依据的假设,能分析相关事实或结论，提出并准确表述可探究的物理问题，作出有依据的假设；能制订科学探究方案，选用合适的器材获得数据；能分析数据，发现其中规律，形成合理的结论，用已有的物理知识进行解释；能撰写完整的实验报告，对科学探究过程与结果进行交流和反思。,56,"{""min"": ""G10"", ""max"": ""G12""}",disputed,"[""A02"", ""A07""]",deterministic-screen-only,not-adjudicated,anchors/gaozhong-物理.jsonl:74
ca_sVHK2XKK,物理,能撰写完整的实验报告，对科学探究过程与结果进行交流和反思,能分析相关事实或结论，提出并准确表述可探究的物理问题，作出有依据的假设；能制订科学探究方案，选用合适的器材获得数据；能分析数据，发现其中规律，形成合理的结论，用已有的物理知识进行解释；能撰写完整的实验报告，对科学探究过程与结果进行交流和反思。,56,"{""min"": ""G10"", ""max"": ""G12""}",disputed,"[""A02"", ""A07""]",deterministic-screen-only,not-adjudicated,anchors/gaozhong-物理.jsonl:75
ca_LDShgCj6,物理,能有学习和研究物理的内在动机，坚持实事求是，在合作中既能坚持观点又能修正错误,认识到物理研究是一种对自然现象进行抽象的创造性工作；有学习和研究物理的内在动机，坚持实事求是，在合作中既能坚持观点又能修正错误；能依据普遍接受的道德与规范认识和评价物理研究与应用，具有保护环境、节约资源、促进可持续发展的责任感。,56,"{""min"": ""G10"", ""max"": ""G12""}",disputed,"[""A02"", ""A07""]",deterministic-screen-only,not-adjudicated,anchors/gaozhong-物理.jsonl:76
ca_tQiFtAS5,物理,能正确解释自然现象,能清晰、系统地理解物理概念和规律，能正确解释自然现象，能综合应用所学的物理知识灵活解决实际问题。,57,"{""min"": ""G10"", ""max"": ""G12""}",disputed,"[""A02"", ""A07""]",deterministic-screen-only,not-adjudicated,anchors/gaozhong-物理.jsonl:77
ca_Wihx6kBv,物理,能综合应用所学的物理知识灵活解决实际问题,能清晰、系统地理解物理概念和规律，能正确解释自然现象，能综合应用所学的物理知识灵活解决实际问题。,57,"{""min"": ""G10"", ""max"": ""G12""}",disputed,"[""A02"", ""A07""]",deterministic-screen-only,not-adjudicated,anchors/gaozhong-物理.jsonl:78
ca_VHJqcqz7,物理,能考虑证据的可靠性，合理使用证据,能将较复杂的实际问题中的对象和过程转换成物理模型；能在新的情境中对综合性物理问题进行分析和推理，获得正确结论并作出解释；能考虑证据的可靠性，合理使用证据；能从多个视角审视检验结论，解决物理问题具有一定的新颖性。,57,"{""min"": ""G10"", ""max"": ""G12""}",disputed,"[""A02"", ""A07""]",deterministic-screen-only,not-adjudicated,anchors/gaozhong-物理.jsonl:79
ca_AR5vL6k4,物理,能从多个视角审视检验结论，解决物理问题具有一定的新颖性,能将较复杂的实际问题中的对象和过程转换成物理模型；能在新的情境中对综合性物理问题进行分析和推理，获得正确结论并作出解释；能考虑证据的可靠性，合理使用证据；能从多个视角审视检验结论，解决物理问题具有一定的新颖性。,57,"{""min"": ""G10"", ""max"": ""G12""}",disputed,"[""A02"", ""A07""]",deterministic-screen-only,not-adjudicated,anchors/gaozhong-物理.jsonl:80
ca_qAxdDpdP,物理,能面对真实情境，从不同角度提出并准确表述可探究的物理问题，作出科学假设,能面对真实情境，从不同角度提出并准确表述可探究的物理问题，作出科学假设；能制订有一定新意的科学探究方案，灵活选用合适的器材获得数据；能用多种方法分析数据，发现规律，形成合理的结论，用已有物理知识作出科学解释；能撰写完整规范的科学探究报告，交流、反思科学探究过程与结果。,57,"{""min"": ""G10"", ""max"": ""G12""}",disputed,"[""A02"", ""A07""]",deterministic-screen-only,not-adjudicated,anchors/gaozhong-物理.jsonl:81
ca_bNBqLvt7,物理,能交流、反思科学探究过程与结果,能面对真实情境，从不同角度提出并准确表述可探究的物理问题，作出科学假设；能制订有一定新意的科学探究方案，灵活选用合适的器材获得数据；能用多种方法分析数据，发现规律，形成合理的结论，用已有物理知识作出科学解释；能撰写完整规范的科学探究报告，交流、反思科学探究过程与结果。,57,"{""min"": ""G10"", ""max"": ""G12""}",disputed,"[""A02"", ""A07""]",deterministic-screen-only,not-adjudicated,anchors/gaozhong-物理.jsonl:82
ca_pmQR2hjU,物理,能自觉抵制违反实事求是的行为，在交流中既能主动参与又能发挥团队作用,认识到物理学是人类认识自然的方式之一，是不断发展的，具有相对持久性和普适性，但同时也存在局限性；有较强的学习和研究物理的内在动机，能自觉抵制违反实事求是的行为，在交流中既能主动参与又能发挥团队作用；在进行物理研究和应用物理成果时，能自觉遵守普遍接受的道德与规范，养成保护环境、节约资源、促进可持续发展的良好习惯。,57,"{""min"": ""G10"", ""max"": ""G12""}",disputed,"[""A02"", ""A07""]",deterministic-screen-only,not-adjudicated,anchors/gaozhong-物理.jsonl:83
ca_gVXcPVgc,物理,能在进行物理研究和应用物理成果时,认识到物理学是人类认识自然的方式之一，是不断发展的，具有相对持久性和普适性，但同时也存在局限性；有较强的学习和研究物理的内在动机，能自觉抵制违反实事求是的行为，在交流中既能主动参与又能发挥团队作用；在进行物理研究和应用物理成果时，能自觉遵守普遍接受的道德与规范，养成保护环境、节约资源、促进可持续发展的良好习惯。,57,"{""min"": ""G10"", ""max"": ""G12""}",disputed,"[""A02"", ""A07""]",deterministic-screen-only,not-adjudicated,anchors/gaozhong-物理.jsonl:84
ca_REiiBkpY,生物学,能举例说出无机盐在细胞内含量虽少，但与生命活动密切相关,举例说出无机盐在细胞内含量虽少，但与生命活动密切相关,21,"{""min"": ""G10"", ""max"": ""G12""}",ai-reviewed,[],deterministic-screen-only,not-adjudicated,anchors/gaozhong-生物学.jsonl:1
ca_57SUvBDS,生物学,能举例说出不同种类的脂质对维持细胞结构和功能有重要作用,举例说出不同种类的脂质对维持细胞结构和功能有重要作用,21,"{""min"": ""G10"", ""max"": ""G12""}",ai-reviewed,[],deterministic-screen-only,not-adjudicated,anchors/gaozhong-生物学.jsonl:2
ca_S2i2J2m5,生物学,能举例说明细胞各部分结构之间相互联系、协调一致，共同执行细胞的各项生命活动,举例说明细胞各部分结构之间相互联系、协调一致，共同执行细胞的各项生命活动,22,"{""min"": ""G10"", ""max"": ""G12""}",ai-reviewed,[],deterministic-screen-only,not-adjudicated,anchors/gaozhong-生物学.jsonl:3
ca_84GYbtTf,生物学,能举例说明有些物质顺浓度梯度进出细胞，不需要额外提供能量,举例说明有些物质顺浓度梯度进出细胞，不需要额外提供能量；有些物质逆浓度梯度进出细胞，需要能量和载体蛋白,22,"{""min"": ""G10"", ""max"": ""G12""}",ai-reviewed,[],deterministic-screen-only,not-adjudicated,anchors/gaozhong-生物学.jsonl:4
ca_8ptTZD59,生物学,能举例说明大分子物质可以通过胞吞、胞吐进出细胞,举例说明大分子物质可以通过胞吞、胞吐进出细胞,22,"{""min"": ""G10"", ""max"": ""G12""}",ai-reviewed,[],deterministic-screen-only,not-adjudicated,anchors/gaozhong-生物学.jsonl:5
ca_9TN8pkdi,生物学,能解释 ATP是驱动细胞生命活动的直接能源物质,解释 ATP是驱动细胞生命活动的直接能源物质,22,"{""min"": ""G10"", ""max"": ""G12""}",ai-reviewed,[],deterministic-screen-only,not-adjudicated,anchors/gaozhong-生物学.jsonl:6
ca_vbBagnsz,生物学,能描述细胞通过不同的方式进行分裂，其中有丝分裂保证了遗传信息在亲代和子代细胞中的一致性,描述细胞通过不同的方式进行分裂，其中有丝分裂保证了遗传信息在亲代和子代细胞中的一致性,23,"{""min"": ""G10"", ""max"": ""G12""}",ai-reviewed,"[""A09""]",deterministic-screen-only,not-adjudicated,anchors/gaozhong-生物学.jsonl:7
ca_PJrBf6c3,生物学,能描述在正常情况下，细胞衰老和死亡是一种自然的生理过程,描述在正常情况下，细胞衰老和死亡是一种自然的生理过程,23,"{""min"": ""G10"", ""max"": ""G12""}",ai-reviewed,[],deterministic-screen-only,not-adjudicated,anchors/gaozhong-生物学.jsonl:8
ca_PCeiYDKs,生物学,会导致控制不同性状的基因重组，从而使子代出现变异,阐明进行有性生殖的生物在减数分裂过程中，染色体所发生的自由组合和交叉互换，会导致控制不同性状的基因重组，从而使子代出现变异,26,"{""min"": ""G10"", ""max"": ""G12""}",ai-reviewed,[],deterministic-screen-only,not-adjudicated,anchors/gaozhong-生物学.jsonl:9
ca_DGHYxm2a,生物学,能举例说明染色体结构和数量的变异都可能导致生物性状的改变甚至死亡,举例说明染色体结构和数量的变异都可能导致生物性状的改变甚至死亡,26,"{""min"": ""G10"", ""max"": ""G12""}",ai-reviewed,"[""A09""]",deterministic-screen-only,not-adjudicated,anchors/gaozhong-生物学.jsonl:10
ca_JdgTFv43,生物学,能尝试通过化石记录、比较解剖学和胚胎学等事实,尝试通过化石记录、比较解剖学和胚胎学等事实，说明当今生物具有共同的祖先,26,"{""min"": ""G10"", ""max"": ""G12""}",ai-reviewed,[],deterministic-screen-only,not-adjudicated,anchors/gaozhong-生物学.jsonl:12
ca_pXdUbewk,生物学,能说明当今生物具有共同的祖先,尝试通过化石记录、比较解剖学和胚胎学等事实，说明当今生物具有共同的祖先,26,"{""min"": ""G10"", ""max"": ""G12""}",ai-reviewed,[],deterministic-screen-only,not-adjudicated,anchors/gaozhong-生物学.jsonl:13
ca_cEsRY8FA,生物学,能说明当今生物在新陈代谢、DNA的结构与功能等方面具有许多共同特征,尝试通过细胞生物学和分子生物学等知识，说明当今生物在新陈代谢、DNA的结构与功能等方面具有许多共同特征,26,"{""min"": ""G10"", ""max"": ""G12""}",ai-reviewed,[],deterministic-screen-only,not-adjudicated,anchors/gaozhong-生物学.jsonl:15
ca_L5zxuVPf,生物学,能举例说明种群内的某些可遗传变异将赋予个体在特定环境中的生存和繁殖优势,举例说明种群内的某些可遗传变异将赋予个体在特定环境中的生存和繁殖优势,26,"{""min"": ""G10"", ""max"": ""G12""}",ai-reviewed,[],deterministic-screen-only,not-adjudicated,anchors/gaozhong-生物学.jsonl:16
ca_xh5eTdQV,生物学,能举例说明机体不同器官、系统协调统一地共同完成各项生命活动，是维持内环境稳态的基础,举例说明机体不同器官、系统协调统一地共同完成各项生命活动，是维持内环境稳态的基础,29,"{""min"": ""G10"", ""max"": ""G12""}",ai-reviewed,[],deterministic-screen-only,not-adjudicated,anchors/gaozhong-生物学.jsonl:17
ca_KsdahWw8,生物学,能举例说明中枢神经系统通过自主神经来调节内脏的活动,举例说明中枢神经系统通过自主神经来调节内脏的活动,29,"{""min"": ""G10"", ""max"": ""G12""}",ai-reviewed,[],deterministic-screen-only,not-adjudicated,anchors/gaozhong-生物学.jsonl:18
ca_ZUzUHwcw,生物学,能举例说明激素通过分级调节、反馈调节等机制维持机体的稳态，如甲状腺激素分泌的调节和血糖平衡的调节等,举例说明激素通过分级调节、反馈调节等机制维持机体的稳态，如甲状腺激素分泌的调节和血糖平衡的调节等,30,"{""min"": ""G10"", ""max"": ""G12""}",ai-reviewed,"[""A09""]",deterministic-screen-only,not-adjudicated,anchors/gaozhong-生物学.jsonl:19
ca_nf6M3pxR,生物学,能举例说出神经调节与体液调节相互协调共同维持机体的稳态，如体温调节和水盐平衡的调节等,举例说出神经调节与体液调节相互协调共同维持机体的稳态，如体温调节和水盐平衡的调节等,30,"{""min"": ""G10"", ""max"": ""G12""}",ai-reviewed,[],deterministic-screen-only,not-adjudicated,anchors/gaozhong-生物学.jsonl:20
ca_tCvGSiAt,生物学,能举例说明其他体液成分参与稳态的调节，如二氧化碳对呼吸运动的调节等,举例说明其他体液成分参与稳态的调节，如二氧化碳对呼吸运动的调节等,30,"{""min"": ""G10"", ""max"": ""G12""}",ai-reviewed,[],deterministic-screen-only,not-adjudicated,anchors/gaozhong-生物学.jsonl:21
ca_qsCtJkvj,生物学,能举例说明免疫细胞、免疫器官和免疫活性物质等是免疫调节的结构与物质基础,举例说明免疫细胞、免疫器官和免疫活性物质等是免疫调节的结构与物质基础,30,"{""min"": ""G10"", ""max"": ""G12""}",ai-reviewed,[],deterministic-screen-only,not-adjudicated,anchors/gaozhong-生物学.jsonl:22
ca_TknqQi3d,生物学,能尝试建立数学模型解释种群的数量变动,尝试建立数学模型解释种群的数量变动,33,"{""min"": ""G10"", ""max"": ""G12""}",ai-reviewed,[],deterministic-screen-only,not-adjudicated,anchors/gaozhong-生物学.jsonl:23
ca_y8Ctiegg,生物学,能举例说明阳光、温度和水等非生物因素以及不同物种之间的相互作用都会影响生物的种群特征,举例说明阳光、温度和水等非生物因素以及不同物种之间的相互作用都会影响生物的种群特征,33,"{""min"": ""G10"", ""max"": ""G12""}",ai-reviewed,"[""A09""]",deterministic-screen-only,not-adjudicated,anchors/gaozhong-生物学.jsonl:24
ca_BMiax3bs,生物学,能描述群落具有垂直结构和水平结构等特征，并可随时间而改变,描述群落具有垂直结构和水平结构等特征，并可随时间而改变,33,"{""min"": ""G10"", ""max"": ""G12""}",ai-reviewed,"[""A09""]",deterministic-screen-only,not-adjudicated,anchors/gaozhong-生物学.jsonl:25
ca_iBqRtfb6,生物学,能分析不同群落中的生物具有与该群落环境相适应的形态结构、生理特征和分布特点,分析不同群落中的生物具有与该群落环境相适应的形态结构、生理特征和分布特点,33,"{""min"": ""G10"", ""max"": ""G12""}",ai-reviewed,"[""A09""]",deterministic-screen-only,not-adjudicated,anchors/gaozhong-生物学.jsonl:26
ca_k6k8rH8x,生物学,能分析生态系统中的物质在生物群落与无机环境之间不断循环、能量在生物群落中单向流动并逐级递减的规律,分析生态系统中的物质在生物群落与无机环境之间不断循环、能量在生物群落中单向流动并逐级递减的规律,33,"{""min"": ""G10"", ""max"": ""G12""}",ai-reviewed,"[""A09""]",deterministic-screen-only,not-adjudicated,anchors/gaozhong-生物学.jsonl:27
ca_ZNeEbCz3,生物学,能举例说明利用物质循环和能量流动规律，人们能够更加科学、有效地利用生态系统中的资源,举例说明利用物质循环和能量流动规律，人们能够更加科学、有效地利用生态系统中的资源,33,"{""min"": ""G10"", ""max"": ""G12""}",ai-reviewed,[],deterministic-screen-only,not-adjudicated,anchors/gaozhong-生物学.jsonl:28
ca_dyVSmcTf,生物学,能解释生态金字塔表征了食物网各营养级之间在个体数量、生物量和能量方面的关系,解释生态金字塔表征了食物网各营养级之间在个体数量、生物量和能量方面的关系,34,"{""min"": ""G10"", ""max"": ""G12""}",ai-reviewed,[],deterministic-screen-only,not-adjudicated,anchors/gaozhong-生物学.jsonl:29
ca_LbQewCxN,生物学,能举例说出生态系统中物理、化学和行为信息的传递对生命活动的正常进行、生物种群的繁衍和种间关系的调节起着重要作用,举例说出生态系统中物理、化学和行为信息的传递对生命活动的正常进行、生物种群的繁衍和种间关系的调节起着重要作用,34,"{""min"": ""G10"", ""max"": ""G12""}",ai-reviewed,[],deterministic-screen-only,not-adjudicated,anchors/gaozhong-生物学.jsonl:30
ca_V9AyWcHm,生物学,能分析特定生态系统的生物与非生物因素决定其营养结构,分析特定生态系统的生物与非生物因素决定其营养结构,34,"{""min"": ""G10"", ""max"": ""G12""}",ai-reviewed,[],deterministic-screen-only,not-adjudicated,anchors/gaozhong-生物学.jsonl:31
ca_EkeRTDEK,生物学,能解释生态系统具有保持或恢复自身结构和功能相对稳定，并维持动态平衡的能力,解释生态系统具有保持或恢复自身结构和功能相对稳定，并维持动态平衡的能力,34,"{""min"": ""G10"", ""max"": ""G12""}",ai-reviewed,[],deterministic-screen-only,not-adjudicated,anchors/gaozhong-生物学.jsonl:32
ca_z3deDFYQ,生物学,能够通过自我调节维持稳定,阐明生态系统在受到一定限度的外来干扰时，能够通过自我调节维持稳定,34,"{""min"": ""G10"", ""max"": ""G12""}",ai-reviewed,[],deterministic-screen-only,not-adjudicated,anchors/gaozhong-生物学.jsonl:33
ca_TXLgHwd3,生物学,能举例说明日常生活中的某些食品是运用传统发酵技术生产的,举例说明日常生活中的某些食品是运用传统发酵技术生产的,37,"{""min"": ""G10"", ""max"": ""G12""}",ai-reviewed,[],deterministic-screen-only,not-adjudicated,anchors/gaozhong-生物学.jsonl:34
ca_jGQ6erCL,生物学,能举例说明基因工程在农牧、食品及医药等行业的广泛应用改善了人类的生活品质,举例说明基因工程在农牧、食品及医药等行业的广泛应用改善了人类的生活品质,38,"{""min"": ""G10"", ""max"": ""G12""}",ai-reviewed,[],deterministic-screen-only,not-adjudicated,anchors/gaozhong-生物学.jsonl:35
ca_2HVye9fv,生物学,能举例说出日常生活中的转基因产品,举例说出日常生活中的转基因产品,38,"{""min"": ""G10"", ""max"": ""G12""}",ai-reviewed,[],deterministic-screen-only,not-adjudicated,anchors/gaozhong-生物学.jsonl:36
ca_SaXkCNVW,生物学,能举例说出生殖性克隆人面临的伦理问题,举例说出生殖性克隆人面临的伦理问题,39,"{""min"": ""G10"", ""max"": ""G12""}",ai-reviewed,[],deterministic-screen-only,not-adjudicated,anchors/gaozhong-生物学.jsonl:37
ca_cQDwH3Ai,生物学,能举例说明历史上生物武器对人类造成了严重的威胁与伤害,举例说明历史上生物武器对人类造成了严重的威胁与伤害,39,"{""min"": ""G10"", ""max"": ""G12""}",ai-reviewed,[],deterministic-screen-only,not-adjudicated,anchors/gaozhong-生物学.jsonl:38
ca_TGmeYkxK,生物学,能说出生物体组成结构和功能之间的关系、光合作用和呼吸作用中的物质与能量转换、遗传与变异的物质基础和规律等,能初步以结构与功能观、物质与能量观等观念，说出生物体组成结构和功能之间的关系、光合作用和呼吸作用中的物质与能量转换、遗传与变异的物质基础和规律等；初步运用进化与适应观，说出生物的多样性和统一性；在给定的问题情境中，能以生命观念为指导，分析生命现象，探讨生命活动的规律，设计解决简单问题的方案。,60,"{""min"": ""G10"", ""max"": ""G12""}",disputed,"[""A02"", ""A07""]",deterministic-screen-only,not-adjudicated,anchors/gaozhong-生物学.jsonl:39
ca_TrCjC8vi,生物学,能初步运用进化与适应观,能初步以结构与功能观、物质与能量观等观念，说出生物体组成结构和功能之间的关系、光合作用和呼吸作用中的物质与能量转换、遗传与变异的物质基础和规律等；初步运用进化与适应观，说出生物的多样性和统一性；在给定的问题情境中，能以生命观念为指导，分析生命现象，探讨生命活动的规律，设计解决简单问题的方案。,60,"{""min"": ""G10"", ""max"": ""G12""}",disputed,"[""A02"", ""A07""]",deterministic-screen-only,not-adjudicated,anchors/gaozhong-生物学.jsonl:40
ca_H7mxNzhL,生物学,能说出生物的多样性和统一性,能初步以结构与功能观、物质与能量观等观念，说出生物体组成结构和功能之间的关系、光合作用和呼吸作用中的物质与能量转换、遗传与变异的物质基础和规律等；初步运用进化与适应观，说出生物的多样性和统一性；在给定的问题情境中，能以生命观念为指导，分析生命现象，探讨生命活动的规律，设计解决简单问题的方案。,60,"{""min"": ""G10"", ""max"": ""G12""}",disputed,"[""A02"", ""A07""]",deterministic-screen-only,not-adjudicated,anchors/gaozhong-生物学.jsonl:41
ca_VCJcdExH,生物学,能分析生命现象，探讨生命活动的规律,能初步以结构与功能观、物质与能量观等观念，说出生物体组成结构和功能之间的关系、光合作用和呼吸作用中的物质与能量转换、遗传与变异的物质基础和规律等；初步运用进化与适应观，说出生物的多样性和统一性；在给定的问题情境中，能以生命观念为指导，分析生命现象，探讨生命活动的规律，设计解决简单问题的方案。,60,"{""min"": ""G10"", ""max"": ""G12""}",disputed,"[""A02"", ""A07""]",deterministic-screen-only,not-adjudicated,anchors/gaozhong-生物学.jsonl:42
ca_vvMK29XH,生物学,能设计解决简单问题的方案,能初步以结构与功能观、物质与能量观等观念，说出生物体组成结构和功能之间的关系、光合作用和呼吸作用中的物质与能量转换、遗传与变异的物质基础和规律等；初步运用进化与适应观，说出生物的多样性和统一性；在给定的问题情境中，能以生命观念为指导，分析生命现象，探讨生命活动的规律，设计解决简单问题的方案。,60,"{""min"": ""G10"", ""max"": ""G12""}",disputed,"[""A02"", ""A07""]",deterministic-screen-only,not-adjudicated,anchors/gaozhong-生物学.jsonl:43
ca_eqPyHciq,生物学,能运用结构与功能观、物质与能量观等观念,能运用结构与功能观、物质与能量观等观念，举例说明生物体组成结构和功能之间的关系、光合作用和呼吸作用中的物质与能量转换、遗传与变异的物质基础和规律等；运用进化与适应观举例说明生物的多样性和统一性；在特定的问题情境中，能以生命观念为指导，分析生命现象，探讨生命活动的规律，设计方案解决简单问题。,61,"{""min"": ""G10"", ""max"": ""G12""}",disputed,"[""A02"", ""A07""]",deterministic-screen-only,not-adjudicated,anchors/gaozhong-生物学.jsonl:44
ca_vUerYJZf,生物学,能举例说明生物体组成结构和功能之间的关系、光合作用和呼吸作用中的物质与能量转换、遗传与变异的物质基础和规律等,能运用结构与功能观、物质与能量观等观念，举例说明生物体组成结构和功能之间的关系、光合作用和呼吸作用中的物质与能量转换、遗传与变异的物质基础和规律等；运用进化与适应观举例说明生物的多样性和统一性；在特定的问题情境中，能以生命观念为指导，分析生命现象，探讨生命活动的规律，设计方案解决简单问题。,61,"{""min"": ""G10"", ""max"": ""G12""}",disputed,"[""A02"", ""A07""]",deterministic-screen-only,not-adjudicated,anchors/gaozhong-生物学.jsonl:45
ca_Rz6vrJeM,生物学,能运用进化与适应观举例说明生物的多样性和统一性,能运用结构与功能观、物质与能量观等观念，举例说明生物体组成结构和功能之间的关系、光合作用和呼吸作用中的物质与能量转换、遗传与变异的物质基础和规律等；运用进化与适应观举例说明生物的多样性和统一性；在特定的问题情境中，能以生命观念为指导，分析生命现象，探讨生命活动的规律，设计方案解决简单问题。,61,"{""min"": ""G10"", ""max"": ""G12""}",disputed,"[""A02"", ""A07""]",deterministic-screen-only,not-adjudicated,anchors/gaozhong-生物学.jsonl:46
ca_rnnmnNCH,生物学,能设计方案解决简单问题,能运用结构与功能观、物质与能量观等观念，举例说明生物体组成结构和功能之间的关系、光合作用和呼吸作用中的物质与能量转换、遗传与变异的物质基础和规律等；运用进化与适应观举例说明生物的多样性和统一性；在特定的问题情境中，能以生命观念为指导，分析生命现象，探讨生命活动的规律，设计方案解决简单问题。,61,"{""min"": ""G10"", ""max"": ""G12""}",disputed,"[""A02"", ""A07""]",deterministic-screen-only,not-adjudicated,anchors/gaozhong-生物学.jsonl:47
ca_suGrpntj,生物学,能基于特定的生物学事实，采用归纳与概括、演绎与推理等方法,能基于特定的生物学事实，采用归纳与概括、演绎与推理等方法，以文字、图示的形式，说明分子与细胞、遗传与变异等相关概念的内涵；针对生物学相关问题，能运用科学思维方法展开探讨；在面对有争议的社会议题时，能利用生物学重要概念或原理，通过逻辑推理阐明个人立场。,61,"{""min"": ""G10"", ""max"": ""G12""}",disputed,"[""A02"", ""A07""]",deterministic-screen-only,not-adjudicated,anchors/gaozhong-生物学.jsonl:48
ca_EJm335nq,生物学,能说明分子与细胞、遗传与变异等相关概念的内涵,能基于特定的生物学事实，采用归纳与概括、演绎与推理等方法，以文字、图示的形式，说明分子与细胞、遗传与变异等相关概念的内涵；针对生物学相关问题，能运用科学思维方法展开探讨；在面对有争议的社会议题时，能利用生物学重要概念或原理，通过逻辑推理阐明个人立场。,61,"{""min"": ""G10"", ""max"": ""G12""}",disputed,"[""A02"", ""A07""]",deterministic-screen-only,not-adjudicated,anchors/gaozhong-生物学.jsonl:49
ca_rPKUxXTX,生物学,能提出分子与细胞、遗传与进化等相关的生物学问题,能提出分子与细胞、遗传与进化等相关的生物学问题；能熟练地使用常见的实验器具，制订简单的实验方案或在给出的多个方案中选取恰当的方案并实施，如实记录实验数据，并分析各项数据，得出合理的结论；能与他人合作开展探究活动，规范撰写实验报告，与他人交流所得结果和存在的问题。,61,"{""min"": ""G10"", ""max"": ""G12""}",disputed,"[""A02"", ""A07""]",deterministic-screen-only,not-adjudicated,anchors/gaozhong-生物学.jsonl:50
ca_9455r7ra,生物学,能与他人合作开展探究活动，规范撰写实验报告，与他人交流所得结果和存在的问题,能提出分子与细胞、遗传与进化等相关的生物学问题；能熟练地使用常见的实验器具，制订简单的实验方案或在给出的多个方案中选取恰当的方案并实施，如实记录实验数据，并分析各项数据，得出合理的结论；能与他人合作开展探究活动，规范撰写实验报告，与他人交流所得结果和存在的问题。,61,"{""min"": ""G10"", ""max"": ""G12""}",disputed,"[""A02"", ""A07""]",deterministic-screen-only,not-adjudicated,anchors/gaozhong-生物学.jsonl:51
ca_3p5KLDuK,生物学,能运用结构与功能观、物质与能量观、稳态与平衡观等观念,能运用结构与功能观、物质与能量观、稳态与平衡观等观念，举例说明生物体组成结构和功能之间的关系、遗传与变异的物质基础、稳态的维持和调节机制、生态系统的平衡原理等；运用进化与适应观举例说明生物的多样性和统一性，以及与环境的关系；在特定的问题情境中，能以生命观念为指导，分析生命现象，探讨生命活动的规律；基于上述观念，能综合运用科学、技术、工程学和数学（STEM）知识和能力，设计方案，解决特定问题。,62,"{""min"": ""G10"", ""max"": ""G12""}",disputed,"[""A02"", ""A07""]",deterministic-screen-only,not-adjudicated,anchors/gaozhong-生物学.jsonl:52
ca_rpy5X8jk,生物学,能设计方案，解决特定问题,能运用结构与功能观、物质与能量观、稳态与平衡观等观念，举例说明生物体组成结构和功能之间的关系、遗传与变异的物质基础、稳态的维持和调节机制、生态系统的平衡原理等；运用进化与适应观举例说明生物的多样性和统一性，以及与环境的关系；在特定的问题情境中，能以生命观念为指导，分析生命现象，探讨生命活动的规律；基于上述观念，能综合运用科学、技术、工程学和数学（STEM）知识和能力，设计方案，解决特定问题。,62,"{""min"": ""G10"", ""max"": ""G12""}",disputed,"[""A02"", ""A07""]",deterministic-screen-only,not-adjudicated,anchors/gaozhong-生物学.jsonl:53
ca_BH3WyNN5,生物学,能基于给定的事实和证据，采用归纳与概括、演绎与推理等方法,能基于给定的事实和证据，采用归纳与概括、演绎与推理等方法，以文字、图示或模型的形式，说明分子与细胞、遗传与变异、稳态与调节、生物与环境等相关概念的内涵，举例说明生物工程与技术的原理及其与社会之间的关系；针对生物学相关问题，能运用科学思维方法展开探讨、审视或论证；在面对有争议的社会议题时，能利用生物学重要概念或原理，通过逻辑推理阐明个人立场，作出决策。,62,"{""min"": ""G10"", ""max"": ""G12""}",disputed,"[""A02"", ""A07""]",deterministic-screen-only,not-adjudicated,anchors/gaozhong-生物学.jsonl:54
ca_GCQdZwTD,生物学,能举例说明生物工程与技术的原理及其与社会之间的关系,能基于给定的事实和证据，采用归纳与概括、演绎与推理等方法，以文字、图示或模型的形式，说明分子与细胞、遗传与变异、稳态与调节、生物与环境等相关概念的内涵，举例说明生物工程与技术的原理及其与社会之间的关系；针对生物学相关问题，能运用科学思维方法展开探讨、审视或论证；在面对有争议的社会议题时，能利用生物学重要概念或原理，通过逻辑推理阐明个人立场，作出决策。,62,"{""min"": ""G10"", ""max"": ""G12""}",disputed,"[""A02"", ""A07""]",deterministic-screen-only,not-adjudicated,anchors/gaozhong-生物学.jsonl:55
ca_KAYvkVZR,生物学,能利用生物学重要概念或原理，通过逻辑推理阐明个人立场，作出决策,能基于给定的事实和证据，采用归纳与概括、演绎与推理等方法，以文字、图示或模型的形式，说明分子与细胞、遗传与变异、稳态与调节、生物与环境等相关概念的内涵，举例说明生物工程与技术的原理及其与社会之间的关系；针对生物学相关问题，能运用科学思维方法展开探讨、审视或论证；在面对有争议的社会议题时，能利用生物学重要概念或原理，通过逻辑推理阐明个人立场，作出决策。,62,"{""min"": ""G10"", ""max"": ""G12""}",disputed,"[""A02"", ""A07""]",deterministic-screen-only,not-adjudicated,anchors/gaozhong-生物学.jsonl:56
ca_xRARgU2r,生物学,能设计并实施探究实验方案或工程学实践方案,能够针对特定情境提出可探究的生物学问题或生物工程需求，基于给定的条件，设计并实施探究实验方案或工程学实践方案，运用多种方法如实记录和分析实验结果；能举例说明人类的活动对环境产生的影响，以及生物多样性对生态系统的维持、人类生存和发展的重要意义；能主动合作，推进探究方案或工程实践的实施，并运用科学术语报告实验结果。,62,"{""min"": ""G10"", ""max"": ""G12""}",disputed,"[""A02"", ""A07""]",deterministic-screen-only,not-adjudicated,anchors/gaozhong-生物学.jsonl:57
ca_MtRGqt6g,生物学,能运用多种方法如实记录和分析实验结果,能够针对特定情境提出可探究的生物学问题或生物工程需求，基于给定的条件，设计并实施探究实验方案或工程学实践方案，运用多种方法如实记录和分析实验结果；能举例说明人类的活动对环境产生的影响，以及生物多样性对生态系统的维持、人类生存和发展的重要意义；能主动合作，推进探究方案或工程实践的实施，并运用科学术语报告实验结果。,62,"{""min"": ""G10"", ""max"": ""G12""}",llm-proposed,"[""A03"", ""A07""]",deterministic-screen-only,not-adjudicated,anchors/gaozhong-生物学.jsonl:58
ca_nn8pAZw8,生物学,能举例说明人类的活动对环境产生的影响,能够针对特定情境提出可探究的生物学问题或生物工程需求，基于给定的条件，设计并实施探究实验方案或工程学实践方案，运用多种方法如实记录和分析实验结果；能举例说明人类的活动对环境产生的影响，以及生物多样性对生态系统的维持、人类生存和发展的重要意义；能主动合作，推进探究方案或工程实践的实施，并运用科学术语报告实验结果。,62,"{""min"": ""G10"", ""max"": ""G12""}",llm-proposed,"[""A03"", ""A07""]",deterministic-screen-only,not-adjudicated,anchors/gaozhong-生物学.jsonl:59
ca_CeUtiXYy,生物学,能主动合作，推进探究方案或工程实践的实施，并运用科学术语报告实验结果,能够针对特定情境提出可探究的生物学问题或生物工程需求，基于给定的条件，设计并实施探究实验方案或工程学实践方案，运用多种方法如实记录和分析实验结果；能举例说明人类的活动对环境产生的影响，以及生物多样性对生态系统的维持、人类生存和发展的重要意义；能主动合作，推进探究方案或工程实践的实施，并运用科学术语报告实验结果。,62,"{""min"": ""G10"", ""max"": ""G12""}",disputed,"[""A02"", ""A07""]",deterministic-screen-only,not-adjudicated,anchors/gaozhong-生物学.jsonl:60
ca_5a72HM9m,生物学,能运用进化与适应观阐释生物的多样性和统一性,能运用结构与功能观、物质与能量观、稳态与平衡观等观念，阐释生物体组成结构和功能之间的关系、遗传与变异的物质和结构基础、稳态的维持和调节机制、生态系统的平衡原理等；运用进化与适应观阐释生物的多样性和统一性，以及与环境的关系；在新的问题情境中，能以生命观念为指导，解释生命现象，探究生命活动的规律；基于上述观念，能够将科学、技术、工程学和数学（ STEM）知识和能力综合运用在实践活动中，解决生活中的实际问题。,62,"{""min"": ""G10"", ""max"": ""G12""}",llm-proposed,"[""A03"", ""A07""]",deterministic-screen-only,not-adjudicated,anchors/gaozhong-生物学.jsonl:61
ca_ye4MCwRD,生物学,能利用生物学重要概念或原理，通过逻辑推理阐明个人立场，作出决策并解决问题,能基于事实和证据，采用归纳与概括、演绎与推理、模型与建模等方法，以恰当的形式阐释分子与细胞、遗传与变异、稳态与调节、生物与环境等相关概念的内涵，论述生物工程与技术的原理及其与社会之间的关系；在面对生产、生活中与生物学相关的新问题情境时，能熟练运用科学思维方法展开探讨、审视或论证；在面对有争议的社会议题时，能利用生物学重要概念或原理，通过逻辑推理阐明个人立场，作出决策并解决问题。,63,"{""min"": ""G10"", ""max"": ""G12""}",disputed,"[""A02"", ""A07""]",deterministic-screen-only,not-adjudicated,anchors/gaozhong-生物学.jsonl:62
ca_HGizaKk7,生物学,能论证人类的活动对环境产生的影响，阐释生物多样性对生态系统维持、人类生存和发展的重要意义,能够针对日常生活和生产中的真实情境，提出清晰的、有价值的、可探究的生命科学问题或生物工程需求，查阅相关资料、设计并实施恰当可行的方案，运用多种方法如实记录，创造性地运用数学方法分析实验结果，并客观分析与评价生物技术产品在生产和生活中的应用所产生的效益和风险；能论证人类的活动对环境产生的影响，阐释生物多样性对生态系统维持、人类生存和发展的重要意义；在生物学的探究过程中起组织和引领作用，运用科学术语精确阐明实验结果，善于沟通，开展有效的合作。,63,"{""min"": ""G10"", ""max"": ""G12""}",disputed,"[""A02"", ""A07""]",deterministic-screen-only,not-adjudicated,anchors/gaozhong-生物学.jsonl:63
ca_jAZQptPe,生物学,能运用科学术语精确阐明实验结果，善于沟通，开展有效的合作,能够针对日常生活和生产中的真实情境，提出清晰的、有价值的、可探究的生命科学问题或生物工程需求，查阅相关资料、设计并实施恰当可行的方案，运用多种方法如实记录，创造性地运用数学方法分析实验结果，并客观分析与评价生物技术产品在生产和生活中的应用所产生的效益和风险；能论证人类的活动对环境产生的影响，阐释生物多样性对生态系统维持、人类生存和发展的重要意义；在生物学的探究过程中起组织和引领作用，运用科学术语精确阐明实验结果，善于沟通，开展有效的合作。,63,"{""min"": ""G10"", ""max"": ""G12""}",disputed,"[""A02"", ""A07""]",deterministic-screen-only,not-adjudicated,anchors/gaozhong-生物学.jsonl:64
ca_WF2R4ziy,生物学,能养成健康文明的生活方式，自觉远离毒品，参与毒品危害的宣传,形成珍爱生命、人与自然和谐共处以及可持续发展的观念，养成保护环境、维护生态平衡的行为习惯，积极参与绿色家庭、绿色学校、绿色社区等行动，并提出人与环境和谐相处的合理化建议；养成健康文明的生活方式，自觉远离毒品，参与毒品危害的宣传；能够鉴别并自觉抵制封建迷信和伪科学；遵循正确的伦理道德，能对生殖性克隆人等社会热点议题进行科学的评价。,63,"{""min"": ""G10"", ""max"": ""G12""}",disputed,"[""A02"", ""A07""]",deterministic-screen-only,not-adjudicated,anchors/gaozhong-生物学.jsonl:65
ca_B8R7N2FC,美术,能理解中国优秀传统书画和民间美术的造型语言、创作观念及文化内涵，并能将其综合运用于鉴赏过程之中,理解中国优秀传统书画和民间美术的造型语言、创作观念及文化内涵，并能将其综合运用于鉴赏过程之中。,19,"{""min"": ""G10"", ""max"": ""G12""}",ai-reviewed,[],deterministic-screen-only,not-adjudicated,anchors/gaozhong-美术.jsonl:1
ca_VCsaAARs,美术,能运用比较法分析中外传统美术在材料技法、语言风格和创作观念等方面的不同,运用比较法分析中外传统美术在材料技法、语言风格和创作观念等方面的不同。,19,"{""min"": ""G10"", ""max"": ""G12""}",ai-reviewed,[],deterministic-screen-only,not-adjudicated,anchors/gaozhong-美术.jsonl:2
ca_M4kbcNPL,美术,能表达自己的意图、思想和情感,再现、表现及象征等方式进行绘画创作的练习，将对生活的体验和认识带入创作的情境之中，表达自己的意图、思想和情感。,22,"{""min"": ""G10"", ""max"": ""G12""}",ai-reviewed,"[""A13""]",deterministic-screen-only,not-adjudicated,anchors/gaozhong-美术.jsonl:3
ca_wg8cyq3C,美术,能表达自己的态度和观点,和审美的角度，通过讨论与交流的方式评价设计作品，表达自己的态度和观点。,29,"{""min"": ""G10"", ""max"": ""G12""}",ai-reviewed,[],deterministic-screen-only,not-adjudicated,anchors/gaozhong-美术.jsonl:5
ca_WbfPLXpb,美术,能运用基本技能进行制作，形成使用手工艺语言进行设计和制作的能力,艺、纸浮雕工艺、印染工艺、编织工艺和金属工艺等）的造型规律和独特技艺，学会使用至少一种手工艺的制作工具，合理使用材料，按照工艺流程，运用基本技能进行制作，形成使用手工艺语言进行设计和制作的能力。,31,"{""min"": ""G10"", ""max"": ""G12""}",ai-reviewed,[],deterministic-screen-only,not-adjudicated,anchors/gaozhong-美术.jsonl:6
ca_4VLRQt3M,美术,能以小组合作的方式，选择合适的生活主题或社会议题编写场景剧本并进行拍摄，通过编辑和后期加工处理,以小组合作的方式，选择合适的生活主题或社会议题编写场景剧本并进行拍摄，通过编辑和后期加工处理，制作具有生活情趣且表达自身情感和思想的微电影作品。,34,"{""min"": ""G10"", ""max"": ""G12""}",ai-reviewed,[],deterministic-screen-only,not-adjudicated,anchors/gaozhong-美术.jsonl:9
ca_gkHcxnDJ,美术,能通过对自己的创作进行描述和讨论，并与名家作品进行比较，研究绘画创作的特点与表现规律,通过对自己的创作进行描述和讨论，并与名家作品进行比较，研究绘画创作的特点与表现规律，认识绘画表现形式、技巧、风格的特征，探索绘画与社会、历史和文化之间的关系。,23,"{""min"": ""G10"", ""max"": ""G12""}",disputed,"[""A02""]",deterministic-screen-only,not-adjudicated,anchors/gaozhong-美术.jsonl:10
ca_4WGffii4,美术,能通过观看和欣赏优秀设计作品,通过观看和欣赏优秀设计作品，了解设计的概念与内涵、范围与种类，认识设计与生活的关系，知晓设计所具有的科技与艺术性、功能与生态性等基本特征。,29,"{""min"": ""G10"", ""max"": ""G12""}",disputed,"[""A02""]",deterministic-screen-only,not-adjudicated,anchors/gaozhong-美术.jsonl:11
ca_FPqrLhYm,美术,能以小组合作的方式，选择合适的生活主题或社会议题编写场景剧本并进行拍摄,以小组合作的方式，选择合适的生活主题或社会议题编写场景剧本并进行拍摄，通过编辑和后期加工处理，制作具有生活情趣且表达自身情感和思想的微电影作品。,34,"{""min"": ""G10"", ""max"": ""G12""}",llm-proposed,"[""A03""]",deterministic-screen-only,not-adjudicated,anchors/gaozhong-美术.jsonl:12
ca_yMf42STH,美术,能通过教师的演示和示范，知晓常用的数码设计软件,通过教师的演示和示范，知晓常用的数码设计软件，运用网络或其他方式搜集各类图形资源，进行数码设计（平面设计、动画设计或三维立体设计） 。,34,"{""min"": ""G10"", ""max"": ""G12""}",disputed,"[""A02"", ""A11""]",deterministic-screen-only,not-adjudicated,anchors/gaozhong-美术.jsonl:13
ca_VDXHELet,美术,能运用网络或其他方式搜集各类图形资源，进行数码设计（平面设计、动画设计或三维立体设计）,通过教师的演示和示范，知晓常用的数码设计软件，运用网络或其他方式搜集各类图形资源，进行数码设计（平面设计、动画设计或三维立体设计） 。,34,"{""min"": ""G10"", ""max"": ""G12""}",disputed,"[""A02""]",deterministic-screen-only,not-adjudicated,anchors/gaozhong-美术.jsonl:14
ca_siv8gtrv,美术,能与同学交流自己对美术作品的想法和观点,能与同学交流自己对美术作品的想法和观点。,42,"{""min"": ""G10"", ""max"": ""G12""}",llm-proposed,"[""A03""]",deterministic-screen-only,not-adjudicated,anchors/gaozhong-美术.jsonl:15
ca_4Bya54t3,美术,能比较、分析中外传统美术在材料、技法和风格特征方面的基本差异,能比较、分析中外传统美术在材料、技法和风格特征方面的基本差异。,42,"{""min"": ""G10"", ""max"": ""G12""}",llm-proposed,"[""A03""]",deterministic-screen-only,not-adjudicated,anchors/gaozhong-美术.jsonl:16
ca_8jis7Qg8,美术,能选择几幅中外美术作品，搜集相关的历史背景和艺术家的生平资料,能选择几幅中外美术作品，搜集相关的历史背景和艺术家的生平资料，分析、研究作品中所隐含的文化信息。,42,"{""min"": ""G10"", ""max"": ""G12""}",llm-proposed,"[""A03""]",deterministic-screen-only,not-adjudicated,anchors/gaozhong-美术.jsonl:17
ca_2QJ7nypX,美术,能分析、研究作品中所隐含的文化信息,能选择几幅中外美术作品，搜集相关的历史背景和艺术家的生平资料，分析、研究作品中所隐含的文化信息。,42,"{""min"": ""G10"", ""max"": ""G12""}",disputed,"[""A02""]",deterministic-screen-only,not-adjudicated,anchors/gaozhong-美术.jsonl:18
ca_kcEBijGy,美术,能搜集各种资料，与同学共同研究与讨论社会和文化环境是如何影响美术作品的,能搜集各种资料，与同学共同研究与讨论社会和文化环境是如何影响美术作品的，理解并尊重他人对艺术现象的不同理解和解读方式。,42,"{""min"": ""G10"", ""max"": ""G12""}",llm-proposed,"[""A03""]",deterministic-screen-only,not-adjudicated,anchors/gaozhong-美术.jsonl:19
ca_tawT8LUY,美术,能通过调查来分析生活中的一些视觉文化现象，撰写调查报告或评论文章，发表自己的看法,能通过调查来分析生活中的一些视觉文化现象，撰写调查报告或评论文章，发表自己的看法。,42,"{""min"": ""G10"", ""max"": ""G12""}",disputed,"[""A02""]",deterministic-screen-only,not-adjudicated,anchors/gaozhong-美术.jsonl:20
ca_dZSFdQrW,美术,能分析、讨论艺术家、设计师和手工艺者为社会发展发挥的作用与作出的贡献,能分析、讨论艺术家、设计师和手工艺者为社会发展发挥的作用与作出的贡献。,42,"{""min"": ""G10"", ""max"": ""G12""}",llm-proposed,"[""A03""]",deterministic-screen-only,not-adjudicated,anchors/gaozhong-美术.jsonl:21
ca_CvsLLNdL,美术,能使用绘画工具和材料，对事物进行描绘,能使用绘画工具和材料，对事物进行描绘，表达自己的想法。,42,"{""min"": ""G10"", ""max"": ""G12""}",llm-proposed,"[""A03""]",deterministic-screen-only,not-adjudicated,anchors/gaozhong-美术.jsonl:22
ca_bW7ytpbg,美术,能表达自己的想法,能使用绘画工具和材料，对事物进行描绘，表达自己的想法。,42,"{""min"": ""G10"", ""max"": ""G12""}",disputed,"[""A02""]",deterministic-screen-only,not-adjudicated,anchors/gaozhong-美术.jsonl:23
ca_W7ARJLyt,美术,能运用整体和比较的方法，对事物进行观察和表现,能运用整体和比较的方法，对事物进行观察和表现。,42,"{""min"": ""G10"", ""max"": ""G12""}",disputed,"[""A02""]",deterministic-screen-only,not-adjudicated,anchors/gaozhong-美术.jsonl:24
ca_ziWnJrra,美术,能选择自己所喜欢的艺术家作品 ，并说明其理由,能选择自己所喜欢的艺术家作品 ，并说明其理由 。,43,"{""min"": ""G10"", ""max"": ""G12""}",llm-proposed,"[""A03""]",deterministic-screen-only,not-adjudicated,anchors/gaozhong-美术.jsonl:25
ca_DYNnxzZz,美术,能运用绘画工具和材料进行描绘与创作，并记录自己的创作过程或想法,能运用绘画工具和材料进行描绘与创作，并记录自己的创作过程或想法。,43,"{""min"": ""G10"", ""max"": ""G12""}",llm-proposed,"[""A03""]",deterministic-screen-only,not-adjudicated,anchors/gaozhong-美术.jsonl:26
ca_rBK9hAYc,美术,能选择不同画种的作品,能选择不同画种的作品，说明其不同的特点及其与文化背景的关系。,43,"{""min"": ""G10"", ""max"": ""G12""}",disputed,"[""A02""]",deterministic-screen-only,not-adjudicated,anchors/gaozhong-美术.jsonl:27
ca_mZRumhPV,美术,能运用美术语言、构图知识，对不同画种的作品进行分析和解读,能运用美术语言、构图知识，对不同画种的作品进行分析和解读。,43,"{""min"": ""G10"", ""max"": ""G12""}",llm-proposed,"[""A03""]",deterministic-screen-only,not-adjudicated,anchors/gaozhong-美术.jsonl:28
ca_XGaKrYQG,美术,能区分中国画中的工笔、写意、设色和水墨等形式,能区分中国画中的工笔、写意、设色和水墨等形式，以及人物画、山水画和花鸟画等表现题材。,43,"{""min"": ""G10"", ""max"": ""G12""}",llm-proposed,"[""A03""]",deterministic-screen-only,not-adjudicated,anchors/gaozhong-美术.jsonl:29
ca_gkAUaX7F,美术,能掌握临摹中国画山石、树木和花鸟的一些基本画法,能掌握临摹中国画山石、树木和花鸟的一些基本画法；能选择篆书、隶书、行书或楷书的字体，按照其笔法和结构进行临摹。,43,"{""min"": ""G10"", ""max"": ""G12""}",disputed,"[""A02""]",deterministic-screen-only,not-adjudicated,anchors/gaozhong-美术.jsonl:30
ca_2nmAKVGJ,美术,能说出中国画发展的基本脉络,能说出中国画发展的基本脉络，知道中国书法的大体演变过程。,44,"{""min"": ""G10"", ""max"": ""G12""}",llm-proposed,"[""A03""]",deterministic-screen-only,not-adjudicated,anchors/gaozhong-美术.jsonl:31
ca_EBmEKRJh,美术,能选择自己喜欢的书画家作品,能选择自己喜欢的书画家作品，分析其用笔和用墨，如中锋、侧锋、顺锋、逆锋、点厾、皴擦，以及墨色层次的不同变化等。,44,"{""min"": ""G10"", ""max"": ""G12""}",llm-proposed,"[""A03""]",deterministic-screen-only,not-adjudicated,anchors/gaozhong-美术.jsonl:32
ca_9XjgY8t2,美术,能运用传统的中国书画技法，创作一幅中国画或书法作品,能运用传统的中国书画技法，创作一幅中国画或书法作品。,44,"{""min"": ""G10"", ""max"": ""G12""}",disputed,"[""A02""]",deterministic-screen-only,not-adjudicated,anchors/gaozhong-美术.jsonl:33
ca_4SpqB4AQ,美术,能从文化角度，选择古今书画家的作品进行研究，探讨其继承与创新的关系,能从文化角度，选择古今书画家的作品进行研究，探讨其继承与创新的关系。,44,"{""min"": ""G10"", ""max"": ""G12""}",disputed,"[""A02""]",deterministic-screen-only,not-adjudicated,anchors/gaozhong-美术.jsonl:34
ca_fxq6uyiG,美术,能运用所学的中国书画艺术知识与技能，美化生活与环境,能运用所学的中国书画艺术知识与技能，美化生活与环境。,44,"{""min"": ""G10"", ""max"": ""G12""}",disputed,"[""A02""]",deterministic-screen-only,not-adjudicated,anchors/gaozhong-美术.jsonl:35
ca_6qG4kgCr,美术,能区分圆雕、浮雕、透雕的不同特征,能区分圆雕、浮雕、透雕的不同特征，了解雕塑所使用的不同材料和肌理效果。,44,"{""min"": ""G10"", ""max"": ""G12""}",llm-proposed,"[""A03""]",deterministic-screen-only,not-adjudicated,anchors/gaozhong-美术.jsonl:36
ca_ZUNKjK4P,美术,能用描述、分析、解释和评价的方法鉴赏雕塑作品,能用描述、分析、解释和评价的方法鉴赏雕塑作品。,44,"{""min"": ""G10"", ""max"": ""G12""}",disputed,"[""A02""]",deterministic-screen-only,not-adjudicated,anchors/gaozhong-美术.jsonl:37
ca_msY2DZBQ,美术,能说明雕塑家如何根据主题、造型、比例和光线来考虑放置地点和周围空间环境等,能选择雕塑作品，说明雕塑家如何根据主题、造型、比例和光线来考虑放置地点和周围空间环境等。,44,"{""min"": ""G10"", ""max"": ""G12""}",llm-proposed,"[""A03""]",deterministic-screen-only,not-adjudicated,anchors/gaozhong-美术.jsonl:38
ca_hMa2Y3AL,美术,能说出中外传统雕塑艺术之间的主要差异,能说出中外传统雕塑艺术之间的主要差异，了解中外雕塑艺术的基本发展脉络。,45,"{""min"": ""G10"", ""max"": ""G12""}",llm-proposed,"[""A03""]",deterministic-screen-only,not-adjudicated,anchors/gaozhong-美术.jsonl:39
ca_5YViEU2T,美术,能分析、比较设计作品,能运用设计术语，分析、比较设计作品，了解不同的设计意图，激发设计思维。,45,"{""min"": ""G10"", ""max"": ""G12""}",llm-proposed,"[""A03""]",deterministic-screen-only,not-adjudicated,anchors/gaozhong-美术.jsonl:40
ca_stLZ7riL,美术,能利用传统和现代的媒材、工具与方法，通过联想和想象进行有创意的设计活动,能利用传统和现代的媒材、工具与方法，通过联想和想象进行有创意的设计活动。,45,"{""min"": ""G10"", ""max"": ""G12""}",llm-proposed,"[""A03""]",deterministic-screen-only,not-adjudicated,anchors/gaozhong-美术.jsonl:41
ca_GRiZQAFj,美术,能与同学交流自己的创作意图和想法,在创作过程中，能与同学交流自己的创作意图和想法。,45,"{""min"": ""G10"", ""max"": ""G12""}",llm-proposed,"[""A03""]",deterministic-screen-only,not-adjudicated,anchors/gaozhong-美术.jsonl:42
ca_JgZaHyns,美术,能与同学相互交流自己的作品和创作意图，探讨存在的问题,能与同学相互交流自己的作品和创作意图，探讨存在的问题，在此基础上进一步修改、优化自己的作品。,45,"{""min"": ""G10"", ""max"": ""G12""}",llm-proposed,"[""A03""]",deterministic-screen-only,not-adjudicated,anchors/gaozhong-美术.jsonl:43
ca_FYwzbDUn,美术,能运用所学的设计知识与技能以及所获得的审美经验，来美化生活与环境,能运用所学的设计知识与技能以及所获得的审美经验，来美化生活与环境。,46,"{""min"": ""G10"", ""max"": ""G12""}",disputed,"[""A02""]",deterministic-screen-only,not-adjudicated,anchors/gaozhong-美术.jsonl:44
ca_k8Pgk6KH,美术,能选择适合的材料和工具制作手工艺作品,能选择适合的材料和工具制作手工艺作品，体会传统手工艺的制作流程和特点。,46,"{""min"": ""G10"", ""max"": ""G12""}",llm-proposed,"[""A03""]",deterministic-screen-only,not-adjudicated,anchors/gaozhong-美术.jsonl:45
ca_YwyfVJWp,美术,能选择适合的材料和工具制作多种传统手工艺作品,能选择适合的材料和工具制作多种传统手工艺作品，体会传统手工艺的制作流程和文化内涵。,46,"{""min"": ""G10"", ""max"": ""G12""}",llm-proposed,"[""A03""]",deterministic-screen-only,not-adjudicated,anchors/gaozhong-美术.jsonl:46
ca_Cb5P3ZV4,美术,能提炼和归纳传统手工艺设计的文化元素，并运用到自己的创作中,能提炼和归纳传统手工艺设计的文化元素，并运用到自己的创作中。,46,"{""min"": ""G10"", ""max"": ""G12""}",llm-proposed,"[""A03""]",deterministic-screen-only,not-adjudicated,anchors/gaozhong-美术.jsonl:47
ca_iPrzsE8q,美术,能根据光、色和构图来分析摄影、摄像或数码绘画作品,能根据光、色和构图来分析摄影、摄像或数码绘画作品。,47,"{""min"": ""G10"", ""max"": ""G12""}",llm-proposed,"[""A03""]",deterministic-screen-only,not-adjudicated,anchors/gaozhong-美术.jsonl:48
ca_JmcpGWBj,美术,能从历史和文化的角度对现代媒体艺术作品进行分析和阐述,能从历史和文化的角度对现代媒体艺术作品进行分析和阐述。,47,"{""min"": ""G10"", ""max"": ""G12""}",llm-proposed,"[""A03""]",deterministic-screen-only,not-adjudicated,anchors/gaozhong-美术.jsonl:49
ca_hc5Tdfsh,美术,能比较清楚地理解美术的基本概念，并用于学习中的交流和讨论以及分析和评价美术作品,能比较清楚地理解美术的基本概念，并用于学习中的交流和讨论以及分析和评价美术作品。,48,"{""min"": ""G10"", ""max"": ""G12""}",disputed,"[""A02""]",deterministic-screen-only,not-adjudicated,anchors/gaozhong-美术.jsonl:50
ca_SRWLDCNv,美术,能从文化的角度对美术作品进行分析和评价,具有一定的美术鉴赏与批评能力，能从文化的角度对美术作品进行分析和评价，了解美术在社会发展中的作用以及美术与自然、社会和个人的关系。,48,"{""min"": ""G10"", ""max"": ""G12""}",llm-proposed,"[""A03""]",deterministic-screen-only,not-adjudicated,anchors/gaozhong-美术.jsonl:51
ca_6TLSsDh7,美术,能运用速写的基本技能,认识速写的作用和价值，知道速写的基本方法和步骤，能运用速写的基本技能。,48,"{""min"": ""G10"", ""max"": ""G12""}",disputed,"[""A02""]",deterministic-screen-only,not-adjudicated,anchors/gaozhong-美术.jsonl:52
ca_X9fDrUCg,美术,能运用素描的多种手段和技巧对事物进行深入的刻画,具有整体观察的习惯，能把握素描的基本表现过程和规律，运用素描的多种手段和技巧对事物进行深入的刻画。,49,"{""min"": ""G10"", ""max"": ""G12""}",llm-proposed,"[""A03""]",deterministic-screen-only,not-adjudicated,anchors/gaozhong-美术.jsonl:53
ca_vXn4HbkC,美术,能有对画面整体关系的处理和把控能力，同时具备一定的想象力和创造力,有对画面整体关系的处理和把控能力，同时具备一定的想象力和创造力。,49,"{""min"": ""G10"", ""max"": ""G12""}",disputed,"[""A02""]",deterministic-screen-only,not-adjudicated,anchors/gaozhong-美术.jsonl:54
ca_VT5SKr5Q,美术,能刻画出鲜明、生动和具有个性的绘画形象，显示出一定的思想性和较高的审美品位,能刻画出鲜明、生动和具有个性的绘画形象，显示出一定的思想性和较高的审美品位。,49,"{""min"": ""G10"", ""max"": ""G12""}",disputed,"[""A02""]",deterministic-screen-only,not-adjudicated,anchors/gaozhong-美术.jsonl:55
ca_BWNdU8Lu,美术,能运用合适的色彩表现技法，描绘色彩关系和变化,养成整体观察的习惯，运用合适的色彩表现技法，描绘色彩关系和变化。,49,"{""min"": ""G10"", ""max"": ""G12""}",disputed,"[""A02""]",deterministic-screen-only,not-adjudicated,anchors/gaozhong-美术.jsonl:56
ca_9JisaLcR,美术,能独立完成色彩写生作品,有一定的构图能力，能独立完成色彩写生作品，表达自己对事物的感受和个人的情感与思想，并体现健康的审美趣味。,49,"{""min"": ""G10"", ""max"": ""G12""}",llm-proposed,"[""A03""]",deterministic-screen-only,not-adjudicated,anchors/gaozhong-美术.jsonl:57
ca_SdMDrnVi,美术,能表达自己对事物的感受和个人的情感与思想，并体现健康的审美趣味,有一定的构图能力，能独立完成色彩写生作品，表达自己对事物的感受和个人的情感与思想，并体现健康的审美趣味。,49,"{""min"": ""G10"", ""max"": ""G12""}",disputed,"[""A02"", ""A13""]",deterministic-screen-only,not-adjudicated,anchors/gaozhong-美术.jsonl:58
ca_STAKShaw,美术,能自如地调配和运用色彩,掌握色彩基础知识，能自如地调配和运用色彩。,49,"{""min"": ""G10"", ""max"": ""G12""}",disputed,"[""A02""]",deterministic-screen-only,not-adjudicated,anchors/gaozhong-美术.jsonl:59
ca_j5EhDamy,美术,能具备对画面整体关系的处理和把控能力，并显示出一定的想象力和创造力,具备对画面整体关系的处理和把控能力，并显示出一定的想象力和创造力。,50,"{""min"": ""G10"", ""max"": ""G12""}",disputed,"[""A02""]",deterministic-screen-only,not-adjudicated,anchors/gaozhong-美术.jsonl:60
ca_2E57DBsa,美术,能描画出生动的绘画形象，显示出一定的思想性和较高的审美品位,能描画出生动的绘画形象，显示出一定的思想性和较高的审美品位。,50,"{""min"": ""G10"", ""max"": ""G12""}",disputed,"[""A02""]",deterministic-screen-only,not-adjudicated,anchors/gaozhong-美术.jsonl:61
ca_a67NK7tC,美术,能表达自己的思想情感、审美理想或满足功能要求,通过借鉴优秀作品的构思、创意和表现方式，优化自己的构思和创意，并能用适当的形式和方法独立完成美术作品和设计作品，表达自己的思想情感、审美理想或满足功能要求。,50,"{""min"": ""G10"", ""max"": ""G12""}",disputed,"[""A02"", ""A13""]",deterministic-screen-only,not-adjudicated,anchors/gaozhong-美术.jsonl:62
ca_gqCg6Bqp,美术,能运用基本的美术创作与设计的方法，解决美术创作与设计问题,在问题情境中，运用基本的美术创作与设计的方法，解决美术创作与设计问题。,50,"{""min"": ""G10"", ""max"": ""G12""}",disputed,"[""A02""]",deterministic-screen-only,not-adjudicated,anchors/gaozhong-美术.jsonl:63
ca_VbzMariu,美术,能在较复杂的问题情境中，综合运用美术创作与设计方法，解决美术创作与设计问题,在较复杂的问题情境中，综合运用美术创作与设计方法，解决美术创作与设计问题。,50,"{""min"": ""G10"", ""max"": ""G12""}",disputed,"[""A02""]",deterministic-screen-only,not-adjudicated,anchors/gaozhong-美术.jsonl:64
ca_TRZAHH2A,艺术,能探究人类在生活中如何运用艺术形式借景抒情,美，探究人类在生活中如何运用艺术形式借景抒情。,20,"{""min"": ""G10"", ""max"": ""G12""}",disputed,"[""A02""]",deterministic-screen-only,not-adjudicated,anchors/gaozhong-艺术.jsonl:1
ca_EfLnLu9F,艺术,能理解美术在表现自然、社会生活等方面的作用和特点，与他人交流自己的艺术感知,等方面描述作品的意义和价值。理解美术在表现自然、社会生活等方面的作用和特点，与他人交流自己的艺术感知。,28,"{""min"": ""G10"", ""max"": ""G12""}",ai-reviewed,[],deterministic-screen-only,not-adjudicated,anchors/gaozhong-艺术.jsonl:2
ca_356tWp8p,艺术,能运用个性化的造型手段表现特定的艺术主题或解决日常生活的美化问题，具有高雅的审美情趣,形、体、色等要素，通过材料媒介和一定的组织形式进行临摹、写生和创作。在美术实践中，运用个性化的造型手段表现特定的艺术主题或解决日常生活的美化问题，具有高雅的审美情趣。,28,"{""min"": ""G10"", ""max"": ""G12""}",ai-reviewed,[],deterministic-screen-only,not-adjudicated,anchors/gaozhong-艺术.jsonl:3
ca_aXDNsrU6,艺术,能掌握戏剧表演的基本方法在表演实践中的运用和处理,矛盾冲突、高潮等在戏剧中的体现与作用，掌握戏剧表演的基本方法在表演实践中的运用和处理。,35,"{""min"": ""G10"", ""max"": ""G12""}",ai-reviewed,[],deterministic-screen-only,not-adjudicated,anchors/gaozhong-艺术.jsonl:4
ca_GEcXT9GC,艺术,能识别数字媒体艺术与传统艺术之间的差异和相互作用，以及数字媒体在实践运用中的利弊效应,正确的媒体艺术判断力，识别数字媒体艺术与传统艺术之间的差异和相互作用，以及数字媒体在实践运用中的利弊效应。,37,"{""min"": ""G10"", ""max"": ""G12""}",ai-reviewed,"[""A09""]",deterministic-screen-only,not-adjudicated,anchors/gaozhong-艺术.jsonl:5
ca_6km8Rnxq,艺术,能运用多种艺术门类的构成要素和表现形式，通过数字化手段创作出丰富的多媒体艺术,别运动、声音的轻重缓急等要素，发挥想象力，创作简单的叙事作品、记录影像作品和音乐作品；运用多种艺术门类的构成要素和表现形式，通过数字化手段创作出丰富的多媒体艺术。,37,"{""min"": ""G10"", ""max"": ""G12""}",ai-reviewed,[],deterministic-screen-only,not-adjudicated,anchors/gaozhong-艺术.jsonl:6
ca_ZMXn96BD,艺术,能运用远古艺术的元素、形式法则创造新的、有个性的艺术,学生能从远古艺术中受到启迪，运用远古艺术的元素、形式法则创造新的、有个性的艺术。二、教学重点与难点,59,"{""min"": ""G10"", ""max"": ""G12""}",ai-reviewed,"[""A09""]",deterministic-screen-only,not-adjudicated,anchors/gaozhong-艺术.jsonl:8
ca_3XGbw3Gq,艺术,能设计评价表，以学生自评与互评为主，教师点评,设计评价表，以学生自评与互评为主，教师点评。,61,"{""min"": ""G10"", ""max"": ""G12""}",ai-reviewed,"[""A11""]",deterministic-screen-only,not-adjudicated,anchors/gaozhong-艺术.jsonl:12
ca_hw4mMSVZ,艺术,能解释与龙相关的成语,学生能认识龙的形象特点及其具有的文化象征意义，解释与龙相关的成语。,61,"{""min"": ""G10"", ""max"": ""G12""}",ai-reviewed,[],deterministic-screen-only,not-adjudicated,anchors/gaozhong-艺术.jsonl:13
ca_3dZzzw4m,艺术,能分析以龙为题材的艺术作品或民俗活动，感悟其艺术形象的审美情趣,学生能了解龙在各艺术门类中的表现特征，分析以龙为题材的艺术作品或民俗活动，感悟其艺术形象的审美情趣。,62,"{""min"": ""G10"", ""max"": ""G12""}",ai-reviewed,[],deterministic-screen-only,not-adjudicated,anchors/gaozhong-艺术.jsonl:14
ca_ewKiY7mr,艺术,能列举以龙为题材的艺术作品或民俗活动，发表自己的看法,列举以龙为题材的艺术作品或民俗活动，发表自己的看法。,62,"{""min"": ""G10"", ""max"": ""G12""}",ai-reviewed,[],deterministic-screen-only,not-adjudicated,anchors/gaozhong-艺术.jsonl:15
ca_eprdnifs,艺术,能识别不同艺术门类中龙的造型、表现特征,四、教学评价水平 内容 自评 同学评 教师评 总评1.能说出与龙相关的成语、故事，能识别不同艺术门类中龙的造型、表现特征。,63,"{""min"": ""G10"", ""max"": ""G12""}",ai-reviewed,"[""A09""]",deterministic-screen-only,not-adjudicated,anchors/gaozhong-艺术.jsonl:16
ca_UsCrPdhf,艺术,能选择适当的艺术形式进行创造性艺术表现,能选择适当的艺术形式进行创造性艺术表现。,63,"{""min"": ""G10"", ""max"": ""G12""}",ai-reviewed,[],deterministic-screen-only,not-adjudicated,anchors/gaozhong-艺术.jsonl:17
ca_MQh8qM6J,艺术,"能分析""黄金比例"" ，并从数与美的关系中能得出结论",分析“黄金比例” ，并从数与美的关系中能得出结论。,66,"{""min"": ""G10"", ""max"": ""G12""}",disputed,"[""A02""]",deterministic-screen-only,not-adjudicated,anchors/gaozhong-艺术.jsonl:18
ca_FBQyJNnV,艺术,"能制作""试管乐器""",制作“试管乐器” 。,69,"{""min"": ""G10"", ""max"": ""G12""}",ai-reviewed,[],deterministic-screen-only,not-adjudicated,anchors/gaozhong-艺术.jsonl:19
ca_xf5EGFzU,艺术,能制作一个简单的排箫,学生分成几个小组，每组7~8 人，准备一排玻璃试管，在试管中按比例填充不同分量的水，制作一个简单的排箫。,69,"{""min"": ""G10"", ""max"": ""G12""}",ai-reviewed,[],deterministic-screen-only,not-adjudicated,anchors/gaozhong-艺术.jsonl:20
ca_yQw9YdYP,艺术,能与他人合作，创造性地使用秩序创编舞蹈,能与他人合作，创造性地使用秩序创编舞蹈。,69,"{""min"": ""G10"", ""max"": ""G12""}",ai-reviewed,[],deterministic-screen-only,not-adjudicated,anchors/gaozhong-艺术.jsonl:22
ca_uyahyxAh,艺术,能在中外经典作品的比较中，学生感受不同文化所具有的独特风格和艺术表现特点，加深文化理解,在中外经典作品的比较中，学生感受不同文化所具有的独特风格和艺术表现特点，加深文化理解。,73,"{""min"": ""G10"", ""max"": ""G12""}",ai-reviewed,[],deterministic-screen-only,not-adjudicated,anchors/gaozhong-艺术.jsonl:25
ca_6dxHus6c,艺术,能运用艺术技能技法进行艺术表现与创作,学生能从对博物馆的了解中得到启发、获得灵感，运用艺术技能技法进行艺术表现与创作。 （素养2“创意表达” 、素养3“审美情趣” ）,80,"{""min"": ""G10"", ""max"": ""G12""}",ai-reviewed,[],deterministic-screen-only,not-adjudicated,anchors/gaozhong-艺术.jsonl:28
ca_Hc86DvC7,艺术,能选择新的主题和形式进行个性化创意表现或将其运用于其他领域,能选择新的主题和形式进行个性化创意表现或将其运用于其他领域。,42,"{""min"": ""G10"", ""max"": ""G12""}",disputed,"[""A02""]",deterministic-screen-only,not-adjudicated,anchors/gaozhong-艺术.jsonl:29
ca_QBs7inzq,艺术,能选用适当的美术作品，进行临摹再现,能选用适当的美术作品，进行临摹再现。,42,"{""min"": ""G10"", ""max"": ""G12""}",llm-proposed,"[""A03""]",deterministic-screen-only,not-adjudicated,anchors/gaozhong-艺术.jsonl:30
ca_SUEt54Qs,艺术,能在一定情境中，选择适当的音乐作品进行模仿再现,能在一定情境中，选择适当的音乐作品进行模仿再现。,42,"{""min"": ""G10"", ""max"": ""G12""}",disputed,"[""A02""]",deterministic-screen-only,not-adjudicated,anchors/gaozhong-艺术.jsonl:31
ca_abbKpAxe,艺术,能选择适当的中外舞蹈作品再现表演,能选择适当的中外舞蹈作品再现表演。,42,"{""min"": ""G10"", ""max"": ""G12""}",disputed,"[""A02""]",deterministic-screen-only,not-adjudicated,anchors/gaozhong-艺术.jsonl:32
ca_nPeZdeQ9,艺术,能选择适当的戏剧作品，进行排演活动,能选择适当的戏剧作品，进行排演活动。,42,"{""min"": ""G10"", ""max"": ""G12""}",disputed,"[""A02""]",deterministic-screen-only,not-adjudicated,anchors/gaozhong-艺术.jsonl:33
ca_zuZcRRJ8,艺术,能运用多种美术形式，对原有作品进行变化表现,能运用多种美术形式，对原有作品进行变化表现。,42,"{""min"": ""G10"", ""max"": ""G12""}",disputed,"[""A02""]",deterministic-screen-only,not-adjudicated,anchors/gaozhong-艺术.jsonl:34
ca_b2FjXzUF,艺术,能依据情境选择音乐作品，进行变化表演或即兴表演,能依据情境选择音乐作品，进行变化表演或即兴表演。,42,"{""min"": ""G10"", ""max"": ""G12""}",llm-proposed,"[""A03""]",deterministic-screen-only,not-adjudicated,anchors/gaozhong-艺术.jsonl:35
ca_jtx4JPPF,艺术,能运用舞蹈语汇对原作品进行改编表演,能运用舞蹈语汇对原作品进行改编表演。,42,"{""min"": ""G10"", ""max"": ""G12""}",llm-proposed,"[""A03""]",deterministic-screen-only,not-adjudicated,anchors/gaozhong-艺术.jsonl:36
ca_rh7vR6jL,艺术,能使用数字媒体设备和多种视听手段,能使用数字媒体设备和多种视听手段，制作音像小品。,42,"{""min"": ""G10"", ""max"": ""G12""}",disputed,"[""A02""]",deterministic-screen-only,not-adjudicated,anchors/gaozhong-艺术.jsonl:37
ca_gTSQzKXJ,艺术,能选择新的主题进行构思,能选择新的主题进行构思，运用美术结合其他艺术形式，进行创意表现。,42,"{""min"": ""G10"", ""max"": ""G12""}",disputed,"[""A02""]",deterministic-screen-only,not-adjudicated,anchors/gaozhong-艺术.jsonl:38
ca_ginrvLjT,艺术,能运用美术结合其他艺术形式，进行创意表现,能选择新的主题进行构思，运用美术结合其他艺术形式，进行创意表现。,42,"{""min"": ""G10"", ""max"": ""G12""}",disputed,"[""A02""]",deterministic-screen-only,not-adjudicated,anchors/gaozhong-艺术.jsonl:39
ca_uqH47QkA,艺术,能依据人文主题，运用音乐结合其他艺术形式，进行创意表现,能依据人文主题，运用音乐结合其他艺术形式，进行创意表现。,42,"{""min"": ""G10"", ""max"": ""G12""}",disputed,"[""A02""]",deterministic-screen-only,not-adjudicated,anchors/gaozhong-艺术.jsonl:40
ca_3PxttGMy,艺术,能综合运用现代舞或民间舞的元素，进行舞蹈创作与表演,能综合运用现代舞或民间舞的元素，进行舞蹈创作与表演。,42,"{""min"": ""G10"", ""max"": ""G12""}",llm-proposed,"[""A03""]",deterministic-screen-only,not-adjudicated,anchors/gaozhong-艺术.jsonl:41
ca_GVqGTDLV,艺术,能选择适当的艺术作品和形式，营造校园、社区和家庭的艺术环境,能选择适当的艺术作品和形式，营造校园、社区和家庭的艺术环境；在个人装束和行为上体现情趣品位。,43,"{""min"": ""G10"", ""max"": ""G12""}",llm-proposed,"[""A03""]",deterministic-screen-only,not-adjudicated,anchors/gaozhong-艺术.jsonl:42
ca_ZWweh8SG,艺术,能在舞蹈表演活动中，表现舞蹈的形体美感,能在舞蹈表演活动中，表现舞蹈的形体美感。,43,"{""min"": ""G10"", ""max"": ""G12""}",llm-proposed,"[""A03""]",deterministic-screen-only,not-adjudicated,anchors/gaozhong-艺术.jsonl:43
ca_wp9SBhQb,艺术,能运用数字媒体、视频艺术手段捕捉和表现自然与生活中的美,能运用数字媒体、视频艺术手段捕捉和表现自然与生活中的美。,43,"{""min"": ""G10"", ""max"": ""G12""}",disputed,"[""A02""]",deterministic-screen-only,not-adjudicated,anchors/gaozhong-艺术.jsonl:44
ca_UfF5FFgR,艺术,能运用多种美术形式装饰生活和学习环境，表达审美情趣,能运用多种美术形式装饰生活和学习环境，表达审美情趣。,43,"{""min"": ""G10"", ""max"": ""G12""}",disputed,"[""A02""]",deterministic-screen-only,not-adjudicated,anchors/gaozhong-艺术.jsonl:45
ca_y6pSJvgR,艺术,能依据不同地域、民族的音乐情境进行表演，表现特定的审美情趣,能依据不同地域、民族的音乐情境进行表演，表现特定的审美情趣。,43,"{""min"": ""G10"", ""max"": ""G12""}",disputed,"[""A02""]",deterministic-screen-only,not-adjudicated,anchors/gaozhong-艺术.jsonl:46
ca_RhSwaXYT,艺术,能在舞蹈表演活动中，表现不同地域和民族舞蹈的审美特征,能在舞蹈表演活动中，表现不同地域和民族舞蹈的审美特征。,43,"{""min"": ""G10"", ""max"": ""G12""}",disputed,"[""A02""]",deterministic-screen-only,not-adjudicated,anchors/gaozhong-艺术.jsonl:47
ca_TCS7uJfu,艺术,能对社会生活中的情境表演做出价值判断，展现人文情怀,能对社会生活中的情境表演做出价值判断，展现人文情怀。,44,"{""min"": ""G10"", ""max"": ""G12""}",disputed,"[""A02""]",deterministic-screen-only,not-adjudicated,anchors/gaozhong-艺术.jsonl:48
ca_dctnMkua,艺术,能创编与表演舞蹈节目，体现生命活力，展现高雅的审美情趣,能创编与表演舞蹈节目，体现生命活力，展现高雅的审美情趣。,44,"{""min"": ""G10"", ""max"": ""G12""}",disputed,"[""A02""]",deterministic-screen-only,not-adjudicated,anchors/gaozhong-艺术.jsonl:49
ca_6dbVj6au,艺术,能参与表演具有民族性、时代性的戏剧作品，塑造人物形象,能参与表演具有民族性、时代性的戏剧作品，塑造人物形象，表达人文情怀。,44,"{""min"": ""G10"", ""max"": ""G12""}",disputed,"[""A02""]",deterministic-screen-only,not-adjudicated,anchors/gaozhong-艺术.jsonl:50
ca_ZmrDTnne,艺术,能分析美术作品的文化特征，通过艺术实践，表现出对美术的文化理解,能分析美术作品的文化特征，通过艺术实践，表现出对美术的文化理解。,45,"{""min"": ""G10"", ""max"": ""G12""}",disputed,"[""A02""]",deterministic-screen-only,not-adjudicated,anchors/gaozhong-艺术.jsonl:51
ca_5sb6638G,艺术,能通过不同文化戏剧的表演实践，理解戏剧的文化内涵,能通过不同文化戏剧的表演实践，理解戏剧的文化内涵。,45,"{""min"": ""G10"", ""max"": ""G12""}",disputed,"[""A02""]",deterministic-screen-only,not-adjudicated,anchors/gaozhong-艺术.jsonl:52
ca_QsxyLRvK,艺术,能表演不同艺术风格的音乐，形成多元文化的音乐价值判断与文化认同,能表演不同艺术风格的音乐，形成多元文化的音乐价值判断与文化认同。,45,"{""min"": ""G10"", ""max"": ""G12""}",disputed,"[""A02"", ""A13""]",deterministic-screen-only,not-adjudicated,anchors/gaozhong-艺术.jsonl:53
ca_7NDgyKCn,艺术,能运用影视与数字媒体艺术手段，探索新的艺术形式，表现时代的文化精神,能运用影视与数字媒体艺术手段，探索新的艺术形式，表现时代的文化精神。,45,"{""min"": ""G10"", ""max"": ""G12""}",disputed,"[""A02""]",deterministic-screen-only,not-adjudicated,anchors/gaozhong-艺术.jsonl:54
ca_tQqKRSAx,英语,能运用音标知识学习多音节单词的发音,在查阅词典时，运用音标知识学习多音节单词的发音。选择性必修,28,"{""min"": ""G10"", ""max"": ""G12""}",ai-reviewed,[],deterministic-screen-only,not-adjudicated,anchors/gaozhong-英语.jsonl:3
ca_QKSTVvcD,英语,能理解和表达与各种主题相关的信息或观点,学习词汇不只是记忆词的音、形、义，更重要的是在语篇中，通过听、说、读、看、写等语言活动，理解和表达与各种主题相关的信息或观点。,29,"{""min"": ""G10"", ""max"": ""G12""}",ai-reviewed,[],deterministic-screen-only,not-adjudicated,anchors/gaozhong-英语.jsonl:4
ca_sc55wzx4,英语,能掌握词性变化规律，并用于理解和表达有关主题的信息和观点,了解词汇的词根、词缀，掌握词性变化规律，并用于理解和表达有关主题的信息和观点；,29,"{""min"": ""G10"", ""max"": ""G12""}",ai-reviewed,[],deterministic-screen-only,not-adjudicated,anchors/gaozhong-英语.jsonl:5
ca_dn2QvVjd,英语,能运用词汇命名相关事物，进行指称,在语境中，根据不同主题，运用词汇命名相关事物，进行指称，描述行为、过程和特征，说明概念等；,29,"{""min"": ""G10"", ""max"": ""G12""}",ai-reviewed,[],deterministic-screen-only,not-adjudicated,anchors/gaozhong-英语.jsonl:6
ca_XLM69W3G,英语,能描述行为、过程和特征,在语境中，根据不同主题，运用词汇命名相关事物，进行指称，描述行为、过程和特征，说明概念等；,29,"{""min"": ""G10"", ""max"": ""G12""}",ai-reviewed,[],deterministic-screen-only,not-adjudicated,anchors/gaozhong-英语.jsonl:7
ca_7ArzR7Pu,英语,能理解具体词语的功能、词义的内涵和外延以及使用者的意图和态度等,在语境中，理解具体词语的功能、词义的内涵和外延以及使用者的意图和态度等；,30,"{""min"": ""G10"", ""max"": ""G12""}",ai-reviewed,[],deterministic-screen-only,not-adjudicated,anchors/gaozhong-英语.jsonl:8
ca_jTRHiCmK,英语,能根据不同主题，梳理词语，并用于理解和表达相关的信息,根据不同主题，梳理词语，并用于理解和表达相关的信息；,30,"{""min"": ""G10"", ""max"": ""G12""}",ai-reviewed,[],deterministic-screen-only,not-adjudicated,anchors/gaozhong-英语.jsonl:9
ca_q37W8tRy,英语,能运用恰当词汇命名事物，进行指称,在比较复杂的语境中，运用恰当词汇命名事物，进行指称，描述事件发生、发展的过程，描述特征，说明概念等；,30,"{""min"": ""G10"", ""max"": ""G12""}",ai-reviewed,[],deterministic-screen-only,not-adjudicated,anchors/gaozhong-英语.jsonl:11
ca_qsyqYxuj,英语,能描述事件发生、发展的过程,在比较复杂的语境中，运用恰当词汇命名事物，进行指称，描述事件发生、发展的过程，描述特征，说明概念等；,30,"{""min"": ""G10"", ""max"": ""G12""}",ai-reviewed,[],deterministic-screen-only,not-adjudicated,anchors/gaozhong-英语.jsonl:12
ca_AcjYcjxu,英语,能运用所学的语法知识,运用所学的语法知识，理解口头和书面语篇的基本意义，描述真实和想象世界中的人和物、情景和事件，简单地表达观点、意图和情感态度，在生活中进行一般性的人际交流；,32,"{""min"": ""G10"", ""max"": ""G12""}",ai-reviewed,[],deterministic-screen-only,not-adjudicated,anchors/gaozhong-英语.jsonl:13
ca_HNS8Lgnj,英语,能在语篇中理解和使用过去将来时态,在语篇中理解和使用过去将来时态；,32,"{""min"": ""G10"", ""max"": ""G12""}",ai-reviewed,[],deterministic-screen-only,not-adjudicated,anchors/gaozhong-英语.jsonl:14
ca_m2ZsrLKv,英语,能在语篇中理解和使用现在进行和现在完成时态的被动语态,在语篇中理解和使用现在进行和现在完成时态的被动语态；,32,"{""min"": ""G10"", ""max"": ""G12""}",ai-reviewed,[],deterministic-screen-only,not-adjudicated,anchors/gaozhong-英语.jsonl:15
ca_hCzUf94s,英语,能在语篇中理解和使用动词不定式作句子中的定语和结果状语,在语篇中理解和使用动词不定式作句子中的定语和结果状语；,32,"{""min"": ""G10"", ""max"": ""G12""}",ai-reviewed,"[""A09""]",deterministic-screen-only,not-adjudicated,anchors/gaozhong-英语.jsonl:16
ca_tRGYRKuH,英语,能在语篇中理解和使用动词 -ing形式作句子中的定语、状语和补语,在语篇中理解和使用动词 -ing形式作句子中的定语、状语和补语；,32,"{""min"": ""G10"", ""max"": ""G12""}",ai-reviewed,"[""A09""]",deterministic-screen-only,not-adjudicated,anchors/gaozhong-英语.jsonl:17
ca_gy2dHvjs,英语,能在语篇中理解和使用动词 -ed 形式作句子中的定语、状语和补语,在语篇中理解和使用动词 -ed 形式作句子中的定语、状语和补语；,32,"{""min"": ""G10"", ""max"": ""G12""}",ai-reviewed,"[""A09""]",deterministic-screen-only,not-adjudicated,anchors/gaozhong-英语.jsonl:18
ca_mPzpWTuj,英语,能在语篇中理解和使用简单的省略句,在语篇中理解和使用简单的省略句。选择性必修,32,"{""min"": ""G10"", ""max"": ""G12""}",ai-reviewed,[],deterministic-screen-only,not-adjudicated,anchors/gaozhong-英语.jsonl:19
ca_bdq2uBXq,英语,能通过在语境中学习和运用语法知识,通过在语境中学习和运用语法知识，认识英语语法在哪些主要方面不同于汉语语法；,32,"{""min"": ""G10"", ""max"": ""G12""}",ai-reviewed,[],deterministic-screen-only,not-adjudicated,anchors/gaozhong-英语.jsonl:20
ca_csFefbgR,英语,能理解所学语篇的基本意义和深层意义，恰当地描述真实和想象世界中的人和物、情景和事件,运用所学的语法知识，理解所学语篇的基本意义和深层意义，恰当地描述真实和想象世界中的人和物、情景和事件，表达观点、意图和情感态度，进行人际交流；,32,"{""min"": ""G10"", ""max"": ""G12""}",ai-reviewed,[],deterministic-screen-only,not-adjudicated,anchors/gaozhong-英语.jsonl:21
ca_tEkSpesq,英语,能表达观点、意图和情感态度，进行人际交流,运用所学的语法知识，理解所学语篇的基本意义和深层意义，恰当地描述真实和想象世界中的人和物、情景和事件，表达观点、意图和情感态度，进行人际交流；,32,"{""min"": ""G10"", ""max"": ""G12""}",ai-reviewed,"[""A09"", ""A13""]",deterministic-screen-only,not-adjudicated,anchors/gaozhong-英语.jsonl:22
ca_n6FKz6yA,英语,能在语篇中正确地理解和使用过去完成、将来进行和现在完成进行时态,在语篇中正确地理解和使用过去完成、将来进行和现在完成进行时态；,32,"{""min"": ""G10"", ""max"": ""G12""}",ai-reviewed,"[""A09""]",deterministic-screen-only,not-adjudicated,anchors/gaozhong-英语.jsonl:23
ca_g5EESiuV,英语,能在语篇中正确地理解和使用动词不定式作句子中的主语和表语,在语篇中正确地理解和使用动词不定式作句子中的主语和表语；,32,"{""min"": ""G10"", ""max"": ""G12""}",ai-reviewed,"[""A09""]",deterministic-screen-only,not-adjudicated,anchors/gaozhong-英语.jsonl:24
ca_XFNvmxAS,英语,能在语篇中正确地理解和使用动词 -ing 形式作句子中的主语、宾语和表语,在语篇中正确地理解和使用动词 -ing 形式作句子中的主语、宾语和表语；,32,"{""min"": ""G10"", ""max"": ""G12""}",ai-reviewed,"[""A09""]",deterministic-screen-only,not-adjudicated,anchors/gaozhong-英语.jsonl:25
ca_jJZsdwud,英语,能在语篇中正确地理解和使用动词 -ed 形式作句子中的表语,在语篇中正确地理解和使用动词 -ed 形式作句子中的表语；,32,"{""min"": ""G10"", ""max"": ""G12""}",ai-reviewed,[],deterministic-screen-only,not-adjudicated,anchors/gaozhong-英语.jsonl:26
ca_XHtgBetQ,英语,能在语篇中恰当地理解和使用主语从句和表语从句,在语篇中恰当地理解和使用主语从句和表语从句；,32,"{""min"": ""G10"", ""max"": ""G12""}",ai-reviewed,"[""A09""]",deterministic-screen-only,not-adjudicated,anchors/gaozhong-英语.jsonl:27
ca_HPCuKmKZ,英语,能表达观点、意图和情感态度，进行流畅的人际交流,熟练地运用所学的语法知识，准确地理解语篇的基本意义和深层意义，有效地描述真实和想象世界中的人和物、情景和事件，表达观点、意图和情感态度，进行流畅的人际交流；,33,"{""min"": ""G10"", ""max"": ""G12""}",ai-reviewed,"[""A13""]",deterministic-screen-only,not-adjudicated,anchors/gaozhong-英语.jsonl:28
ca_cvErsr6a,英语,能在语篇中恰当地理解和使用虚拟语气,在语篇中恰当地理解和使用虚拟语气。学生在高中阶段应学习的语法知识详见“附录 3 语法项目一览” 。,33,"{""min"": ""G10"", ""max"": ""G12""}",disputed,"[""A02""]",deterministic-screen-only,not-adjudicated,anchors/gaozhong-英语.jsonl:29
ca_csrmHEXU,英语,能选择符合交际场合和交际对象身份的语言形式，如正式与非正式语言,选择符合交际场合和交际对象身份的语言形式，如正式与非正式语言，表达问候、介绍、告别、感谢等，保持良好的人际关系；,38,"{""min"": ""G10"", ""max"": ""G12""}",ai-reviewed,"[""A09""]",deterministic-screen-only,not-adjudicated,anchors/gaozhong-英语.jsonl:31
ca_4nbUksnr,英语,能运用得体的语言形式，如礼貌、直接或委婉等方式,根据交际具体情境，正确理解他人的态度、情感和观点，运用得体的语言形式，如礼貌、直接或委婉等方式，表达自己的态度、情感和观点。选择性必修,38,"{""min"": ""G10"", ""max"": ""G12""}",ai-reviewed,"[""A09""]",deterministic-screen-only,not-adjudicated,anchors/gaozhong-英语.jsonl:32
ca_ftkyZRZv,英语,能表达自己的态度、情感和观点,根据交际具体情境，正确理解他人的态度、情感和观点，运用得体的语言形式，如礼貌、直接或委婉等方式，表达自己的态度、情感和观点。选择性必修,38,"{""min"": ""G10"", ""max"": ""G12""}",ai-reviewed,"[""A09"", ""A13""]",deterministic-screen-only,not-adjudicated,anchors/gaozhong-英语.jsonl:33
ca_giufZjyS,英语,能表达自己的态度、情感和观点，体现文化理解,在比较深入的跨文化沟通中，正确理解他人的态度、情感和观点，根据交际场合的正式程度和行事程序，选择正式或非正式、直接或委婉的语言形式，表达自己的态度、情感和观点，体现文化理解，运用得体的语言进行跨文化交际；,38,"{""min"": ""G10"", ""max"": ""G12""}",ai-reviewed,"[""A13""]",deterministic-screen-only,not-adjudicated,anchors/gaozhong-英语.jsonl:34
ca_QsRD8i8F,英语,能运用得体的语言进行跨文化交际,在比较深入的跨文化沟通中，正确理解他人的态度、情感和观点，根据交际场合的正式程度和行事程序，选择正式或非正式、直接或委婉的语言形式，表达自己的态度、情感和观点，体现文化理解，运用得体的语言进行跨文化交际；,38,"{""min"": ""G10"", ""max"": ""G12""}",ai-reviewed,[],deterministic-screen-only,not-adjudicated,anchors/gaozhong-英语.jsonl:35
ca_A87SrpAv,英语,能比较文化异同，汲取文化精华，坚定文化自信的基础,文化知识包含中外文化知识，是学生在语言学习活动中理解文化内涵，比较文化异同，汲取文化精华，坚定文化自信的基础。掌握充分的中外多元文化知识，认同优秀文化，有助于促进英语学科核心素养的形成和发展。,39,"{""min"": ""G10"", ""max"": ""G12""}",ai-reviewed,[],deterministic-screen-only,not-adjudicated,anchors/gaozhong-英语.jsonl:36
ca_MUWpKQdN,英语,能比较中外传统节日的异同，探讨中外传统节日对文化认同、文化传承的价值和意义,了解英美等国家的主要传统节日及其历史与现实意义；比较中外传统节日的异同，探讨中外传统节日对文化认同、文化传承的价值和意义；,40,"{""min"": ""G10"", ""max"": ""G12""}",ai-reviewed,"[""A13""]",deterministic-screen-only,not-adjudicated,anchors/gaozhong-英语.jsonl:37
ca_AUdkqKWR,英语,能对比英汉语中常用成语和俗语的表达方式，感悟语言和文化的密切关系,理解常用英语成语和俗语的文化内涵；对比英汉语中常用成语和俗语的表达方式，感悟语言和文化的密切关系；,40,"{""min"": ""G10"", ""max"": ""G12""}",ai-reviewed,[],deterministic-screen-only,not-adjudicated,anchors/gaozhong-英语.jsonl:38
ca_wmZyyxtu,英语,能比较中外差异，认同人类共同发展的理念,了解英美等国家政治和经济等方面情况的基本知识；比较中外差异，认同人类共同发展的理念；,41,"{""min"": ""G10"", ""max"": ""G12""}",ai-reviewed,"[""A13""]",deterministic-screen-only,not-adjudicated,anchors/gaozhong-英语.jsonl:39
ca_Y5E2iBAS,英语,能比较汉语中相似的典故和传说,理解常用英语典故和传说；比较汉语中相似的典故和传说，分析异同，理解不同的表达方式所代表的文化内涵；,41,"{""min"": ""G10"", ""max"": ""G12""}",ai-reviewed,[],deterministic-screen-only,not-adjudicated,anchors/gaozhong-英语.jsonl:40
ca_Ls58mtE9,英语,能理解不同的表达方式所代表的文化内涵,理解常用英语典故和传说；比较汉语中相似的典故和传说，分析异同，理解不同的表达方式所代表的文化内涵；,41,"{""min"": ""G10"", ""max"": ""G12""}",ai-reviewed,[],deterministic-screen-only,not-adjudicated,anchors/gaozhong-英语.jsonl:41
ca_YAhHGjXk,英语,能在学习活动中理解和欣赏英语语言表达形式（如韵律等）的美,在学习活动中理解和欣赏英语语言表达形式（如韵律等）的美；,41,"{""min"": ""G10"", ""max"": ""G12""}",ai-reviewed,[],deterministic-screen-only,not-adjudicated,anchors/gaozhong-英语.jsonl:42
ca_8nd4maVs,英语,能运用中外典故和有代表性的文化标志表达意义和态度，有效进行跨文化沟通,运用中外典故和有代表性的文化标志表达意义和态度，有效进行跨文化沟通；,41,"{""min"": ""G10"", ""max"": ""G12""}",ai-reviewed,[],deterministic-screen-only,not-adjudicated,anchors/gaozhong-英语.jsonl:44
ca_xEsLccBT,英语,能从语篇中提取主要信息和观点,从语篇中提取主要信息和观点，理解语篇要义；,44,"{""min"": ""G10"", ""max"": ""G12""}",ai-reviewed,[],deterministic-screen-only,not-adjudicated,anchors/gaozhong-英语.jsonl:46
ca_Fkk3vK2z,英语,能根据语篇标题预测语篇的主题和内容,根据语篇标题预测语篇的主题和内容；,44,"{""min"": ""G10"", ""max"": ""G12""}",ai-reviewed,[],deterministic-screen-only,not-adjudicated,anchors/gaozhong-英语.jsonl:47
ca_utnPHKLZ,英语,能识别书面语篇中常见的指代和衔接关系,识别书面语篇中常见的指代和衔接关系；,44,"{""min"": ""G10"", ""max"": ""G12""}",ai-reviewed,[],deterministic-screen-only,not-adjudicated,anchors/gaozhong-英语.jsonl:48
ca_KTLE44r9,英语,能在听、读、看的过程中有选择地记录所需信息,在听、读、看的过程中有选择地记录所需信息；,44,"{""min"": ""G10"", ""max"": ""G12""}",ai-reviewed,[],deterministic-screen-only,not-adjudicated,anchors/gaozhong-英语.jsonl:49
ca_AazZJuda,英语,能在口头和书面表达中借助连接性词语、指示代词、词汇衔接等语言手段建立逻辑关系,在口头和书面表达中借助连接性词语、指示代词、词汇衔接等语言手段建立逻辑关系；,45,"{""min"": ""G10"", ""max"": ""G12""}",ai-reviewed,[],deterministic-screen-only,not-adjudicated,anchors/gaozhong-英语.jsonl:50
ca_s54Gmgew,英语,能根据表达目的选择适当的语篇类型,根据表达目的选择适当的语篇类型；,45,"{""min"": ""G10"", ""max"": ""G12""}",ai-reviewed,[],deterministic-screen-only,not-adjudicated,anchors/gaozhong-英语.jsonl:51
ca_Acu7849u,英语,能根据表达的需要选择词汇和语法结构,根据表达的需要选择词汇和语法结构；,45,"{""min"": ""G10"", ""max"": ""G12""}",ai-reviewed,[],deterministic-screen-only,not-adjudicated,anchors/gaozhong-英语.jsonl:52
ca_sdtSkEmN,英语,能根据表达的需要选择正式语或非正式语,根据表达的需要选择正式语或非正式语；,45,"{""min"": ""G10"", ""max"": ""G12""}",disputed,"[""A02""]",deterministic-screen-only,not-adjudicated,anchors/gaozhong-英语.jsonl:53
ca_jp57bQRx,英语,能识别语篇中的内容要点和相应的支撑论据,识别语篇中的内容要点和相应的支撑论据；,45,"{""min"": ""G10"", ""max"": ""G12""}",ai-reviewed,[],deterministic-screen-only,not-adjudicated,anchors/gaozhong-英语.jsonl:55
ca_CqbBr6mV,英语,能识别语篇中的时间顺序、空间顺序、过程顺序,识别语篇中的时间顺序、空间顺序、过程顺序；,45,"{""min"": ""G10"", ""max"": ""G12""}",ai-reviewed,"[""A09""]",deterministic-screen-only,not-adjudicated,anchors/gaozhong-英语.jsonl:56
ca_wjRXJFve,英语,能根据语篇标题预测语篇的体裁和结构,根据语篇标题预测语篇的体裁和结构；,45,"{""min"": ""G10"", ""max"": ""G12""}",ai-reviewed,[],deterministic-screen-only,not-adjudicated,anchors/gaozhong-英语.jsonl:57
ca_cWbV2s2u,英语,能根据上下文推断语篇中的隐含意义,根据上下文推断语篇中的隐含意义；,45,"{""min"": ""G10"", ""max"": ""G12""}",ai-reviewed,[],deterministic-screen-only,not-adjudicated,anchors/gaozhong-英语.jsonl:58
ca_MMRSP5yP,英语,能根据连接词判断和猜测语篇中上下文的语义逻辑关系,根据连接词判断和猜测语篇中上下文的语义逻辑关系；,45,"{""min"": ""G10"", ""max"": ""G12""}",ai-reviewed,[],deterministic-screen-only,not-adjudicated,anchors/gaozhong-英语.jsonl:59
ca_jDnEdCFf,英语,能识别话语中加强或减弱语气和态度的词语,识别话语中加强或减弱语气和态度的词语；,45,"{""min"": ""G10"", ""max"": ""G12""}",ai-reviewed,[],deterministic-screen-only,not-adjudicated,anchors/gaozhong-英语.jsonl:60
ca_wHszcdaJ,英语,能以口头或书面形式描述、概括经历和事实,以口头或书面形式描述、概括经历和事实；,46,"{""min"": ""G10"", ""max"": ""G12""}",ai-reviewed,[],deterministic-screen-only,not-adjudicated,anchors/gaozhong-英语.jsonl:61
ca_hmXgVAHV,英语,能以口头或书面形式传递信息、论证观点、表达情感,以口头或书面形式传递信息、论证观点、表达情感；,46,"{""min"": ""G10"", ""max"": ""G12""}",ai-reviewed,"[""A13""]",deterministic-screen-only,not-adjudicated,anchors/gaozhong-英语.jsonl:62
ca_Mh7hyLmk,英语,能通过重复、举例和解释等方式澄清意思,通过重复、举例和解释等方式澄清意思；,46,"{""min"": ""G10"", ""max"": ""G12""}",ai-reviewed,[],deterministic-screen-only,not-adjudicated,anchors/gaozhong-英语.jsonl:63
ca_mRkxB4Fd,英语,能根据表达意图和受众特点，有意识地选择和运用语言,根据表达意图和受众特点，有意识地选择和运用语言；,46,"{""min"": ""G10"", ""max"": ""G12""}",ai-reviewed,"[""A09""]",deterministic-screen-only,not-adjudicated,anchors/gaozhong-英语.jsonl:65
ca_gHJU5qng,英语,能设计合理的语篇结构,根据表达的需要，设计合理的语篇结构；,46,"{""min"": ""G10"", ""max"": ""G12""}",ai-reviewed,[],deterministic-screen-only,not-adjudicated,anchors/gaozhong-英语.jsonl:66
ca_DfZzaJKw,英语,能识别语篇中的隐喻等修辞手段并理解其意义,识别语篇中的隐喻等修辞手段并理解其意义；,46,"{""min"": ""G10"", ""max"": ""G12""}",ai-reviewed,[],deterministic-screen-only,not-adjudicated,anchors/gaozhong-英语.jsonl:67
ca_rAKSUJix,英语,能根据需要使用委婉语、模糊语,根据需要使用委婉语、模糊语；,47,"{""min"": ""G10"", ""max"": ""G12""}",ai-reviewed,"[""A09""]",deterministic-screen-only,not-adjudicated,anchors/gaozhong-英语.jsonl:68
ca_7Z68Kme7,英语,能选择适合的参考书和词典等工具辅助英语学习,选择适合的参考书和词典等工具辅助英语学习；,49,"{""min"": ""G10"", ""max"": ""G12""}",ai-reviewed,[],deterministic-screen-only,not-adjudicated,anchors/gaozhong-英语.jsonl:69
ca_3qRUUeu7,英语,能通过图书馆、计算机网络等资源获得更广泛的英语信息，扩充学习资源,通过图书馆、计算机网络等资源获得更广泛的英语信息，扩充学习资源；,49,"{""min"": ""G10"", ""max"": ""G12""}",ai-reviewed,[],deterministic-screen-only,not-adjudicated,anchors/gaozhong-英语.jsonl:70
ca_cNprdhWK,英语,能通过分类等手段加深对词汇的理解和记忆,通过分类等手段加深对词汇的理解和记忆；,49,"{""min"": ""G10"", ""max"": ""G12""}",ai-reviewed,[],deterministic-screen-only,not-adjudicated,anchors/gaozhong-英语.jsonl:71
ca_msQCSxmf,英语,能通过解释、澄清或重复等方式克服交际中的语言障碍，维持交际,通过解释、澄清或重复等方式克服交际中的语言障碍，维持交际。情感策略1.对英语学习保持主动和积极的态度，不断增强学习的自信心；,50,"{""min"": ""G10"", ""max"": ""G12""}",ai-reviewed,[],deterministic-screen-only,not-adjudicated,anchors/gaozhong-英语.jsonl:72
ca_n5bPAQBm,英语,能及时发现学习中的问题，善于分析成因，制订切合实际的目标,有合作学习的意识，愿意与他人分享各种学习资源。选择性必修元认知策略1.及时发现学习中的问题，善于分析成因，制订切合实际的目标；,50,"{""min"": ""G10"", ""max"": ""G12""}",ai-reviewed,[],deterministic-screen-only,not-adjudicated,anchors/gaozhong-英语.jsonl:73
ca_qn9Ey6aD,英语,能分析存在的问题和取得的学习成效,进行阶段性反思和总结，分析存在的问题和取得的学习成效，归纳和总结有效的方法，提高学习效率。认知策略1.通过构词法、话题词等方式建构词族、词汇语义网，扩大词汇量；,50,"{""min"": ""G10"", ""max"": ""G12""}",ai-reviewed,[],deterministic-screen-only,not-adjudicated,anchors/gaozhong-英语.jsonl:74
ca_iuVH8NSb,英语,能根据主题表达的需要，列出主要信息，组织基本信息结构,根据主题表达的需要，列出主要信息，组织基本信息结构；续表课程类别 策略 学习策略内容要求选择性必修认知策略9.利用语篇衔接手段，有逻辑地组织信息；,50,"{""min"": ""G10"", ""max"": ""G12""}",ai-reviewed,[],deterministic-screen-only,not-adjudicated,anchors/gaozhong-英语.jsonl:75
ca_wtyE4se6,英语,能分析原因，采用有效方法进行自我调整，有毅力坚持学习,监控交际中语言运用的得体性，并根据需要作出相应调整。情感策略1.能针对在学习过程中出现的焦虑或急躁情绪，分析原因，采用有效方法进行自我调整，有毅力坚持学习；,51,"{""min"": ""G10"", ""max"": ""G12""}",ai-reviewed,[],deterministic-screen-only,not-adjudicated,anchors/gaozhong-英语.jsonl:76
ca_x5Nf9gcV,英语,能根据学习目的和需要，选择最合适的资源，拓展学习渠道,根据学习目的和需要，选择最合适的资源，拓展学习渠道；,51,"{""min"": ""G10"", ""max"": ""G12""}",ai-reviewed,[],deterministic-screen-only,not-adjudicated,anchors/gaozhong-英语.jsonl:77
ca_BjMESJxC,英语,能完成理解或表达任务后，反思和巩固所使用的有效的理解或表达的策略,完成理解或表达任务后，反思和巩固所使用的有效的理解或表达的策略。认知策略1.通过比较、分析和总结等手段，辨析作者为使语篇连贯所采用的衔接手段和所达到的效果；,51,"{""min"": ""G10"", ""max"": ""G12""}",ai-reviewed,[],deterministic-screen-only,not-adjudicated,anchors/gaozhong-英语.jsonl:78
ca_DhgpLauj,英语,能解释具体文本中特有的语言形式的意义和意象效果,通过比较、分析和总结等手段，解释具体文本中特有的语言形式的意义和意象效果；,51,"{""min"": ""G10"", ""max"": ""G12""}",ai-reviewed,[],deterministic-screen-only,not-adjudicated,anchors/gaozhong-英语.jsonl:80
ca_3FQjXdvV,英语,能解释作者是如何通过选择不同的篇章结构来传递意义并达成目的的,分析篇章结构的特点，解释作者是如何通过选择不同的篇章结构来传递意义并达成目的的；,51,"{""min"": ""G10"", ""max"": ""G12""}",ai-reviewed,[],deterministic-screen-only,not-adjudicated,anchors/gaozhong-英语.jsonl:81
ca_DKFehKLb,英语,能根据主题表达需要，合理运用语篇知识，有逻辑地组织信息结构,根据主题表达需要，合理运用语篇知识，有逻辑地组织信息结构；,51,"{""min"": ""G10"", ""max"": ""G12""}",ai-reviewed,[],deterministic-screen-only,not-adjudicated,anchors/gaozhong-英语.jsonl:83
ca_tSLdwKAM,英语,能简要地口头描述自己或他人的经历,能简要地口头描述自己或他人的经历，表达观点并举例说明。,55,"{""min"": ""G10"", ""max"": ""G12""}",disputed,"[""A02"", ""A07""]",deterministic-screen-only,not-adjudicated,anchors/gaozhong-英语.jsonl:84
ca_dCGwcaB5,英语,能表达观点并举例说明,能简要地口头描述自己或他人的经历，表达观点并举例说明。,55,"{""min"": ""G10"", ""max"": ""G12""}",disputed,"[""A02"", ""A07""]",deterministic-screen-only,not-adjudicated,anchors/gaozhong-英语.jsonl:85
ca_qxgppCUU,英语,能根据交际场合和交际对象的身份，选择恰当的语言形式（如正式或非正式、直接或委婉的表达方式）,在口头表达中，能根据交际场合和交际对象的身份，选择恰当的语言形式（如正式或非正式、直接或委婉的表达方式） ，表达意义、意图和情感态度；能借助手势、表情、图表、图示等非语言手段提高表达效果。,55,"{""min"": ""G10"", ""max"": ""G12""}",disputed,"[""A02"", ""A07""]",deterministic-screen-only,not-adjudicated,anchors/gaozhong-英语.jsonl:86
ca_vYgNZvt9,英语,能表达意义、意图和情感态度,在口头表达中，能根据交际场合和交际对象的身份，选择恰当的语言形式（如正式或非正式、直接或委婉的表达方式） ，表达意义、意图和情感态度；能借助手势、表情、图表、图示等非语言手段提高表达效果。,55,"{""min"": ""G10"", ""max"": ""G12""}",disputed,"[""A02"", ""A07"", ""A13""]",deterministic-screen-only,not-adjudicated,anchors/gaozhong-英语.jsonl:87
ca_3B4b9BST,英语,能区分语篇中的主要事实与观点,能区分语篇中的主要事实与观点；能基于所读和所看内容，进行推断、比较、分析和概括。,55,"{""min"": ""G10"", ""max"": ""G12""}",llm-proposed,"[""A03"", ""A07""]",deterministic-screen-only,not-adjudicated,anchors/gaozhong-英语.jsonl:88
ca_GLzHEvkU,英语,能识别语篇的类型和结构，辨识和分析语篇的文体特征及衔接手段,能识别语篇的类型和结构，辨识和分析语篇的文体特征及衔接手段，识别语篇为传递意义而选用的主要词汇和语法结构。,56,"{""min"": ""G10"", ""max"": ""G12""}",llm-proposed,"[""A03"", ""A07""]",deterministic-screen-only,not-adjudicated,anchors/gaozhong-英语.jsonl:89
ca_zSqd7NM5,英语,能识别语篇为传递意义而选用的主要词汇和语法结构,能识别语篇的类型和结构，辨识和分析语篇的文体特征及衔接手段，识别语篇为传递意义而选用的主要词汇和语法结构。,56,"{""min"": ""G10"", ""max"": ""G12""}",llm-proposed,"[""A03"", ""A07""]",deterministic-screen-only,not-adjudicated,anchors/gaozhong-英语.jsonl:90
ca_gNRr5amZ,英语,能识别语篇直接陈述的情感态度、价值观和社会文化现象,能识别语篇直接陈述的情感态度、价值观和社会文化现象。,56,"{""min"": ""G10"", ""max"": ""G12""}",disputed,"[""A02"", ""A07"", ""A13""]",deterministic-screen-only,not-adjudicated,anchors/gaozhong-英语.jsonl:91
ca_TcZjTUK4,英语,能以书面形式简要描述自己或他人的经历,能以书面形式简要描述自己或他人的经历，表达观点并举例说明；能介绍中外主要节日和中华优秀传统文化；书面表达中所用词汇和语法结构能够表达主要意思。,56,"{""min"": ""G10"", ""max"": ""G12""}",llm-proposed,"[""A03"", ""A07""]",deterministic-screen-only,not-adjudicated,anchors/gaozhong-英语.jsonl:92
ca_frVF7TwU,英语,能书面表达中所用词汇和语法结构能够表达主要意思,能以书面形式简要描述自己或他人的经历，表达观点并举例说明；能介绍中外主要节日和中华优秀传统文化；书面表达中所用词汇和语法结构能够表达主要意思。,56,"{""min"": ""G10"", ""max"": ""G12""}",disputed,"[""A02"", ""A07""]",deterministic-screen-only,not-adjudicated,anchors/gaozhong-英语.jsonl:93
ca_jCvwWGkR,英语,能运用语篇的衔接手段构建书面语篇、表达意义，体现意义的逻辑关联性,能运用语篇的衔接手段构建书面语篇、表达意义，体现意义的逻辑关联性；能借助多模态语篇资源提高表达效果。,56,"{""min"": ""G10"", ""max"": ""G12""}",disputed,"[""A02"", ""A07""]",deterministic-screen-only,not-adjudicated,anchors/gaozhong-英语.jsonl:94
ca_aMRx3Ynp,英语,能借助多模态语篇资源提高表达效果,能运用语篇的衔接手段构建书面语篇、表达意义，体现意义的逻辑关联性；能借助多模态语篇资源提高表达效果。,56,"{""min"": ""G10"", ""max"": ""G12""}",disputed,"[""A02"", ""A07""]",deterministic-screen-only,not-adjudicated,anchors/gaozhong-英语.jsonl:95
ca_gRCRg9xG,英语,能理解说话者选用的词汇、语法结构和语音手段所实现的特殊表达效果,理解说话者选用的词汇、语法结构和语音手段所实现的特殊表达效果。,56,"{""min"": ""G10"", ""max"": ""G12""}",disputed,"[""A02"", ""A07""]",deterministic-screen-only,not-adjudicated,anchors/gaozhong-英语.jsonl:96
ca_ihBbyX6X,英语,能在比较复杂的语境中,在比较复杂的语境中，能口头描述自己或他人的经历，表达情感态度，描述事件发生、发展的过程，描述人或事物的特征，阐释和说明观点。,56,"{""min"": ""G10"", ""max"": ""G12""}",disputed,"[""A02"", ""A07""]",deterministic-screen-only,not-adjudicated,anchors/gaozhong-英语.jsonl:97
ca_fpneyLXD,英语,能口头描述自己或他人的经历,在比较复杂的语境中，能口头描述自己或他人的经历，表达情感态度，描述事件发生、发展的过程，描述人或事物的特征，阐释和说明观点。,56,"{""min"": ""G10"", ""max"": ""G12""}",llm-proposed,"[""A03"", ""A07""]",deterministic-screen-only,not-adjudicated,anchors/gaozhong-英语.jsonl:98
ca_wWGhvXx5,英语,能描述人或事物的特征，阐释和说明观点,在比较复杂的语境中，能口头描述自己或他人的经历，表达情感态度，描述事件发生、发展的过程，描述人或事物的特征，阐释和说明观点。,56,"{""min"": ""G10"", ""max"": ""G12""}",disputed,"[""A02"", ""A07""]",deterministic-screen-only,not-adjudicated,anchors/gaozhong-英语.jsonl:99
ca_r25msESf,英语,能在口头表达过程中有目的地选择词汇和语法结构,能在口头表达过程中有目的地选择词汇和语法结构。,57,"{""min"": ""G10"", ""max"": ""G12""}",disputed,"[""A02"", ""A07""]",deterministic-screen-only,not-adjudicated,anchors/gaozhong-英语.jsonl:100
ca_5b3cXALC,英语,能在表达中借助语言建构交际角色，体现跨文化意识和情感态度,能在表达中借助语言建构交际角色，体现跨文化意识和情感态度。,57,"{""min"": ""G10"", ""max"": ""G12""}",disputed,"[""A02"", ""A07"", ""A13""]",deterministic-screen-only,not-adjudicated,anchors/gaozhong-英语.jsonl:101
ca_kfdgPUJK,英语,能识别语篇中的主要事实与观点之间的逻辑关系,能判断和识别书面语篇的意图，获取其中的重要信息和观点；能识别语篇中的主要事实与观点之间的逻辑关系，理解语篇反映的文化背景；能推断语篇中的隐含意义。,57,"{""min"": ""G10"", ""max"": ""G12""}",disputed,"[""A02"", ""A07""]",deterministic-screen-only,not-adjudicated,anchors/gaozhong-英语.jsonl:102
ca_2YSuDDeJ,英语,能推断语篇中的隐含意义,能判断和识别书面语篇的意图，获取其中的重要信息和观点；能识别语篇中的主要事实与观点之间的逻辑关系，理解语篇反映的文化背景；能推断语篇中的隐含意义。,57,"{""min"": ""G10"", ""max"": ""G12""}",llm-proposed,"[""A03"", ""A07""]",deterministic-screen-only,not-adjudicated,anchors/gaozhong-英语.jsonl:103
ca_BbY4jEeJ,英语,能识别语篇中的内容要点和相应支撑论据,能识别语篇中的内容要点和相应支撑论据；能根据定义线索，理解概念性词汇或术语；能理解文本信息与非文本信息的关系。,57,"{""min"": ""G10"", ""max"": ""G12""}",llm-proposed,"[""A03"", ""A07""]",deterministic-screen-only,not-adjudicated,anchors/gaozhong-英语.jsonl:104
ca_E3qBxsAe,英语,能识别语篇中新旧信息的布局及承接关系,能识别语篇中新旧信息的布局及承接关系；能理解语篇成分之间的语义逻辑关系，如：次序关系、因果关系、概括与例证关系；能识别语篇中的时间顺序、空间顺序、过程顺序等。,57,"{""min"": ""G10"", ""max"": ""G12""}",disputed,"[""A02"", ""A07""]",deterministic-screen-only,not-adjudicated,anchors/gaozhong-英语.jsonl:105
ca_CQRX8YmJ,英语,能识别语篇中的时间顺序、空间顺序、过程顺序等,能识别语篇中新旧信息的布局及承接关系；能理解语篇成分之间的语义逻辑关系，如：次序关系、因果关系、概括与例证关系；能识别语篇中的时间顺序、空间顺序、过程顺序等。,57,"{""min"": ""G10"", ""max"": ""G12""}",llm-proposed,"[""A03"", ""A07""]",deterministic-screen-only,not-adjudicated,anchors/gaozhong-英语.jsonl:106
ca_87YuyGJG,英语,能在语境中理解具体词语的功能、词语的内涵和外延以及使用者的意图和态度,能在语境中理解具体词语的功能、词语的内涵和外延以及使用者的意图和态度；能理解语篇中特定语言的使用意图以及语言在反映情感态度和价值观中所起的作用。,57,"{""min"": ""G10"", ""max"": ""G12""}",llm-proposed,"[""A03"", ""A07""]",deterministic-screen-only,not-adjudicated,anchors/gaozhong-英语.jsonl:107
ca_xg24tbHq,英语,能理解语篇中特定语言的使用意图以及语言在反映情感态度和价值观中所起的作用,能在语境中理解具体词语的功能、词语的内涵和外延以及使用者的意图和态度；能理解语篇中特定语言的使用意图以及语言在反映情感态度和价值观中所起的作用。,57,"{""min"": ""G10"", ""max"": ""G12""}",llm-proposed,"[""A03"", ""A07"", ""A13""]",deterministic-screen-only,not-adjudicated,anchors/gaozhong-英语.jsonl:108
ca_iuzTgaqr,英语,能识别语篇间接反映或隐含的社会文化现象,能根据所学概念性词语，从不同角度思考和认识周围世界；能识别语篇间接反映或隐含的社会文化现象。,57,"{""min"": ""G10"", ""max"": ""G12""}",disputed,"[""A02"", ""A07""]",deterministic-screen-only,not-adjudicated,anchors/gaozhong-英语.jsonl:109
ca_t8dgG99H,英语,能在书面表达中有条理地描述自己或他人的经历，阐述观点,能在书面表达中有条理地描述自己或他人的经历，阐述观点，表达情感态度；能描述事件发生、发展的过程；能描述人或事物的特征、说明概念；能概述所读语篇的主要内容或续写语篇。,57,"{""min"": ""G10"", ""max"": ""G12""}",llm-proposed,"[""A03"", ""A07""]",deterministic-screen-only,not-adjudicated,anchors/gaozhong-英语.jsonl:110
ca_iqn4dHxL,英语,能描述人或事物的特征、说明概念,能在书面表达中有条理地描述自己或他人的经历，阐述观点，表达情感态度；能描述事件发生、发展的过程；能描述人或事物的特征、说明概念；能概述所读语篇的主要内容或续写语篇。,57,"{""min"": ""G10"", ""max"": ""G12""}",disputed,"[""A02"", ""A07""]",deterministic-screen-only,not-adjudicated,anchors/gaozhong-英语.jsonl:111
ca_bTAQvx8X,英语,能概述所读语篇的主要内容或续写语篇,能在书面表达中有条理地描述自己或他人的经历，阐述观点，表达情感态度；能描述事件发生、发展的过程；能描述人或事物的特征、说明概念；能概述所读语篇的主要内容或续写语篇。,57,"{""min"": ""G10"", ""max"": ""G12""}",llm-proposed,"[""A03"", ""A07""]",deterministic-screen-only,not-adjudicated,anchors/gaozhong-英语.jsonl:112
ca_4b4ktMhg,英语,能在表达过程中有目的地选择词汇和语法结构，确切表达意思，体现意义的逻辑关联性,能在表达过程中有目的地选择词汇和语法结构，确切表达意思，体现意义的逻辑关联性；能使用多模态语篇资源，达到特殊的表达效果。,57,"{""min"": ""G10"", ""max"": ""G12""}",disputed,"[""A02"", ""A07""]",deterministic-screen-only,not-adjudicated,anchors/gaozhong-英语.jsonl:113
ca_NNykdAFe,英语,能使用多模态语篇资源，达到特殊的表达效果,能在表达过程中有目的地选择词汇和语法结构，确切表达意思，体现意义的逻辑关联性；能使用多模态语篇资源，达到特殊的表达效果。,57,"{""min"": ""G10"", ""max"": ""G12""}",disputed,"[""A02"", ""A07""]",deterministic-screen-only,not-adjudicated,anchors/gaozhong-英语.jsonl:114
ca_UEwSR699,英语,能与不同地域的人进行交流时，可以识别出其发音和语调的不同,与不同地域的人进行交流时，可以识别出其发音和语调的不同。,58,"{""min"": ""G10"", ""max"": ""G12""}",disputed,"[""A02"", ""A07""]",deterministic-screen-only,not-adjudicated,anchors/gaozhong-英语.jsonl:115
ca_CPeWS9nG,英语,能归纳、提炼和总结口头交流中的主要内容,能在口头交流过程中，根据需要插话或转移话题；能归纳、提炼和总结口头交流中的主要内容。,58,"{""min"": ""G10"", ""max"": ""G12""}",disputed,"[""A02"", ""A07""]",deterministic-screen-only,not-adjudicated,anchors/gaozhong-英语.jsonl:116
ca_F9SfgD6Q,英语,能阐释和评价语篇所反映的情感、态度和价值观,能阐释和评价语篇所反映的情感、态度和价值观；能根据语篇中的事实进行逻辑推理；能辨别并推论语篇中隐含的观点；能分辨语篇中的冗余信息。,58,"{""min"": ""G10"", ""max"": ""G12""}",llm-proposed,"[""A03"", ""A07"", ""A13""]",deterministic-screen-only,not-adjudicated,anchors/gaozhong-英语.jsonl:117
ca_m9NNfY8N,英语,能识别正式文体的语篇结构、语言特征和行文格式,能批判性地审视语篇的结构和连贯性；能识别正式文体的语篇结构、语言特征和行文格式；能识别语篇中的字体、字号等印刷特征所传递的意义。,58,"{""min"": ""G10"", ""max"": ""G12""}",disputed,"[""A02"", ""A07""]",deterministic-screen-only,not-adjudicated,anchors/gaozhong-英语.jsonl:118
ca_7jMYhGb5,英语,能识别语篇中使用的隐喻等修辞手法并理解其意义,能识别语篇中使用的隐喻等修辞手法并理解其意义；能识别语法结构在组织语篇中的作用。,58,"{""min"": ""G10"", ""max"": ""G12""}",llm-proposed,"[""A03"", ""A07""]",deterministic-screen-only,not-adjudicated,anchors/gaozhong-英语.jsonl:119
ca_5HR3GjvL,英语,能识别语法结构在组织语篇中的作用,能识别语篇中使用的隐喻等修辞手法并理解其意义；能识别语法结构在组织语篇中的作用。,58,"{""min"": ""G10"", ""max"": ""G12""}",disputed,"[""A02"", ""A07""]",deterministic-screen-only,not-adjudicated,anchors/gaozhong-英语.jsonl:120
ca_A78FWMMu,英语,能分析评价语篇所包含的审美元素,理解和欣赏经典演讲、文学名著、名人传记、电影、电视等，分析评价语篇所包含的审美元素。,58,"{""min"": ""G10"", ""max"": ""G12""}",disputed,"[""A02"", ""A07""]",deterministic-screen-only,not-adjudicated,anchors/gaozhong-英语.jsonl:121
ca_nyYYxHHV,英语,能使用特殊词汇、语法创造性地表达意义,能使用衔接手段有效提高书面语篇的连贯性；能使用特殊词汇、语法创造性地表达意义。,59,"{""min"": ""G10"", ""max"": ""G12""}",disputed,"[""A02"", ""A07""]",deterministic-screen-only,not-adjudicated,anchors/gaozhong-英语.jsonl:122
ca_gXtjUwpH,西班牙语,能比较城乡生活、习俗等必修IV,比较城乡生活、习俗等必修Ⅳ,23,"{""min"": ""G10"", ""max"": ""G12""}",ai-reviewed,[],deterministic-screen-only,not-adjudicated,anchors/gaozhong-西班牙语.jsonl:1
ca_KVR536zL,西班牙语,能够识别陈述句、疑问句（一般疑问句、特殊疑问句和选择疑问句）和感叹句的语调,能够识别陈述句、疑问句（一般疑问句、特殊疑问句和选择疑问句）和感叹句的语调。,27,"{""min"": ""G10"", ""max"": ""G12""}",ai-reviewed,"[""A09""]",deterministic-screen-only,not-adjudicated,anchors/gaozhong-西班牙语.jsonl:2
ca_NVA7hVZx,西班牙语,能够根据听到的单词、词组和短句识别图片或实物,能够根据听到的单词、词组和短句识别图片或实物。,27,"{""min"": ""G10"", ""max"": ""G12""}",ai-reviewed,[],deterministic-screen-only,not-adjudicated,anchors/gaozhong-西班牙语.jsonl:3
ca_aW74Z4dC,西班牙语,能够听懂操作性指令，并按照要求完成任务,能够听懂操作性指令，并按照要求完成任务。,28,"{""min"": ""G10"", ""max"": ""G12""}",ai-reviewed,[],deterministic-screen-only,not-adjudicated,anchors/gaozhong-西班牙语.jsonl:4
ca_Q4xGAthA,西班牙语,能够根据图片或实物说出相应的单词、词组和短句,能够根据图片或实物说出相应的单词、词组和短句。,28,"{""min"": ""G10"", ""max"": ""G12""}",ai-reviewed,"[""A09""]",deterministic-screen-only,not-adjudicated,anchors/gaozhong-西班牙语.jsonl:5
ca_fP6ShzXt,西班牙语,能够使用简单的问候语,能够使用简单的问候语。,28,"{""min"": ""G10"", ""max"": ""G12""}",ai-reviewed,[],deterministic-screen-only,not-adjudicated,anchors/gaozhong-西班牙语.jsonl:6
ca_HnRiAQ5m,西班牙语,能够简单表达好恶，讲述日常行为,能够简单表达好恶，讲述日常行为。,28,"{""min"": ""G10"", ""max"": ""G12""}",ai-reviewed,[],deterministic-screen-only,not-adjudicated,anchors/gaozhong-西班牙语.jsonl:7
ca_Bp862Cmz,西班牙语,能够简单交流日常生活的话题,能够简单交流日常生活的话题。,29,"{""min"": ""G10"", ""max"": ""G12""}",ai-reviewed,[],deterministic-screen-only,not-adjudicated,anchors/gaozhong-西班牙语.jsonl:8
ca_fxtdTiMi,西班牙语,能够根据图片描述简单的场景或讲述简单的故事,能够根据图片描述简单的场景或讲述简单的故事。,29,"{""min"": ""G10"", ""max"": ""G12""}",ai-reviewed,[],deterministic-screen-only,not-adjudicated,anchors/gaozhong-西班牙语.jsonl:9
ca_iA4WvbWe,西班牙语,能够每两周背诵一至两句谚语,能够每两周背诵一至两句谚语。3 级 必修Ⅲ,29,"{""min"": ""G10"", ""max"": ""G12""}",ai-reviewed,[],deterministic-screen-only,not-adjudicated,anchors/gaozhong-西班牙语.jsonl:10
ca_8xznRzF5,西班牙语,能够询问信息、请求帮助或给出指令,能够询问信息、请求帮助或给出指令。,29,"{""min"": ""G10"", ""max"": ""G12""}",ai-reviewed,[],deterministic-screen-only,not-adjudicated,anchors/gaozhong-西班牙语.jsonl:11
ca_AW68278J,西班牙语,能够每两周背诵一首短诗,能够每两周背诵一首短诗。4 级 必修Ⅳ,29,"{""min"": ""G10"", ""max"": ""G12""}",ai-reviewed,[],deterministic-screen-only,not-adjudicated,anchors/gaozhong-西班牙语.jsonl:12
ca_LqzJ5HPR,西班牙语,能够用自己的话大致复述篇章内容,能够用自己的话大致复述篇章内容。,29,"{""min"": ""G10"", ""max"": ""G12""}",ai-reviewed,[],deterministic-screen-only,not-adjudicated,anchors/gaozhong-西班牙语.jsonl:13
ca_2zAynw6u,西班牙语,能够比较详细地讲述个人或他人的经历,能够比较详细地讲述个人或他人的经历。,29,"{""min"": ""G10"", ""max"": ""G12""}",ai-reviewed,[],deterministic-screen-only,not-adjudicated,anchors/gaozhong-西班牙语.jsonl:14
ca_WQcNsgzH,西班牙语,能够讲述影视或文学作品的主要情节,能够讲述影视或文学作品的主要情节。,29,"{""min"": ""G10"", ""max"": ""G12""}",ai-reviewed,[],deterministic-screen-only,not-adjudicated,anchors/gaozhong-西班牙语.jsonl:15
ca_BZPepyPE,西班牙语,能够用西班牙语表演短剧,能够用西班牙语表演短剧。,29,"{""min"": ""G10"", ""max"": ""G12""}",ai-reviewed,[],deterministic-screen-only,not-adjudicated,anchors/gaozhong-西班牙语.jsonl:16
ca_p8fMEqwS,西班牙语,能够每两至三周背诵一篇短文,能够每两至三周背诵一篇短文。读课程级别课程类型 能力描述1 级 必修Ⅰ,29,"{""min"": ""G10"", ""max"": ""G12""}",ai-reviewed,[],deterministic-screen-only,not-adjudicated,anchors/gaozhong-西班牙语.jsonl:17
ca_h7pUbEyD,西班牙语,能够根据拼读规则找准重音，正确地拼读单词,能够根据拼读规则找准重音，正确地拼读单词。,29,"{""min"": ""G10"", ""max"": ""G12""}",ai-reviewed,[],deterministic-screen-only,not-adjudicated,anchors/gaozhong-西班牙语.jsonl:18
ca_fH6bZe4K,西班牙语,能够用接近正常的语速和正确的语音、语调朗读课文,能够用接近正常的语速和正确的语音、语调朗读课文。,29,"{""min"": ""G10"", ""max"": ""G12""}",ai-reviewed,[],deterministic-screen-only,not-adjudicated,anchors/gaozhong-西班牙语.jsonl:19
ca_fQXZMrZU,西班牙语,能够根据图片认读单词和短句,能够根据图片认读单词和短句。,29,"{""min"": ""G10"", ""max"": ""G12""}",ai-reviewed,[],deterministic-screen-only,not-adjudicated,anchors/gaozhong-西班牙语.jsonl:20
ca_kqGP96uK,西班牙语,能够初步使用西汉词典，选择恰当的释义,能够初步使用西汉词典，选择恰当的释义。,30,"{""min"": ""G10"", ""max"": ""G12""}",ai-reviewed,[],deterministic-screen-only,not-adjudicated,anchors/gaozhong-西班牙语.jsonl:21
ca_pQh9R9Ux,西班牙语,能够根据构词法和上下文推断生词的含义,能够根据构词法和上下文推断生词的含义。,30,"{""min"": ""G10"", ""max"": ""G12""}",ai-reviewed,[],deterministic-screen-only,not-adjudicated,anchors/gaozhong-西班牙语.jsonl:22
ca_siLFCMxZ,西班牙语,能够初步使用网络工具查找资料，获取信息，解决语言疑难问题,能够初步使用网络工具查找资料，获取信息，解决语言疑难问题。,30,"{""min"": ""G10"", ""max"": ""G12""}",ai-reviewed,[],deterministic-screen-only,not-adjudicated,anchors/gaozhong-西班牙语.jsonl:23
ca_R4C7Mevg,西班牙语,能够读懂日常应用文，获取所需信息,能够读懂日常应用文，获取所需信息。,30,"{""min"": ""G10"", ""max"": ""G12""}",ai-reviewed,[],deterministic-screen-only,not-adjudicated,anchors/gaozhong-西班牙语.jsonl:24
ca_Pk9Psg6j,西班牙语,能够正确书写字母和单词,能够正确书写字母和单词。,30,"{""min"": ""G10"", ""max"": ""G12""}",ai-reviewed,[],deterministic-screen-only,not-adjudicated,anchors/gaozhong-西班牙语.jsonl:25
ca_QxZPiDWA,西班牙语,能够正确使用大小写字母和常用标点符号,能够正确使用大小写字母和常用标点符号。,30,"{""min"": ""G10"", ""max"": ""G12""}",ai-reviewed,[],deterministic-screen-only,not-adjudicated,anchors/gaozhong-西班牙语.jsonl:26
ca_PUmxFZJ2,西班牙语,能够模仿范例，写出性数配合正确的词组或变位正确的简单句,能够模仿范例，写出性数配合正确的词组或变位正确的简单句。,30,"{""min"": ""G10"", ""max"": ""G12""}",ai-reviewed,[],deterministic-screen-only,not-adjudicated,anchors/gaozhong-西班牙语.jsonl:27
ca_5QNz3EW6,西班牙语,能够写出简单的问候语和祝福语,能够写出简单的问候语和祝福语。续表课程级别课程类型 能力描述2 级 必修Ⅱ,30,"{""min"": ""G10"", ""max"": ""G12""}",ai-reviewed,[],deterministic-screen-only,not-adjudicated,anchors/gaozhong-西班牙语.jsonl:28
ca_PgaRinsm,西班牙语,能够正确使用重音符号,能够正确使用重音符号。,31,"{""min"": ""G10"", ""max"": ""G12""}",ai-reviewed,[],deterministic-screen-only,not-adjudicated,anchors/gaozhong-西班牙语.jsonl:29
ca_W5T9ZmZp,西班牙语,能够使用恰当的连接词，写出并列复合句,能够使用恰当的连接词，写出并列复合句。,31,"{""min"": ""G10"", ""max"": ""G12""}",ai-reviewed,[],deterministic-screen-only,not-adjudicated,anchors/gaozhong-西班牙语.jsonl:30
ca_tvsaq4R6,西班牙语,能够模仿范例，写出简单的贺卡、邀请函等,能够模仿范例，写出简单的贺卡、邀请函等。3 级 必修Ⅲ,31,"{""min"": ""G10"", ""max"": ""G12""}",ai-reviewed,"[""A09""]",deterministic-screen-only,not-adjudicated,anchors/gaozhong-西班牙语.jsonl:31
ca_E5CTedki,西班牙语,能够用一段简单的话语描述一张图片,能够用一段简单的话语描述一张图片。,31,"{""min"": ""G10"", ""max"": ""G12""}",ai-reviewed,[],deterministic-screen-only,not-adjudicated,anchors/gaozhong-西班牙语.jsonl:32
ca_229bCfEN,西班牙语,能够简单地描述地点、介绍人物或叙述经历,能够简单地描述地点、介绍人物或叙述经历。,31,"{""min"": ""G10"", ""max"": ""G12""}",ai-reviewed,[],deterministic-screen-only,not-adjudicated,anchors/gaozhong-西班牙语.jsonl:33
ca_VpSJawVX,西班牙语,能够模仿范例，用正确的格式撰写简短的书信或电子邮件,能够模仿范例，用正确的格式撰写简短的书信或电子邮件。,31,"{""min"": ""G10"", ""max"": ""G12""}",ai-reviewed,[],deterministic-screen-only,not-adjudicated,anchors/gaozhong-西班牙语.jsonl:34
ca_2awChLfF,西班牙语,能够根据系列图片写出完整的故事,能够根据系列图片写出完整的故事。,31,"{""min"": ""G10"", ""max"": ""G12""}",ai-reviewed,[],deterministic-screen-only,not-adjudicated,anchors/gaozhong-西班牙语.jsonl:35
ca_VJbWLLNd,西班牙语,能够详细地描述地点、介绍人物或叙述经历，并简单表述个人观点,能够详细地描述地点、介绍人物或叙述经历，并简单表述个人观点。,31,"{""min"": ""G10"", ""max"": ""G12""}",ai-reviewed,[],deterministic-screen-only,not-adjudicated,anchors/gaozhong-西班牙语.jsonl:36
ca_izatEP7D,西班牙语,能初步尝试在语境中理解词语的基本含义,初步尝试在语境中理解词语的基本含义。,32,"{""min"": ""G10"", ""max"": ""G12""}",ai-reviewed,[],deterministic-screen-only,not-adjudicated,anchors/gaozhong-西班牙语.jsonl:37
ca_WwegMygt,西班牙语,能掌握单词的音节划分、重音及拼读规则,掌握单词的音节划分、重音及拼读规则。,32,"{""min"": ""G10"", ""max"": ""G12""}",ai-reviewed,[],deterministic-screen-only,not-adjudicated,anchors/gaozhong-西班牙语.jsonl:38
ca_BJtXTTcZ,西班牙语,能掌握表示时间、地点、方式的常用介词,掌握表示时间、地点、方式的常用介词。,32,"{""min"": ""G10"", ""max"": ""G12""}",ai-reviewed,[],deterministic-screen-only,not-adjudicated,anchors/gaozhong-西班牙语.jsonl:39
ca_e4WSLhMX,西班牙语,能掌握陈述式现在时的变位规则和用法,掌握陈述式现在时的变位规则和用法。续表课程级别课程类型 知识描述2 级 必修Ⅱ,32,"{""min"": ""G10"", ""max"": ""G12""}",ai-reviewed,[],deterministic-screen-only,not-adjudicated,anchors/gaozhong-西班牙语.jsonl:40
ca_wWhNHhaH,西班牙语,能掌握陈述式简单过去时的变位规则和用法,掌握陈述式简单过去时的变位规则和用法。,33,"{""min"": ""G10"", ""max"": ""G12""}",ai-reviewed,[],deterministic-screen-only,not-adjudicated,anchors/gaozhong-西班牙语.jsonl:41
ca_vZZN6ePZ,西班牙语,能掌握形容词或副词比较级的常用表达方式,掌握形容词或副词比较级的常用表达方式。3 级 必修Ⅲ,33,"{""min"": ""G10"", ""max"": ""G12""}",ai-reviewed,[],deterministic-screen-only,not-adjudicated,anchors/gaozhong-西班牙语.jsonl:42
ca_3Vf2N6Fj,西班牙语,能掌握陈述式过去未完成时的变位规则和用法,掌握陈述式过去未完成时的变位规则和用法。4.初步掌握陈述式简单过去时和陈述式过去未完成时的区别。,33,"{""min"": ""G10"", ""max"": ""G12""}",ai-reviewed,"[""A09""]",deterministic-screen-only,not-adjudicated,anchors/gaozhong-西班牙语.jsonl:43
ca_4kBrMMTJ,西班牙语,能掌握陈述式现在完成时的变位规则和用法,掌握陈述式现在完成时的变位规则和用法。,33,"{""min"": ""G10"", ""max"": ""G12""}",ai-reviewed,[],deterministic-screen-only,not-adjudicated,anchors/gaozhong-西班牙语.jsonl:44
ca_UNSDrqMc,西班牙语,能掌握陈述式过去完成时的变位规则和用法,掌握陈述式过去完成时的变位规则和用法。,33,"{""min"": ""G10"", ""max"": ""G12""}",ai-reviewed,[],deterministic-screen-only,not-adjudicated,anchors/gaozhong-西班牙语.jsonl:45
ca_w5ness9i,西班牙语,能掌握陈述式将来未完成时的变位规则和用法,掌握陈述式将来未完成时的变位规则和用法。,33,"{""min"": ""G10"", ""max"": ""G12""}",ai-reviewed,[],deterministic-screen-only,not-adjudicated,anchors/gaozhong-西班牙语.jsonl:46
ca_yXvpXyKs,西班牙语,能归纳已经学习过的介词的用法,归纳已经学习过的介词的用法。,33,"{""min"": ""G10"", ""max"": ""G12""}",ai-reviewed,[],deterministic-screen-only,not-adjudicated,anchors/gaozhong-西班牙语.jsonl:47
ca_ahArK8YR,西班牙语,能归纳已经学习过的冠词的用法,归纳已经学习过的冠词的用法。,33,"{""min"": ""G10"", ""max"": ""G12""}",ai-reviewed,[],deterministic-screen-only,not-adjudicated,anchors/gaozhong-西班牙语.jsonl:48
ca_TMJZmwft,西班牙语,能够在语言活动中正确理解和表达任务目标,了解中国与西班牙语国家风俗习惯的异同。3. 思维能力课程级别课程类型 能力描述1 级 必修Ⅰ概括能力：能够在教师的指导下，在学习语言知识的过程中总结要点；能够在交际或阅读的过程中捕捉核心信息；能够在语言活动中正确理解和表达任务目标；能够在语言活动中分清主次，明确任务。2 级 必修Ⅱ,34,"{""min"": ""G10"", ""max"": ""G12""}",ai-reviewed,[],deterministic-screen-only,not-adjudicated,anchors/gaozhong-西班牙语.jsonl:49
ca_28kpgTCF,西班牙语,能够总结同类交际活动中所使用方法或策略的异同,概括能力：能够在诸多信息中总结共性，提出质疑；能够在阅读多个语篇后，总结具有共性的内容并进行评述；能够总结同类交际活动中所使用方法或策略的异同。,34,"{""min"": ""G10"", ""max"": ""G12""}",ai-reviewed,[],deterministic-screen-only,not-adjudicated,anchors/gaozhong-西班牙语.jsonl:50
ca_BWiTZHGt,西班牙语,能够对语言活动的质量作出恰当的评价，并提出改进建议,比较能力：能够对语言知识掌握的程度有清晰、正确的认识；能够对自己及同学的理解和交际能力的强弱有正确的判断；能够对语言活动的质量作出恰当的评价，并提出改进建议。3 级 必修Ⅲ,34,"{""min"": ""G10"", ""max"": ""G12""}",ai-reviewed,[],deterministic-screen-only,not-adjudicated,anchors/gaozhong-西班牙语.jsonl:51
ca_EtUdMGn3,西班牙语,能比较能力：能够在语言运用中认识并总结汉语和西班牙语表达习惯的异同,比较能力：能够在语言运用中认识并总结汉语和西班牙语表达习惯的异同；能够比较汉语和西班牙语使用者在使用语言解决问题、完成任务方面的异同。,34,"{""min"": ""G10"", ""max"": ""G12""}",ai-reviewed,"[""A13""]",deterministic-screen-only,not-adjudicated,anchors/gaozhong-西班牙语.jsonl:52
ca_ZBPi78p7,西班牙语,能够比较汉语和西班牙语使用者在使用语言解决问题、完成任务方面的异同,比较能力：能够在语言运用中认识并总结汉语和西班牙语表达习惯的异同；能够比较汉语和西班牙语使用者在使用语言解决问题、完成任务方面的异同。,34,"{""min"": ""G10"", ""max"": ""G12""}",ai-reviewed,[],deterministic-screen-only,not-adjudicated,anchors/gaozhong-西班牙语.jsonl:53
ca_jMpm9NqX,西班牙语,能归纳能力：能够将已经学过的知识系统化,归纳能力：能够将已经学过的知识系统化；能够总结语言运用中的优点与不足；能够总结不同语言活动的长处与不足；能够尝试在零散的知识点之间建立起联系，举一反三。续表课程级别课程类型 能力描述4 级 必修Ⅳ,34,"{""min"": ""G10"", ""max"": ""G12""}",ai-reviewed,[],deterministic-screen-only,not-adjudicated,anchors/gaozhong-西班牙语.jsonl:54
ca_DkiFeScU,西班牙语,能够总结语言运用中的优点与不足,归纳能力：能够将已经学过的知识系统化；能够总结语言运用中的优点与不足；能够总结不同语言活动的长处与不足；能够尝试在零散的知识点之间建立起联系，举一反三。续表课程级别课程类型 能力描述4 级 必修Ⅳ,34,"{""min"": ""G10"", ""max"": ""G12""}",ai-reviewed,[],deterministic-screen-only,not-adjudicated,anchors/gaozhong-西班牙语.jsonl:55
ca_trkJaMEA,西班牙语,能够尝试在零散的知识点之间建立起联系，举一反三,归纳能力：能够将已经学过的知识系统化；能够总结语言运用中的优点与不足；能够总结不同语言活动的长处与不足；能够尝试在零散的知识点之间建立起联系，举一反三。续表课程级别课程类型 能力描述4 级 必修Ⅳ,34,"{""min"": ""G10"", ""max"": ""G12""}",ai-reviewed,[],deterministic-screen-only,not-adjudicated,anchors/gaozhong-西班牙语.jsonl:56
ca_6a9aNkRC,西班牙语,能归纳能力：能够在学习过程中探求不同语言知识的共同点,归纳能力：能够在学习过程中探求不同语言知识的共同点；能够在语言知识、文化知识和语言能力间建立联系；能够根据学习的语言知识，比较汉语和西班牙语在句子结构方面的异同；初步具备在不同类型场景和任务中发现共性的能力。,35,"{""min"": ""G10"", ""max"": ""G12""}",ai-reviewed,[],deterministic-screen-only,not-adjudicated,anchors/gaozhong-西班牙语.jsonl:57
ca_YAT659HT,西班牙语,能比较汉语和西班牙语在句子结构方面的异同,归纳能力：能够在学习过程中探求不同语言知识的共同点；能够在语言知识、文化知识和语言能力间建立联系；能够根据学习的语言知识，比较汉语和西班牙语在句子结构方面的异同；初步具备在不同类型场景和任务中发现共性的能力。,35,"{""min"": ""G10"", ""max"": ""G12""}",ai-reviewed,[],deterministic-screen-only,not-adjudicated,anchors/gaozhong-西班牙语.jsonl:58
ca_eDnatct7,西班牙语,能够有意识地分析语言表达中的逻辑关系,逻辑思维能力：能够认识逻辑表达的重要性；能够有意识地分析语言表达中的逻辑关系；能够初步形成和运用正确的逻辑，叙事条理清晰，提高交际效率。4. 学习策略课程级别课程类型 能力描述1 级 必修Ⅰ,35,"{""min"": ""G10"", ""max"": ""G12""}",ai-reviewed,[],deterministic-screen-only,not-adjudicated,anchors/gaozhong-西班牙语.jsonl:59
ca_XbcVDsKn,西班牙语,能够在教师的指导下制订合理的学习计划，开始探索适合自己的学习方法,能够在教师的指导下制订合理的学习计划，开始探索适合自己的学习方法。续表课程级别课程类型 能力描述3 级 必修Ⅲ,35,"{""min"": ""G10"", ""max"": ""G12""}",ai-reviewed,"[""A11""]",deterministic-screen-only,not-adjudicated,anchors/gaozhong-西班牙语.jsonl:61
ca_thZu2s6u,西班牙语,能够在学习和生活中与他人进行团队分工与合作，共同解决问题，共同进步,能够在学习和生活中与他人进行团队分工与合作，共同解决问题，共同进步。,36,"{""min"": ""G10"", ""max"": ""G12""}",ai-reviewed,[],deterministic-screen-only,not-adjudicated,anchors/gaozhong-西班牙语.jsonl:63
ca_6CVxQ4GS,西班牙语,能够发现语言的规律，学会比较西班牙语与汉语或其他语言之间的异同,能够发现语言的规律，学会比较西班牙语与汉语或其他语言之间的异同。,36,"{""min"": ""G10"", ""max"": ""G12""}",ai-reviewed,[],deterministic-screen-only,not-adjudicated,anchors/gaozhong-西班牙语.jsonl:64
ca_KkjgXMBG,西班牙语,能够使用适当的语气表达个人情感,能够使用适当的语气表达个人情感。,40,"{""min"": ""G10"", ""max"": ""G12""}",ai-reviewed,"[""A13""]",deterministic-screen-only,not-adjudicated,anchors/gaozhong-西班牙语.jsonl:65
ca_F3DbrGUB,西班牙语,能够就熟悉的话题简单地表达个人看法,能够就熟悉的话题简单地表达个人看法。,40,"{""min"": ""G10"", ""max"": ""G12""}",ai-reviewed,[],deterministic-screen-only,not-adjudicated,anchors/gaozhong-西班牙语.jsonl:66
ca_yheqTj7u,西班牙语,能够讨论一般性话题,能够讨论一般性话题。,40,"{""min"": ""G10"", ""max"": ""G12""}",ai-reviewed,[],deterministic-screen-only,not-adjudicated,anchors/gaozhong-西班牙语.jsonl:67
ca_7HNW4N5y,西班牙语,能够每两至三周背诵一段名家名言,能够每两至三周背诵一段名家名言。读课程级别课程类型 能力描述5 级 选择性必修,40,"{""min"": ""G10"", ""max"": ""G12""}",ai-reviewed,[],deterministic-screen-only,not-adjudicated,anchors/gaozhong-西班牙语.jsonl:68
ca_YZmL3frR,西班牙语,能够借助参考资料和双解工具书解决较复杂的语言疑难问题,能够借助参考资料和双解工具书解决较复杂的语言疑难问题。,41,"{""min"": ""G10"", ""max"": ""G12""}",ai-reviewed,[],deterministic-screen-only,not-adjudicated,anchors/gaozhong-西班牙语.jsonl:69
ca_qM8PMLMP,西班牙语,能够修改所写的内容,能够修改所写的内容，比较正确地使用各种时态和语态。2. 知识词汇知识课程级别课程类型 知识描述5 级 选择性必修,41,"{""min"": ""G10"", ""max"": ""G12""}",ai-reviewed,[],deterministic-screen-only,not-adjudicated,anchors/gaozhong-西班牙语.jsonl:70
ca_PpRQetDg,西班牙语,能比较正确地使用各种时态和语态,能够修改所写的内容，比较正确地使用各种时态和语态。2. 知识词汇知识课程级别课程类型 知识描述5 级 选择性必修,41,"{""min"": ""G10"", ""max"": ""G12""}",ai-reviewed,[],deterministic-screen-only,not-adjudicated,anchors/gaozhong-西班牙语.jsonl:71
ca_SzSdMxCv,西班牙语,能掌握简单过去时、过去未完成时和现在完成时的区别,掌握简单过去时、过去未完成时和现在完成时的区别。,42,"{""min"": ""G10"", ""max"": ""G12""}",ai-reviewed,[],deterministic-screen-only,not-adjudicated,anchors/gaozhong-西班牙语.jsonl:72
ca_PMMwbbCc,西班牙语,能掌握虚拟式过去未完成时的变位规则和用法,掌握虚拟式过去未完成时的变位规则和用法。,42,"{""min"": ""G10"", ""max"": ""G12""}",ai-reviewed,"[""A09""]",deterministic-screen-only,not-adjudicated,anchors/gaozhong-西班牙语.jsonl:73
ca_8UVF84dA,西班牙语,能归纳并掌握已经学过的替代手段,归纳并掌握已经学过的替代手段。,42,"{""min"": ""G10"", ""max"": ""G12""}",ai-reviewed,[],deterministic-screen-only,not-adjudicated,anchors/gaozhong-西班牙语.jsonl:74
ca_B7rPmSJc,西班牙语,能够灵活运用多种知识，达到交际目的,发散性思维能力：能够根据语境和交际任务，提出多种解决方案；能够灵活运用多种知识，达到交际目的。4. 学习策略课程级别课程类型 能力描述5 级 选择性必修,42,"{""min"": ""G10"", ""max"": ""G12""}",ai-reviewed,[],deterministic-screen-only,not-adjudicated,anchors/gaozhong-西班牙语.jsonl:75
ca_WeY38ZdA,西班牙语,能够与他人配合组织语言实践活动，并根据活动进展适时地调整方案，合理地进行自我评价和自我调控,能够与他人配合组织语言实践活动，并根据活动进展适时地调整方案，合理地进行自我评价和自我调控。,43,"{""min"": ""G10"", ""max"": ""G12""}",ai-reviewed,[],deterministic-screen-only,not-adjudicated,anchors/gaozhong-西班牙语.jsonl:76
ca_j8xyTXcN,西班牙语,能够从口音和表达方式上推测出说话人的身份、立场和言外之意,能够从口音和表达方式上推测出说话人的身份、立场和言外之意。,44,"{""min"": ""G10"", ""max"": ""G12""}",ai-reviewed,"[""A09""]",deterministic-screen-only,not-adjudicated,anchors/gaozhong-西班牙语.jsonl:77
ca_RppyBRez,西班牙语,能够尝试使用西班牙语学习词典,能够尝试使用西班牙语学习词典。,45,"{""min"": ""G10"", ""max"": ""G12""}",ai-reviewed,[],deterministic-screen-only,not-adjudicated,anchors/gaozhong-西班牙语.jsonl:79
ca_BzFZPrBd,西班牙语,能够根据上下文和情境推断表达方式的含义,能够根据上下文和情境推断表达方式的含义。,45,"{""min"": ""G10"", ""max"": ""G12""}",ai-reviewed,[],deterministic-screen-only,not-adjudicated,anchors/gaozhong-西班牙语.jsonl:80
ca_a2azYPTe,西班牙语,能够撰写书信类应用文，格式规范， 语言正确,能够撰写书信类应用文，格式规范，  语言正确。,45,"{""min"": ""G10"", ""max"": ""G12""}",ai-reviewed,[],deterministic-screen-only,not-adjudicated,anchors/gaozhong-西班牙语.jsonl:81
ca_cqYZAvky,西班牙语,能熟悉并较好地使用各种指代手段,熟悉并较好地使用各种指代手段。,46,"{""min"": ""G10"", ""max"": ""G12""}",ai-reviewed,[],deterministic-screen-only,not-adjudicated,anchors/gaozhong-西班牙语.jsonl:82
ca_Aj3FKvAH,西班牙语,能归纳并掌握已经学过的表示将来动作或事件的方式和方法,归纳并掌握已经学过的表示将来动作或事件的方式和方法。,46,"{""min"": ""G10"", ""max"": ""G12""}",ai-reviewed,[],deterministic-screen-only,not-adjudicated,anchors/gaozhong-西班牙语.jsonl:84
ca_fbGG9Rsr,西班牙语,能归纳并掌握已经学过的表示委婉或礼貌的方式和方法,归纳并掌握已经学过的表示委婉或礼貌的方式和方法。,46,"{""min"": ""G10"", ""max"": ""G12""}",ai-reviewed,"[""A09""]",deterministic-screen-only,not-adjudicated,anchors/gaozhong-西班牙语.jsonl:85
ca_SpjBt3zF,西班牙语,能初步具备在语篇中使用连接词,初步具备在语篇中使用连接词，表达不同逻辑关系的能力。,46,"{""min"": ""G10"", ""max"": ""G12""}",ai-reviewed,[],deterministic-screen-only,not-adjudicated,anchors/gaozhong-西班牙语.jsonl:86
ca_iF7tKGUZ,西班牙语,能表达不同逻辑关系的能力,初步具备在语篇中使用连接词，表达不同逻辑关系的能力。,46,"{""min"": ""G10"", ""max"": ""G12""}",ai-reviewed,[],deterministic-screen-only,not-adjudicated,anchors/gaozhong-西班牙语.jsonl:87
ca_TCnBWTqN,西班牙语,能够综合利用可支配的学习资源解决问题，持之以恒地学习西班牙语,能够综合利用可支配的学习资源解决问题，持之以恒地学习西班牙语。,47,"{""min"": ""G10"", ""max"": ""G12""}",ai-reviewed,[],deterministic-screen-only,not-adjudicated,anchors/gaozhong-西班牙语.jsonl:88
ca_mKTN9cHW,西班牙语,能够根据情境和任务运用所学词汇和语法知识，较好地完成交际任务，具备基本的口语和书面语表达能力,能够根据情境和任务运用所学词汇和语法知识，较好地完成交际任务，具备基本的口语和书面语表达能力。,49,"{""min"": ""G10"", ""max"": ""G12""}",ai-reviewed,[],deterministic-screen-only,not-adjudicated,anchors/gaozhong-西班牙语.jsonl:89
ca_FBKdQ4uv,西班牙语,能够通过归纳和整理所学知识,能够通过归纳和整理所学知识，认识外语学习的特殊性，既能做到遵循规律，又能做到具体问题具体分析。,49,"{""min"": ""G10"", ""max"": ""G12""}",ai-reviewed,[],deterministic-screen-only,not-adjudicated,anchors/gaozhong-西班牙语.jsonl:90
ca_xbFFj926,西班牙语,能够具备思维灵活性和一定的抽象概括能力，以及较好的逻辑推断能力，对事物作出理性的判断,能够具备思维灵活性和一定的抽象概括能力，以及较好的逻辑推断能力，对事物作出理性的判断。,49,"{""min"": ""G10"", ""max"": ""G12""}",ai-reviewed,[],deterministic-screen-only,not-adjudicated,anchors/gaozhong-西班牙语.jsonl:92
ca_UVG9shrc,西班牙语,能够有意识地选择图书、网络等辅助手段解决学习中的问题，具备判断和选择语言学习策略的能力,能够有意识地选择图书、网络等辅助手段解决学习中的问题，具备判断和选择语言学习策略的能力。水平 质量描述,49,"{""min"": ""G10"", ""max"": ""G12""}",ai-reviewed,"[""A09""]",deterministic-screen-only,not-adjudicated,anchors/gaozhong-西班牙语.jsonl:93
ca_mw4Qqpez,西班牙语,能够运用所学的语言和文化知识较熟练完成多数功能意念项目，在口语和书面语表达中，较熟练地使用多种语篇连接词,能够运用所学的语言和文化知识较熟练完成多数功能意念项目，在口语和书面语表达中，较熟练地使用多种语篇连接词；能够理解一定难度的论述性文章，推断作者的真实意图，并能作出评价，表达自己的观点。,50,"{""min"": ""G10"", ""max"": ""G12""}",ai-reviewed,"[""A09""]",deterministic-screen-only,not-adjudicated,anchors/gaozhong-西班牙语.jsonl:94
ca_EL7RrpfQ,西班牙语,能够理解一定难度的论述性文章，推断作者的真实意图，并能作出评价,能够运用所学的语言和文化知识较熟练完成多数功能意念项目，在口语和书面语表达中，较熟练地使用多种语篇连接词；能够理解一定难度的论述性文章，推断作者的真实意图，并能作出评价，表达自己的观点。,50,"{""min"": ""G10"", ""max"": ""G12""}",ai-reviewed,[],deterministic-screen-only,not-adjudicated,anchors/gaozhong-西班牙语.jsonl:95
ca_gSt9wdKK,西班牙语,能表达自己的观点,能够运用所学的语言和文化知识较熟练完成多数功能意念项目，在口语和书面语表达中，较熟练地使用多种语篇连接词；能够理解一定难度的论述性文章，推断作者的真实意图，并能作出评价，表达自己的观点。,50,"{""min"": ""G10"", ""max"": ""G12""}",ai-reviewed,[],deterministic-screen-only,not-adjudicated,anchors/gaozhong-西班牙语.jsonl:96
ca_jzH34m3x,西班牙语,能够理性地分析、评价客观事物，抓住事物和现象的本质和规律,能够理性地分析、评价客观事物，抓住事物和现象的本质和规律；能够做到举一反三，具备较强的发散性思维能力。,50,"{""min"": ""G10"", ""max"": ""G12""}",ai-reviewed,[],deterministic-screen-only,not-adjudicated,anchors/gaozhong-西班牙语.jsonl:97
ca_dxmPa8fX,西班牙语,能够根据交流情境，综合有效地运用西班牙语语言知识,内涵与表现形式素养名称 内涵 表现形式素养 1 ：语言能力外语学习的基本目标是获得运用外语语言进行交际的能力，包括听、说、读、写技能，敏锐开放的跨文化意识和灵活有效的交际能力。学生应掌握西班牙语词汇、语法、句型等知识，具备基本的西班牙语交际能力。初步体会西班牙语语感，领悟西班牙语的基本特性，了解语言与世界、文化、社会和思维之间的关系。能够根据交流情境，综合有效地运用西班牙语语言知识；通过听和读，准确解析话语意义和语篇意义，体会话语和语篇所蕴含的意图、观点和情感；借助说和写，达到传递信息和表达意图、观点及情感的目的。,71,"{""min"": ""G10"", ""max"": ""G12""}",ai-reviewed,[],deterministic-screen-only,not-adjudicated,anchors/gaozhong-西班牙语.jsonl:100
ca_nQzGdtLT,西班牙语,能借助说和写，达到传递信息和表达意图、观点及情感的目的,内涵与表现形式素养名称 内涵 表现形式素养 1 ：语言能力外语学习的基本目标是获得运用外语语言进行交际的能力，包括听、说、读、写技能，敏锐开放的跨文化意识和灵活有效的交际能力。学生应掌握西班牙语词汇、语法、句型等知识，具备基本的西班牙语交际能力。初步体会西班牙语语感，领悟西班牙语的基本特性，了解语言与世界、文化、社会和思维之间的关系。能够根据交流情境，综合有效地运用西班牙语语言知识；通过听和读，准确解析话语意义和语篇意义，体会话语和语篇所蕴含的意图、观点和情感；借助说和写，达到传递信息和表达意图、观点及情感的目的。,71,"{""min"": ""G10"", ""max"": ""G12""}",ai-reviewed,"[""A13""]",deterministic-screen-only,not-adjudicated,anchors/gaozhong-西班牙语.jsonl:101
ca_CbD5Rgga,西班牙语,能够运用西班牙语语言知识,能够运用西班牙语语言知识，理解不同主题和形式的西班牙语口语和书面语所传递的信息；能够根据交际情境用西班牙语比较准确地传递信息，表达观点；能够在西班牙语和汉语之间进行一般意义的转换。,71,"{""min"": ""G10"", ""max"": ""G12""}",ai-reviewed,[],deterministic-screen-only,not-adjudicated,anchors/gaozhong-西班牙语.jsonl:102
ca_bnQTaUL7,西班牙语,能够根据交际情境用西班牙语比较准确地传递信息,能够运用西班牙语语言知识，理解不同主题和形式的西班牙语口语和书面语所传递的信息；能够根据交际情境用西班牙语比较准确地传递信息，表达观点；能够在西班牙语和汉语之间进行一般意义的转换。,71,"{""min"": ""G10"", ""max"": ""G12""}",ai-reviewed,[],deterministic-screen-only,not-adjudicated,anchors/gaozhong-西班牙语.jsonl:103
ca_2PCYktzv,西班牙语,能够初步掌握建构和运用文本的能力,能够辨别主要文体的语言特征，判断其各自适用的语境和受众；能够初步掌握建构和运用文本的能力。,71,"{""min"": ""G10"", ""max"": ""G12""}",ai-reviewed,[],deterministic-screen-only,not-adjudicated,anchors/gaozhong-西班牙语.jsonl:105
ca_xzJRr8u6,西班牙语,能分析与比较中外文化之间的异同，进行独立的价值判断和文化阐释,能够观察与思考西班牙语国家之间文化的异同，分析与比较中外文化之间的异同，进行独立的价值判断和文化阐释。素养名称 内涵 表现形式素养 3 ：思维品质语言与思维互相依存，互相促进。语言是思维的载体，思维促进语言的发展。语言学习能够培养学生的逻辑思维，使他们获得一定的逻辑思维能力。学生在学习西班牙语的过程中，可以提高分析与综合、比较与分类、抽象与概括、批判与创新的能力，进而增强运用西班牙语的缜密性和灵活性，并能综合发展逻辑性思维、批判性思维和创造性思维。,71,"{""min"": ""G10"", ""max"": ""G12""}",ai-reviewed,[],deterministic-screen-only,not-adjudicated,anchors/gaozhong-西班牙语.jsonl:106
ca_SNMdYTNB,西班牙语,能通过对语言表达内容逻辑性的分析,能够在学习西班牙语词法、句法和语篇的过程中，运用分析与综合、抽象与概括、比较与分类等方法，对语言知识进行处理和分析；通过对语言表达内容逻辑性的分析，理解汉语和西班牙语所蕴含的思维模式特征。,72,"{""min"": ""G10"", ""max"": ""G12""}",ai-reviewed,[],deterministic-screen-only,not-adjudicated,anchors/gaozhong-西班牙语.jsonl:107
ca_3vvwpkE5,西班牙语,能在运用语言表达观点或处理任务时,学习语言知识时，善于质疑和辨析，养成思辨性思维模式；在运用语言表达观点或处理任务时，能够保持对信息的敏感度，判断并获取信息的要点，对事物作出理性评价。,72,"{""min"": ""G10"", ""max"": ""G12""}",ai-reviewed,[],deterministic-screen-only,not-adjudicated,anchors/gaozhong-西班牙语.jsonl:108
ca_uAeMaeLi,西班牙语,能判断并获取信息的要点，对事物作出理性评价,学习语言知识时，善于质疑和辨析，养成思辨性思维模式；在运用语言表达观点或处理任务时，能够保持对信息的敏感度，判断并获取信息的要点，对事物作出理性评价。,72,"{""min"": ""G10"", ""max"": ""G12""}",ai-reviewed,[],deterministic-screen-only,not-adjudicated,anchors/gaozhong-西班牙语.jsonl:109
ca_fL2i6LDb,西班牙语,能够发现规律，探寻独立解决问题的方法,能够正视学习过程中遇到的困难和局限；能够发现规律，探寻独立解决问题的方法。续表,72,"{""min"": ""G10"", ""max"": ""G12""}",ai-reviewed,[],deterministic-screen-only,not-adjudicated,anchors/gaozhong-西班牙语.jsonl:110
ca_KjVGEcqi,西班牙语,能初步具备建构叙述、说明和议论等不同类型语篇的能力,3.4 基本理解语篇的含义，能够辨别主要篇章类型的文体特征；初步具备建构叙述、说明和议论等不同类型语篇的能力。,74,"{""min"": ""G10"", ""max"": ""G12""}",ai-reviewed,[],deterministic-screen-only,not-adjudicated,anchors/gaozhong-西班牙语.jsonl:111
ca_jwxNxdwh,西班牙语,能对所学知识 （不局限于语言）进行归纳、整理，并能进行简单的概括和总结,3.2 具备一定的归纳能力，能对所学知识 （不局限于语言）进行归纳、整理，并能进行简单的概括和总结；具备在归纳过程中发现问题和思考问题的能力，能提出分析问题的思路和角度。,74,"{""min"": ""G10"", ""max"": ""G12""}",ai-reviewed,[],deterministic-screen-only,not-adjudicated,anchors/gaozhong-西班牙语.jsonl:112
ca_ESqYyFCC,西班牙语,能提出分析问题的思路和角度,3.2 具备一定的归纳能力，能对所学知识 （不局限于语言）进行归纳、整理，并能进行简单的概括和总结；具备在归纳过程中发现问题和思考问题的能力，能提出分析问题的思路和角度。,74,"{""min"": ""G10"", ""max"": ""G12""}",ai-reviewed,[],deterministic-screen-only,not-adjudicated,anchors/gaozhong-西班牙语.jsonl:113
ca_4epEddtn,西班牙语,能够正确区分常用词及其同义词 、近义词和反义词的含义,4.1 认识 2000~2600个单词 ，能够较熟练地运用 1300 个左右的单词进行表达 ；能够正确区分常用词及其同义词 、近义词和反义词的含义。,75,"{""min"": ""G10"", ""max"": ""G12""}",ai-reviewed,"[""A09""]",deterministic-screen-only,not-adjudicated,anchors/gaozhong-西班牙语.jsonl:114
ca_XQeeUdFi,西班牙语,能表达观点或作出评价，并有一定的逻辑性,5.4 能够在真实的交际语境中理解说话人的意思 ；能够用合适的方式主动发起 、转移或结束话题 ；能够有条理地叙述事件 ，表达观点或作出评价，并有一定的逻辑性。,76,"{""min"": ""G10"", ""max"": ""G12""}",ai-reviewed,[],deterministic-screen-only,not-adjudicated,anchors/gaozhong-西班牙语.jsonl:115
ca_A8cjYW7Z,西班牙语,能够自觉运用自己的思维体系和方法 ，系统理解 、深入分析并客观评价事物和现象,5.2 善于发现问题和解决问题 ；对事物和现象具有一定的宏观把握能力 ，并能透过事物和现象的表象 ，抓住其本质和规律 ；能够自觉运用自己的思维体系和方法 ，系统理解 、深入分析并客观评价事物和现象。,76,"{""min"": ""G10"", ""max"": ""G12""}",ai-reviewed,"[""A09""]",deterministic-screen-only,not-adjudicated,anchors/gaozhong-西班牙语.jsonl:116
ca_K4C566bE,西班牙语,能够创造性地解决问题,5.3 敢于质疑，善于发问 ，勇于否定 、探索和创新 ；能够创造性地解决问题 ；具备一定的人生规划能力。,76,"{""min"": ""G10"", ""max"": ""G12""}",ai-reviewed,[],deterministic-screen-only,not-adjudicated,anchors/gaozhong-西班牙语.jsonl:117
ca_bX7edWtc,西班牙语,能运用所掌握的语言知识写一篇关于童年的短文,运用所掌握的语言知识写一篇关于童年的短文。过程,80,"{""min"": ""G10"", ""max"": ""G12""}",ai-reviewed,[],deterministic-screen-only,not-adjudicated,anchors/gaozhong-西班牙语.jsonl:118
ca_dGUxRpGq,西班牙语,能描述星座与人的运势之间的关系,学生根据所学内容写一篇关于童年的短文。评析教师首先通过“头脑风暴”活动鼓励学生把已学过的知识和本课主题联系起来，从而调动学生的积极性，使他们快速进入学习状态。分组口语活动培养了学生归纳信息的能力；段落排序能够培养学生的语篇意识和逻辑思维能力；阅读活动帮助学生积累新知识，并深入体会学过的动词时态；最后的写作则培养了学生的语言输出能力。案例 4（适合 4 级）目标帮助学生运用陈述式将来未完成时表达对未来的预测，让学生通过了解十二星座，能够就相关内容进行交流，并充分利用网络资源培养收集资料及自主学习的能力。情境谈论各星座所对应的人物性格和情绪特点，描述星座与人的运势之间的关系。内容,81,"{""min"": ""G10"", ""max"": ""G12""}",ai-reviewed,[],deterministic-screen-only,not-adjudicated,anchors/gaozhong-西班牙语.jsonl:119
ca_PN7JPiZN,西班牙语,能说明自己的人生观和价值观,情境Patrice Motsepe 讲述自己的人生经历，说明自己的人生观和价值观。,85,"{""min"": ""G10"", ""max"": ""G12""}",ai-reviewed,"[""A13""]",deterministic-screen-only,not-adjudicated,anchors/gaozhong-西班牙语.jsonl:120
ca_aCav62Ju,西班牙语,能归纳信息并复述主要内容,归纳信息并复述主要内容。过程,87,"{""min"": ""G10"", ""max"": ""G12""}",ai-reviewed,[],deterministic-screen-only,not-adjudicated,anchors/gaozhong-西班牙语.jsonl:121
ca_342rdxfP,西班牙语,能够识别陈述句的语调,能够识别陈述句、疑问句（一般疑问句、特殊疑问句和选择疑问句）和感叹句的语调。,27,"{""min"": ""G10"", ""max"": ""G12""}",ai-reviewed,[],deterministic-screen-only,not-adjudicated,anchors/gaozhong-西班牙语.jsonl:122
ca_V82ctbKh,西班牙语,能够识别一般疑问句的语调,能够识别陈述句、疑问句（一般疑问句、特殊疑问句和选择疑问句）和感叹句的语调。,27,"{""min"": ""G10"", ""max"": ""G12""}",ai-reviewed,[],deterministic-screen-only,not-adjudicated,anchors/gaozhong-西班牙语.jsonl:123
ca_gJ3Vecmm,西班牙语,能够识别特殊疑问句的语调,能够识别陈述句、疑问句（一般疑问句、特殊疑问句和选择疑问句）和感叹句的语调。,27,"{""min"": ""G10"", ""max"": ""G12""}",ai-reviewed,[],deterministic-screen-only,not-adjudicated,anchors/gaozhong-西班牙语.jsonl:124
ca_6Ga7fHZt,西班牙语,能够识别选择疑问句的语调,能够识别陈述句、疑问句（一般疑问句、特殊疑问句和选择疑问句）和感叹句的语调。,27,"{""min"": ""G10"", ""max"": ""G12""}",ai-reviewed,[],deterministic-screen-only,not-adjudicated,anchors/gaozhong-西班牙语.jsonl:125
ca_hexu53aC,西班牙语,能够根据图片或实物说出相应的单词,能够根据图片或实物说出相应的单词、词组和短句。,28,"{""min"": ""G10"", ""max"": ""G12""}",ai-reviewed,[],deterministic-screen-only,not-adjudicated,anchors/gaozhong-西班牙语.jsonl:127
ca_7mCxH9sQ,西班牙语,能够根据图片或实物说出相应的词组,能够根据图片或实物说出相应的单词、词组和短句。,28,"{""min"": ""G10"", ""max"": ""G12""}",ai-reviewed,[],deterministic-screen-only,not-adjudicated,anchors/gaozhong-西班牙语.jsonl:128
ca_QK6zxeAf,西班牙语,能够根据图片或实物说出相应的短句,能够根据图片或实物说出相应的单词、词组和短句。,28,"{""min"": ""G10"", ""max"": ""G12""}",ai-reviewed,[],deterministic-screen-only,not-adjudicated,anchors/gaozhong-西班牙语.jsonl:129
ca_CcRzXg2w,西班牙语,能够模仿范例，写出简单的邀请函,能够模仿范例，写出简单的贺卡、邀请函等。3 级 必修Ⅲ,31,"{""min"": ""G10"", ""max"": ""G12""}",ai-reviewed,[],deterministic-screen-only,not-adjudicated,anchors/gaozhong-西班牙语.jsonl:131
ca_mh8upWMY,西班牙语,能掌握陈述式过去未完成时的变位规则,掌握陈述式过去未完成时的变位规则和用法。4.初步掌握陈述式简单过去时和陈述式过去未完成时的区别。,33,"{""min"": ""G10"", ""max"": ""G12""}",ai-reviewed,[],deterministic-screen-only,not-adjudicated,anchors/gaozhong-西班牙语.jsonl:132
ca_PZafMMyB,西班牙语,能掌握陈述式过去未完成时的用法,掌握陈述式过去未完成时的变位规则和用法。4.初步掌握陈述式简单过去时和陈述式过去未完成时的区别。,33,"{""min"": ""G10"", ""max"": ""G12""}",ai-reviewed,[],deterministic-screen-only,not-adjudicated,anchors/gaozhong-西班牙语.jsonl:133
ca_KA8B9HQu,西班牙语,能掌握虚拟式过去未完成时的变位规则,掌握虚拟式过去未完成时的变位规则和用法。,42,"{""min"": ""G10"", ""max"": ""G12""}",ai-reviewed,[],deterministic-screen-only,not-adjudicated,anchors/gaozhong-西班牙语.jsonl:134
ca_PcpT2w7p,西班牙语,能掌握虚拟式过去未完成时的用法,掌握虚拟式过去未完成时的变位规则和用法。,42,"{""min"": ""G10"", ""max"": ""G12""}",ai-reviewed,[],deterministic-screen-only,not-adjudicated,anchors/gaozhong-西班牙语.jsonl:135
ca_5QctYPPU,西班牙语,能够从口音和表达方式上推测出说话人的身份,能够从口音和表达方式上推测出说话人的身份、立场和言外之意。,44,"{""min"": ""G10"", ""max"": ""G12""}",ai-reviewed,[],deterministic-screen-only,not-adjudicated,anchors/gaozhong-西班牙语.jsonl:136
ca_LeF2PdwH,西班牙语,能够从口音和表达方式上推测出说话人的立场,能够从口音和表达方式上推测出说话人的身份、立场和言外之意。,44,"{""min"": ""G10"", ""max"": ""G12""}",ai-reviewed,[],deterministic-screen-only,not-adjudicated,anchors/gaozhong-西班牙语.jsonl:137
ca_4ZSCEGMt,西班牙语,能够从口音和表达方式上推测出说话人的言外之意,能够从口音和表达方式上推测出说话人的身份、立场和言外之意。,44,"{""min"": ""G10"", ""max"": ""G12""}",ai-reviewed,[],deterministic-screen-only,not-adjudicated,anchors/gaozhong-西班牙语.jsonl:138
ca_NNkmNx3s,西班牙语,能归纳表示委婉或礼貌的方式和方法,归纳并掌握已经学过的表示委婉或礼貌的方式和方法。,46,"{""min"": ""G10"", ""max"": ""G12""}",ai-reviewed,[],deterministic-screen-only,not-adjudicated,anchors/gaozhong-西班牙语.jsonl:139
ca_BmaP74xV,西班牙语,能掌握表示委婉或礼貌的方式和方法,归纳并掌握已经学过的表示委婉或礼貌的方式和方法。,46,"{""min"": ""G10"", ""max"": ""G12""}",ai-reviewed,[],deterministic-screen-only,not-adjudicated,anchors/gaozhong-西班牙语.jsonl:140
ca_wJTZUa4F,西班牙语,能够有意识地选择图书、网络等辅助手段解决学习中的问题,能够有意识地选择图书、网络等辅助手段解决学习中的问题，具备判断和选择语言学习策略的能力。水平 质量描述,49,"{""min"": ""G10"", ""max"": ""G12""}",ai-reviewed,[],deterministic-screen-only,not-adjudicated,anchors/gaozhong-西班牙语.jsonl:141
ca_DtvYJqfa,西班牙语,具备判断和选择语言学习策略的能力,能够有意识地选择图书、网络等辅助手段解决学习中的问题，具备判断和选择语言学习策略的能力。水平 质量描述,49,"{""min"": ""G10"", ""max"": ""G12""}",ai-reviewed,[],deterministic-screen-only,not-adjudicated,anchors/gaozhong-西班牙语.jsonl:142
ca_WMZy3SwS,西班牙语,能够运用所学的语言和文化知识较熟练完成多数功能意念项目,能够运用所学的语言和文化知识较熟练完成多数功能意念项目，在口语和书面语表达中，较熟练地使用多种语篇连接词；能够理解一定难度的论述性文章，推断作者的真实意图，并能作出评价，表达自己的观点。,50,"{""min"": ""G10"", ""max"": ""G12""}",ai-reviewed,[],deterministic-screen-only,not-adjudicated,anchors/gaozhong-西班牙语.jsonl:143
ca_YERaA2mG,西班牙语,在口语和书面语表达中较熟练地使用多种语篇连接词,能够运用所学的语言和文化知识较熟练完成多数功能意念项目，在口语和书面语表达中，较熟练地使用多种语篇连接词；能够理解一定难度的论述性文章，推断作者的真实意图，并能作出评价，表达自己的观点。,50,"{""min"": ""G10"", ""max"": ""G12""}",ai-reviewed,[],deterministic-screen-only,not-adjudicated,anchors/gaozhong-西班牙语.jsonl:144
ca_HMhuHNwD,西班牙语,能够正确区分常用词的含义,4.1 认识 2000~2600个单词 ，能够较熟练地运用 1300 个左右的单词进行表达 ；能够正确区分常用词及其同义词 、近义词和反义词的含义。,75,"{""min"": ""G10"", ""max"": ""G12""}",ai-reviewed,[],deterministic-screen-only,not-adjudicated,anchors/gaozhong-西班牙语.jsonl:145
ca_EZcXjvma,西班牙语,能够正确区分常用词同义词的含义,4.1 认识 2000~2600个单词 ，能够较熟练地运用 1300 个左右的单词进行表达 ；能够正确区分常用词及其同义词 、近义词和反义词的含义。,75,"{""min"": ""G10"", ""max"": ""G12""}",ai-reviewed,[],deterministic-screen-only,not-adjudicated,anchors/gaozhong-西班牙语.jsonl:146
ca_qSHsdVEW,西班牙语,能够正确区分常用词近义词的含义,4.1 认识 2000~2600个单词 ，能够较熟练地运用 1300 个左右的单词进行表达 ；能够正确区分常用词及其同义词 、近义词和反义词的含义。,75,"{""min"": ""G10"", ""max"": ""G12""}",ai-reviewed,[],deterministic-screen-only,not-adjudicated,anchors/gaozhong-西班牙语.jsonl:147
ca_pzVirdNr,西班牙语,能够正确区分常用词反义词的含义,4.1 认识 2000~2600个单词 ，能够较熟练地运用 1300 个左右的单词进行表达 ；能够正确区分常用词及其同义词 、近义词和反义词的含义。,75,"{""min"": ""G10"", ""max"": ""G12""}",ai-reviewed,[],deterministic-screen-only,not-adjudicated,anchors/gaozhong-西班牙语.jsonl:148
ca_FRybCZcC,西班牙语,能够自觉运用自己的思维体系和方法，系统理解事物和现象,5.2 善于发现问题和解决问题 ；对事物和现象具有一定的宏观把握能力 ，并能透过事物和现象的表象 ，抓住其本质和规律 ；能够自觉运用自己的思维体系和方法 ，系统理解 、深入分析并客观评价事物和现象。,76,"{""min"": ""G10"", ""max"": ""G12""}",ai-reviewed,[],deterministic-screen-only,not-adjudicated,anchors/gaozhong-西班牙语.jsonl:149
ca_2XVUt63f,西班牙语,能够自觉运用自己的思维体系和方法，深入分析事物和现象,5.2 善于发现问题和解决问题 ；对事物和现象具有一定的宏观把握能力 ，并能透过事物和现象的表象 ，抓住其本质和规律 ；能够自觉运用自己的思维体系和方法 ，系统理解 、深入分析并客观评价事物和现象。,76,"{""min"": ""G10"", ""max"": ""G12""}",ai-reviewed,[],deterministic-screen-only,not-adjudicated,anchors/gaozhong-西班牙语.jsonl:150
ca_u5YVfMWU,西班牙语,能够自觉运用自己的思维体系和方法，客观评价事物和现象,5.2 善于发现问题和解决问题 ；对事物和现象具有一定的宏观把握能力 ，并能透过事物和现象的表象 ，抓住其本质和规律 ；能够自觉运用自己的思维体系和方法 ，系统理解 、深入分析并客观评价事物和现象。,76,"{""min"": ""G10"", ""max"": ""G12""}",ai-reviewed,[],deterministic-screen-only,not-adjudicated,anchors/gaozhong-西班牙语.jsonl:151
ca_CstD9H8Y,西班牙语,能够主动尝试多种学习方法，总结学习效果，反思学习策略,能够主动尝试多种学习方法，总结学习效果，反思学习策略，交流学习经验，提高学习效率。,49,"{""min"": ""G10"", ""max"": ""G12""}",disputed,"[""A02"", ""A07""]",deterministic-screen-only,not-adjudicated,anchors/gaozhong-西班牙语.jsonl:152
ca_nhKNJpSn,语文,能在阅读过程中，探索阅读整本书的门径，形成和积累自己阅读整本书的经验,在阅读过程中，探索阅读整本书的门径，形成和积累自己阅读整本书的经验。重视学习前人的阅读经验，根据不同的阅读目的，综合运用精读、略读与浏览的方法阅读整本书，读懂文本，把握文本丰富的内涵和精髓。,19,"{""min"": ""G10"", ""max"": ""G12""}",ai-reviewed,"[""A07""]",deterministic-screen-only,not-adjudicated,anchors/gaozhong-语文.jsonl:1
ca_QRrMKwz9,语文,能在指定范围内选择阅读一部长篇小说,在指定范围内选择阅读一部长篇小说。通读全书，整体把握其思想内容和艺术特点。从最使自己感动的故事、人物、场景、语言等方面入手，反复阅读品味，深入探究，欣赏语言表达的精彩之处，梳理小说的感人场景乃至整体的艺术架构，理清人物关系，感受、欣赏人物形象，探究人物的精神世界，体会小说的主旨，研究小说的艺术价值。,19,"{""min"": ""G10"", ""max"": ""G12""}",ai-reviewed,"[""A07""]",deterministic-screen-only,not-adjudicated,anchors/gaozhong-语文.jsonl:2
ca_McEtERgy,语文,能在指定范围内选择阅读一部学术著作,在指定范围内选择阅读一部学术著作。通读全书，勾画圈点，争取读懂；梳理全书大纲小目及其关联，做出全书内容提要；把握书中的重要观点和作品的价值取向。阅读与本书相关的资料，了解本书的学术思想及学术价值。通过反复阅读和思考，探究本书的语言特点和论述逻辑。,20,"{""min"": ""G10"", ""max"": ""G12""}",ai-reviewed,"[""A07""]",deterministic-screen-only,not-adjudicated,anchors/gaozhong-语文.jsonl:3
ca_bHcJErYX,语文,能掌握利用不同媒介获取信息、处理信息、应用信息的能力,了解常见媒介与语言辅助工具的特点。掌握利用不同媒介获取信息、处理信息、应用信息的能力。学习运用多种媒介展开有效的表达和交流。,22,"{""min"": ""G10"", ""max"": ""G12""}",ai-reviewed,"[""A07""]",deterministic-screen-only,not-adjudicated,anchors/gaozhong-语文.jsonl:4
ca_dNRTSPmi,语文,能在运用口语和书面语表达的过程中，对比两种语体用词和造句的差别,在运用口语和书面语表达的过程中，对比两种语体用词和造句的差别，体会口语与书面语的风格差异。,24,"{""min"": ""G10"", ""max"": ""G12""}",ai-reviewed,"[""A07"", ""A09""]",deterministic-screen-only,not-adjudicated,anchors/gaozhong-语文.jsonl:6
ca_sgKty3e2,语文,能理解欣赏作品的语言表达，把握作品的内涵,精读古今中外优秀的文学作品，感受作品中的艺术形象，理解欣赏作品的语言表达，把握作品的内涵，理解作者的创作意图。结合自己的生活经验和阅读写作经历，发挥想象，加深对作品的理解，力求有自己的发现。,25,"{""min"": ""G10"", ""max"": ""G12""}",ai-reviewed,"[""A07""]",deterministic-screen-only,not-adjudicated,anchors/gaozhong-语文.jsonl:7
ca_M62UShR2,语文,能尝试续写或改写文学作品,结合所阅读的作品，了解诗歌、散文、小说、剧本写作的一般规律。捕捉创作灵感，用自己喜欢的文体样式和表达方式写作，与同学交流写作体会。尝试续写或改写文学作品。,26,"{""min"": ""G10"", ""max"": ""G12""}",ai-reviewed,"[""A07""]",deterministic-screen-only,not-adjudicated,anchors/gaozhong-语文.jsonl:8
ca_zVLtVb8L,语文,能围绕感兴趣的话题开展讨论和辩论,围绕感兴趣的话题开展讨论和辩论，能理性、有条理地表达自己的观点，平等商讨，有针对性、有风度、有礼貌地进行辩驳。,27,"{""min"": ""G10"", ""max"": ""G12""}",ai-reviewed,"[""A07""]",deterministic-screen-only,not-adjudicated,anchors/gaozhong-语文.jsonl:9
ca_UFi7Tgny,语文,能掌握当代社会常用的实用文本，善于学习并运用新的表达方式,学习多角度观察社会生活，掌握当代社会常用的实用文本，善于学习并运用新的表达方式。,28,"{""min"": ""G10"", ""max"": ""G12""}",ai-reviewed,"[""A07""]",deterministic-screen-only,not-adjudicated,anchors/gaozhong-语文.jsonl:10
ca_iBSNEX8v,语文,能说明比较复杂的事理,学习运用简明生动的语言，介绍比较复杂的事物，说明比较复杂的事理。,28,"{""min"": ""G10"", ""max"": ""G12""}",ai-reviewed,"[""A07""]",deterministic-screen-only,not-adjudicated,anchors/gaozhong-语文.jsonl:11
ca_aKkrhEQH,语文,能选择中国文化史上不同时期、不同类型的一些代表性作品进行精读,选择中国文化史上不同时期、不同类型的一些代表性作品进行精读，体会其精神内涵、审美追求和文化价值。,29,"{""min"": ""G10"", ""max"": ""G12""}",ai-reviewed,"[""A07""]",deterministic-screen-only,not-adjudicated,anchors/gaozhong-语文.jsonl:12
ca_8uDswkb6,语文,能选择一部（篇）作品，从一个或多个角度讨论分析，撰写评论,阅读作品应写出内容提要和阅读感受。选择一部（篇）作品，从一个或多个角度讨论分析，撰写评论。,29,"{""min"": ""G10"", ""max"": ""G12""}",ai-reviewed,"[""A07""]",deterministic-screen-only,not-adjudicated,anchors/gaozhong-语文.jsonl:13
ca_DB4zK6MC,语文,能选择喜欢的作品，从不同角度撰写作品评论，发表自己的见解,养成撰写读书笔记的习惯，阅读作品应写出内容提要和阅读感受。选择喜欢的作品，从不同角度撰写作品评论，发表自己的见解。,32,"{""min"": ""G10"", ""max"": ""G12""}",ai-reviewed,"[""A07""]",deterministic-screen-only,not-adjudicated,anchors/gaozhong-语文.jsonl:15
ca_q79xEVU6,语文,能选择感兴趣的作家、作品或话题，撰写评论,撰写读书笔记，阅读作品应写出内容提要和阅读感受。选择感兴趣的作家、作品或话题，撰写评论。,32,"{""min"": ""G10"", ""max"": ""G12""}",ai-reviewed,"[""A07"", ""A09""]",deterministic-screen-only,not-adjudicated,anchors/gaozhong-语文.jsonl:16
ca_xCeFBXmQ,语文,能尝试探讨不同民族文学之间的共同话题和文化差异，尊重文化多样性，提升文化鉴别力,尝试探讨不同民族文学之间的共同话题和文化差异，尊重文化多样性，提升文化鉴别力。,33,"{""min"": ""G10"", ""max"": ""G12""}",ai-reviewed,"[""A07""]",deterministic-screen-only,not-adjudicated,anchors/gaozhong-语文.jsonl:17
ca_6TnwNEFm,语文,能围绕中心论题进行有准备的研讨，围绕专题选择合适的方式展示探究的成果,阅读应做读书笔记。围绕中心论题进行有准备的研讨，围绕专题选择合适的方式展示探究的成果。,35,"{""min"": ""G10"", ""max"": ""G12""}",ai-reviewed,"[""A07""]",deterministic-screen-only,not-adjudicated,anchors/gaozhong-语文.jsonl:18
ca_By2kzHLf,语文,能尝试阅读未加标点的文言文,进一步提高文言文阅读能力。尝试阅读未加标点的文言文。阅读古代典籍，注意精选版本。,35,"{""min"": ""G10"", ""max"": ""G12""}",ai-reviewed,"[""A07""]",deterministic-screen-only,not-adjudicated,anchors/gaozhong-语文.jsonl:19
ca_CSggQJKF,语文,能凭借语感和积累及时调整自己的语言表达，力求使语言表达准确清晰,有主动积累的意识，不断扩展自己的语文积累，能对学过的各类语言材料进行归类；留心观察生活，记录对生活的观察和感受；能主动将自己的积累用于语言理解和表达。能注意语境与交流的关系，能根据具体的语言环境理解语言，能凭借语感和积累及时调整自己的语言表达，力求使语言表达准确清晰。有反思和总结自己语文学习经验的意识，关注语文学习方法的学习。,43,"{""min"": ""G10"", ""max"": ""G12""}",llm-proposed,"[""A03"", ""A07""]",deterministic-screen-only,not-adjudicated,anchors/gaozhong-语文.jsonl:20
ca_SQ2fJ48z,语文,能提取和概括主要信息,在理解语言时，能提取和概括主要信息，能区分事实和观点，分析各部分内容之间的关系，发现观点和材料之间的联系；能利用获得的信息解决具体的实际问题。在表达时，能做到观点明确、内容完整、结构清楚。,44,"{""min"": ""G10"", ""max"": ""G12""}",disputed,"[""A02"", ""A07""]",deterministic-screen-only,not-adjudicated,anchors/gaozhong-语文.jsonl:21
ca_x2MbqfDQ,语文,能区分事实和观点,在理解语言时，能提取和概括主要信息，能区分事实和观点，分析各部分内容之间的关系，发现观点和材料之间的联系；能利用获得的信息解决具体的实际问题。在表达时，能做到观点明确、内容完整、结构清楚。,44,"{""min"": ""G10"", ""max"": ""G12""}",llm-proposed,"[""A03"", ""A07""]",deterministic-screen-only,not-adjudicated,anchors/gaozhong-语文.jsonl:22
ca_fbF7cmB3,语文,能分析各部分内容之间的关系，发现观点和材料之间的联系,在理解语言时，能提取和概括主要信息，能区分事实和观点，分析各部分内容之间的关系，发现观点和材料之间的联系；能利用获得的信息解决具体的实际问题。在表达时，能做到观点明确、内容完整、结构清楚。,44,"{""min"": ""G10"", ""max"": ""G12""}",disputed,"[""A02"", ""A07""]",deterministic-screen-only,not-adjudicated,anchors/gaozhong-语文.jsonl:23
ca_P97uwy3H,语文,能利用获得的信息解决具体的实际问题,在理解语言时，能提取和概括主要信息，能区分事实和观点，分析各部分内容之间的关系，发现观点和材料之间的联系；能利用获得的信息解决具体的实际问题。在表达时，能做到观点明确、内容完整、结构清楚。,44,"{""min"": ""G10"", ""max"": ""G12""}",disputed,"[""A02"", ""A07""]",deterministic-screen-only,not-adjudicated,anchors/gaozhong-语文.jsonl:24
ca_c5JWHSuT,语文,能发现语言运用中存在的比较明显的问题，并运用自己掌握的语言知识予以纠正,具有主动积累的习惯，能进一步扩展语言积累，运用多种方法整理自己积累的语言材料，发现其中的联系。能凭借语感，结合具体语境理解重要词语的隐含意思，体会词句所表达的情感；能发现语言运用中存在的比较明显的问题，并运用自己掌握的语言知识予以纠正。具有反思并整理语文学习经验的意识，能用多种形式整理、记录自己学习、生活中的所得。,44,"{""min"": ""G10"", ""max"": ""G12""}",llm-proposed,"[""A03"", ""A07""]",deterministic-screen-only,not-adjudicated,anchors/gaozhong-语文.jsonl:25
ca_ViVXq49e,语文,能具有反思并整理语文学习经验的意识,具有主动积累的习惯，能进一步扩展语言积累，运用多种方法整理自己积累的语言材料，发现其中的联系。能凭借语感，结合具体语境理解重要词语的隐含意思，体会词句所表达的情感；能发现语言运用中存在的比较明显的问题，并运用自己掌握的语言知识予以纠正。具有反思并整理语文学习经验的意识，能用多种形式整理、记录自己学习、生活中的所得。,44,"{""min"": ""G10"", ""max"": ""G12""}",disputed,"[""A02"", ""A07""]",deterministic-screen-only,not-adjudicated,anchors/gaozhong-语文.jsonl:26
ca_4ih6Nq8k,语文,能用多种形式整理、记录自己学习、生活中的所得,具有主动积累的习惯，能进一步扩展语言积累，运用多种方法整理自己积累的语言材料，发现其中的联系。能凭借语感，结合具体语境理解重要词语的隐含意思，体会词句所表达的情感；能发现语言运用中存在的比较明显的问题，并运用自己掌握的语言知识予以纠正。具有反思并整理语文学习经验的意识，能用多种形式整理、记录自己学习、生活中的所得。,44,"{""min"": ""G10"", ""max"": ""G12""}",llm-proposed,"[""A03"", ""A07""]",deterministic-screen-only,not-adjudicated,anchors/gaozhong-语文.jsonl:27
ca_7pYB3wcj,语文,能区分主要信息和次要信息,在理解语言时，能区分主要信息和次要信息，理解并准确概括其内容、观点和情感倾向；能对获得的信息及其表述逻辑作出评价；能利用获得的信息分析并解决具体问题。在表达时，能注意自己的语言运用，力求概念准确、判断合理、推理有逻辑。,44,"{""min"": ""G10"", ""max"": ""G12""}",llm-proposed,"[""A03"", ""A07""]",deterministic-screen-only,not-adjudicated,anchors/gaozhong-语文.jsonl:28
ca_ZscUbmj9,语文,能理解并准确概括其内容、观点和情感倾向,在理解语言时，能区分主要信息和次要信息，理解并准确概括其内容、观点和情感倾向；能对获得的信息及其表述逻辑作出评价；能利用获得的信息分析并解决具体问题。在表达时，能注意自己的语言运用，力求概念准确、判断合理、推理有逻辑。,44,"{""min"": ""G10"", ""max"": ""G12""}",disputed,"[""A02"", ""A07"", ""A13""]",deterministic-screen-only,not-adjudicated,anchors/gaozhong-语文.jsonl:29
ca_3GV7UCNG,语文,能利用获得的信息分析并解决具体问题,在理解语言时，能区分主要信息和次要信息，理解并准确概括其内容、观点和情感倾向；能对获得的信息及其表述逻辑作出评价；能利用获得的信息分析并解决具体问题。在表达时，能注意自己的语言运用，力求概念准确、判断合理、推理有逻辑。,44,"{""min"": ""G10"", ""max"": ""G12""}",disputed,"[""A02"", ""A07""]",deterministic-screen-only,not-adjudicated,anchors/gaozhong-语文.jsonl:30
ca_FKQgGehD,语文,能运用所学的知识对学习中遇到的一些文化现象发表自己的看法,表现出对中华优秀传统文化的兴趣，喜欢学习汉语和汉字，喜欢积累优秀古代诗文，能主动梳理和探究语言材料中蕴含的中国传统文化内容。能在自己的表达中运用富有文化意蕴的语言材料和语言形式，增强语言的表现力。能理解各类作品中涉及的文化现象和观念，能理解和包容不同的文化观念，能运用所学的知识对学习中遇到的一些文化现象发表自己的看法。关注当代语言文化现象，积极参与相关的多种语文实践活动。,44,"{""min"": ""G10"", ""max"": ""G12""}",disputed,"[""A02"", ""A07""]",deterministic-screen-only,not-adjudicated,anchors/gaozhong-语文.jsonl:31
ca_g8p57NHb,语文,能关注当代语言文化现象，积极参与相关的多种语文实践活动,表现出对中华优秀传统文化的兴趣，喜欢学习汉语和汉字，喜欢积累优秀古代诗文，能主动梳理和探究语言材料中蕴含的中国传统文化内容。能在自己的表达中运用富有文化意蕴的语言材料和语言形式，增强语言的表现力。能理解各类作品中涉及的文化现象和观念，能理解和包容不同的文化观念，能运用所学的知识对学习中遇到的一些文化现象发表自己的看法。关注当代语言文化现象，积极参与相关的多种语文实践活动。,44,"{""min"": ""G10"", ""max"": ""G12""}",disputed,"[""A02"", ""A07""]",deterministic-screen-only,not-adjudicated,anchors/gaozhong-语文.jsonl:32
ca_xyYwHuf6,语文,能发现联系，探索规律，尝试结合具体的语言材料,在扩展和整理自己语文积累的过程中，能发现联系，探索规律，尝试结合具体的语言材料，说明自己对语言运用规则的理解。能借助已有的语言知识和语感，结合具体语境分辨词语语义和情感上的细微差别；能凭借语感推断结构比较复杂的语句的意思，能体味重要语句在语言环境中的意义和作用。能根据具体的语境和表达的目的、要求，运用口头和书面语言，文从字顺、清晰明了地表达自己的真情实感。在总结语文学习经验的基础上，能有意识地规划自己的语文学习，提高学习质量和效率。,45,"{""min"": ""G10"", ""max"": ""G12""}",disputed,"[""A02"", ""A07""]",deterministic-screen-only,not-adjudicated,anchors/gaozhong-语文.jsonl:33
ca_pstBWx7T,语文,能凭借语感推断结构比较复杂的语句的意思,在扩展和整理自己语文积累的过程中，能发现联系，探索规律，尝试结合具体的语言材料，说明自己对语言运用规则的理解。能借助已有的语言知识和语感，结合具体语境分辨词语语义和情感上的细微差别；能凭借语感推断结构比较复杂的语句的意思，能体味重要语句在语言环境中的意义和作用。能根据具体的语境和表达的目的、要求，运用口头和书面语言，文从字顺、清晰明了地表达自己的真情实感。在总结语文学习经验的基础上，能有意识地规划自己的语文学习，提高学习质量和效率。,45,"{""min"": ""G10"", ""max"": ""G12""}",llm-proposed,"[""A03"", ""A07""]",deterministic-screen-only,not-adjudicated,anchors/gaozhong-语文.jsonl:34
ca_ESJxb4x9,语文,能准确概括观点和情感,在理解语言时，能准确概括观点和情感，能分析并解释观点和材料之间的关系；能比较两个文本或材料，能在各部分信息之间建立联系，把握主要信息，分析、说明复杂信息中可能存在的多种关系；能就文本的内容和形式进行质疑，并能主动查找相关资料支持自己的观点；利用文本中的相关信息解决具体问题。在表达时，讲究逻辑，做到中心突出、内容具体、语篇连贯、语言简明通顺。,45,"{""min"": ""G10"", ""max"": ""G12""}",disputed,"[""A02"", ""A07"", ""A13""]",deterministic-screen-only,not-adjudicated,anchors/gaozhong-语文.jsonl:35
ca_H3SK29AN,语文,能分析并解释观点和材料之间的关系,在理解语言时，能准确概括观点和情感，能分析并解释观点和材料之间的关系；能比较两个文本或材料，能在各部分信息之间建立联系，把握主要信息，分析、说明复杂信息中可能存在的多种关系；能就文本的内容和形式进行质疑，并能主动查找相关资料支持自己的观点；利用文本中的相关信息解决具体问题。在表达时，讲究逻辑，做到中心突出、内容具体、语篇连贯、语言简明通顺。,45,"{""min"": ""G10"", ""max"": ""G12""}",llm-proposed,"[""A03"", ""A07""]",deterministic-screen-only,not-adjudicated,anchors/gaozhong-语文.jsonl:36
ca_aJy8nEiw,语文,能比较两个文本或材料,在理解语言时，能准确概括观点和情感，能分析并解释观点和材料之间的关系；能比较两个文本或材料，能在各部分信息之间建立联系，把握主要信息，分析、说明复杂信息中可能存在的多种关系；能就文本的内容和形式进行质疑，并能主动查找相关资料支持自己的观点；利用文本中的相关信息解决具体问题。在表达时，讲究逻辑，做到中心突出、内容具体、语篇连贯、语言简明通顺。,45,"{""min"": ""G10"", ""max"": ""G12""}",llm-proposed,"[""A03"", ""A07""]",deterministic-screen-only,not-adjudicated,anchors/gaozhong-语文.jsonl:37
ca_CMwpaYc8,语文,能分析、说明复杂信息中可能存在的多种关系,在理解语言时，能准确概括观点和情感，能分析并解释观点和材料之间的关系；能比较两个文本或材料，能在各部分信息之间建立联系，把握主要信息，分析、说明复杂信息中可能存在的多种关系；能就文本的内容和形式进行质疑，并能主动查找相关资料支持自己的观点；利用文本中的相关信息解决具体问题。在表达时，讲究逻辑，做到中心突出、内容具体、语篇连贯、语言简明通顺。,45,"{""min"": ""G10"", ""max"": ""G12""}",disputed,"[""A02"", ""A07""]",deterministic-screen-only,not-adjudicated,anchors/gaozhong-语文.jsonl:38
ca_7jLpdd5b,语文,能就文本的内容和形式进行质疑，并能主动查找相关资料支持自己的观点,在理解语言时，能准确概括观点和情感，能分析并解释观点和材料之间的关系；能比较两个文本或材料，能在各部分信息之间建立联系，把握主要信息，分析、说明复杂信息中可能存在的多种关系；能就文本的内容和形式进行质疑，并能主动查找相关资料支持自己的观点；利用文本中的相关信息解决具体问题。在表达时，讲究逻辑，做到中心突出、内容具体、语篇连贯、语言简明通顺。,45,"{""min"": ""G10"", ""max"": ""G12""}",disputed,"[""A02"", ""A07""]",deterministic-screen-only,not-adjudicated,anchors/gaozhong-语文.jsonl:39
ca_jUrUB9aN,语文,能利用文本中的相关信息解决具体问题,在理解语言时，能准确概括观点和情感，能分析并解释观点和材料之间的关系；能比较两个文本或材料，能在各部分信息之间建立联系，把握主要信息，分析、说明复杂信息中可能存在的多种关系；能就文本的内容和形式进行质疑，并能主动查找相关资料支持自己的观点；利用文本中的相关信息解决具体问题。在表达时，讲究逻辑，做到中心突出、内容具体、语篇连贯、语言简明通顺。,45,"{""min"": ""G10"", ""max"": ""G12""}",disputed,"[""A02"", ""A07""]",deterministic-screen-only,not-adjudicated,anchors/gaozhong-语文.jsonl:40
ca_vpaE9TME,语文,能有比较、分析古今中外各类作品所反映的文化现象、文化观念的意识,关注语言与文化的关系，有探究文化问题的意识；对汉语、汉字和中华优秀传统文化有较浓厚的兴趣，有主动积累、梳理、探究富有文化意蕴的语言材料的习惯。有比较、分析古今中外各类作品所反映的文化现象、文化观念的意识，能根据语文课程学到的内容，对阅读和表达交流中涉及的有关文化现象展开讨论，有依据、有逻辑地阐明自己的观点。关心当代语言文化现象，积极参与多种实践活动，通过调查访问、辩论演讲、专题讨论等活动发展自己的文化理解与探究能力。,45,"{""min"": ""G10"", ""max"": ""G12""}",disputed,"[""A02"", ""A07""]",deterministic-screen-only,not-adjudicated,anchors/gaozhong-语文.jsonl:41
ca_xmhT3q6Y,语文,能不断扩展自己的语文积累，自觉整理在学习中获得的语言材料和言语活动经验,能不断扩展自己的语文积累，自觉整理在学习中获得的语言材料和言语活动经验；在梳理的基础上，尝试进行专题探究，发现其中蕴含的语言运用规律，并能用自己的语言加以解释；能将发现的语言运用规律用于自己的语文学习实践。能敏锐地感受文本或交际对象的语言特点和情感特征，迅速判断其表达的正误与恰当程度，察觉其言外之意和隐含的情感倾向；能根据具体的语境和表达的目的、要求，运用口头和书面语言，文从字顺、准确生动地表达自己的真情实感。乐于与他人分享自己的学习经验，主动吸收他人成功的经验。,45,"{""min"": ""G10"", ""max"": ""G12""}",disputed,"[""A02"", ""A07""]",deterministic-screen-only,not-adjudicated,anchors/gaozhong-语文.jsonl:42
ca_r8Wme96d,语文,能将发现的语言运用规律用于自己的语文学习实践,能不断扩展自己的语文积累，自觉整理在学习中获得的语言材料和言语活动经验；在梳理的基础上，尝试进行专题探究，发现其中蕴含的语言运用规律，并能用自己的语言加以解释；能将发现的语言运用规律用于自己的语文学习实践。能敏锐地感受文本或交际对象的语言特点和情感特征，迅速判断其表达的正误与恰当程度，察觉其言外之意和隐含的情感倾向；能根据具体的语境和表达的目的、要求，运用口头和书面语言，文从字顺、准确生动地表达自己的真情实感。乐于与他人分享自己的学习经验，主动吸收他人成功的经验。,45,"{""min"": ""G10"", ""max"": ""G12""}",disputed,"[""A02"", ""A07""]",deterministic-screen-only,not-adjudicated,anchors/gaozhong-语文.jsonl:43
ca_bTyPdtnJ,语文,能准确、清楚地分析和阐明观点与材料之间的关系,在理解语言时，能准确、清楚地分析和阐明观点与材料之间的关系，能就文本的内容或形式提出质疑，展开联想，并能找出相关证据材料支持自己的观点，反驳或补充解释文本的观点。能比较、概括多个文本的信息，发现其内容、观点、情感、材料组织与使用等方面的异同，尝试提出需要深入探究的问题。能用文本中提供的事实、观点、程序、策略和方法解决学习和生活实际中遇到的具体问题。在表达时，讲究逻辑，注重情感，能综合运用多种表达方式，从多个角度、多个方面表达自己的理解和感受，力求做到观点明确，内容丰富，思路清晰，感情真实健康，表达准确、生动。,46,"{""min"": ""G10"", ""max"": ""G12""}",llm-proposed,"[""A03"", ""A07""]",deterministic-screen-only,not-adjudicated,anchors/gaozhong-语文.jsonl:44
ca_LpD2rLDD,语文,能在表达时，讲究逻辑，注重情感,在理解语言时，能准确、清楚地分析和阐明观点与材料之间的关系，能就文本的内容或形式提出质疑，展开联想，并能找出相关证据材料支持自己的观点，反驳或补充解释文本的观点。能比较、概括多个文本的信息，发现其内容、观点、情感、材料组织与使用等方面的异同，尝试提出需要深入探究的问题。能用文本中提供的事实、观点、程序、策略和方法解决学习和生活实际中遇到的具体问题。在表达时，讲究逻辑，注重情感，能综合运用多种表达方式，从多个角度、多个方面表达自己的理解和感受，力求做到观点明确，内容丰富，思路清晰，感情真实健康，表达准确、生动。,46,"{""min"": ""G10"", ""max"": ""G12""}",disputed,"[""A02"", ""A07"", ""A13""]",deterministic-screen-only,not-adjudicated,anchors/gaozhong-语文.jsonl:45
ca_uxRpb8gx,语文,能表达准确、生动,在理解语言时，能准确、清楚地分析和阐明观点与材料之间的关系，能就文本的内容或形式提出质疑，展开联想，并能找出相关证据材料支持自己的观点，反驳或补充解释文本的观点。能比较、概括多个文本的信息，发现其内容、观点、情感、材料组织与使用等方面的异同，尝试提出需要深入探究的问题。能用文本中提供的事实、观点、程序、策略和方法解决学习和生活实际中遇到的具体问题。在表达时，讲究逻辑，注重情感，能综合运用多种表达方式，从多个角度、多个方面表达自己的理解和感受，力求做到观点明确，内容丰富，思路清晰，感情真实健康，表达准确、生动。,46,"{""min"": ""G10"", ""max"": ""G12""}",disputed,"[""A02"", ""A07""]",deterministic-screen-only,not-adjudicated,anchors/gaozhong-语文.jsonl:46
ca_UkVfKXEj,语文,能比较两个以上的文学作品在主题、表现形式、作品风格上的异同,在鉴赏活动中，能结合作品的具体内容，阐释作品的情感、形象、主题和思想内涵，能对作品的表现手法作出自己的评论。能比较两个以上的文学作品在主题、表现形式、作品风格上的异同，能对同一个文学作品的不同阐释提出自己的看法或质疑。喜欢尝试用不同的语言表现形式表达自己的思想和情感，尝试创作文学作品。在文学鉴赏和语言表达中，追求正确的价值观、高尚的审美情趣和审美品位。,46,"{""min"": ""G10"", ""max"": ""G12""}",disputed,"[""A02"", ""A07""]",deterministic-screen-only,not-adjudicated,anchors/gaozhong-语文.jsonl:47
ca_MsjJUSWB,语文,能对同一个文学作品的不同阐释提出自己的看法或质疑,在鉴赏活动中，能结合作品的具体内容，阐释作品的情感、形象、主题和思想内涵，能对作品的表现手法作出自己的评论。能比较两个以上的文学作品在主题、表现形式、作品风格上的异同，能对同一个文学作品的不同阐释提出自己的看法或质疑。喜欢尝试用不同的语言表现形式表达自己的思想和情感，尝试创作文学作品。在文学鉴赏和语言表达中，追求正确的价值观、高尚的审美情趣和审美品位。,46,"{""min"": ""G10"", ""max"": ""G12""}",llm-proposed,"[""A03"", ""A07""]",deterministic-screen-only,not-adjudicated,anchors/gaozhong-语文.jsonl:48
ca_iDMJpmNT,语文,能喜欢尝试用不同的语言表现形式表达自己的思想和情感，尝试创作文学作品,在鉴赏活动中，能结合作品的具体内容，阐释作品的情感、形象、主题和思想内涵，能对作品的表现手法作出自己的评论。能比较两个以上的文学作品在主题、表现形式、作品风格上的异同，能对同一个文学作品的不同阐释提出自己的看法或质疑。喜欢尝试用不同的语言表现形式表达自己的思想和情感，尝试创作文学作品。在文学鉴赏和语言表达中，追求正确的价值观、高尚的审美情趣和审美品位。,46,"{""min"": ""G10"", ""max"": ""G12""}",llm-proposed,"[""A03"", ""A07"", ""A13""]",deterministic-screen-only,not-adjudicated,anchors/gaozhong-语文.jsonl:49
ca_vmunLAy2,语文,能在文学鉴赏和语言表达中，追求正确的价值观、高尚的审美情趣和审美品位,在鉴赏活动中，能结合作品的具体内容，阐释作品的情感、形象、主题和思想内涵，能对作品的表现手法作出自己的评论。能比较两个以上的文学作品在主题、表现形式、作品风格上的异同，能对同一个文学作品的不同阐释提出自己的看法或质疑。喜欢尝试用不同的语言表现形式表达自己的思想和情感，尝试创作文学作品。在文学鉴赏和语言表达中，追求正确的价值观、高尚的审美情趣和审美品位。,46,"{""min"": ""G10"", ""max"": ""G12""}",disputed,"[""A02"", ""A07"", ""A13""]",deterministic-screen-only,not-adjudicated,anchors/gaozhong-语文.jsonl:50
ca_Mx3yEfq9,语文,能在阅读和表达交流中探析有关文化现象,有通过语言学习深入理解、探究文化问题的浓厚兴趣和意愿，能在阅读和表达交流中探析有关文化现象；能结合具体作品，分析、论述相关的文化现象和观念，比较、分析古今中外各类作品在文化观念上的异同。能主动参与语言文化问题的讨论和相关的社会实践活动，能综合运用所学的知识，对自己感兴趣的某些语言、文学、文化现象及社会热点问题进行专题探究，尝试撰写相关调查报告或专题研究报告，发展自己的文化理解与探究能力，主动吸收先进的文化，传承中华优秀传统文化。,46,"{""min"": ""G10"", ""max"": ""G12""}",disputed,"[""A02"", ""A07""]",deterministic-screen-only,not-adjudicated,anchors/gaozhong-语文.jsonl:51
ca_54nWEtPz,语文,能结合具体作品，分析、论述相关的文化现象和观念,有通过语言学习深入理解、探究文化问题的浓厚兴趣和意愿，能在阅读和表达交流中探析有关文化现象；能结合具体作品，分析、论述相关的文化现象和观念，比较、分析古今中外各类作品在文化观念上的异同。能主动参与语言文化问题的讨论和相关的社会实践活动，能综合运用所学的知识，对自己感兴趣的某些语言、文学、文化现象及社会热点问题进行专题探究，尝试撰写相关调查报告或专题研究报告，发展自己的文化理解与探究能力，主动吸收先进的文化，传承中华优秀传统文化。,46,"{""min"": ""G10"", ""max"": ""G12""}",disputed,"[""A02"", ""A07""]",deterministic-screen-only,not-adjudicated,anchors/gaozhong-语文.jsonl:52
ca_i7hpNJ8Y,语文,能比较、分析古今中外各类作品在文化观念上的异同,有通过语言学习深入理解、探究文化问题的浓厚兴趣和意愿，能在阅读和表达交流中探析有关文化现象；能结合具体作品，分析、论述相关的文化现象和观念，比较、分析古今中外各类作品在文化观念上的异同。能主动参与语言文化问题的讨论和相关的社会实践活动，能综合运用所学的知识，对自己感兴趣的某些语言、文学、文化现象及社会热点问题进行专题探究，尝试撰写相关调查报告或专题研究报告，发展自己的文化理解与探究能力，主动吸收先进的文化，传承中华优秀传统文化。,46,"{""min"": ""G10"", ""max"": ""G12""}",disputed,"[""A02"", ""A07""]",deterministic-screen-only,not-adjudicated,anchors/gaozhong-语文.jsonl:53
ca_biQe4bZQ,语文,能主动参与语言文化问题的讨论和相关的社会实践活动,有通过语言学习深入理解、探究文化问题的浓厚兴趣和意愿，能在阅读和表达交流中探析有关文化现象；能结合具体作品，分析、论述相关的文化现象和观念，比较、分析古今中外各类作品在文化观念上的异同。能主动参与语言文化问题的讨论和相关的社会实践活动，能综合运用所学的知识，对自己感兴趣的某些语言、文学、文化现象及社会热点问题进行专题探究，尝试撰写相关调查报告或专题研究报告，发展自己的文化理解与探究能力，主动吸收先进的文化，传承中华优秀传统文化。,46,"{""min"": ""G10"", ""max"": ""G12""}",disputed,"[""A02"", ""A07""]",deterministic-screen-only,not-adjudicated,anchors/gaozhong-语文.jsonl:54
ca_E9AHUB9C,语文,能有探索语言运用规律的兴趣,有探索语言运用规律的兴趣，能主动收集、整理、探究生活中常见的语言现象；能发现所学的语言文学作品中的各类联系，对学过的重要作品和具有典型性的语言材料进行分类整理，加深自己对各类作品的理解和领悟。在整理过程中，能提出自己感兴趣的问题，尝试用所学的知识解决相关问题。能根据具体的语境组织表达内容，选择合适的表达方式，有效地运用口头和书面语言实现沟通交流。能自觉、有效地规划自己的语文学习，乐于与同学分享自己的学习经验，主动帮助他人共同提高语文学习的质量和效率。,46,"{""min"": ""G10"", ""max"": ""G12""}",disputed,"[""A02"", ""A07""]",deterministic-screen-only,not-adjudicated,anchors/gaozhong-语文.jsonl:55
ca_srDyRrvm,语文,能主动收集、整理、探究生活中常见的语言现象,有探索语言运用规律的兴趣，能主动收集、整理、探究生活中常见的语言现象；能发现所学的语言文学作品中的各类联系，对学过的重要作品和具有典型性的语言材料进行分类整理，加深自己对各类作品的理解和领悟。在整理过程中，能提出自己感兴趣的问题，尝试用所学的知识解决相关问题。能根据具体的语境组织表达内容，选择合适的表达方式，有效地运用口头和书面语言实现沟通交流。能自觉、有效地规划自己的语文学习，乐于与同学分享自己的学习经验，主动帮助他人共同提高语文学习的质量和效率。,46,"{""min"": ""G10"", ""max"": ""G12""}",llm-proposed,"[""A03"", ""A07""]",deterministic-screen-only,not-adjudicated,anchors/gaozhong-语文.jsonl:56
ca_C4PbeBHL,语文,能发现所学的语言文学作品中的各类联系，对学过的重要作品和具有典型性的语言材料进行分类整理，加深自己对各类作品的理解和领悟,有探索语言运用规律的兴趣，能主动收集、整理、探究生活中常见的语言现象；能发现所学的语言文学作品中的各类联系，对学过的重要作品和具有典型性的语言材料进行分类整理，加深自己对各类作品的理解和领悟。在整理过程中，能提出自己感兴趣的问题，尝试用所学的知识解决相关问题。能根据具体的语境组织表达内容，选择合适的表达方式，有效地运用口头和书面语言实现沟通交流。能自觉、有效地规划自己的语文学习，乐于与同学分享自己的学习经验，主动帮助他人共同提高语文学习的质量和效率。,46,"{""min"": ""G10"", ""max"": ""G12""}",disputed,"[""A02"", ""A07""]",deterministic-screen-only,not-adjudicated,anchors/gaozhong-语文.jsonl:57
ca_MPjEfCBM,语文,能提出自己感兴趣的问题，尝试用所学的知识解决相关问题,有探索语言运用规律的兴趣，能主动收集、整理、探究生活中常见的语言现象；能发现所学的语言文学作品中的各类联系，对学过的重要作品和具有典型性的语言材料进行分类整理，加深自己对各类作品的理解和领悟。在整理过程中，能提出自己感兴趣的问题，尝试用所学的知识解决相关问题。能根据具体的语境组织表达内容，选择合适的表达方式，有效地运用口头和书面语言实现沟通交流。能自觉、有效地规划自己的语文学习，乐于与同学分享自己的学习经验，主动帮助他人共同提高语文学习的质量和效率。,46,"{""min"": ""G10"", ""max"": ""G12""}",disputed,"[""A02"", ""A07""]",deterministic-screen-only,not-adjudicated,anchors/gaozhong-语文.jsonl:58
ca_b4sJ2uze,语文,能根据具体的语境组织表达内容，选择合适的表达方式，有效地运用口头和书面语言实现沟通交流,有探索语言运用规律的兴趣，能主动收集、整理、探究生活中常见的语言现象；能发现所学的语言文学作品中的各类联系，对学过的重要作品和具有典型性的语言材料进行分类整理，加深自己对各类作品的理解和领悟。在整理过程中，能提出自己感兴趣的问题，尝试用所学的知识解决相关问题。能根据具体的语境组织表达内容，选择合适的表达方式，有效地运用口头和书面语言实现沟通交流。能自觉、有效地规划自己的语文学习，乐于与同学分享自己的学习经验，主动帮助他人共同提高语文学习的质量和效率。,46,"{""min"": ""G10"", ""max"": ""G12""}",disputed,"[""A02"", ""A07""]",deterministic-screen-only,not-adjudicated,anchors/gaozhong-语文.jsonl:59
ca_NRMPEUz6,语文,能清晰地解释文本中事实、材料与观点、推断之间的关系,在理解语言时，能从多角度、多方面获得信息，有效地筛选信息，比较和分析其异同；能清晰地解释文本中事实、材料与观点、推断之间的关系，分析其推论的合理性，或揭示其可能存在的矛盾、模糊或故意混淆之处等；能依据多个信息来源，对文本信息、观点的真实性、可靠性作出自己的判断，并逻辑清晰地阐明自己的依据；能从多篇文本或一组信息材料中发现新的关联，推断、整合出新的信息或解决问题的策略、程序和方法，并运用于解决自己学习和生活中遇到的相关问题。能围绕某一方面的问题组织专题探讨，形成自己的观点。在表达时，讲究语言运用，追求独创性，力求用不同的词语准确表达概念，用多种语句形式表达自己的判断和推理；喜欢尝试用多种文体、语体、多种媒介，多样地表达自己的思想和情感，追求表达的准确性、深刻性、灵活性、生动性。,47,"{""min"": ""G10"", ""max"": ""G12""}",llm-proposed,"[""A03"", ""A07""]",deterministic-screen-only,not-adjudicated,anchors/gaozhong-语文.jsonl:60
ca_CWLGbt9U,语文,能比较多个不同作品的异同,在鉴赏活动中，能从不同角度、不同层面鉴赏文学作品，能具体清晰地阐释自己对作品的情感、形象、主题和思想内涵、表现形式及作品风格的理解。能比较多个不同作品的异同，能对同一作品的不同阐释发表自己的观点，且内容具体，依据充分。能对作品的艺术形象及价值有独到的感悟和理解。有文学创作的兴趣和愿望，愿意用文学的形式表达自己的情感，追求正确的价值观、高尚的审美情趣和审美品位。,47,"{""min"": ""G10"", ""max"": ""G12""}",llm-proposed,"[""A03"", ""A07""]",deterministic-screen-only,not-adjudicated,anchors/gaozhong-语文.jsonl:61
ca_cy2yTwGZ,语文,能尝试用历史眼光和现代观念，辩证地审视和评论古今中外语言文学作品的内容和思想倾向，对当代文化建设发表自己的见解,有通过语言学习深入理解、探究文化问题的浓厚兴趣和意愿，能在阅读和表达交流中探析有关文化现象；具有文化批判和反思的意识，能结合具体作品，从多角度、多层面分析、论述相关的文化现象和观念。能主动参与语言文化问题的讨论和相关的社会实践活动，能综合运用所学的知识，对生活中自己感兴趣的某些语言、文学、文化现象及社会热点问题进行专题探究，写相关调查报告或专题研究报告，组织专题讨论和报告会；尝试用历史眼光和现代观念，辩证地审视和评论古今中外语言文学作品的内容和思想倾向，对当代文化建设发表自己的见解。,47,"{""min"": ""G10"", ""max"": ""G12""}",disputed,"[""A02"", ""A07""]",deterministic-screen-only,not-adjudicated,anchors/gaozhong-语文.jsonl:62
ca_NtvZMj52,通用技术,能运用一定的设计分析方法，制订符合设计要求的完整设计方案,根据设计的一般原则，运用一定的设计分析方法，制订符合设计要求的完整设计方案。并通过技术试验等方法，对多个方案进行比较、权衡和优化，形成最佳方案。,20,"{""min"": ""G10"", ""max"": ""G12""}",ai-reviewed,[],deterministic-screen-only,not-adjudicated,anchors/gaozhong-通用技术.jsonl:2
ca_Bg29qarp,通用技术,能比较常见材料的特性、应用环境和基本加工工艺,比较常见材料的特性、应用环境和基本加工工艺，掌握一些常用材料的连接方法，并能根据设计方案和产品用途选择和规划材料。,20,"{""min"": ""G10"", ""max"": ""G12""}",ai-reviewed,"[""A09""]",deterministic-screen-only,not-adjudicated,anchors/gaozhong-通用技术.jsonl:3
ca_REHb6AYZ,通用技术,能掌握一些常用材料的连接方法，并能根据设计方案和产品用途选择和规划材料,比较常见材料的特性、应用环境和基本加工工艺，掌握一些常用材料的连接方法，并能根据设计方案和产品用途选择和规划材料。,20,"{""min"": ""G10"", ""max"": ""G12""}",ai-reviewed,[],deterministic-screen-only,not-adjudicated,anchors/gaozhong-通用技术.jsonl:4
ca_wEynS6cK,通用技术,能掌握简易木工、金工、电子电工常用工具的一些使用方法,掌握简易木工、金工、电子电工常用工具的一些使用方法，了解一至两种数字化加工设备（如激光雕刻机、激光切割机、三维打印机）的使用方法。根据设计方案恰当选择加工工艺，制作一个简单产品的模型或原型。,20,"{""min"": ""G10"", ""max"": ""G12""}",ai-reviewed,[],deterministic-screen-only,not-adjudicated,anchors/gaozhong-通用技术.jsonl:5
ca_eNbJxQx2,通用技术,能根据设计方案恰当选择加工工艺,掌握简易木工、金工、电子电工常用工具的一些使用方法，了解一至两种数字化加工设备（如激光雕刻机、激光切割机、三维打印机）的使用方法。根据设计方案恰当选择加工工艺，制作一个简单产品的模型或原型。,20,"{""min"": ""G10"", ""max"": ""G12""}",ai-reviewed,[],deterministic-screen-only,not-adjudicated,anchors/gaozhong-通用技术.jsonl:6
ca_qcHGFmNJ,通用技术,能制作一个简单产品的模型或原型,掌握简易木工、金工、电子电工常用工具的一些使用方法，了解一至两种数字化加工设备（如激光雕刻机、激光切割机、三维打印机）的使用方法。根据设计方案恰当选择加工工艺，制作一个简单产品的模型或原型。,20,"{""min"": ""G10"", ""max"": ""G12""}",ai-reviewed,[],deterministic-screen-only,not-adjudicated,anchors/gaozhong-通用技术.jsonl:7
ca_ADXSSyGn,通用技术,能运用手工绘图工具和简易绘图软件绘制草图、简单的三视图，用恰当的技术语言与他人交流设计思想和成果,说明技术语言的种类及其应用，识读简单的机械加工图、电子线路图、效果图、装配图等常见的技术图样。运用手工绘图工具和简易绘图软件绘制草图、简单的三视图，用恰当的技术语言与他人交流设计思想和成果。,20,"{""min"": ""G10"", ""max"": ""G12""}",ai-reviewed,"[""A09""]",deterministic-screen-only,not-adjudicated,anchors/gaozhong-通用技术.jsonl:8
ca_n8YfbeyL,通用技术,能通过技术试验或技术探究分析影响结构的强度和稳定性的因素，并写出试验报告,通过技术试验或技术探究分析影响结构的强度和稳定性的因素，并写出试验报告。,23,"{""min"": ""G10"", ""max"": ""G12""}",ai-reviewed,[],deterministic-screen-only,not-adjudicated,anchors/gaozhong-通用技术.jsonl:9
ca_xXaub7ux,通用技术,能结合生活中的实际需求进行简单的结构设计，并绘制设计图样，做出模型或原型,结合生活中的实际需求进行简单的结构设计，并绘制设计图样，做出模型或原型。,23,"{""min"": ""G10"", ""max"": ""G12""}",ai-reviewed,[],deterministic-screen-only,not-adjudicated,anchors/gaozhong-通用技术.jsonl:10
ca_PFbTB4jq,通用技术,能理解流程及其环节、时序的含义，识读和绘制简单的流程图,理解流程及其环节、时序的含义，识读和绘制简单的流程图，分析流程设计和流程优化过程中的基本要素，体会流程设计的基本思想和方法。,23,"{""min"": ""G10"", ""max"": ""G12""}",ai-reviewed,[],deterministic-screen-only,not-adjudicated,anchors/gaozhong-通用技术.jsonl:11
ca_6hEX7FF6,通用技术,能分析流程设计和流程优化过程中的基本要素,理解流程及其环节、时序的含义，识读和绘制简单的流程图，分析流程设计和流程优化过程中的基本要素，体会流程设计的基本思想和方法。,23,"{""min"": ""G10"", ""max"": ""G12""}",ai-reviewed,"[""A09""]",deterministic-screen-only,not-adjudicated,anchors/gaozhong-通用技术.jsonl:12
ca_zsBJLMMu,通用技术,能结合技术需求进行流程设计和对已有流程进行优化，并用流程图表达出来,结合技术需求进行流程设计和对已有流程进行优化，并用流程图表达出来。,23,"{""min"": ""G10"", ""max"": ""G12""}",ai-reviewed,[],deterministic-screen-only,not-adjudicated,anchors/gaozhong-通用技术.jsonl:13
ca_5SfRXAUU,通用技术,能熟悉简单的开环控制系统和闭环控制系统的基本组成与工作过程,熟悉简单的开环控制系统和闭环控制系统的基本组成与工作过程，理解其中的控制器、执行器等的作用，了解干扰现象和反馈原理，并用方框图表达控制系统的工作过程。,24,"{""min"": ""G10"", ""max"": ""G12""}",ai-reviewed,[],deterministic-screen-only,not-adjudicated,anchors/gaozhong-通用技术.jsonl:15
ca_fLMzt2Ld,通用技术,能分析和评价一些典型的国内外家政理念,分析和评价一些典型的国内外家政理念，运用案例说明技术发展影响家庭生活方式变化的多重意义。,26,"{""min"": ""G10"", ""max"": ""G12""}",ai-reviewed,[],deterministic-screen-only,not-adjudicated,anchors/gaozhong-通用技术.jsonl:16
ca_RkBRKKkW,通用技术,能运用案例说明技术发展影响家庭生活方式变化的多重意义,分析和评价一些典型的国内外家政理念，运用案例说明技术发展影响家庭生活方式变化的多重意义。,26,"{""min"": ""G10"", ""max"": ""G12""}",ai-reviewed,[],deterministic-screen-only,not-adjudicated,anchors/gaozhong-通用技术.jsonl:17
ca_c5TxJWJM,通用技术,能运用信息技术、智能控制技术等为改进家庭事务管理、家庭环境管理设计相应的方案,理解家庭管理的内容和特点，运用信息技术、智能控制技术等为改进家庭事务管理、家庭环境管理设计相应的方案，说明家庭人际关系在家庭管理中的作用。,27,"{""min"": ""G10"", ""max"": ""G12""}",ai-reviewed,"[""A09""]",deterministic-screen-only,not-adjudicated,anchors/gaozhong-通用技术.jsonl:18
ca_jiMEwSFK,通用技术,能说明家庭人际关系在家庭管理中的作用,理解家庭管理的内容和特点，运用信息技术、智能控制技术等为改进家庭事务管理、家庭环境管理设计相应的方案，说明家庭人际关系在家庭管理中的作用。,27,"{""min"": ""G10"", ""max"": ""G12""}",ai-reviewed,[],deterministic-screen-only,not-adjudicated,anchors/gaozhong-通用技术.jsonl:19
ca_uTA4aUpf,通用技术,能分析影响家庭理财方式和效率的因素，结合模拟情境或家庭的具体情况,分析影响家庭理财方式和效率的因素，结合模拟情境或家庭的具体情况，运用理财软件进行合理理财方式和家庭财产管理方案的设计，并加以实施。,27,"{""min"": ""G10"", ""max"": ""G12""}",ai-reviewed,[],deterministic-screen-only,not-adjudicated,anchors/gaozhong-通用技术.jsonl:20
ca_AFQC5cGY,通用技术,能运用理财软件进行合理理财方式和家庭财产管理方案的设计，并加以实施,分析影响家庭理财方式和效率的因素，结合模拟情境或家庭的具体情况，运用理财软件进行合理理财方式和家庭财产管理方案的设计，并加以实施。,27,"{""min"": ""G10"", ""max"": ""G12""}",ai-reviewed,"[""A09""]",deterministic-screen-only,not-adjudicated,anchors/gaozhong-通用技术.jsonl:21
ca_yEJSEmQ3,通用技术,能结合家庭状况分析家庭消费结构，对各种常见家用消费品的广告与信息进行理性辨析,结合家庭状况分析家庭消费结构，对各种常见家用消费品的广告与信息进行理性辨析。通过对影响消费动机主要因素的分析，识别现代技术条件下不健康的消费心理与行为，为自己和家庭制订合理的消费计划。,27,"{""min"": ""G10"", ""max"": ""G12""}",ai-reviewed,[],deterministic-screen-only,not-adjudicated,anchors/gaozhong-通用技术.jsonl:22
ca_TAb64wpR,通用技术,能识别现代技术条件下不健康的消费心理与行为，为自己和家庭制订合理的消费计划,结合家庭状况分析家庭消费结构，对各种常见家用消费品的广告与信息进行理性辨析。通过对影响消费动机主要因素的分析，识别现代技术条件下不健康的消费心理与行为，为自己和家庭制订合理的消费计划。,27,"{""min"": ""G10"", ""max"": ""G12""}",ai-reviewed,[],deterministic-screen-only,not-adjudicated,anchors/gaozhong-通用技术.jsonl:23
ca_22vfUQB8,通用技术,能运用技术工具对家庭的事故隐患进行检查，及时发现家庭事故隐患，并采取相应的防范措施和技术支持,运用技术工具对家庭的事故隐患进行检查，及时发现家庭事故隐患，并采取相应的防范措施和技术支持。,27,"{""min"": ""G10"", ""max"": ""G12""}",ai-reviewed,[],deterministic-screen-only,not-adjudicated,anchors/gaozhong-通用技术.jsonl:24
ca_ugXk4kqa,通用技术,能举例说明服装的基本性质、主要分类、功能及其特点,通过案例分析和服装赏析，举例说明服装的基本性质、主要分类、功能及其特点，理解服装与社会发展及文化的关系。,29,"{""min"": ""G10"", ""max"": ""G12""}",ai-reviewed,[],deterministic-screen-only,not-adjudicated,anchors/gaozhong-通用技术.jsonl:26
ca_XgQkqx2h,通用技术,能通过一款服装的设计实践,阐述服装设计的基本理念、基本要素，以及色彩搭配的基本原理。通过一款服装的设计实践，掌握服装设计的一般方法。,29,"{""min"": ""G10"", ""max"": ""G12""}",ai-reviewed,[],deterministic-screen-only,not-adjudicated,anchors/gaozhong-通用技术.jsonl:27
ca_9rgAdKCz,通用技术,能理解服装造型设计的含义及服装造型与材料的关系，为自己设计的服装选择合适的面料,理解服装造型设计的含义及服装造型与材料的关系，为自己设计的服装选择合适的面料。,29,"{""min"": ""G10"", ""max"": ""G12""}",ai-reviewed,[],deterministic-screen-only,not-adjudicated,anchors/gaozhong-通用技术.jsonl:29
ca_2V84KRH3,通用技术,能利用计算机软件演示服装搭配效果，并进行分析与评价,说明人体结构、比例与服装的关系，掌握生活中一般的着装原则。利用计算机软件演示服装搭配效果，并进行分析与评价。,30,"{""min"": ""G10"", ""max"": ""G12""}",ai-reviewed,"[""A09""]",deterministic-screen-only,not-adjudicated,anchors/gaozhong-通用技术.jsonl:30
ca_qknYHdT6,通用技术,能识别服装结构制图的主要线条与符号,识别服装结构制图的主要线条与符号，掌握服装结构制图及裁剪的一般原理和方法，手工或运用计算机进行一般式样服装结构制图和用料核算。,30,"{""min"": ""G10"", ""max"": ""G12""}",ai-reviewed,[],deterministic-screen-only,not-adjudicated,anchors/gaozhong-通用技术.jsonl:31
ca_ckK5DyVJ,通用技术,能掌握服装结构制图及裁剪的一般原理和方法，手工或运用计算机进行一般式样服装结构制图和用料核算,识别服装结构制图的主要线条与符号，掌握服装结构制图及裁剪的一般原理和方法，手工或运用计算机进行一般式样服装结构制图和用料核算。,30,"{""min"": ""G10"", ""max"": ""G12""}",ai-reviewed,[],deterministic-screen-only,not-adjudicated,anchors/gaozhong-通用技术.jsonl:32
ca_bVReKWpE,通用技术,能掌握常见的手缝、机缝操作方法，进行一般式样服装的缝制,通过服装的制作实践，掌握常见的手缝、机缝操作方法，进行一般式样服装的缝制。,30,"{""min"": ""G10"", ""max"": ""G12""}",ai-reviewed,[],deterministic-screen-only,not-adjudicated,anchors/gaozhong-通用技术.jsonl:34
ca_Ct2WpZtL,通用技术,能对传感器进行选型和布局，初步掌握创意设计和布局的可视化方法，并运用工程思维进行合理性解释和分析,理解智能家居与物联网技术的关联性；采用物联网组网技术，根据给定的应用场景，进行需求分析，画出系统控制的框架图，进行简易物联网系统的设计。对传感器进行选型和布局，初步掌握创意设计和布局的可视化方法，并运用工程思维进行合理性解释和分析。,32,"{""min"": ""G10"", ""max"": ""G12""}",ai-reviewed,[],deterministic-screen-only,not-adjudicated,anchors/gaozhong-通用技术.jsonl:35
ca_mXC7TwSG,通用技术,能通过开源的设计平台构建智能家居产品原型,通过开源的设计平台构建智能家居产品原型。结合软硬件的接口标准和通信协议，理解组网、通信和传感器等的原理和功能。,33,"{""min"": ""G10"", ""max"": ""G12""}",ai-reviewed,[],deterministic-screen-only,not-adjudicated,anchors/gaozhong-通用技术.jsonl:36
ca_4DBpYn9N,通用技术,能应用工具进行程序设计和智能产品的硬件配置,应用工具进行程序设计和智能产品的硬件配置，设计产品原型，并对系统的安全性、功耗进行分析。阐明智能家居的安全标准和安全性方案设计，从而设计安全可靠、低功耗的智能家居产品。,33,"{""min"": ""G10"", ""max"": ""G12""}",ai-reviewed,"[""A09""]",deterministic-screen-only,not-adjudicated,anchors/gaozhong-通用技术.jsonl:37
ca_84tSVY77,通用技术,能通过比较和权衡，在多个方案中选定最佳方案，或集中各种方案的优点来改进原有方案,对智能家居系统设计方案进行技术试验，从系统构成的灵活度、操作管理的便捷性、场景控制功能的丰富性、信息资源的共享性以及安装调试方便性出发对方案进行优化；通过比较和权衡，在多个方案中选定最佳方案，或集中各种方案的优点来改进原有方案。,33,"{""min"": ""G10"", ""max"": ""G12""}",ai-reviewed,[],deterministic-screen-only,not-adjudicated,anchors/gaozhong-通用技术.jsonl:38
ca_53fpsSea,通用技术,能说明工程发展的简要历史和工程分类，结合生活和生产实际,通过典型工程案例的分析，说明工程发展的简要历史和工程分类，结合生活和生产实际，理解工程的特性、重要价值和丰富的文化内涵。,35,"{""min"": ""G10"", ""max"": ""G12""}",ai-reviewed,[],deterministic-screen-only,not-adjudicated,anchors/gaozhong-通用技术.jsonl:39
ca_JfL3W3rp,通用技术,能说明工程团队建设的要求,结合某一具体的工程实践案例，分析工程师工作的特点和职业要求，体验工程团队的重要性，说明工程团队建设的要求。,35,"{""min"": ""G10"", ""max"": ""G12""}",ai-reviewed,[],deterministic-screen-only,not-adjudicated,anchors/gaozhong-通用技术.jsonl:40
ca_s357mzYb,通用技术,能初步运用标杆分析法和逆向工程法获得设计对象的工程特性，如设计参数、设计变量以及制约条件等,通过典型工程设计的案例分析，理解工程设计的一般过程，简要分析工程设计的性能需求、生命周期、质量控制、环境关系、制造能力、维护、工效学、法律法规与社会问题等要素。初步运用标杆分析法和逆向工程法获得设计对象的工程特性，如设计参数、设计变量以及制约条件等。运用质量功能配置工具将用户需求转换为关键的工程特性。,35,"{""min"": ""G10"", ""max"": ""G12""}",ai-reviewed,[],deterministic-screen-only,not-adjudicated,anchors/gaozhong-通用技术.jsonl:41
ca_iFdaPPV8,通用技术,能运用质量功能配置工具将用户需求转换为关键的工程特性,通过典型工程设计的案例分析，理解工程设计的一般过程，简要分析工程设计的性能需求、生命周期、质量控制、环境关系、制造能力、维护、工效学、法律法规与社会问题等要素。初步运用标杆分析法和逆向工程法获得设计对象的工程特性，如设计参数、设计变量以及制约条件等。运用质量功能配置工具将用户需求转换为关键的工程特性。,35,"{""min"": ""G10"", ""max"": ""G12""}",ai-reviewed,[],deterministic-screen-only,not-adjudicated,anchors/gaozhong-通用技术.jsonl:42
ca_myg4CtaR,通用技术,能理解工程设计过程中的安全性、可靠性、经济性等性能评价指标,理解工程设计过程中的安全性、可靠性、经济性等性能评价指标。初步掌握面向 X 的设计（DFX）方法，如面向制造的设计（DFM） 、面向装配的设计（DFA） 、面向环境的设计（DFE） ；学会编制简易的工程设计任务书。,36,"{""min"": ""G10"", ""max"": ""G12""}",ai-reviewed,"[""A09""]",deterministic-screen-only,not-adjudicated,anchors/gaozhong-通用技术.jsonl:43
ca_fkqMGP3h,通用技术,能学会编制简易的工程设计任务书,理解工程设计过程中的安全性、可靠性、经济性等性能评价指标。初步掌握面向 X 的设计（DFX）方法，如面向制造的设计（DFM） 、面向装配的设计（DFA） 、面向环境的设计（DFE） ；学会编制简易的工程设计任务书。,36,"{""min"": ""G10"", ""max"": ""G12""}",ai-reviewed,[],deterministic-screen-only,not-adjudicated,anchors/gaozhong-通用技术.jsonl:44
ca_vyvkJAqy,通用技术,能运用实物或计算机进行简易工程的局部建模和仿真,理解工程设计建模的重要性，知道工程设计模型的类型，识读和绘制简单的工程图样。运用实物或计算机进行简易工程的局部建模和仿真。,36,"{""min"": ""G10"", ""max"": ""G12""}",ai-reviewed,[],deterministic-screen-only,not-adjudicated,anchors/gaozhong-通用技术.jsonl:46
ca_NfzYv5bn,通用技术,能结合案例说明工程设计过程中评价和决策的重要性,结合案例说明工程设计过程中评价和决策的重要性，了解决策模型的基本要素和类型，并初步学会运用决策矩阵、层次分析法、决策树等进行评价和决策。,36,"{""min"": ""G10"", ""max"": ""G12""}",ai-reviewed,[],deterministic-screen-only,not-adjudicated,anchors/gaozhong-通用技术.jsonl:47
ca_M895vFvC,通用技术,能运用电子电路实现信号采集、处理和驱动执行的技术,电子控制技术电子控制技术是以控制系统的思想和方法为基础，运用电子电路实现信号采集、处理和驱动执行的技术。本模块为学生提供了学习设计和制作电子控制系统的知识与技能，以及接触和尝试解决更为有趣、更为丰富的技术与工程问题的机会，为其适应未来生活和高校专业学习奠定基础。本模块由“电子控制概述” “模拟电路与数字电路” “传感器与继电器” “电子控制系统”四个单元组成。内容结构如图：电子控制技术电子控制系统传感器与继电器模拟电路与数字电路电子控制概述,38,"{""min"": ""G10"", ""max"": ""G12""}",ai-reviewed,[],deterministic-screen-only,not-adjudicated,anchors/gaozhong-通用技术.jsonl:48
ca_q5EamSbY,通用技术,能理解电子控制技术对人类和社会生活的影响,感知生产和生活中电子控制产品应用的广泛性，形成对电子控制技术应用价值的认识，理解电子控制技术对人类和社会生活的影响。,38,"{""min"": ""G10"", ""max"": ""G12""}",ai-reviewed,[],deterministic-screen-only,not-adjudicated,anchors/gaozhong-通用技术.jsonl:49
ca_B4ZzwN5E,通用技术,能尝试测量电子控制装置中的信号,尝试测量电子控制装置中的信号。了解模拟信号和数字信号的特性，知道数字信号中“ 1”和“0”的含义。阐述模拟信号和数字信号各自的优点和局限性，了解模拟信号和数字信号相互转换的原理。,39,"{""min"": ""G10"", ""max"": ""G12""}",ai-reviewed,[],deterministic-screen-only,not-adjudicated,anchors/gaozhong-通用技术.jsonl:50
ca_ELwJRzex,通用技术,"能知道数字信号中"" 1""和""0""的含义",尝试测量电子控制装置中的信号。了解模拟信号和数字信号的特性，知道数字信号中“ 1”和“0”的含义。阐述模拟信号和数字信号各自的优点和局限性，了解模拟信号和数字信号相互转换的原理。,39,"{""min"": ""G10"", ""max"": ""G12""}",disputed,"[""A02""]",deterministic-screen-only,not-adjudicated,anchors/gaozhong-通用技术.jsonl:51
ca_C2CWNY6T,通用技术,能分析晶体二极管基本应用电路,知道晶体二极管和晶体三极管的结构和类型，分析晶体二极管基本应用电路。知道简单的晶体三极管共发射极放大电路的组成和工作原理，识读晶体三极管的特性曲线，掌握晶体三极管在模拟电路中的运用。,39,"{""min"": ""G10"", ""max"": ""G12""}",ai-reviewed,[],deterministic-screen-only,not-adjudicated,anchors/gaozhong-通用技术.jsonl:52
ca_wxa5HU7h,通用技术,能分析简单的组合逻辑电路,阐述与门、或门、非门、与非门和或非门等基本逻辑门的逻辑关系。分析简单的组合逻辑电路，会填写真值表，画出波形图，并使用软件对电路进行仿真试验。,39,"{""min"": ""G10"", ""max"": ""G12""}",ai-reviewed,[],deterministic-screen-only,not-adjudicated,anchors/gaozhong-通用技术.jsonl:53
ca_3B994GVW,通用技术,会填写真值表，画出波形图，并使用软件对电路进行仿真试验,阐述与门、或门、非门、与非门和或非门等基本逻辑门的逻辑关系。分析简单的组合逻辑电路，会填写真值表，画出波形图，并使用软件对电路进行仿真试验。,39,"{""min"": ""G10"", ""max"": ""G12""}",ai-reviewed,[],deterministic-screen-only,not-adjudicated,anchors/gaozhong-通用技术.jsonl:54
ca_x8TAykbR,通用技术,能举例说明传感器的发展趋势,举例说明传感器的发展趋势，知道传感器的作用及其应用；认识常见的传感器，并用万用表检测。,39,"{""min"": ""G10"", ""max"": ""G12""}",disputed,"[""A02""]",deterministic-screen-only,not-adjudicated,anchors/gaozhong-通用技术.jsonl:55
ca_ayQ5nCgs,通用技术,能描述电子控制系统的基本组成，用方框图分析常见的电子控制系统的工作过程,描述电子控制系统的基本组成，用方框图分析常见的电子控制系统的工作过程。,39,"{""min"": ""G10"", ""max"": ""G12""}",ai-reviewed,[],deterministic-screen-only,not-adjudicated,anchors/gaozhong-通用技术.jsonl:56
ca_23DYVYdF,通用技术,能应用功能电路设计开环电子控制系统和简单的闭环电子控制系统，并进行安装、调试和改进,应用功能电路设计开环电子控制系统和简单的闭环电子控制系统，并进行安装、调试和改进。,39,"{""min"": ""G10"", ""max"": ""G12""}",ai-reviewed,"[""A09""]",deterministic-screen-only,not-adjudicated,anchors/gaozhong-通用技术.jsonl:57
ca_nKUd6zXS,通用技术,能理解机器人三定律的内容和含义，并结合实例分析机器人与人类及环境的关系,阐述机器人的产生过程、应用现状与发展历史，理解机器人三定律的内容和含义，并结合实例分析机器人与人类及环境的关系。,42,"{""min"": ""G10"", ""max"": ""G12""}",ai-reviewed,[],deterministic-screen-only,not-adjudicated,anchors/gaozhong-通用技术.jsonl:58
ca_2taqQcAH,通用技术,能理解机器人的基本构成、典型结构和应用背景,理解机器人的基本构成、典型结构和应用背景，说明自由度的内涵，区分机器人的感知、控制、驱动等环节，学会拆卸、组装机器人的基本方法。,42,"{""min"": ""G10"", ""max"": ""G12""}",ai-reviewed,[],deterministic-screen-only,not-adjudicated,anchors/gaozhong-通用技术.jsonl:59
ca_GujY8NuV,通用技术,能正确分析常见连杆传动装置的结构及其应用，并根据需求设计和制作简单的连杆装置,正确分析常见连杆传动装置的结构及其应用，并根据需求设计和制作简单的连杆装置。计算简单的齿轮传动比，按照装配图样安装和调试简单的齿轮装置。学会机器人机械结构的初步设计方法。,42,"{""min"": ""G10"", ""max"": ""G12""}",ai-reviewed,[],deterministic-screen-only,not-adjudicated,anchors/gaozhong-通用技术.jsonl:60
ca_PvE2GpZ4,通用技术,能计算简单的齿轮传动比，按照装配图样安装和调试简单的齿轮装置,正确分析常见连杆传动装置的结构及其应用，并根据需求设计和制作简单的连杆装置。计算简单的齿轮传动比，按照装配图样安装和调试简单的齿轮装置。学会机器人机械结构的初步设计方法。,42,"{""min"": ""G10"", ""max"": ""G12""}",ai-reviewed,[],deterministic-screen-only,not-adjudicated,anchors/gaozhong-通用技术.jsonl:61
ca_6pgyfjxS,通用技术,能学会机器人机械结构的初步设计方法,正确分析常见连杆传动装置的结构及其应用，并根据需求设计和制作简单的连杆装置。计算简单的齿轮传动比，按照装配图样安装和调试简单的齿轮装置。学会机器人机械结构的初步设计方法。,42,"{""min"": ""G10"", ""max"": ""G12""}",ai-reviewed,[],deterministic-screen-only,not-adjudicated,anchors/gaozhong-通用技术.jsonl:62
ca_QLQTMUAB,通用技术,能掌握传感器感知外部环境信息的基本原理和方法，通过比较和分析了解机器人常用传感器的种类和特点,理解机器人的基本感知功能，掌握传感器感知外部环境信息的基本原理和方法，通过比较和分析了解机器人常用传感器的种类和特点。,42,"{""min"": ""G10"", ""max"": ""G12""}",ai-reviewed,[],deterministic-screen-only,not-adjudicated,anchors/gaozhong-通用技术.jsonl:63
ca_wM5BDgsW,通用技术,能根据机器人的功能要求选择、安装与调试传感器,根据机器人的功能要求选择、安装与调试传感器。,42,"{""min"": ""G10"", ""max"": ""G12""}",ai-reviewed,[],deterministic-screen-only,not-adjudicated,anchors/gaozhong-通用技术.jsonl:64
ca_PggDH5nU,通用技术,能结合实际案例说明机器人路径规划与运动控制开发的常用控制器种类,结合实际案例说明机器人路径规划与运动控制开发的常用控制器种类，了解控制器软硬件开发过程，理解一种控制器的基本组成及工作过程。,42,"{""min"": ""G10"", ""max"": ""G12""}",ai-reviewed,[],deterministic-screen-only,not-adjudicated,anchors/gaozhong-通用技术.jsonl:65
ca_HZMuHctm,通用技术,能理解一种控制器的基本组成及工作过程,结合实际案例说明机器人路径规划与运动控制开发的常用控制器种类，了解控制器软硬件开发过程，理解一种控制器的基本组成及工作过程。,42,"{""min"": ""G10"", ""max"": ""G12""}",ai-reviewed,[],deterministic-screen-only,not-adjudicated,anchors/gaozhong-通用技术.jsonl:66
ca_RCpkfUBy,通用技术,能设计一种机器人控制器的最小系统硬件,设计一种机器人控制器的最小系统硬件，掌握控制器与传感器接口电路、执行装置驱动电路的设计方法。,42,"{""min"": ""G10"", ""max"": ""G12""}",ai-reviewed,[],deterministic-screen-only,not-adjudicated,anchors/gaozhong-通用技术.jsonl:67
ca_pTkbtuJj,通用技术,能理解机器人路径规划和运动控制的概念和功能,理解机器人路径规划和运动控制的概念和功能，掌握机器人常用路径规划和运动控制的设计方法。,42,"{""min"": ""G10"", ""max"": ""G12""}",ai-reviewed,[],deterministic-screen-only,not-adjudicated,anchors/gaozhong-通用技术.jsonl:68
ca_rpD2vb9X,通用技术,能熟悉一种用于机器人路径规划和运动控制的计算机编程语言及其调试环境,熟悉一种用于机器人路径规划和运动控制的计算机编程语言及其调试环境，掌握编制计算机程序实现机器人路径规划和运动控制的方法，并完成程序调试和程序下载。,42,"{""min"": ""G10"", ""max"": ""G12""}",ai-reviewed,[],deterministic-screen-only,not-adjudicated,anchors/gaozhong-通用技术.jsonl:69
ca_be4sa72j,通用技术,能掌握编制计算机程序实现机器人路径规划和运动控制的方法，并完成程序调试和程序下载,熟悉一种用于机器人路径规划和运动控制的计算机编程语言及其调试环境，掌握编制计算机程序实现机器人路径规划和运动控制的方法，并完成程序调试和程序下载。,42,"{""min"": ""G10"", ""max"": ""G12""}",ai-reviewed,[],deterministic-screen-only,not-adjudicated,anchors/gaozhong-通用技术.jsonl:70
ca_kUF2QeXW,通用技术,能结合实例分析技术进步与职业发展的关系,结合实例分析技术进步与职业发展的关系，了解职业发展的历史变迁，理解技术技能型人才所从事职业的一般技术要求和特征。,45,"{""min"": ""G10"", ""max"": ""G12""}",ai-reviewed,[],deterministic-screen-only,not-adjudicated,anchors/gaozhong-通用技术.jsonl:71
ca_mkMEtDXL,通用技术,能分析并描述某一职业的技术规范,了解第一产业、第二产业、第三产业的职业分布，分析并描述某一职业的技术规范。,45,"{""min"": ""G10"", ""max"": ""G12""}",ai-reviewed,[],deterministic-screen-only,not-adjudicated,anchors/gaozhong-通用技术.jsonl:72
ca_6SGgggCG,通用技术,能学会自我评估技术素养，进行职业匹配度分析,结合技术变迁，了解未来职业可能的发展趋势。结合自己的职业兴趣和倾向，了解高校的专业设置及相关专业的技术内涵，正确认识专业、职业与择业，树立正确的职业观和择业观。学会自我评估技术素养，进行职业匹配度分析。,45,"{""min"": ""G10"", ""max"": ""G12""}",ai-reviewed,[],deterministic-screen-only,not-adjudicated,anchors/gaozhong-通用技术.jsonl:74
ca_ykkasXBQ,通用技术,能探究并描述常用材料的物理、化学特征及其对加工的影响,探究并描述常用材料的物理、化学特征及其对加工的影响，了解常见节能环保材料在现代科技、工农业生产和日常生活中的应用，形成对新材料的敏感性和探究意识。,48,"{""min"": ""G10"", ""max"": ""G12""}",ai-reviewed,"[""A09""]",deterministic-screen-only,not-adjudicated,anchors/gaozhong-通用技术.jsonl:75
ca_vdyRpqte,通用技术,能比较几种常用材料的感觉特性、功能特性与加工方法，学会合理利用材料的特性进行产品设计和材料规划与加工,比较几种常用材料的感觉特性、功能特性与加工方法，学会合理利用材料的特性进行产品设计和材料规划与加工；评估使用不同材料对社会及环境的影响。,48,"{""min"": ""G10"", ""max"": ""G12""}",ai-reviewed,"[""A09""]",deterministic-screen-only,not-adjudicated,anchors/gaozhong-通用技术.jsonl:76
ca_Ea2NvcqZ,通用技术,能知道创新是技术发展的核心,认识技术的创造性特征，知道创新是技术发展的核心，理解技术的发展需要发明和革新，并通过案例加以说明。,51,"{""min"": ""G10"", ""max"": ""G12""}",ai-reviewed,[],deterministic-screen-only,not-adjudicated,anchors/gaozhong-通用技术.jsonl:77
ca_NnXLw465,通用技术,能理解创新工具的丰富性和发展性，使用 2—3 种创新工具和公开的数据与信息进行创新设计与制造,理解创新工具的丰富性和发展性，使用 2—3 种创新工具和公开的数据与信息进行创新设计与制造。利用新材料、新工艺，如激光切割机、三维打印机、数控机床等设备进行设计成果的物化实现。,51,"{""min"": ""G10"", ""max"": ""G12""}",ai-reviewed,[],deterministic-screen-only,not-adjudicated,anchors/gaozhong-通用技术.jsonl:78
ca_aSTAcke2,通用技术,能对所创造的成果进行利弊分析，并提出防止产生负面影响的优化路径和有效措施,对所创造的成果进行利弊分析，并提出防止产生负面影响的优化路径和有效措施。,51,"{""min"": ""G10"", ""max"": ""G12""}",ai-reviewed,[],deterministic-screen-only,not-adjudicated,anchors/gaozhong-通用技术.jsonl:79
ca_52BXQNT8,通用技术,能理解并尊重他人的创造性设计成果,理解并尊重他人的创造性设计成果，知道保护自己的知识产权在技术领域的重要性，形成使用和发明技术的道德意识、伦理意识与责任意识。掌握网络查询专利数据库及资料的方法，通过模拟或实地参观，学会专利申请的方法。,51,"{""min"": ""G10"", ""max"": ""G12""}",ai-reviewed,[],deterministic-screen-only,not-adjudicated,anchors/gaozhong-通用技术.jsonl:80
ca_u8msqedW,通用技术,能够运用三维设计与制造技术的思想、方法与工具解决实际技术问题,产品三维设计与制造三维打印技术是指在计算机控制下，采用层层叠加材料的方式来制造三维物体的技术。通过本模块，学生能了解常见的三维打印技术及其机理，初步掌握一款三维设计软件，能够运用三维设计与制造技术的思想、方法与工具解决实际技术问题。本模块由“三维打印原理” “三维产品技术分析” “三维模型设计”和“三维打印技术应用”四个单元组成。内容结构如图：产品三维设计与制造三维打印技术应用三维模型设计三维产品技术分析三维打印原理,53,"{""min"": ""G10"", ""max"": ""G12""}",ai-reviewed,[],deterministic-screen-only,not-adjudicated,anchors/gaozhong-通用技术.jsonl:82
ca_Vn58xdzX,通用技术,能利用一款三维设计软件将设计方案转换成三维数字模型，并对所设计产品的三维数字模型进行优化、渲染和测试,利用一款三维设计软件将设计方案转换成三维数字模型，并对所设计产品的三维数字模型进行优化、渲染和测试，掌握将三维数字模型转换成相应二维机械加工图的方法，了解实用图形的分层和每层的路径规划。,54,"{""min"": ""G10"", ""max"": ""G12""}",ai-reviewed,"[""A09""]",deterministic-screen-only,not-adjudicated,anchors/gaozhong-通用技术.jsonl:83
ca_NA78VwU7,通用技术,能应用产品的三维设计与三维打印技术,应用产品的三维设计与三维打印技术，设计并制造一个实用且具有简单组合结构的产品；对制造好的产品进行后期加工、组装与测试。,54,"{""min"": ""G10"", ""max"": ""G12""}",ai-reviewed,[],deterministic-screen-only,not-adjudicated,anchors/gaozhong-通用技术.jsonl:84
ca_RAC5vvgm,通用技术,能设计并制造一个实用且具有简单组合结构的产品,应用产品的三维设计与三维打印技术，设计并制造一个实用且具有简单组合结构的产品；对制造好的产品进行后期加工、组装与测试。,54,"{""min"": ""G10"", ""max"": ""G12""}",ai-reviewed,[],deterministic-screen-only,not-adjudicated,anchors/gaozhong-通用技术.jsonl:85
ca_ZuDQSwxe,通用技术,能对制造好的产品进行后期加工、组装与测试,应用产品的三维设计与三维打印技术，设计并制造一个实用且具有简单组合结构的产品；对制造好的产品进行后期加工、组装与测试。,54,"{""min"": ""G10"", ""max"": ""G12""}",ai-reviewed,[],deterministic-screen-only,not-adjudicated,anchors/gaozhong-通用技术.jsonl:86
ca_RuXqv5Ku,通用技术,能设计和选用适当工具来收集、记录、分析信息与数据,明确技术与工程问题，经历科技人文融合创新项目活动全过程。提取和分析技术与工程问题所蕴含的科学与数学问题，融汇艺术、社会等视角；设计和选用适当工具来收集、记录、分析信息与数据；应用科学、技术、工程和数学中的知识与方法，并系统考虑艺术、社会因素，提出解决问题的综合方案；制作并使用工程模型进行测试、生成数据来解释和预测现象；依据科学证据、技术试验结论，完善解决方案；以科学观点、经验证据、逻辑论证的相关因素，比较和评估同一问题的不同技术解决方案。,57,"{""min"": ""G10"", ""max"": ""G12""}",ai-reviewed,[],deterministic-screen-only,not-adjudicated,anchors/gaozhong-通用技术.jsonl:87
ca_r63xG74w,通用技术,能制作并使用工程模型进行测试、生成数据来解释和预测现象,明确技术与工程问题，经历科技人文融合创新项目活动全过程。提取和分析技术与工程问题所蕴含的科学与数学问题，融汇艺术、社会等视角；设计和选用适当工具来收集、记录、分析信息与数据；应用科学、技术、工程和数学中的知识与方法，并系统考虑艺术、社会因素，提出解决问题的综合方案；制作并使用工程模型进行测试、生成数据来解释和预测现象；依据科学证据、技术试验结论，完善解决方案；以科学观点、经验证据、逻辑论证的相关因素，比较和评估同一问题的不同技术解决方案。,57,"{""min"": ""G10"", ""max"": ""G12""}",ai-reviewed,[],deterministic-screen-only,not-adjudicated,anchors/gaozhong-通用技术.jsonl:88
ca_nd26stZh,通用技术,能比较和评估同一问题的不同技术解决方案,明确技术与工程问题，经历科技人文融合创新项目活动全过程。提取和分析技术与工程问题所蕴含的科学与数学问题，融汇艺术、社会等视角；设计和选用适当工具来收集、记录、分析信息与数据；应用科学、技术、工程和数学中的知识与方法，并系统考虑艺术、社会因素，提出解决问题的综合方案；制作并使用工程模型进行测试、生成数据来解释和预测现象；依据科学证据、技术试验结论，完善解决方案；以科学观点、经验证据、逻辑论证的相关因素，比较和评估同一问题的不同技术解决方案。,57,"{""min"": ""G10"", ""max"": ""G12""}",ai-reviewed,[],deterministic-screen-only,not-adjudicated,anchors/gaozhong-通用技术.jsonl:90
ca_RGzpJuH7,通用技术,能探究桥梁设计所蕴含的科学问题,可通过简单桥梁建筑的设计，理解桥梁建筑与文化、社会的关系，探究桥梁设计所蕴含的科学问题，掌握桥梁建筑材料、结构等主要的技术和工程知识。,58,"{""min"": ""G10"", ""max"": ""G12""}",ai-reviewed,[],deterministic-screen-only,not-adjudicated,anchors/gaozhong-通用技术.jsonl:91
ca_FQmy6dNN,通用技术,能描述传统工艺的发展历程和主要门类，阐述传统工艺的技术特征,描述传统工艺的发展历程和主要门类，阐述传统工艺的技术特征，理解传统工艺与技术的关系。,61,"{""min"": ""G10"", ""max"": ""G12""}",ai-reviewed,[],deterministic-screen-only,not-adjudicated,anchors/gaozhong-通用技术.jsonl:92
ca_4Enux8aj,通用技术,能运用自己搜集和整理的资料,运用自己搜集和整理的资料，说明某区域民间传统工艺的特点与技能、风俗风情、文化价值，理解工艺大师、优秀匠人的人生追求和工匠精神的本质。,61,"{""min"": ""G10"", ""max"": ""G12""}",ai-reviewed,[],deterministic-screen-only,not-adjudicated,anchors/gaozhong-通用技术.jsonl:93
ca_kNySsPZK,通用技术,能说明某区域民间传统工艺的特点与技能、风俗风情、文化价值,运用自己搜集和整理的资料，说明某区域民间传统工艺的特点与技能、风俗风情、文化价值，理解工艺大师、优秀匠人的人生追求和工匠精神的本质。,61,"{""min"": ""G10"", ""max"": ""G12""}",ai-reviewed,"[""A09""]",deterministic-screen-only,not-adjudicated,anchors/gaozhong-通用技术.jsonl:94
ca_enGzdAZC,通用技术,能举例说明非物质文化遗产的传承与发扬路径，尝试从工匠的视角审视并实践传统工艺,举例说明非物质文化遗产的传承与发扬路径，尝试从工匠的视角审视并实践传统工艺；对一些传统工艺技术、传统工艺作品进行评价和鉴赏。,61,"{""min"": ""G10"", ""max"": ""G12""}",ai-reviewed,[],deterministic-screen-only,not-adjudicated,anchors/gaozhong-通用技术.jsonl:95
ca_4qvUmS5W,通用技术,能对一些传统工艺技术、传统工艺作品进行评价和鉴赏,举例说明非物质文化遗产的传承与发扬路径，尝试从工匠的视角审视并实践传统工艺；对一些传统工艺技术、传统工艺作品进行评价和鉴赏。,61,"{""min"": ""G10"", ""max"": ""G12""}",ai-reviewed,[],deterministic-screen-only,not-adjudicated,anchors/gaozhong-通用技术.jsonl:96
ca_CL7M2uTY,通用技术,能说明当地传统工艺的特色和技术要素，并进行相应的技术探究与工艺分析,调查走访当地的工艺传人和工艺大师，说明当地传统工艺的特色和技术要素，并进行相应的技术探究与工艺分析。,61,"{""min"": ""G10"", ""max"": ""G12""}",ai-reviewed,[],deterministic-screen-only,not-adjudicated,anchors/gaozhong-通用技术.jsonl:97
ca_nwnNP3Mu,通用技术,能在以下项目中选择一项传统工艺进行实践,在以下项目中选择一项传统工艺进行实践。,61,"{""min"": ""G10"", ""max"": ""G12""}",ai-reviewed,[],deterministic-screen-only,not-adjudicated,anchors/gaozhong-通用技术.jsonl:98
ca_SidDazAC,通用技术,会使用常用的泥塑及雕刻工具,会使用常用的泥塑及雕刻工具，设计并制作简单的生活用陶器和印章。,61,"{""min"": ""G10"", ""max"": ""G12""}",ai-reviewed,[],deterministic-screen-only,not-adjudicated,anchors/gaozhong-通用技术.jsonl:99
ca_PNgPMQad,通用技术,能设计并制作简单的生活用陶器和印章,会使用常用的泥塑及雕刻工具，设计并制作简单的生活用陶器和印章。,61,"{""min"": ""G10"", ""max"": ""G12""}",ai-reviewed,[],deterministic-screen-only,not-adjudicated,anchors/gaozhong-通用技术.jsonl:100
ca_c6T3vtp4,通用技术,能制作一件木制品,运用传统木工技术、木结构连接技术以及设计、画图、画线、锯割、凿削、锉削、磨制等技术方法，制作一件木制品。,61,"{""min"": ""G10"", ""max"": ""G12""}",ai-reviewed,[],deterministic-screen-only,not-adjudicated,anchors/gaozhong-通用技术.jsonl:101
ca_Ya2pUfYa,通用技术,能运用几种常见的单一技术进行初步技术集成，从而实现技术集成创新,运用几种常见的单一技术进行初步技术集成，从而实现技术集成创新。,67,"{""min"": ""G10"", ""max"": ""G12""}",ai-reviewed,[],deterministic-screen-only,not-adjudicated,anchors/gaozhong-通用技术.jsonl:102
ca_WaXytuMA,通用技术,能举例说明农业科技对现代农业发展的引领支撑作用,理解现代农业的技术特征、要素构成及发展趋向，举例说明农业科技对现代农业发展的引领支撑作用。,69,"{""min"": ""G10"", ""max"": ""G12""}",ai-reviewed,[],deterministic-screen-only,not-adjudicated,anchors/gaozhong-通用技术.jsonl:103
ca_h9qgAVaF,通用技术,能选择 1—2 种当地主要的食品栽培品种，严格按绿色食品的生产加工技术标准进行栽培试验,了解无公害农业的含义及相关概念，初步掌握绿色食品生产、加工的技术标准，能选择 1—2 种当地主要的食品栽培品种，严格按绿色食品的生产加工技术标准进行栽培试验。,69,"{""min"": ""G10"", ""max"": ""G12""}",ai-reviewed,[],deterministic-screen-only,not-adjudicated,anchors/gaozhong-通用技术.jsonl:104
ca_QhSj5eka,通用技术,能理解生态条件与引种的关系，根据当地的生态条件选择需要引进的品种,说明品种资源保护的意义、品种资源的种类及保护措施，理解生态条件与引种的关系，根据当地的生态条件选择需要引进的品种，了解区域试验的一般过程和方法。,69,"{""min"": ""G10"", ""max"": ""G12""}",ai-reviewed,[],deterministic-screen-only,not-adjudicated,anchors/gaozhong-通用技术.jsonl:105
ca_wDH2ga9g,通用技术,能结合实例说明病虫害的发生规律及病虫害防治的意义和原则，初步掌握病虫害预测、预报的基本方法,结合实例说明病虫害的发生规律及病虫害防治的意义和原则，初步掌握病虫害预测、预报的基本方法；制订体现环保要求的病虫害综合治理方案；掌握几种当地主要病虫害的生物防治、化学防治、物理机械防治方法。,70,"{""min"": ""G10"", ""max"": ""G12""}",ai-reviewed,[],deterministic-screen-only,not-adjudicated,anchors/gaozhong-通用技术.jsonl:106
ca_pfJ9mgxh,通用技术,能举例说明农产品营销的概念、作用、现状和主要渠道,举例说明农产品营销的概念、作用、现状和主要渠道，掌握农产品营销的操作方法和基本技能，并根据当地市场的基本条件和农产品的特点进行农产品的网络营销。,70,"{""min"": ""G10"", ""max"": ""G12""}",ai-reviewed,[],deterministic-screen-only,not-adjudicated,anchors/gaozhong-通用技术.jsonl:107
ca_jwL6WNG6,通用技术,能掌握农产品营销的操作方法和基本技能，并根据当地市场的基本条件和农产品的特点进行农产品的网络营销,举例说明农产品营销的概念、作用、现状和主要渠道，掌握农产品营销的操作方法和基本技能，并根据当地市场的基本条件和农产品的特点进行农产品的网络营销。,70,"{""min"": ""G10"", ""max"": ""G12""}",ai-reviewed,[],deterministic-screen-only,not-adjudicated,anchors/gaozhong-通用技术.jsonl:108
ca_SYpRhtDy,通用技术,能从评价的内容来说，既要评价纸梁最终作品，也要评价设计和制作的过程,从评价的内容来说，既要评价纸梁最终作品，也要评价设计和制作的过程。,79,"{""min"": ""G10"", ""max"": ""G12""}",ai-reviewed,"[""A09""]",deterministic-screen-only,not-adjudicated,anchors/gaozhong-通用技术.jsonl:109
ca_9qTw56KN,通用技术,能从评价的实施来说，应采用学生自我评价与相互评价结合的方式进行,从评价的实施来说，应采用学生自我评价与相互评价结合的方式进行。,79,"{""min"": ""G10"", ""max"": ""G12""}",ai-reviewed,[],deterministic-screen-only,not-adjudicated,anchors/gaozhong-通用技术.jsonl:110
ca_i3W9drNV,通用技术,能分析人们进行技术选择的原因,能结合生活中的技术情境，分析人们进行技术选择的原因；,91,"{""min"": ""G10"", ""max"": ""G12""}",ai-reviewed,[],deterministic-screen-only,not-adjudicated,anchors/gaozhong-通用技术.jsonl:113
ca_AwLVnV4a,通用技术,能调查并分析某一具体技术选择、使用、决策过程中的伦理问题,能调查并分析某一具体技术选择、使用、决策过程中的伦理问题；,91,"{""min"": ""G10"", ""max"": ""G12""}",ai-reviewed,[],deterministic-screen-only,not-adjudicated,anchors/gaozhong-通用技术.jsonl:114
ca_AkV9AQJW,通用技术,能理解技术活动需要综合运用多种知识,水平 3能结合某一具体技术领域，调查并分析个体及群体的价值观如何促进或阻碍技术的发展，理解技术活动需要综合运用多种知识；,91,"{""min"": ""G10"", ""max"": ""G12""}",ai-reviewed,[],deterministic-screen-only,not-adjudicated,anchors/gaozhong-通用技术.jsonl:115
ca_MxPksutR,通用技术,能够自主搜集、分析相关数据,能够自主搜集、分析相关数据，评价一项技术的积极或消极影响，并判断其发展趋势；,91,"{""min"": ""G10"", ""max"": ""G12""}",ai-reviewed,[],deterministic-screen-only,not-adjudicated,anchors/gaozhong-通用技术.jsonl:116
ca_YQFSvSNS,通用技术,能评价一项技术的积极或消极影响，并判断其发展趋势,能够自主搜集、分析相关数据，评价一项技术的积极或消极影响，并判断其发展趋势；,91,"{""min"": ""G10"", ""max"": ""G12""}",ai-reviewed,"[""A09""]",deterministic-screen-only,not-adjudicated,anchors/gaozhong-通用技术.jsonl:117
ca_dmbbpdKM,通用技术,能在适当的时机参与社会有关技术发展与应用的讨论与决策,能在适当的时机参与社会有关技术发展与应用的讨论与决策；,91,"{""min"": ""G10"", ""max"": ""G12""}",ai-reviewed,[],deterministic-screen-only,not-adjudicated,anchors/gaozhong-通用技术.jsonl:118
ca_rkiPEBDy,通用技术,能通过常见典型的技术系统案例分析，感知系统和工程现象,通过常见典型的技术系统案例分析，感知系统和工程现象，理解系统的基本特性，考察并解释输入、过程、输出及各种因素是如何影响系统的，形成初步的工程意识与思维。,91,"{""min"": ""G10"", ""max"": ""G12""}",ai-reviewed,[],deterministic-screen-only,not-adjudicated,anchors/gaozhong-通用技术.jsonl:119
ca_qnw8x5hm,通用技术,能运用系统分析的方法,水平 2能结合系统设计案例的分析，总结归纳出系统设计的方法，并能运用系统、结构、流程、控制等原理和系统分析方法，进行简单的技术设计活动，尝试解决技术问题；,91,"{""min"": ""G10"", ""max"": ""G12""}",ai-reviewed,[],deterministic-screen-only,not-adjudicated,anchors/gaozhong-通用技术.jsonl:120
ca_yF4cceUm,通用技术,能识别技术问题的特性和细节，明确制约条件和各种影响因素，提出可能的解决方案,水平 3能就某一具体技术领域中明确的技术问题，运用系统分析的方法，识别技术问题的特性和细节，明确制约条件和各种影响因素，提出可能的解决方案；,91,"{""min"": ""G10"", ""max"": ""G12""}",ai-reviewed,[],deterministic-screen-only,not-adjudicated,anchors/gaozhong-通用技术.jsonl:121
ca_c3v3qDQ6,通用技术,能在进行简单的技术方案设计时，尝试运用模拟试验或数学模型来考虑各种影响因素，并进行决策分析和性能评估,在进行简单的技术方案设计时，尝试运用模拟试验或数学模型来考虑各种影响因素，并进行决策分析和性能评估。,91,"{""min"": ""G10"", ""max"": ""G12""}",ai-reviewed,"[""A09""]",deterministic-screen-only,not-adjudicated,anchors/gaozhong-通用技术.jsonl:122
ca_r7SiWt28,通用技术,能运用系统分析的方法将任务具体化，形成可能的解决方案，并能不断优化改进,续表水平 素养 2 ：工程思维水平 4能就某一技术领域中较为复杂的问题情境，运用系统分析的方法将任务具体化，形成可能的解决方案，并能不断优化改进；,91,"{""min"": ""G10"", ""max"": ""G12""}",ai-reviewed,[],deterministic-screen-only,not-adjudicated,anchors/gaozhong-通用技术.jsonl:123
ca_PEceQV25,通用技术,能初步运用简单的模拟试验或数学模型对某一技术方案作出性能和风险评估，发展工程思维,能初步运用简单的模拟试验或数学模型对某一技术方案作出性能和风险评估，发展工程思维。,91,"{""min"": ""G10"", ""max"": ""G12""}",ai-reviewed,[],deterministic-screen-only,not-adjudicated,anchors/gaozhong-通用技术.jsonl:124
ca_huZDYkTp,通用技术,能运用模拟试验或数学模型评价设计方案，通过趋势分析、风险评估等对其进行优化和改进,运用模拟试验或数学模型评价设计方案，通过趋势分析、风险评估等对其进行优化和改进。,91,"{""min"": ""G10"", ""max"": ""G12""}",ai-reviewed,[],deterministic-screen-only,not-adjudicated,anchors/gaozhong-通用技术.jsonl:125
ca_TUpMiWse,通用技术,能借鉴技术设计案例和技术规范尝试制订解决技术问题的单一方案,表 3水平 素养 3 ：创新设计水平 1能通过调查等方式，了解用户特定需求和需要解决的主要技术问题，能借鉴技术设计案例和技术规范尝试制订解决技术问题的单一方案；,91,"{""min"": ""G10"", ""max"": ""G12""}",ai-reviewed,[],deterministic-screen-only,not-adjudicated,anchors/gaozhong-通用技术.jsonl:126
ca_RvTEwUTS,通用技术,能运用技术语言分析用户特定需求，明确需要解决的技术问题,水平 2面对熟悉的技术情境，能运用技术语言分析用户特定需求，明确需要解决的技术问题；,91,"{""min"": ""G10"", ""max"": ""G12""}",ai-reviewed,[],deterministic-screen-only,not-adjudicated,anchors/gaozhong-通用技术.jsonl:127
ca_aweEmYr3,通用技术,能根据设计对象和现有条件制订解决技术问题的一个或多个单一方案,能根据设计对象和现有条件制订解决技术问题的一个或多个单一方案；,91,"{""min"": ""G10"", ""max"": ""G12""}",ai-reviewed,[],deterministic-screen-only,not-adjudicated,anchors/gaozhong-通用技术.jsonl:128
ca_yGsjbC3t,通用技术,能针对某个技术问题解决实例,能针对某个技术问题解决实例，设计一般的试验方案，撰写试验报告，初步掌握技术设计的一般方法，形成基本的技术设计能力；,91,"{""min"": ""G10"", ""max"": ""G12""}",ai-reviewed,[],deterministic-screen-only,not-adjudicated,anchors/gaozhong-通用技术.jsonl:129
ca_jJjLbwUV,通用技术,能运用人机理论，发现用户的多方面需求及关联性，多角度分析需要解决的技术问题,水平 3面对较为复杂的技术情境，能运用人机理论，发现用户的多方面需求及关联性，多角度分析需要解决的技术问题；,91,"{""min"": ""G10"", ""max"": ""G12""}",ai-reviewed,[],deterministic-screen-only,not-adjudicated,anchors/gaozhong-通用技术.jsonl:130
ca_dtPHnDJe,通用技术,能通过多种渠道搜集与所设计产品有关的各种信息并进行处理,通过多种渠道搜集与所设计产品有关的各种信息并进行处理，能制订符合一般设计原则和规范的多个方案；,91,"{""min"": ""G10"", ""max"": ""G12""}",ai-reviewed,[],deterministic-screen-only,not-adjudicated,anchors/gaozhong-通用技术.jsonl:131
ca_dp7cCKMi,通用技术,能制订符合一般设计原则和规范的多个方案,通过多种渠道搜集与所设计产品有关的各种信息并进行处理，能制订符合一般设计原则和规范的多个方案；,91,"{""min"": ""G10"", ""max"": ""G12""}",ai-reviewed,[],deterministic-screen-only,not-adjudicated,anchors/gaozhong-通用技术.jsonl:132
ca_6bGPdSG5,通用技术,能依据设计需求制订符合一般设计原则和规范的多个方案，并进行初步的比较与权衡,能依据设计需求制订符合一般设计原则和规范的多个方案，并进行初步的比较与权衡；,91,"{""min"": ""G10"", ""max"": ""G12""}",ai-reviewed,[],deterministic-screen-only,not-adjudicated,anchors/gaozhong-通用技术.jsonl:133
ca_H2GeqGMJ,通用技术,能运用数学与工程方法进行比较和权衡，在多个方案中选定满足设计要求的最佳方案或改进原有方案,能运用数学与工程方法进行比较和权衡，在多个方案中选定满足设计要求的最佳方案或改进原有方案；,91,"{""min"": ""G10"", ""max"": ""G12""}",ai-reviewed,"[""A09""]",deterministic-screen-only,not-adjudicated,anchors/gaozhong-通用技术.jsonl:134
ca_mudV8kQY,通用技术,能分析归纳技术语言的种类及其应用,表 4水平 素养 4 ：图样表达水平 1能结合日常生活情境，体会技术语言的重要性，分析归纳技术语言的种类及其应用；,91,"{""min"": ""G10"", ""max"": ""G12""}",ai-reviewed,[],deterministic-screen-only,not-adjudicated,anchors/gaozhong-通用技术.jsonl:135
ca_EFKKezSU,通用技术,能用简单的草图表达与交流设计构想,能用简单的草图表达与交流设计构想。,91,"{""min"": ""G10"", ""max"": ""G12""}",ai-reviewed,[],deterministic-screen-only,not-adjudicated,anchors/gaozhong-通用技术.jsonl:136
ca_gYZ4vKjv,通用技术,能将简单的设计方案用二维、三维设计软件表现出来,能将简单的设计方案用二维、三维设计软件表现出来。,91,"{""min"": ""G10"", ""max"": ""G12""}",ai-reviewed,"[""A09""]",deterministic-screen-only,not-adjudicated,anchors/gaozhong-通用技术.jsonl:137
ca_gWkBLv6X,通用技术,能结合不同技术领域，在较为熟练运用常见技术图样基础上，进行方案的设计,能结合不同技术领域，在较为熟练运用常见技术图样基础上，进行方案的设计；,91,"{""min"": ""G10"", ""max"": ""G12""}",ai-reviewed,[],deterministic-screen-only,not-adjudicated,anchors/gaozhong-通用技术.jsonl:138
ca_wGPRNEZu,通用技术,能将简单的设计方案用二维、三维设计软件表现出来，并不断进行优化和改进,能将简单的设计方案用二维、三维设计软件表现出来，并不断进行优化和改进。,91,"{""min"": ""G10"", ""max"": ""G12""}",ai-reviewed,[],deterministic-screen-only,not-adjudicated,anchors/gaozhong-通用技术.jsonl:139
ca_P2qtgvX2,通用技术,能主动选择与综合运用图样或其他技术语言表达设计构想，形成用技术语言进行思维转换的能力,面对复杂情境时，能主动选择与综合运用图样或其他技术语言表达设计构想，形成用技术语言进行思维转换的能力。,91,"{""min"": ""G10"", ""max"": ""G12""}",ai-reviewed,[],deterministic-screen-only,not-adjudicated,anchors/gaozhong-通用技术.jsonl:140
ca_CEpuQcVh,通用技术,能掌握一些特殊材料的属性及加工方法，根据方案设计要求选择材料和工具，确定方案实现的时序和工序,水平 3能结合某一技术领域，掌握一些特殊材料的属性及加工方法，根据方案设计要求选择材料和工具，确定方案实现的时序和工序；,91,"{""min"": ""G10"", ""max"": ""G12""}",ai-reviewed,[],deterministic-screen-only,not-adjudicated,anchors/gaozhong-通用技术.jsonl:142
ca_p5hY7vLm,通用技术,能严谨细致地完成模型或产品的成型制作和装配，并对模型或产品进行基本的技术指标测量,能严谨细致地完成模型或产品的成型制作和装配，并对模型或产品进行基本的技术指标测量。,91,"{""min"": ""G10"", ""max"": ""G12""}",ai-reviewed,[],deterministic-screen-only,not-adjudicated,anchors/gaozhong-通用技术.jsonl:143
ca_FqKacKmS,通用技术,能对模型或产品进行基本的技术测试和技术指标测量，撰写简单的技术测试和方案试验的报告,能对模型或产品进行基本的技术测试和技术指标测量，撰写简单的技术测试和方案试验的报告。,91,"{""min"": ""G10"", ""max"": ""G12""}",ai-reviewed,[],deterministic-screen-only,not-adjudicated,anchors/gaozhong-通用技术.jsonl:144
ca_ZZKq8GZZ,通用技术,能制作风洞模型，并进行测试和优化,经历简易风洞设计和制作过程，学会运用系统、结构等原理和系统分析方法，进行简易风洞方案设计。选择材料和工具，制作风洞模型，并进行测试和优化。,98,"{""min"": ""G10"", ""max"": ""G12""}",ai-reviewed,[],deterministic-screen-only,not-adjudicated,anchors/gaozhong-通用技术.jsonl:145
ca_gXNXfcSv,通用技术,能分析形成相互影响的系统模型，解决一定尺寸鱼缸与照明、过续表滤及生物数量等要素变量的匹配问题,本单元的设计核心是生态系统设计，为建立良好的鱼缸生态环境，强调运用系统设计的相关知识，建立生物循环系统（融合生物知识） 、水过滤系统、照明系统等功能子系统，分析形成相互影响的系统模型，解决一定尺寸鱼缸与照明、过续表滤及生物数量等要素变量的匹配问题。,107,"{""min"": ""G10"", ""max"": ""G12""}",ai-reviewed,[],deterministic-screen-only,not-adjudicated,anchors/gaozhong-通用技术.jsonl:147
ca_WMcWmCau,通用技术,能比较常见材料的特性,比较常见材料的特性、应用环境和基本加工工艺，掌握一些常用材料的连接方法，并能根据设计方案和产品用途选择和规划材料。,20,"{""min"": ""G10"", ""max"": ""G12""}",ai-reviewed,[],deterministic-screen-only,not-adjudicated,anchors/gaozhong-通用技术.jsonl:148
ca_t4g2S3fe,通用技术,能比较常见材料的应用环境,比较常见材料的特性、应用环境和基本加工工艺，掌握一些常用材料的连接方法，并能根据设计方案和产品用途选择和规划材料。,20,"{""min"": ""G10"", ""max"": ""G12""}",ai-reviewed,[],deterministic-screen-only,not-adjudicated,anchors/gaozhong-通用技术.jsonl:149
ca_vhMUEtVM,通用技术,能比较常见材料的基本加工工艺,比较常见材料的特性、应用环境和基本加工工艺，掌握一些常用材料的连接方法，并能根据设计方案和产品用途选择和规划材料。,20,"{""min"": ""G10"", ""max"": ""G12""}",ai-reviewed,[],deterministic-screen-only,not-adjudicated,anchors/gaozhong-通用技术.jsonl:150
ca_KYGdbMPR,通用技术,能运用手工绘图工具和简易绘图软件绘制草图,说明技术语言的种类及其应用，识读简单的机械加工图、电子线路图、效果图、装配图等常见的技术图样。运用手工绘图工具和简易绘图软件绘制草图、简单的三视图，用恰当的技术语言与他人交流设计思想和成果。,20,"{""min"": ""G10"", ""max"": ""G12""}",ai-reviewed,[],deterministic-screen-only,not-adjudicated,anchors/gaozhong-通用技术.jsonl:151
ca_2TJPcwEy,通用技术,能运用手工绘图工具和简易绘图软件绘制简单的三视图,说明技术语言的种类及其应用，识读简单的机械加工图、电子线路图、效果图、装配图等常见的技术图样。运用手工绘图工具和简易绘图软件绘制草图、简单的三视图，用恰当的技术语言与他人交流设计思想和成果。,20,"{""min"": ""G10"", ""max"": ""G12""}",ai-reviewed,[],deterministic-screen-only,not-adjudicated,anchors/gaozhong-通用技术.jsonl:152
ca_8mKJdNNP,通用技术,能用恰当的技术语言与他人交流设计思想和成果,说明技术语言的种类及其应用，识读简单的机械加工图、电子线路图、效果图、装配图等常见的技术图样。运用手工绘图工具和简易绘图软件绘制草图、简单的三视图，用恰当的技术语言与他人交流设计思想和成果。,20,"{""min"": ""G10"", ""max"": ""G12""}",ai-reviewed,[],deterministic-screen-only,not-adjudicated,anchors/gaozhong-通用技术.jsonl:153
ca_vYLjZJ7c,通用技术,能分析流程设计过程中的基本要素,理解流程及其环节、时序的含义，识读和绘制简单的流程图，分析流程设计和流程优化过程中的基本要素，体会流程设计的基本思想和方法。,23,"{""min"": ""G10"", ""max"": ""G12""}",ai-reviewed,[],deterministic-screen-only,not-adjudicated,anchors/gaozhong-通用技术.jsonl:154
ca_7wbLJCJM,通用技术,能分析流程优化过程中的基本要素,理解流程及其环节、时序的含义，识读和绘制简单的流程图，分析流程设计和流程优化过程中的基本要素，体会流程设计的基本思想和方法。,23,"{""min"": ""G10"", ""max"": ""G12""}",ai-reviewed,[],deterministic-screen-only,not-adjudicated,anchors/gaozhong-通用技术.jsonl:155
ca_AwPWrXj6,通用技术,能运用信息技术为改进家庭事务管理设计相应的方案,理解家庭管理的内容和特点，运用信息技术、智能控制技术等为改进家庭事务管理、家庭环境管理设计相应的方案，说明家庭人际关系在家庭管理中的作用。,27,"{""min"": ""G10"", ""max"": ""G12""}",ai-reviewed,[],deterministic-screen-only,not-adjudicated,anchors/gaozhong-通用技术.jsonl:156
ca_Lu9AfUJK,通用技术,能运用信息技术为改进家庭环境管理设计相应的方案,理解家庭管理的内容和特点，运用信息技术、智能控制技术等为改进家庭事务管理、家庭环境管理设计相应的方案，说明家庭人际关系在家庭管理中的作用。,27,"{""min"": ""G10"", ""max"": ""G12""}",ai-reviewed,[],deterministic-screen-only,not-adjudicated,anchors/gaozhong-通用技术.jsonl:157
ca_fjYiJ56r,通用技术,能运用智能控制技术为改进家庭事务管理设计相应的方案,理解家庭管理的内容和特点，运用信息技术、智能控制技术等为改进家庭事务管理、家庭环境管理设计相应的方案，说明家庭人际关系在家庭管理中的作用。,27,"{""min"": ""G10"", ""max"": ""G12""}",ai-reviewed,[],deterministic-screen-only,not-adjudicated,anchors/gaozhong-通用技术.jsonl:158
ca_MFussHrR,通用技术,能运用智能控制技术为改进家庭环境管理设计相应的方案,理解家庭管理的内容和特点，运用信息技术、智能控制技术等为改进家庭事务管理、家庭环境管理设计相应的方案，说明家庭人际关系在家庭管理中的作用。,27,"{""min"": ""G10"", ""max"": ""G12""}",ai-reviewed,[],deterministic-screen-only,not-adjudicated,anchors/gaozhong-通用技术.jsonl:159
ca_YWzWz73R,通用技术,能运用理财软件进行合理理财方式的设计,分析影响家庭理财方式和效率的因素，结合模拟情境或家庭的具体情况，运用理财软件进行合理理财方式和家庭财产管理方案的设计，并加以实施。,27,"{""min"": ""G10"", ""max"": ""G12""}",ai-reviewed,[],deterministic-screen-only,not-adjudicated,anchors/gaozhong-通用技术.jsonl:160
ca_xcWzBu9R,通用技术,能运用理财软件进行家庭财产管理方案的设计,分析影响家庭理财方式和效率的因素，结合模拟情境或家庭的具体情况，运用理财软件进行合理理财方式和家庭财产管理方案的设计，并加以实施。,27,"{""min"": ""G10"", ""max"": ""G12""}",ai-reviewed,[],deterministic-screen-only,not-adjudicated,anchors/gaozhong-通用技术.jsonl:161
ca_XJWbN3pL,通用技术,能运用理财软件进行合理理财方式和家庭财产管理方案的实施,分析影响家庭理财方式和效率的因素，结合模拟情境或家庭的具体情况，运用理财软件进行合理理财方式和家庭财产管理方案的设计，并加以实施。,27,"{""min"": ""G10"", ""max"": ""G12""}",ai-reviewed,[],deterministic-screen-only,not-adjudicated,anchors/gaozhong-通用技术.jsonl:162
ca_rBTR4Hst,通用技术,能利用计算机软件演示服装搭配效果,说明人体结构、比例与服装的关系，掌握生活中一般的着装原则。利用计算机软件演示服装搭配效果，并进行分析与评价。,30,"{""min"": ""G10"", ""max"": ""G12""}",ai-reviewed,[],deterministic-screen-only,not-adjudicated,anchors/gaozhong-通用技术.jsonl:163
ca_nhTmfuWN,通用技术,能进行分析与评价,说明人体结构、比例与服装的关系，掌握生活中一般的着装原则。利用计算机软件演示服装搭配效果，并进行分析与评价。,30,"{""min"": ""G10"", ""max"": ""G12""}",disputed,"[""A02""]",deterministic-screen-only,not-adjudicated,anchors/gaozhong-通用技术.jsonl:164
ca_j9LwCbJg,通用技术,能应用工具进行程序设计,应用工具进行程序设计和智能产品的硬件配置，设计产品原型，并对系统的安全性、功耗进行分析。阐明智能家居的安全标准和安全性方案设计，从而设计安全可靠、低功耗的智能家居产品。,33,"{""min"": ""G10"", ""max"": ""G12""}",ai-reviewed,[],deterministic-screen-only,not-adjudicated,anchors/gaozhong-通用技术.jsonl:165
ca_ZVvjFCFc,通用技术,能应用工具进行智能产品的硬件配置,应用工具进行程序设计和智能产品的硬件配置，设计产品原型，并对系统的安全性、功耗进行分析。阐明智能家居的安全标准和安全性方案设计，从而设计安全可靠、低功耗的智能家居产品。,33,"{""min"": ""G10"", ""max"": ""G12""}",ai-reviewed,[],deterministic-screen-only,not-adjudicated,anchors/gaozhong-通用技术.jsonl:166
ca_LVxrsJt5,通用技术,能理解工程设计过程中的可靠性,理解工程设计过程中的安全性、可靠性、经济性等性能评价指标。初步掌握面向 X 的设计（DFX）方法，如面向制造的设计（DFM） 、面向装配的设计（DFA） 、面向环境的设计（DFE） ；学会编制简易的工程设计任务书。,36,"{""min"": ""G10"", ""max"": ""G12""}",ai-reviewed,[],deterministic-screen-only,not-adjudicated,anchors/gaozhong-通用技术.jsonl:168
ca_viJeusuA,通用技术,能理解工程设计过程中的经济性,理解工程设计过程中的安全性、可靠性、经济性等性能评价指标。初步掌握面向 X 的设计（DFX）方法，如面向制造的设计（DFM） 、面向装配的设计（DFA） 、面向环境的设计（DFE） ；学会编制简易的工程设计任务书。,36,"{""min"": ""G10"", ""max"": ""G12""}",ai-reviewed,[],deterministic-screen-only,not-adjudicated,anchors/gaozhong-通用技术.jsonl:169
ca_Wiv6bhvz,通用技术,能应用功能电路设计开环电子控制系统,应用功能电路设计开环电子控制系统和简单的闭环电子控制系统，并进行安装、调试和改进。,39,"{""min"": ""G10"", ""max"": ""G12""}",ai-reviewed,[],deterministic-screen-only,not-adjudicated,anchors/gaozhong-通用技术.jsonl:170
ca_aaYFc2hB,通用技术,能应用功能电路设计简单的闭环电子控制系统,应用功能电路设计开环电子控制系统和简单的闭环电子控制系统，并进行安装、调试和改进。,39,"{""min"": ""G10"", ""max"": ""G12""}",ai-reviewed,[],deterministic-screen-only,not-adjudicated,anchors/gaozhong-通用技术.jsonl:171
ca_5HyV3iwt,通用技术,能探究并描述常用材料的物理特征及其对加工的影响,探究并描述常用材料的物理、化学特征及其对加工的影响，了解常见节能环保材料在现代科技、工农业生产和日常生活中的应用，形成对新材料的敏感性和探究意识。,48,"{""min"": ""G10"", ""max"": ""G12""}",ai-reviewed,[],deterministic-screen-only,not-adjudicated,anchors/gaozhong-通用技术.jsonl:172
ca_LYmq9iFk,通用技术,能探究并描述常用材料的化学特征及其对加工的影响,探究并描述常用材料的物理、化学特征及其对加工的影响，了解常见节能环保材料在现代科技、工农业生产和日常生活中的应用，形成对新材料的敏感性和探究意识。,48,"{""min"": ""G10"", ""max"": ""G12""}",ai-reviewed,[],deterministic-screen-only,not-adjudicated,anchors/gaozhong-通用技术.jsonl:173
ca_sMQbjgTS,通用技术,能比较几种常用材料的感觉特性、功能特性与加工方法,比较几种常用材料的感觉特性、功能特性与加工方法，学会合理利用材料的特性进行产品设计和材料规划与加工；评估使用不同材料对社会及环境的影响。,48,"{""min"": ""G10"", ""max"": ""G12""}",ai-reviewed,[],deterministic-screen-only,not-adjudicated,anchors/gaozhong-通用技术.jsonl:174
ca_65E4dcG5,通用技术,能合理利用材料的特性进行产品设计和材料规划与加工,比较几种常用材料的感觉特性、功能特性与加工方法，学会合理利用材料的特性进行产品设计和材料规划与加工；评估使用不同材料对社会及环境的影响。,48,"{""min"": ""G10"", ""max"": ""G12""}",ai-reviewed,[],deterministic-screen-only,not-adjudicated,anchors/gaozhong-通用技术.jsonl:175
ca_nMpENFYD,通用技术,能利用一款三维设计软件将设计方案转换成三维数字模型,利用一款三维设计软件将设计方案转换成三维数字模型，并对所设计产品的三维数字模型进行优化、渲染和测试，掌握将三维数字模型转换成相应二维机械加工图的方法，了解实用图形的分层和每层的路径规划。,54,"{""min"": ""G10"", ""max"": ""G12""}",ai-reviewed,[],deterministic-screen-only,not-adjudicated,anchors/gaozhong-通用技术.jsonl:176
ca_ufP4uRSz,通用技术,能对所设计产品的三维数字模型进行优化,利用一款三维设计软件将设计方案转换成三维数字模型，并对所设计产品的三维数字模型进行优化、渲染和测试，掌握将三维数字模型转换成相应二维机械加工图的方法，了解实用图形的分层和每层的路径规划。,54,"{""min"": ""G10"", ""max"": ""G12""}",ai-reviewed,[],deterministic-screen-only,not-adjudicated,anchors/gaozhong-通用技术.jsonl:177
ca_NJbWjXmj,通用技术,能对所设计产品的三维数字模型进行渲染,利用一款三维设计软件将设计方案转换成三维数字模型，并对所设计产品的三维数字模型进行优化、渲染和测试，掌握将三维数字模型转换成相应二维机械加工图的方法，了解实用图形的分层和每层的路径规划。,54,"{""min"": ""G10"", ""max"": ""G12""}",ai-reviewed,[],deterministic-screen-only,not-adjudicated,anchors/gaozhong-通用技术.jsonl:178
ca_kAjk6fKe,通用技术,能对所设计产品的三维数字模型进行测试,利用一款三维设计软件将设计方案转换成三维数字模型，并对所设计产品的三维数字模型进行优化、渲染和测试，掌握将三维数字模型转换成相应二维机械加工图的方法，了解实用图形的分层和每层的路径规划。,54,"{""min"": ""G10"", ""max"": ""G12""}",ai-reviewed,[],deterministic-screen-only,not-adjudicated,anchors/gaozhong-通用技术.jsonl:179
ca_MmC3QKpU,通用技术,能说明某区域民间传统工艺的特点与技能,运用自己搜集和整理的资料，说明某区域民间传统工艺的特点与技能、风俗风情、文化价值，理解工艺大师、优秀匠人的人生追求和工匠精神的本质。,61,"{""min"": ""G10"", ""max"": ""G12""}",ai-reviewed,[],deterministic-screen-only,not-adjudicated,anchors/gaozhong-通用技术.jsonl:180
ca_vpeuquaf,通用技术,能说明某区域民间传统工艺的风俗风情,运用自己搜集和整理的资料，说明某区域民间传统工艺的特点与技能、风俗风情、文化价值，理解工艺大师、优秀匠人的人生追求和工匠精神的本质。,61,"{""min"": ""G10"", ""max"": ""G12""}",ai-reviewed,[],deterministic-screen-only,not-adjudicated,anchors/gaozhong-通用技术.jsonl:181
ca_W4FCHnrT,通用技术,能说明某区域民间传统工艺的文化价值,运用自己搜集和整理的资料，说明某区域民间传统工艺的特点与技能、风俗风情、文化价值，理解工艺大师、优秀匠人的人生追求和工匠精神的本质。,61,"{""min"": ""G10"", ""max"": ""G12""}",disputed,"[""A02""]",deterministic-screen-only,not-adjudicated,anchors/gaozhong-通用技术.jsonl:182
ca_Lrzvcx5s,通用技术,能从评价的内容来说，评价设计和制作的过程,从评价的内容来说，既要评价纸梁最终作品，也要评价设计和制作的过程。,79,"{""min"": ""G10"", ""max"": ""G12""}",ai-reviewed,[],deterministic-screen-only,not-adjudicated,anchors/gaozhong-通用技术.jsonl:184
ca_QXCGDs6C,通用技术,能评价一项技术的积极或消极影响,能够自主搜集、分析相关数据，评价一项技术的积极或消极影响，并判断其发展趋势；,91,"{""min"": ""G10"", ""max"": ""G12""}",ai-reviewed,[],deterministic-screen-only,not-adjudicated,anchors/gaozhong-通用技术.jsonl:185
ca_3tTUrPxS,通用技术,能判断一项技术的发展趋势,能够自主搜集、分析相关数据，评价一项技术的积极或消极影响，并判断其发展趋势；,91,"{""min"": ""G10"", ""max"": ""G12""}",ai-reviewed,[],deterministic-screen-only,not-adjudicated,anchors/gaozhong-通用技术.jsonl:186
ca_jyYMHTch,通用技术,能在进行简单的技术方案设计时，尝试运用模拟试验来考虑各种影响因素，并进行决策分析和性能评估,在进行简单的技术方案设计时，尝试运用模拟试验或数学模型来考虑各种影响因素，并进行决策分析和性能评估。,91,"{""min"": ""G10"", ""max"": ""G12""}",ai-reviewed,[],deterministic-screen-only,not-adjudicated,anchors/gaozhong-通用技术.jsonl:187
ca_J8FUJ3hd,通用技术,能在进行简单的技术方案设计时，尝试运用数学模型来考虑各种影响因素，并进行决策分析和性能评估,在进行简单的技术方案设计时，尝试运用模拟试验或数学模型来考虑各种影响因素，并进行决策分析和性能评估。,91,"{""min"": ""G10"", ""max"": ""G12""}",ai-reviewed,[],deterministic-screen-only,not-adjudicated,anchors/gaozhong-通用技术.jsonl:188
ca_eKPqgtxA,通用技术,能运用数学与工程方法进行比较和权衡，在多个方案中选定满足设计要求的最佳方案,能运用数学与工程方法进行比较和权衡，在多个方案中选定满足设计要求的最佳方案或改进原有方案；,91,"{""min"": ""G10"", ""max"": ""G12""}",ai-reviewed,[],deterministic-screen-only,not-adjudicated,anchors/gaozhong-通用技术.jsonl:189
ca_cDuQcQHF,通用技术,能运用数学与工程方法进行比较和权衡，改进原有方案,能运用数学与工程方法进行比较和权衡，在多个方案中选定满足设计要求的最佳方案或改进原有方案；,91,"{""min"": ""G10"", ""max"": ""G12""}",ai-reviewed,[],deterministic-screen-only,not-adjudicated,anchors/gaozhong-通用技术.jsonl:190
ca_ETHwiQjV,通用技术,能将简单的设计方案用三维设计软件表现出来,能将简单的设计方案用二维、三维设计软件表现出来。,91,"{""min"": ""G10"", ""max"": ""G12""}",ai-reviewed,[],deterministic-screen-only,not-adjudicated,anchors/gaozhong-通用技术.jsonl:192
ca_WHLVt2Na,通用技术,能使用常用、规范的技术框图等技术语言构思与表达设计方案,通过本模块的学习，学生能理解结构、流程、系统和控制的基本概念和基本原理；能运用基本原理进行基于问题解决的结构设计、流程设计、系统设计、控制设计并加以物化，初步形成技术的时空观念、系统观念、工程建模、结构与功能、干扰与反馈等基本思想和方法；能使用常用、规范的技术框图等技术语言构思与表达设计方案；能结合生产和生活的实际，形成和优化设计方案并实施；能从技术、环境、经济、文化等角度评价技术设计方案和实施的结果，增强创新,26,"{""min"": ""G10"", ""max"": ""G12""}",ai-reviewed,[],deterministic-screen-only,not-adjudicated,anchors/gaozhong-通用技术.jsonl:193
ca_MeyiZXkC,通用技术,能结合生产和生活的实际，形成和优化设计方案并实施,通过本模块的学习，学生能理解结构、流程、系统和控制的基本概念和基本原理；能运用基本原理进行基于问题解决的结构设计、流程设计、系统设计、控制设计并加以物化，初步形成技术的时空观念、系统观念、工程建模、结构与功能、干扰与反馈等基本思想和方法；能使用常用、规范的技术框图等技术语言构思与表达设计方案；能结合生产和生活的实际，形成和优化设计方案并实施；能从技术、环境、经济、文化等角度评价技术设计方案和实施的结果，增强创新,26,"{""min"": ""G10"", ""max"": ""G12""}",ai-reviewed,[],deterministic-screen-only,not-adjudicated,anchors/gaozhong-通用技术.jsonl:194
ca_fb63Yhad,通用技术,能运用一些技术工具进行家庭环境的设计和科学管理,通过本模块的学习，学生能初步形成科学而健康的现代家庭生活观念，理解自己在目前和未来家庭生活中的角色，树立家庭生活中必须具有的责任意识，对家庭生活相关技术及其文化有一定的感悟和理解；能掌握家庭管理的一些基本方法，运用一些技术工具进行家庭环境的设计和科学管理；通过一定的技术分析，形成家庭理财的基本理念与技能；能科学选择、使用家电设备和技术工具，运用现代技术提高个人适应和改善生活的能力；知道现代医疗技术的最新进展，能以健康理念和技术理性参与讨论和评价，并利用必备的技术素养为自己及家人创造安全环境和健康便利的生活。,28,"{""min"": ""G10"", ""max"": ""G12""}",disputed,"[""A02""]",deterministic-screen-only,not-adjudicated,anchors/gaozhong-通用技术.jsonl:195
ca_SLJkCbJV,通用技术,能科学选择、使用家电设备和技术工具,通过本模块的学习，学生能初步形成科学而健康的现代家庭生活观念，理解自己在目前和未来家庭生活中的角色，树立家庭生活中必须具有的责任意识，对家庭生活相关技术及其文化有一定的感悟和理解；能掌握家庭管理的一些基本方法，运用一些技术工具进行家庭环境的设计和科学管理；通过一定的技术分析，形成家庭理财的基本理念与技能；能科学选择、使用家电设备和技术工具，运用现代技术提高个人适应和改善生活的能力；知道现代医疗技术的最新进展，能以健康理念和技术理性参与讨论和评价，并利用必备的技术素养为自己及家人创造安全环境和健康便利的生活。,28,"{""min"": ""G10"", ""max"": ""G12""}",ai-reviewed,[],deterministic-screen-only,not-adjudicated,anchors/gaozhong-通用技术.jsonl:196
ca_fWHWaKAZ,通用技术,能以健康理念和技术理性参与讨论和评价，并利用必备的技术素养为自己及家人创造安全环境和健康便利的生活,通过本模块的学习，学生能初步形成科学而健康的现代家庭生活观念，理解自己在目前和未来家庭生活中的角色，树立家庭生活中必须具有的责任意识，对家庭生活相关技术及其文化有一定的感悟和理解；能掌握家庭管理的一些基本方法，运用一些技术工具进行家庭环境的设计和科学管理；通过一定的技术分析，形成家庭理财的基本理念与技能；能科学选择、使用家电设备和技术工具，运用现代技术提高个人适应和改善生活的能力；知道现代医疗技术的最新进展，能以健康理念和技术理性参与讨论和评价，并利用必备的技术素养为自己及家人创造安全环境和健康便利的生活。,28,"{""min"": ""G10"", ""max"": ""G12""}",disputed,"[""A02""]",deterministic-screen-only,not-adjudicated,anchors/gaozhong-通用技术.jsonl:197
ca_3qWZSSfb,通用技术,能用服装结构制图表达服装设计意图,通过本模块的学习，学生能阐述服装的基本性质、主要分类、功能及特点，并通过案例说明服装与材料、服装与社会发展及文化的关系；能通过一款服装的设计实践，掌握服装设计的一般方法，理解服装设计的基本理念和基本要素；初步学会简单服装的造型设计，能用服装结构制图表达服装设计意图；能用服装设计软件或平台进行信息收集和服装设计；能分析特定对象体型特征、社会角色特征和所处环境特征，进行生活中的着装设计及评价；能设计简单的个性化服装，提高审美、造型能力，增强创新意识。,31,"{""min"": ""G10"", ""max"": ""G12""}",ai-reviewed,[],deterministic-screen-only,not-adjudicated,anchors/gaozhong-通用技术.jsonl:198
ca_tarFA7Ng,通用技术,能用服装设计软件或平台进行信息收集和服装设计,通过本模块的学习，学生能阐述服装的基本性质、主要分类、功能及特点，并通过案例说明服装与材料、服装与社会发展及文化的关系；能通过一款服装的设计实践，掌握服装设计的一般方法，理解服装设计的基本理念和基本要素；初步学会简单服装的造型设计，能用服装结构制图表达服装设计意图；能用服装设计软件或平台进行信息收集和服装设计；能分析特定对象体型特征、社会角色特征和所处环境特征，进行生活中的着装设计及评价；能设计简单的个性化服装，提高审美、造型能力，增强创新意识。,31,"{""min"": ""G10"", ""max"": ""G12""}",ai-reviewed,[],deterministic-screen-only,not-adjudicated,anchors/gaozhong-通用技术.jsonl:199
ca_pugTqWxv,通用技术,能分析特定对象体型特征、社会角色特征和所处环境特征，进行生活中的着装设计及评价,通过本模块的学习，学生能阐述服装的基本性质、主要分类、功能及特点，并通过案例说明服装与材料、服装与社会发展及文化的关系；能通过一款服装的设计实践，掌握服装设计的一般方法，理解服装设计的基本理念和基本要素；初步学会简单服装的造型设计，能用服装结构制图表达服装设计意图；能用服装设计软件或平台进行信息收集和服装设计；能分析特定对象体型特征、社会角色特征和所处环境特征，进行生活中的着装设计及评价；能设计简单的个性化服装，提高审美、造型能力，增强创新意识。,31,"{""min"": ""G10"", ""max"": ""G12""}",ai-reviewed,[],deterministic-screen-only,not-adjudicated,anchors/gaozhong-通用技术.jsonl:200
ca_6z5SgGH9,通用技术,能列举出生活中常见的智能家居产品，对现代智能家居产品与传统家居进行对比,通过本模块的学习，学生能阐述智能家居的定义、功能及其标准；能列举出生活中常见的智能家居产品，对现代智能家居产品与传统家居进行对比，分析其优缺点；能阐述物联网技术的基本特征、功能及其技术标准，分析物联网技术在智能家居方面的应用；能依据具体的生活问题情境，确定智能家居系统的需求，经历完整的智能家居系统设计过程，提出完整的设计方案；能依据设计方案选择匹配的硬件产品；能通过智能家居系统实现与优化的实训项目，完成系统硬件设备的安装、布线与调试，完成智能家居设备的无线组网。对方案的可行性、技术路线、关键技术以及技术难点进行分析，并提出解决技术与工程系列,34,"{""min"": ""G10"", ""max"": ""G12""}",ai-reviewed,[],deterministic-screen-only,not-adjudicated,anchors/gaozhong-通用技术.jsonl:201
ca_bKm9HwkU,通用技术,能依据设计方案选择匹配的硬件产品,通过本模块的学习，学生能阐述智能家居的定义、功能及其标准；能列举出生活中常见的智能家居产品，对现代智能家居产品与传统家居进行对比，分析其优缺点；能阐述物联网技术的基本特征、功能及其技术标准，分析物联网技术在智能家居方面的应用；能依据具体的生活问题情境，确定智能家居系统的需求，经历完整的智能家居系统设计过程，提出完整的设计方案；能依据设计方案选择匹配的硬件产品；能通过智能家居系统实现与优化的实训项目，完成系统硬件设备的安装、布线与调试，完成智能家居设备的无线组网。对方案的可行性、技术路线、关键技术以及技术难点进行分析，并提出解决技术与工程系列,34,"{""min"": ""G10"", ""max"": ""G12""}",ai-reviewed,[],deterministic-screen-only,not-adjudicated,anchors/gaozhong-通用技术.jsonl:202
ca_SDrXJuQM,通用技术,能说明电子控制系统中输入环节、控制环节、输出执行环节的作用与联系,通过本模块的学习，学生对电子控制系统有初步的理解，能说明电子控制系统中输入环节、控制环节、输出执行环节的作用与联系，能用方框图描述系统的组成和工作过程；能识读简单的电路原理图，选择和检测电路所需的电子元器件，并安装和调试电子电路；能判断晶体二极管和晶体三极管简单工作电路的类型，根据电路图或模型说明电路实现的功能，并分析其工作特点；能举例说明传感器的作用，并根据外界物理信号的特点选择合适的传感器；能用万用表检测常见的传感器和直流继电器；能用真值表和波形图解释简单组合逻辑门电路的功能；能用数字集成电路搭建和调试简单的实用电路装置；能根据设计要求，应用功能电路设计、安装和调试电子控制系统。,41,"{""min"": ""G10"", ""max"": ""G12""}",ai-reviewed,[],deterministic-screen-only,not-adjudicated,anchors/gaozhong-通用技术.jsonl:203
ca_2SUYhTJz,通用技术,能用方框图描述系统的组成和工作过程,通过本模块的学习，学生对电子控制系统有初步的理解，能说明电子控制系统中输入环节、控制环节、输出执行环节的作用与联系，能用方框图描述系统的组成和工作过程；能识读简单的电路原理图，选择和检测电路所需的电子元器件，并安装和调试电子电路；能判断晶体二极管和晶体三极管简单工作电路的类型，根据电路图或模型说明电路实现的功能，并分析其工作特点；能举例说明传感器的作用，并根据外界物理信号的特点选择合适的传感器；能用万用表检测常见的传感器和直流继电器；能用真值表和波形图解释简单组合逻辑门电路的功能；能用数字集成电路搭建和调试简单的实用电路装置；能根据设计要求，应用功能电路设计、安装和调试电子控制系统。,41,"{""min"": ""G10"", ""max"": ""G12""}",ai-reviewed,[],deterministic-screen-only,not-adjudicated,anchors/gaozhong-通用技术.jsonl:204
ca_w73Ta5nG,通用技术,能识读简单的电路原理图，选择和检测电路所需的电子元器件，并安装和调试电子电路,通过本模块的学习，学生对电子控制系统有初步的理解，能说明电子控制系统中输入环节、控制环节、输出执行环节的作用与联系，能用方框图描述系统的组成和工作过程；能识读简单的电路原理图，选择和检测电路所需的电子元器件，并安装和调试电子电路；能判断晶体二极管和晶体三极管简单工作电路的类型，根据电路图或模型说明电路实现的功能，并分析其工作特点；能举例说明传感器的作用，并根据外界物理信号的特点选择合适的传感器；能用万用表检测常见的传感器和直流继电器；能用真值表和波形图解释简单组合逻辑门电路的功能；能用数字集成电路搭建和调试简单的实用电路装置；能根据设计要求，应用功能电路设计、安装和调试电子控制系统。,41,"{""min"": ""G10"", ""max"": ""G12""}",ai-reviewed,[],deterministic-screen-only,not-adjudicated,anchors/gaozhong-通用技术.jsonl:205
ca_eYc5Kzn5,通用技术,能判断晶体二极管和晶体三极管简单工作电路的类型，根据电路图或模型说明电路实现的功能，并分析其工作特点,通过本模块的学习，学生对电子控制系统有初步的理解，能说明电子控制系统中输入环节、控制环节、输出执行环节的作用与联系，能用方框图描述系统的组成和工作过程；能识读简单的电路原理图，选择和检测电路所需的电子元器件，并安装和调试电子电路；能判断晶体二极管和晶体三极管简单工作电路的类型，根据电路图或模型说明电路实现的功能，并分析其工作特点；能举例说明传感器的作用，并根据外界物理信号的特点选择合适的传感器；能用万用表检测常见的传感器和直流继电器；能用真值表和波形图解释简单组合逻辑门电路的功能；能用数字集成电路搭建和调试简单的实用电路装置；能根据设计要求，应用功能电路设计、安装和调试电子控制系统。,41,"{""min"": ""G10"", ""max"": ""G12""}",ai-reviewed,[],deterministic-screen-only,not-adjudicated,anchors/gaozhong-通用技术.jsonl:206
ca_GmLTG62i,通用技术,能举例说明传感器的作用，并根据外界物理信号的特点选择合适的传感器,通过本模块的学习，学生对电子控制系统有初步的理解，能说明电子控制系统中输入环节、控制环节、输出执行环节的作用与联系，能用方框图描述系统的组成和工作过程；能识读简单的电路原理图，选择和检测电路所需的电子元器件，并安装和调试电子电路；能判断晶体二极管和晶体三极管简单工作电路的类型，根据电路图或模型说明电路实现的功能，并分析其工作特点；能举例说明传感器的作用，并根据外界物理信号的特点选择合适的传感器；能用万用表检测常见的传感器和直流继电器；能用真值表和波形图解释简单组合逻辑门电路的功能；能用数字集成电路搭建和调试简单的实用电路装置；能根据设计要求，应用功能电路设计、安装和调试电子控制系统。,41,"{""min"": ""G10"", ""max"": ""G12""}",ai-reviewed,[],deterministic-screen-only,not-adjudicated,anchors/gaozhong-通用技术.jsonl:207
ca_A5Ny3NSP,通用技术,能用真值表和波形图解释简单组合逻辑门电路的功能,通过本模块的学习，学生对电子控制系统有初步的理解，能说明电子控制系统中输入环节、控制环节、输出执行环节的作用与联系，能用方框图描述系统的组成和工作过程；能识读简单的电路原理图，选择和检测电路所需的电子元器件，并安装和调试电子电路；能判断晶体二极管和晶体三极管简单工作电路的类型，根据电路图或模型说明电路实现的功能，并分析其工作特点；能举例说明传感器的作用，并根据外界物理信号的特点选择合适的传感器；能用万用表检测常见的传感器和直流继电器；能用真值表和波形图解释简单组合逻辑门电路的功能；能用数字集成电路搭建和调试简单的实用电路装置；能根据设计要求，应用功能电路设计、安装和调试电子控制系统。,41,"{""min"": ""G10"", ""max"": ""G12""}",ai-reviewed,[],deterministic-screen-only,not-adjudicated,anchors/gaozhong-通用技术.jsonl:208
ca_rJeGTayN,通用技术,能用数字集成电路搭建和调试简单的实用电路装置,通过本模块的学习，学生对电子控制系统有初步的理解，能说明电子控制系统中输入环节、控制环节、输出执行环节的作用与联系，能用方框图描述系统的组成和工作过程；能识读简单的电路原理图，选择和检测电路所需的电子元器件，并安装和调试电子电路；能判断晶体二极管和晶体三极管简单工作电路的类型，根据电路图或模型说明电路实现的功能，并分析其工作特点；能举例说明传感器的作用，并根据外界物理信号的特点选择合适的传感器；能用万用表检测常见的传感器和直流继电器；能用真值表和波形图解释简单组合逻辑门电路的功能；能用数字集成电路搭建和调试简单的实用电路装置；能根据设计要求，应用功能电路设计、安装和调试电子控制系统。,41,"{""min"": ""G10"", ""max"": ""G12""}",ai-reviewed,[],deterministic-screen-only,not-adjudicated,anchors/gaozhong-通用技术.jsonl:209
ca_9FgEHtWk,通用技术,能应用功能电路设计、安装和调试电子控制系统,通过本模块的学习，学生对电子控制系统有初步的理解，能说明电子控制系统中输入环节、控制环节、输出执行环节的作用与联系，能用方框图描述系统的组成和工作过程；能识读简单的电路原理图，选择和检测电路所需的电子元器件，并安装和调试电子电路；能判断晶体二极管和晶体三极管简单工作电路的类型，根据电路图或模型说明电路实现的功能，并分析其工作特点；能举例说明传感器的作用，并根据外界物理信号的特点选择合适的传感器；能用万用表检测常见的传感器和直流继电器；能用真值表和波形图解释简单组合逻辑门电路的功能；能用数字集成电路搭建和调试简单的实用电路装置；能根据设计要求，应用功能电路设计、安装和调试电子控制系统。,41,"{""min"": ""G10"", ""max"": ""G12""}",ai-reviewed,[],deterministic-screen-only,not-adjudicated,anchors/gaozhong-通用技术.jsonl:210
ca_sJ9tHFDS,通用技术,能拆卸、组装机器人,通过本模块的学习，学生能理解机器人三定律的内涵，了解机器人对人类生活的影响，体会机器人与人、机器的关系；能理解机器人基本组成和典型结构，掌握轮式机器人、足型机器人基本工作原理；能拆卸、组装机器人；能根据机器人的感知需求合理选择传感器，至少能实现机器人的避障、寻迹、光控、声控、加速、减速、匀速等功能中的任意四项；能结合案例分析，理解机器人路径规划和运动控制的典型任务，掌握机器人路径规划和运动控制的计算机程序设计、调试、下载方法，实现至少一种机器人的路径规划和运动控制任务；能结合案例分析，完成最小控制系统的软硬件设计，利用控制器的A/D、D/A、DIO 设计完整的机器人的传感器信息采集、处理和执行驱动；能撰写机器人设计书。技术与职业系列,44,"{""min"": ""G10"", ""max"": ""G12""}",ai-reviewed,[],deterministic-screen-only,not-adjudicated,anchors/gaozhong-通用技术.jsonl:211
ca_GpnZ739e,通用技术,能理解机器人路径规划和运动控制的典型任务,通过本模块的学习，学生能理解机器人三定律的内涵，了解机器人对人类生活的影响，体会机器人与人、机器的关系；能理解机器人基本组成和典型结构，掌握轮式机器人、足型机器人基本工作原理；能拆卸、组装机器人；能根据机器人的感知需求合理选择传感器，至少能实现机器人的避障、寻迹、光控、声控、加速、减速、匀速等功能中的任意四项；能结合案例分析，理解机器人路径规划和运动控制的典型任务，掌握机器人路径规划和运动控制的计算机程序设计、调试、下载方法，实现至少一种机器人的路径规划和运动控制任务；能结合案例分析，完成最小控制系统的软硬件设计，利用控制器的A/D、D/A、DIO 设计完整的机器人的传感器信息采集、处理和执行驱动；能撰写机器人设计书。技术与职业系列,44,"{""min"": ""G10"", ""max"": ""G12""}",ai-reviewed,[],deterministic-screen-only,not-adjudicated,anchors/gaozhong-通用技术.jsonl:212
ca_uBmSMqN3,通用技术,能分析本地区的产业、行业与职业的现状和发展趋势,通过本模块的学习，学生能对技术与职业的关系，对产业、职业的结构和分类有较为完整的认识；能结合技术的变迁，分析本地区的产业、行业与职业的现状和发展趋势；能从技术特征等方面对一种常见职业进行描述；能对常见职业进行工作分析，了解其对从业者职业素养和技术素养的要求，认识到养成良好的职业道德和职业行为规范对于个人职业发展以及社会文明进步的重要性，形成职业的敬畏感和尊严感；能对自我的技术素养、职业兴趣、职业倾向等进行测量与评估，并根据结果进行相关职业匹配度分析；能理解职业与专业选择存在着多种对应关系；能了解某一行业相关的职业和专业，对自己未来的职业进行初步规划；能了解创业的基本方法和主要途径，掌握个人创业条件的分析方法，结合个人特点进行自我评价；能编制简单的创,47,"{""min"": ""G10"", ""max"": ""G12""}",ai-reviewed,[],deterministic-screen-only,not-adjudicated,anchors/gaozhong-通用技术.jsonl:213
ca_pWT6Cw9c,通用技术,能理解职业与专业选择存在着多种对应关系,通过本模块的学习，学生能对技术与职业的关系，对产业、职业的结构和分类有较为完整的认识；能结合技术的变迁，分析本地区的产业、行业与职业的现状和发展趋势；能从技术特征等方面对一种常见职业进行描述；能对常见职业进行工作分析，了解其对从业者职业素养和技术素养的要求，认识到养成良好的职业道德和职业行为规范对于个人职业发展以及社会文明进步的重要性，形成职业的敬畏感和尊严感；能对自我的技术素养、职业兴趣、职业倾向等进行测量与评估，并根据结果进行相关职业匹配度分析；能理解职业与专业选择存在着多种对应关系；能了解某一行业相关的职业和专业，对自己未来的职业进行初步规划；能了解创业的基本方法和主要途径，掌握个人创业条件的分析方法，结合个人特点进行自我评价；能编制简单的创,47,"{""min"": ""G10"", ""max"": ""G12""}",ai-reviewed,[],deterministic-screen-only,not-adjudicated,anchors/gaozhong-通用技术.jsonl:214
ca_r5vhf4FR,通用技术,能掌握个人创业条件的分析方法，结合个人特点进行自我评价,通过本模块的学习，学生能对技术与职业的关系，对产业、职业的结构和分类有较为完整的认识；能结合技术的变迁，分析本地区的产业、行业与职业的现状和发展趋势；能从技术特征等方面对一种常见职业进行描述；能对常见职业进行工作分析，了解其对从业者职业素养和技术素养的要求，认识到养成良好的职业道德和职业行为规范对于个人职业发展以及社会文明进步的重要性，形成职业的敬畏感和尊严感；能对自我的技术素养、职业兴趣、职业倾向等进行测量与评估，并根据结果进行相关职业匹配度分析；能理解职业与专业选择存在着多种对应关系；能了解某一行业相关的职业和专业，对自己未来的职业进行初步规划；能了解创业的基本方法和主要途径，掌握个人创业条件的分析方法，结合个人特点进行自我评价；能编制简单的创,47,"{""min"": ""G10"", ""max"": ""G12""}",ai-reviewed,[],deterministic-screen-only,not-adjudicated,anchors/gaozhong-通用技术.jsonl:215
ca_U5YJ7KJX,通用技术,能探究并描述至少三种普通材料的特征,通过本模块的学习，学生能探究并描述至少三种普通材料的特征；能恰当选择、合理规划和安全使用材料，在选择材料时，能认真考虑有关技术、社会、法律、环保等方面的因素；能结合某一具体技术装置，描述能源的不同存在方式，并分析能源利用及转换情况；能通过调查了解节能的各种方法，增强能源管理意识；能形成与职业相关的信息意识，利用用户手册、规程或其他信息来观察和了解技术产品的工作方式；能正确操作系统，使其按照所设计的方式运行，养成良好的操作习惯；能安全使用工具、仪器和设备来诊断和维护系统；能就某一技术系统故障情况收集数据、分析信息。技术与创造系列,50,"{""min"": ""G10"", ""max"": ""G12""}",ai-reviewed,[],deterministic-screen-only,not-adjudicated,anchors/gaozhong-通用技术.jsonl:216
ca_LJfJXKUM,通用技术,能恰当选择、合理规划和安全使用材料，在选择材料时,通过本模块的学习，学生能探究并描述至少三种普通材料的特征；能恰当选择、合理规划和安全使用材料，在选择材料时，能认真考虑有关技术、社会、法律、环保等方面的因素；能结合某一具体技术装置，描述能源的不同存在方式，并分析能源利用及转换情况；能通过调查了解节能的各种方法，增强能源管理意识；能形成与职业相关的信息意识，利用用户手册、规程或其他信息来观察和了解技术产品的工作方式；能正确操作系统，使其按照所设计的方式运行，养成良好的操作习惯；能安全使用工具、仪器和设备来诊断和维护系统；能就某一技术系统故障情况收集数据、分析信息。技术与创造系列,50,"{""min"": ""G10"", ""max"": ""G12""}",disputed,"[""A02""]",deterministic-screen-only,not-adjudicated,anchors/gaozhong-通用技术.jsonl:217
ca_CyDEDrvr,通用技术,能描述能源的不同存在方式，并分析能源利用及转换情况,通过本模块的学习，学生能探究并描述至少三种普通材料的特征；能恰当选择、合理规划和安全使用材料，在选择材料时，能认真考虑有关技术、社会、法律、环保等方面的因素；能结合某一具体技术装置，描述能源的不同存在方式，并分析能源利用及转换情况；能通过调查了解节能的各种方法，增强能源管理意识；能形成与职业相关的信息意识，利用用户手册、规程或其他信息来观察和了解技术产品的工作方式；能正确操作系统，使其按照所设计的方式运行，养成良好的操作习惯；能安全使用工具、仪器和设备来诊断和维护系统；能就某一技术系统故障情况收集数据、分析信息。技术与创造系列,50,"{""min"": ""G10"", ""max"": ""G12""}",ai-reviewed,[],deterministic-screen-only,not-adjudicated,anchors/gaozhong-通用技术.jsonl:218
ca_DQeK8aQV,通用技术,能安全使用工具、仪器和设备来诊断和维护系统,通过本模块的学习，学生能探究并描述至少三种普通材料的特征；能恰当选择、合理规划和安全使用材料，在选择材料时，能认真考虑有关技术、社会、法律、环保等方面的因素；能结合某一具体技术装置，描述能源的不同存在方式，并分析能源利用及转换情况；能通过调查了解节能的各种方法，增强能源管理意识；能形成与职业相关的信息意识，利用用户手册、规程或其他信息来观察和了解技术产品的工作方式；能正确操作系统，使其按照所设计的方式运行，养成良好的操作习惯；能安全使用工具、仪器和设备来诊断和维护系统；能就某一技术系统故障情况收集数据、分析信息。技术与创造系列,50,"{""min"": ""G10"", ""max"": ""G12""}",ai-reviewed,[],deterministic-screen-only,not-adjudicated,anchors/gaozhong-通用技术.jsonl:219
ca_GmApYwuU,通用技术,能就某一技术系统故障情况收集数据、分析信息,通过本模块的学习，学生能探究并描述至少三种普通材料的特征；能恰当选择、合理规划和安全使用材料，在选择材料时，能认真考虑有关技术、社会、法律、环保等方面的因素；能结合某一具体技术装置，描述能源的不同存在方式，并分析能源利用及转换情况；能通过调查了解节能的各种方法，增强能源管理意识；能形成与职业相关的信息意识，利用用户手册、规程或其他信息来观察和了解技术产品的工作方式；能正确操作系统，使其按照所设计的方式运行，养成良好的操作习惯；能安全使用工具、仪器和设备来诊断和维护系统；能就某一技术系统故障情况收集数据、分析信息。技术与创造系列,50,"{""min"": ""G10"", ""max"": ""G12""}",ai-reviewed,[],deterministic-screen-only,not-adjudicated,anchors/gaozhong-通用技术.jsonl:220
ca_pEa3P4gH,通用技术,能运用具体的技术应用实例描述技术的产生和发展,通过本模块的学习，学生能运用具体的技术应用实例描述技术的产生和发展，认识技术的创造性特征，了解技术发展需要发明和革新；知道创造力构成要素，形成积极的创造意向和兴趣，培养良好的批判性思维和创造性思维等思维品质；能恰当选择某种创新思维形式进行技术创新，能有意识地运用多种创造技法解决技术问题，设计创新方案；理解创客及创客文化对社会生活的影响，知道众创空间的多种形态，能运用1—2 种自生产工具，进行相应的创意设计和作品制作，体验创造实践的快乐，形成勇于创新的行为习惯；能自主选题、设计、制作等，完成一个发明创造作品，设计制作一份作品展板，并尝试进行创造性设计成果的转化；知道尊重他人创造性设计成果和保护自己知识产权的原则和方法，能利用网络查询专利数据库及资料，通过模拟或实地参观，学会专利申请的方法。,53,"{""min"": ""G10"", ""max"": ""G12""}",ai-reviewed,[],deterministic-screen-only,not-adjudicated,anchors/gaozhong-通用技术.jsonl:221
ca_FDq7svUQ,通用技术,能恰当选择某种创新思维形式进行技术创新,通过本模块的学习，学生能运用具体的技术应用实例描述技术的产生和发展，认识技术的创造性特征，了解技术发展需要发明和革新；知道创造力构成要素，形成积极的创造意向和兴趣，培养良好的批判性思维和创造性思维等思维品质；能恰当选择某种创新思维形式进行技术创新，能有意识地运用多种创造技法解决技术问题，设计创新方案；理解创客及创客文化对社会生活的影响，知道众创空间的多种形态，能运用1—2 种自生产工具，进行相应的创意设计和作品制作，体验创造实践的快乐，形成勇于创新的行为习惯；能自主选题、设计、制作等，完成一个发明创造作品，设计制作一份作品展板，并尝试进行创造性设计成果的转化；知道尊重他人创造性设计成果和保护自己知识产权的原则和方法，能利用网络查询专利数据库及资料，通过模拟或实地参观，学会专利申请的方法。,53,"{""min"": ""G10"", ""max"": ""G12""}",ai-reviewed,[],deterministic-screen-only,not-adjudicated,anchors/gaozhong-通用技术.jsonl:222
ca_wbTm3zEt,通用技术,能有意识地运用多种创造技法解决技术问题,通过本模块的学习，学生能运用具体的技术应用实例描述技术的产生和发展，认识技术的创造性特征，了解技术发展需要发明和革新；知道创造力构成要素，形成积极的创造意向和兴趣，培养良好的批判性思维和创造性思维等思维品质；能恰当选择某种创新思维形式进行技术创新，能有意识地运用多种创造技法解决技术问题，设计创新方案；理解创客及创客文化对社会生活的影响，知道众创空间的多种形态，能运用1—2 种自生产工具，进行相应的创意设计和作品制作，体验创造实践的快乐，形成勇于创新的行为习惯；能自主选题、设计、制作等，完成一个发明创造作品，设计制作一份作品展板，并尝试进行创造性设计成果的转化；知道尊重他人创造性设计成果和保护自己知识产权的原则和方法，能利用网络查询专利数据库及资料，通过模拟或实地参观，学会专利申请的方法。,53,"{""min"": ""G10"", ""max"": ""G12""}",ai-reviewed,[],deterministic-screen-only,not-adjudicated,anchors/gaozhong-通用技术.jsonl:223
ca_gE82Zieb,通用技术,能设计制作一份作品展板，并尝试进行创造性设计成果的转化,通过本模块的学习，学生能运用具体的技术应用实例描述技术的产生和发展，认识技术的创造性特征，了解技术发展需要发明和革新；知道创造力构成要素，形成积极的创造意向和兴趣，培养良好的批判性思维和创造性思维等思维品质；能恰当选择某种创新思维形式进行技术创新，能有意识地运用多种创造技法解决技术问题，设计创新方案；理解创客及创客文化对社会生活的影响，知道众创空间的多种形态，能运用1—2 种自生产工具，进行相应的创意设计和作品制作，体验创造实践的快乐，形成勇于创新的行为习惯；能自主选题、设计、制作等，完成一个发明创造作品，设计制作一份作品展板，并尝试进行创造性设计成果的转化；知道尊重他人创造性设计成果和保护自己知识产权的原则和方法，能利用网络查询专利数据库及资料，通过模拟或实地参观，学会专利申请的方法。,53,"{""min"": ""G10"", ""max"": ""G12""}",disputed,"[""A02""]",deterministic-screen-only,not-adjudicated,anchors/gaozhong-通用技术.jsonl:224
ca_Hj8QRZNb,通用技术,能熟悉一款常用三维设计软件界面按钮的功能与使用方法,能列举多种体现不同打印原理的三维打印技术应用实例，并通过案例比较分析三维打印技术与传统制造技术在产品制造领域中各自的优势与不足；能对三维打印技术在制造领域的成功案例进行理性分析与讨论，形成技术的敏感性和责任意识；能熟悉一款常用三维设计软件界面按钮的功能与使用方法；能根据技术设计分析绘制简单的组合式三维图形，并能在虚拟空间进行性能测试，根据测试结果对设计产品进行优化和外观渲染；能熟练掌握三维打印机控制面板的各项操作及日常保养方法；能将三维设计数据转化为三维打印机加工数据，同时对加工中出现的常见问题进行分析和处理；能根据需要设计合适的打印支撑架；能根据实际需求，完成测量、绘制草图、用计算机绘制三维设计图、在虚拟环境中进行测试与优化，并用三维打印机进行制造、安装与调试；能熟练掌握打印产品的后期加工方法；了解三维扫描仪的使用原理和应用领域。,56,"{""min"": ""G10"", ""max"": ""G12""}",ai-reviewed,[],deterministic-screen-only,not-adjudicated,anchors/gaozhong-通用技术.jsonl:225
ca_tK7dTX34,通用技术,能根据技术设计分析绘制简单的组合式三维图形，并能在虚拟空间进行性能测试，根据测试结果对设计产品进行优化和外观渲染,能列举多种体现不同打印原理的三维打印技术应用实例，并通过案例比较分析三维打印技术与传统制造技术在产品制造领域中各自的优势与不足；能对三维打印技术在制造领域的成功案例进行理性分析与讨论，形成技术的敏感性和责任意识；能熟悉一款常用三维设计软件界面按钮的功能与使用方法；能根据技术设计分析绘制简单的组合式三维图形，并能在虚拟空间进行性能测试，根据测试结果对设计产品进行优化和外观渲染；能熟练掌握三维打印机控制面板的各项操作及日常保养方法；能将三维设计数据转化为三维打印机加工数据，同时对加工中出现的常见问题进行分析和处理；能根据需要设计合适的打印支撑架；能根据实际需求，完成测量、绘制草图、用计算机绘制三维设计图、在虚拟环境中进行测试与优化，并用三维打印机进行制造、安装与调试；能熟练掌握打印产品的后期加工方法；了解三维扫描仪的使用原理和应用领域。,56,"{""min"": ""G10"", ""max"": ""G12""}",ai-reviewed,[],deterministic-screen-only,not-adjudicated,anchors/gaozhong-通用技术.jsonl:226
ca_sQyvryWv,通用技术,能熟练掌握三维打印机控制面板的各项操作及日常保养方法,能列举多种体现不同打印原理的三维打印技术应用实例，并通过案例比较分析三维打印技术与传统制造技术在产品制造领域中各自的优势与不足；能对三维打印技术在制造领域的成功案例进行理性分析与讨论，形成技术的敏感性和责任意识；能熟悉一款常用三维设计软件界面按钮的功能与使用方法；能根据技术设计分析绘制简单的组合式三维图形，并能在虚拟空间进行性能测试，根据测试结果对设计产品进行优化和外观渲染；能熟练掌握三维打印机控制面板的各项操作及日常保养方法；能将三维设计数据转化为三维打印机加工数据，同时对加工中出现的常见问题进行分析和处理；能根据需要设计合适的打印支撑架；能根据实际需求，完成测量、绘制草图、用计算机绘制三维设计图、在虚拟环境中进行测试与优化，并用三维打印机进行制造、安装与调试；能熟练掌握打印产品的后期加工方法；了解三维扫描仪的使用原理和应用领域。,56,"{""min"": ""G10"", ""max"": ""G12""}",ai-reviewed,[],deterministic-screen-only,not-adjudicated,anchors/gaozhong-通用技术.jsonl:227
ca_ypY7fHRs,通用技术,能将三维设计数据转化为三维打印机加工数据，同时对加工中出现的常见问题进行分析和处理,能列举多种体现不同打印原理的三维打印技术应用实例，并通过案例比较分析三维打印技术与传统制造技术在产品制造领域中各自的优势与不足；能对三维打印技术在制造领域的成功案例进行理性分析与讨论，形成技术的敏感性和责任意识；能熟悉一款常用三维设计软件界面按钮的功能与使用方法；能根据技术设计分析绘制简单的组合式三维图形，并能在虚拟空间进行性能测试，根据测试结果对设计产品进行优化和外观渲染；能熟练掌握三维打印机控制面板的各项操作及日常保养方法；能将三维设计数据转化为三维打印机加工数据，同时对加工中出现的常见问题进行分析和处理；能根据需要设计合适的打印支撑架；能根据实际需求，完成测量、绘制草图、用计算机绘制三维设计图、在虚拟环境中进行测试与优化，并用三维打印机进行制造、安装与调试；能熟练掌握打印产品的后期加工方法；了解三维扫描仪的使用原理和应用领域。,56,"{""min"": ""G10"", ""max"": ""G12""}",ai-reviewed,[],deterministic-screen-only,not-adjudicated,anchors/gaozhong-通用技术.jsonl:228
ca_eFgc3kFL,通用技术,能根据需要设计合适的打印支撑架,能列举多种体现不同打印原理的三维打印技术应用实例，并通过案例比较分析三维打印技术与传统制造技术在产品制造领域中各自的优势与不足；能对三维打印技术在制造领域的成功案例进行理性分析与讨论，形成技术的敏感性和责任意识；能熟悉一款常用三维设计软件界面按钮的功能与使用方法；能根据技术设计分析绘制简单的组合式三维图形，并能在虚拟空间进行性能测试，根据测试结果对设计产品进行优化和外观渲染；能熟练掌握三维打印机控制面板的各项操作及日常保养方法；能将三维设计数据转化为三维打印机加工数据，同时对加工中出现的常见问题进行分析和处理；能根据需要设计合适的打印支撑架；能根据实际需求，完成测量、绘制草图、用计算机绘制三维设计图、在虚拟环境中进行测试与优化，并用三维打印机进行制造、安装与调试；能熟练掌握打印产品的后期加工方法；了解三维扫描仪的使用原理和应用领域。,56,"{""min"": ""G10"", ""max"": ""G12""}",ai-reviewed,[],deterministic-screen-only,not-adjudicated,anchors/gaozhong-通用技术.jsonl:229
ca_ncELyTJ5,通用技术,能举例说明传统工艺的发展历史，辨析传统工艺的技术要素，评述传统工艺的文化意义,通过本模块的学习，学生能知道传统工艺的门类，能举例说明传统工艺的发展历史，辨析传统工艺的技术要素，评述传统工艺的文化意义；能恰当地选择某项传统工艺进行学习，列举该项传统工艺在历史发展中对人类文明和生产力发展的贡献，如造纸、印刷、冶炼、制陶、建筑、交通等；能依据传统工艺项目中的某些具体技术问题进行技术分析与探究；能就自己设计的作品进行图形绘制、工具与材料准备、加工流程规划，并按相关技术要领和工艺加工要求，完成作品制作；能对所制作的工艺作品进行简易测试，并加以优化；能使用图库和从网上下载合适的资源，拓展工艺作品认识的视野，优化自己的工艺作品的设计与制作；学会从物化实现的生成形式、运用效率、功能实现、市场价值、继承创新等方面进行评价。,63,"{""min"": ""G10"", ""max"": ""G12""}",ai-reviewed,[],deterministic-screen-only,not-adjudicated,anchors/gaozhong-通用技术.jsonl:230
ca_XZQVL6yF,通用技术,能恰当地选择某项传统工艺进行学习,通过本模块的学习，学生能知道传统工艺的门类，能举例说明传统工艺的发展历史，辨析传统工艺的技术要素，评述传统工艺的文化意义；能恰当地选择某项传统工艺进行学习，列举该项传统工艺在历史发展中对人类文明和生产力发展的贡献，如造纸、印刷、冶炼、制陶、建筑、交通等；能依据传统工艺项目中的某些具体技术问题进行技术分析与探究；能就自己设计的作品进行图形绘制、工具与材料准备、加工流程规划，并按相关技术要领和工艺加工要求，完成作品制作；能对所制作的工艺作品进行简易测试，并加以优化；能使用图库和从网上下载合适的资源，拓展工艺作品认识的视野，优化自己的工艺作品的设计与制作；学会从物化实现的生成形式、运用效率、功能实现、市场价值、继承创新等方面进行评价。,63,"{""min"": ""G10"", ""max"": ""G12""}",ai-reviewed,[],deterministic-screen-only,not-adjudicated,anchors/gaozhong-通用技术.jsonl:231
ca_tvGU9YGP,通用技术,能依据传统工艺项目中的某些具体技术问题进行技术分析与探究,通过本模块的学习，学生能知道传统工艺的门类，能举例说明传统工艺的发展历史，辨析传统工艺的技术要素，评述传统工艺的文化意义；能恰当地选择某项传统工艺进行学习，列举该项传统工艺在历史发展中对人类文明和生产力发展的贡献，如造纸、印刷、冶炼、制陶、建筑、交通等；能依据传统工艺项目中的某些具体技术问题进行技术分析与探究；能就自己设计的作品进行图形绘制、工具与材料准备、加工流程规划，并按相关技术要领和工艺加工要求，完成作品制作；能对所制作的工艺作品进行简易测试，并加以优化；能使用图库和从网上下载合适的资源，拓展工艺作品认识的视野，优化自己的工艺作品的设计与制作；学会从物化实现的生成形式、运用效率、功能实现、市场价值、继承创新等方面进行评价。,63,"{""min"": ""G10"", ""max"": ""G12""}",ai-reviewed,[],deterministic-screen-only,not-adjudicated,anchors/gaozhong-通用技术.jsonl:232
ca_rH34VNan,通用技术,能举例说明新技术的发展历史及现状,通过本模块的学习，学生能举例说明新技术的发展历史及现状，知道新技术的行业应用；了解新技术的相关理论、方法和技能，具备通信技术、网络技术、传感技术等的基础知识，对新技术应用的各方面有基本的认识；能对新技术及其应用进行自主探究，并进行实践与创新；能利用所学新技术相关知识进行特定应用系统的设计，完成一个具体的案例；能通过实际操作掌握分析问题的方法，了解新技术的综合运用与实现；能通过理论验证、设计开发到应用创新的学习过程，产生对新技术的敏感性和亲近情感，激发创新创造的热情，同时对新技术所蕴含的文化内涵有一定的理解。,66,"{""min"": ""G10"", ""max"": ""G12""}",ai-reviewed,[],deterministic-screen-only,not-adjudicated,anchors/gaozhong-通用技术.jsonl:233
ca_tvDaBjYH,通用技术,能对新技术及其应用进行自主探究，并进行实践与创新,通过本模块的学习，学生能举例说明新技术的发展历史及现状，知道新技术的行业应用；了解新技术的相关理论、方法和技能，具备通信技术、网络技术、传感技术等的基础知识，对新技术应用的各方面有基本的认识；能对新技术及其应用进行自主探究，并进行实践与创新；能利用所学新技术相关知识进行特定应用系统的设计，完成一个具体的案例；能通过实际操作掌握分析问题的方法，了解新技术的综合运用与实现；能通过理论验证、设计开发到应用创新的学习过程，产生对新技术的敏感性和亲近情感，激发创新创造的热情，同时对新技术所蕴含的文化内涵有一定的理解。,66,"{""min"": ""G10"", ""max"": ""G12""}",ai-reviewed,[],deterministic-screen-only,not-adjudicated,anchors/gaozhong-通用技术.jsonl:234
ca_fUJekePp,通用技术,能利用所学新技术相关知识进行特定应用系统的设计，完成一个具体的案例,通过本模块的学习，学生能举例说明新技术的发展历史及现状，知道新技术的行业应用；了解新技术的相关理论、方法和技能，具备通信技术、网络技术、传感技术等的基础知识，对新技术应用的各方面有基本的认识；能对新技术及其应用进行自主探究，并进行实践与创新；能利用所学新技术相关知识进行特定应用系统的设计，完成一个具体的案例；能通过实际操作掌握分析问题的方法，了解新技术的综合运用与实现；能通过理论验证、设计开发到应用创新的学习过程，产生对新技术的敏感性和亲近情感，激发创新创造的热情，同时对新技术所蕴含的文化内涵有一定的理解。,66,"{""min"": ""G10"", ""max"": ""G12""}",ai-reviewed,[],deterministic-screen-only,not-adjudicated,anchors/gaozhong-通用技术.jsonl:235
ca_xqRFTtBv,通用技术,能通过实际操作掌握分析问题的方法,通过本模块的学习，学生能举例说明新技术的发展历史及现状，知道新技术的行业应用；了解新技术的相关理论、方法和技能，具备通信技术、网络技术、传感技术等的基础知识，对新技术应用的各方面有基本的认识；能对新技术及其应用进行自主探究，并进行实践与创新；能利用所学新技术相关知识进行特定应用系统的设计，完成一个具体的案例；能通过实际操作掌握分析问题的方法，了解新技术的综合运用与实现；能通过理论验证、设计开发到应用创新的学习过程，产生对新技术的敏感性和亲近情感，激发创新创造的热情，同时对新技术所蕴含的文化内涵有一定的理解。,66,"{""min"": ""G10"", ""max"": ""G12""}",disputed,"[""A02""]",deterministic-screen-only,not-adjudicated,anchors/gaozhong-通用技术.jsonl:236
ca_pFnRwgKg,通用技术,能举例说明技术集成的含义、基本过程及实现形式，并能说明技术集成在各个行业是如何应用的,通过本模块的学习，能举例说明技术集成的含义、基本过程及实现形式，并能说明技术集成在各个行业是如何应用的；能分析常见技术集成的成功案例，阐述技术集成的方法，初步养成技术集成的思维品质；能对技术集成及其应用进行自主探究，进行实践与创新；能利用所学技术集成相关知识进行特定应用系统的设计，完成一个具体的案例实现；能通过实际操作掌握分析问题的方法，学会整体解决方案的设计，了解技术集成的综合运用与实现；能举例说明技术集成对产业发展和创新创业带来的影响，理解技术集成反映、蕴含的工程思维和文化内涵，激发创新、创造、创业的热情。,68,"{""min"": ""G10"", ""max"": ""G12""}",ai-reviewed,[],deterministic-screen-only,not-adjudicated,anchors/gaozhong-通用技术.jsonl:237
ca_6Az6ruWn,通用技术,能分析常见技术集成的成功案例，阐述技术集成的方法，初步养成技术集成的思维品质,通过本模块的学习，能举例说明技术集成的含义、基本过程及实现形式，并能说明技术集成在各个行业是如何应用的；能分析常见技术集成的成功案例，阐述技术集成的方法，初步养成技术集成的思维品质；能对技术集成及其应用进行自主探究，进行实践与创新；能利用所学技术集成相关知识进行特定应用系统的设计，完成一个具体的案例实现；能通过实际操作掌握分析问题的方法，学会整体解决方案的设计，了解技术集成的综合运用与实现；能举例说明技术集成对产业发展和创新创业带来的影响，理解技术集成反映、蕴含的工程思维和文化内涵，激发创新、创造、创业的热情。,68,"{""min"": ""G10"", ""max"": ""G12""}",disputed,"[""A02""]",deterministic-screen-only,not-adjudicated,anchors/gaozhong-通用技术.jsonl:238
ca_JKKJwSbk,通用技术,能对技术集成及其应用进行自主探究，进行实践与创新,通过本模块的学习，能举例说明技术集成的含义、基本过程及实现形式，并能说明技术集成在各个行业是如何应用的；能分析常见技术集成的成功案例，阐述技术集成的方法，初步养成技术集成的思维品质；能对技术集成及其应用进行自主探究，进行实践与创新；能利用所学技术集成相关知识进行特定应用系统的设计，完成一个具体的案例实现；能通过实际操作掌握分析问题的方法，学会整体解决方案的设计，了解技术集成的综合运用与实现；能举例说明技术集成对产业发展和创新创业带来的影响，理解技术集成反映、蕴含的工程思维和文化内涵，激发创新、创造、创业的热情。,68,"{""min"": ""G10"", ""max"": ""G12""}",disputed,"[""A02""]",deterministic-screen-only,not-adjudicated,anchors/gaozhong-通用技术.jsonl:239
ca_ieYkBiKA,通用技术,能利用所学技术集成相关知识进行特定应用系统的设计，完成一个具体的案例实现,通过本模块的学习，能举例说明技术集成的含义、基本过程及实现形式，并能说明技术集成在各个行业是如何应用的；能分析常见技术集成的成功案例，阐述技术集成的方法，初步养成技术集成的思维品质；能对技术集成及其应用进行自主探究，进行实践与创新；能利用所学技术集成相关知识进行特定应用系统的设计，完成一个具体的案例实现；能通过实际操作掌握分析问题的方法，学会整体解决方案的设计，了解技术集成的综合运用与实现；能举例说明技术集成对产业发展和创新创业带来的影响，理解技术集成反映、蕴含的工程思维和文化内涵，激发创新、创造、创业的热情。,68,"{""min"": ""G10"", ""max"": ""G12""}",ai-reviewed,[],deterministic-screen-only,not-adjudicated,anchors/gaozhong-通用技术.jsonl:240
ca_2b7h8QFF,通用技术,能通过实际操作掌握分析问题的方法，学会整体解决方案的设计,通过本模块的学习，能举例说明技术集成的含义、基本过程及实现形式，并能说明技术集成在各个行业是如何应用的；能分析常见技术集成的成功案例，阐述技术集成的方法，初步养成技术集成的思维品质；能对技术集成及其应用进行自主探究，进行实践与创新；能利用所学技术集成相关知识进行特定应用系统的设计，完成一个具体的案例实现；能通过实际操作掌握分析问题的方法，学会整体解决方案的设计，了解技术集成的综合运用与实现；能举例说明技术集成对产业发展和创新创业带来的影响，理解技术集成反映、蕴含的工程思维和文化内涵，激发创新、创造、创业的热情。,68,"{""min"": ""G10"", ""max"": ""G12""}",disputed,"[""A02""]",deterministic-screen-only,not-adjudicated,anchors/gaozhong-通用技术.jsonl:241
ca_X4LCD9de,通用技术,能举例说明技术集成对产业发展和创新创业带来的影响,通过本模块的学习，能举例说明技术集成的含义、基本过程及实现形式，并能说明技术集成在各个行业是如何应用的；能分析常见技术集成的成功案例，阐述技术集成的方法，初步养成技术集成的思维品质；能对技术集成及其应用进行自主探究，进行实践与创新；能利用所学技术集成相关知识进行特定应用系统的设计，完成一个具体的案例实现；能通过实际操作掌握分析问题的方法，学会整体解决方案的设计，了解技术集成的综合运用与实现；能举例说明技术集成对产业发展和创新创业带来的影响，理解技术集成反映、蕴含的工程思维和文化内涵，激发创新、创造、创业的热情。,68,"{""min"": ""G10"", ""max"": ""G12""}",ai-reviewed,[],deterministic-screen-only,not-adjudicated,anchors/gaozhong-通用技术.jsonl:242
ca_wXratdiT,通用技术,能简要说明技术与工程的关系,能简要说明技术与工程的关系，运用系统分析的方法，进行技术设计分析，初步形成关于技术的人技关系、技道合一、权衡决策、方案优化、技术试验、创新设计等技术思想与方法；结合具体案例，阐述技术所反映的社会价值观及多元文化，理解技术的文化特性和美学特征。,73,"{""min"": ""G10"", ""max"": ""G12""}",llm-proposed,"[""A03"", ""A07""]",deterministic-screen-only,not-adjudicated,anchors/gaozhong-通用技术.jsonl:243
ca_PUwtK6jc,通用技术,能举例说明技术语言的种类及其应用,能举例说明技术语言的种类及其应用；能识读常见的技术图样，如简单的机械加工图、电子线路图；能绘制简单的三视图，会用手工和计算机软件等方式绘制简单的草图表达设计构想。,73,"{""min"": ""G10"", ""max"": ""G12""}",llm-proposed,"[""A03"", ""A07""]",deterministic-screen-only,not-adjudicated,anchors/gaozhong-通用技术.jsonl:244
ca_fGwXkDEK,通用技术,能识读常见的技术图样，如简单的机械加工图、电子线路图,能举例说明技术语言的种类及其应用；能识读常见的技术图样，如简单的机械加工图、电子线路图；能绘制简单的三视图，会用手工和计算机软件等方式绘制简单的草图表达设计构想。,73,"{""min"": ""G10"", ""max"": ""G12""}",llm-proposed,"[""A03"", ""A07""]",deterministic-screen-only,not-adjudicated,anchors/gaozhong-通用技术.jsonl:245
ca_emv6Wb3Q,通用技术,能绘制简单的三视图,能举例说明技术语言的种类及其应用；能识读常见的技术图样，如简单的机械加工图、电子线路图；能绘制简单的三视图，会用手工和计算机软件等方式绘制简单的草图表达设计构想。,73,"{""min"": ""G10"", ""max"": ""G12""}",llm-proposed,"[""A03"", ""A07""]",deterministic-screen-only,not-adjudicated,anchors/gaozhong-通用技术.jsonl:246
ca_2eSZLiSR,通用技术,会用手工和计算机软件等方式绘制简单的草图表达设计构想,能举例说明技术语言的种类及其应用；能识读常见的技术图样，如简单的机械加工图、电子线路图；能绘制简单的三视图，会用手工和计算机软件等方式绘制简单的草图表达设计构想。,73,"{""min"": ""G10"", ""max"": ""G12""}",llm-proposed,"[""A03"", ""A07""]",deterministic-screen-only,not-adjudicated,anchors/gaozhong-通用技术.jsonl:247
ca_Awd9gLrJ,通用技术,能说明技术试验的意义、特点以及常见类型,能了解金属、木材、电子元器件等常用材料的属性、加工工艺及连接方法，学会模型或产品的成型制作和装配；能说明技术试验的意义、特点以及常见类型；能进行简单的技术试验设计并加以实施；能分析试验数据，形成试验结论，写出技术试验报告。,73,"{""min"": ""G10"", ""max"": ""G12""}",llm-proposed,"[""A03"", ""A07""]",deterministic-screen-only,not-adjudicated,anchors/gaozhong-通用技术.jsonl:248
ca_8kG3dNps,通用技术,能进行简单的技术试验设计并加以实施,能了解金属、木材、电子元器件等常用材料的属性、加工工艺及连接方法，学会模型或产品的成型制作和装配；能说明技术试验的意义、特点以及常见类型；能进行简单的技术试验设计并加以实施；能分析试验数据，形成试验结论，写出技术试验报告。,73,"{""min"": ""G10"", ""max"": ""G12""}",llm-proposed,"[""A03"", ""A07""]",deterministic-screen-only,not-adjudicated,anchors/gaozhong-通用技术.jsonl:249
ca_YLtwPbpM,通用技术,能分析试验数据，形成试验结论，写出技术试验报告,能了解金属、木材、电子元器件等常用材料的属性、加工工艺及连接方法，学会模型或产品的成型制作和装配；能说明技术试验的意义、特点以及常见类型；能进行简单的技术试验设计并加以实施；能分析试验数据，形成试验结论，写出技术试验报告。,73,"{""min"": ""G10"", ""max"": ""G12""}",llm-proposed,"[""A03"", ""A07""]",deterministic-screen-only,not-adjudicated,anchors/gaozhong-通用技术.jsonl:250
ca_bLmpbVA6,通用技术,能运用系统分析方法分析技术问题,理解系统的基本特性，能运用系统分析方法分析技术问题；知道系统与工程的联系，通过技术探究分析影响系统优化的因素，并通过对简单系统设计的分析，初步掌握简单系统设计的基本方法，增强运用系统与工程思维解决实际技术问题的能力。,73,"{""min"": ""G10"", ""max"": ""G12""}",disputed,"[""A02"", ""A07""]",deterministic-screen-only,not-adjudicated,anchors/gaozhong-通用技术.jsonl:251
ca_A4dstBWu,通用技术,能描述结构的一般分类，进行简单的受力分析，并能从技术和文化的角度评价典型结构,能描述结构的一般分类，进行简单的受力分析，并能从技术和文化的角度评价典型结构；能在对需求与问题确认的基础上进行简单的结构设计，并绘制设计图纸，做出模型或原型；能解释流程中环节、时序的含义，会阅读和绘制简单的流程图，分析流程设计和流程优化过程中的基本因素及其关系，并结合具体技术需求进行流程设计或对已有流程进行优化。,73,"{""min"": ""G10"", ""max"": ""G12""}",llm-proposed,"[""A03"", ""A07""]",deterministic-screen-only,not-adjudicated,anchors/gaozhong-通用技术.jsonl:252
ca_JADXpL6F,通用技术,能在对需求与问题确认的基础上进行简单的结构设计，并绘制设计图纸，做出模型或原型,能描述结构的一般分类，进行简单的受力分析，并能从技术和文化的角度评价典型结构；能在对需求与问题确认的基础上进行简单的结构设计，并绘制设计图纸，做出模型或原型；能解释流程中环节、时序的含义，会阅读和绘制简单的流程图，分析流程设计和流程优化过程中的基本因素及其关系，并结合具体技术需求进行流程设计或对已有流程进行优化。,73,"{""min"": ""G10"", ""max"": ""G12""}",disputed,"[""A02"", ""A07""]",deterministic-screen-only,not-adjudicated,anchors/gaozhong-通用技术.jsonl:253
ca_FYdbDsFG,通用技术,能解释流程中环节、时序的含义,能描述结构的一般分类，进行简单的受力分析，并能从技术和文化的角度评价典型结构；能在对需求与问题确认的基础上进行简单的结构设计，并绘制设计图纸，做出模型或原型；能解释流程中环节、时序的含义，会阅读和绘制简单的流程图，分析流程设计和流程优化过程中的基本因素及其关系，并结合具体技术需求进行流程设计或对已有流程进行优化。,73,"{""min"": ""G10"", ""max"": ""G12""}",llm-proposed,"[""A03"", ""A07""]",deterministic-screen-only,not-adjudicated,anchors/gaozhong-通用技术.jsonl:254
ca_5PbcgMXV,通用技术,会阅读和绘制简单的流程图,能描述结构的一般分类，进行简单的受力分析，并能从技术和文化的角度评价典型结构；能在对需求与问题确认的基础上进行简单的结构设计，并绘制设计图纸，做出模型或原型；能解释流程中环节、时序的含义，会阅读和绘制简单的流程图，分析流程设计和流程优化过程中的基本因素及其关系，并结合具体技术需求进行流程设计或对已有流程进行优化。,73,"{""min"": ""G10"", ""max"": ""G12""}",llm-proposed,"[""A03"", ""A07""]",deterministic-screen-only,not-adjudicated,anchors/gaozhong-通用技术.jsonl:255
ca_h7mPRpDp,通用技术,能分析流程设计和流程优化过程中的基本因素及其关系，并结合具体技术需求进行流程设计或对已有流程进行优化,能描述结构的一般分类，进行简单的受力分析，并能从技术和文化的角度评价典型结构；能在对需求与问题确认的基础上进行简单的结构设计，并绘制设计图纸，做出模型或原型；能解释流程中环节、时序的含义，会阅读和绘制简单的流程图，分析流程设计和流程优化过程中的基本因素及其关系，并结合具体技术需求进行流程设计或对已有流程进行优化。,73,"{""min"": ""G10"", ""max"": ""G12""}",llm-proposed,"[""A03"", ""A07""]",deterministic-screen-only,not-adjudicated,anchors/gaozhong-通用技术.jsonl:256
ca_EwVDdLbg,通用技术,能表达简单的设计方案,能运用手工绘图工具或常见的二维、三维设计软件绘制结构图、流程图、控制系统方框图等，表达简单的设计方案；能通过案例说明手动控制、自动控制、智能控制的特点，阐述简单的开环控制系统和闭环控制系统的基本组成和工作过程，理解其中控制器、执行器等的作用，了解简单的反馈和干扰现象及其基本原理，并能用方框图加以表达。,74,"{""min"": ""G10"", ""max"": ""G12""}",llm-proposed,"[""A03"", ""A07""]",deterministic-screen-only,not-adjudicated,anchors/gaozhong-通用技术.jsonl:257
ca_7eUx2NNj,通用技术,能分析被控制对象的基本特征，确定被控量、控制量,能分析被控制对象的基本特征，确定被控量、控制量；能进行简单的控制系统的方案设计，并制作一个控制系统装置，学会调试运行，提出改进方案；能通过技术试验分析结构的强度、稳定性和控制系统的控制、干扰、反馈等现象，写出试验报告；能根据方案设计要求，选择材料和工具，完成控制系统模型或产品的成型制作和装配。,74,"{""min"": ""G10"", ""max"": ""G12""}",llm-proposed,"[""A03"", ""A07""]",deterministic-screen-only,not-adjudicated,anchors/gaozhong-通用技术.jsonl:258
ca_ZDTNy8CS,通用技术,能根据方案设计要求，选择材料和工具，完成控制系统模型或产品的成型制作和装配,能分析被控制对象的基本特征，确定被控量、控制量；能进行简单的控制系统的方案设计，并制作一个控制系统装置，学会调试运行，提出改进方案；能通过技术试验分析结构的强度、稳定性和控制系统的控制、干扰、反馈等现象，写出试验报告；能根据方案设计要求，选择材料和工具，完成控制系统模型或产品的成型制作和装配。,74,"{""min"": ""G10"", ""max"": ""G12""}",llm-proposed,"[""A03"", ""A07""]",deterministic-screen-only,not-adjudicated,anchors/gaozhong-通用技术.jsonl:259
ca_egFdhEgu,通用技术,能评价一项技术对人、社会、环境的积极或消极影响,能结合某一具体技术领域，如服装设计、智能家居、电子控制、机器人设计与制作等，自主搜集和分析相关数据并判断发展趋势，评价一项技术对人、社会、环境的积极或消极影响；理解技术、职业与社会之间的关系，初步树立职业与责任意识，形成职业发展规划的能力。,74,"{""min"": ""G10"", ""max"": ""G12""}",llm-proposed,"[""A03"", ""A07""]",deterministic-screen-only,not-adjudicated,anchors/gaozhong-通用技术.jsonl:260
ca_bPxcaZJN,通用技术,能通过具体的技术和工程发展案例的分析，感悟技术文化,通过具体的技术和工程发展案例的分析，感悟技术文化；能通过技术和工程设计实践，理解技术和工程实践活动所承载的文化意蕴；能就某一具体技术和工程问题，运用系统分析的方法，识别问题的特性和细节，明确制约条件和影响因素，提出可能的解决方案。,74,"{""min"": ""G10"", ""max"": ""G12""}",disputed,"[""A02"", ""A07""]",deterministic-screen-only,not-adjudicated,anchors/gaozhong-通用技术.jsonl:261
ca_rGdiTdgK,通用技术,能通过技术和工程设计实践,通过具体的技术和工程发展案例的分析，感悟技术文化；能通过技术和工程设计实践，理解技术和工程实践活动所承载的文化意蕴；能就某一具体技术和工程问题，运用系统分析的方法，识别问题的特性和细节，明确制约条件和影响因素，提出可能的解决方案。,74,"{""min"": ""G10"", ""max"": ""G12""}",disputed,"[""A02"", ""A07""]",deterministic-screen-only,not-adjudicated,anchors/gaozhong-通用技术.jsonl:262
ca_QGccJy4E,通用技术,能在进行简单的技术方案设计时，尝试运用模拟试验或数学模型来识别各种因素，进行系统决策分析和评估,能在进行简单的技术方案设计时，尝试运用模拟试验或数学模型来识别各种因素，进行系统决策分析和评估；能发现用户的多方面需求，系统分析需要解决的技术问题；通过多渠道搜集相关信息并进行处理，能尝试运用创造思维和创造技法设计多个方案。,74,"{""min"": ""G10"", ""max"": ""G12""}",disputed,"[""A02"", ""A07""]",deterministic-screen-only,not-adjudicated,anchors/gaozhong-通用技术.jsonl:263
ca_8ADa6T3L,通用技术,能发现用户的多方面需求，系统分析需要解决的技术问题,能在进行简单的技术方案设计时，尝试运用模拟试验或数学模型来识别各种因素，进行系统决策分析和评估；能发现用户的多方面需求，系统分析需要解决的技术问题；通过多渠道搜集相关信息并进行处理，能尝试运用创造思维和创造技法设计多个方案。,74,"{""min"": ""G10"", ""max"": ""G12""}",disputed,"[""A02"", ""A07""]",deterministic-screen-only,not-adjudicated,anchors/gaozhong-通用技术.jsonl:264
ca_cLDApvHE,通用技术,能通过多渠道搜集相关信息并进行处理，能尝试运用创造思维和创造技法设计多个方案,能在进行简单的技术方案设计时，尝试运用模拟试验或数学模型来识别各种因素，进行系统决策分析和评估；能发现用户的多方面需求，系统分析需要解决的技术问题；通过多渠道搜集相关信息并进行处理，能尝试运用创造思维和创造技法设计多个方案。,74,"{""min"": ""G10"", ""max"": ""G12""}",disputed,"[""A02"", ""A07""]",deterministic-screen-only,not-adjudicated,anchors/gaozhong-通用技术.jsonl:265
ca_bREWVqNB,通用技术,能识读机械、电子等技术领域常见的技术图样,能识读机械、电子等技术领域常见的技术图样；能用较详细的草图表达设计构想，利用设计文件、日志等记录设计的创意、过程和结果。,74,"{""min"": ""G10"", ""max"": ""G12""}",llm-proposed,"[""A03"", ""A07""]",deterministic-screen-only,not-adjudicated,anchors/gaozhong-通用技术.jsonl:266
ca_TNBfLWCr,通用技术,能严谨细致地完成模型或产品的成型制作和装配，并对模型或产品进行多方面的技术试验和基本的技术指标测量,能结合某一技术领域，掌握一些材料的属性及加工方法，根据方案设计要求选择材料和工具，确定方案实现的时序和工序；能严谨细致地完成模型或产品的成型制作和装配，并对模型或产品进行多方面的技术试验和基本的技术指标测量。,74,"{""min"": ""G10"", ""max"": ""G12""}",disputed,"[""A02"", ""A07""]",deterministic-screen-only,not-adjudicated,anchors/gaozhong-通用技术.jsonl:267
ca_CVp8Bcm3,通用技术,能适当参与有关技术发展与应用的讨论与决策,能综合各种数据与信息，就某一技术领域对人、社会、环境的影响作出判断，形成正确的技术观和生态文明观；能适当参与有关技术发展与应用的讨论与决策；能运用趋势分析方法等，对某一技术的未来发展作出判断。,74,"{""min"": ""G10"", ""max"": ""G12""}",disputed,"[""A02"", ""A07""]",deterministic-screen-only,not-adjudicated,anchors/gaozhong-通用技术.jsonl:268
ca_WuUYBdEM,通用技术,能运用系统分析的方法将任务具体化，形成可能的解决方案并不断地优化改进,能就某一技术领域中较为复杂的问题情境，运用系统分析的方法将任务具体化，形成可能的解决方案并不断地优化改进；能初步运用简单的模拟试验或数学模型对某一技术方案作出性能和风险评估，形成一定的系统与工程思维。,75,"{""min"": ""G10"", ""max"": ""G12""}",disputed,"[""A02"", ""A07""]",deterministic-screen-only,not-adjudicated,anchors/gaozhong-通用技术.jsonl:269
ca_B5p5JPit,通用技术,能运用用户模型分析方法，提炼用户的独特需求和确认所要解决的特定技术问题,能运用用户模型分析方法，提炼用户的独特需求和确认所要解决的特定技术问题；能依据设计需求并运用创造思维和创造技法设计多个方案，进行综合比较与权衡，形成一定的设计创新能力。,75,"{""min"": ""G10"", ""max"": ""G12""}",disputed,"[""A02"", ""A07""]",deterministic-screen-only,not-adjudicated,anchors/gaozhong-通用技术.jsonl:270
ca_rsuRV3Mw,通用技术,能结合不同技术领域，熟练运用常见技术图样进行方案的设计,能结合不同技术领域，熟练运用常见技术图样进行方案的设计；能将简单的设计方案用二维、三维设计软件表现出来，并不断进行优化和改进。,75,"{""min"": ""G10"", ""max"": ""G12""}",disputed,"[""A02"", ""A07""]",deterministic-screen-only,not-adjudicated,anchors/gaozhong-通用技术.jsonl:271
ca_hJqH6uDS,通用技术,能分析设计方案，并根据方案要求选择合适的材料,能分析设计方案，并根据方案要求选择合适的材料；具有初步的工具思维和工匠精神，完成模型或产品的成型制作和装配；能对模型或产品进行精度较高的技术测试和方案试验，撰写简单的技术测试和方案试验报告。,75,"{""min"": ""G10"", ""max"": ""G12""}",llm-proposed,"[""A03"", ""A07""]",deterministic-screen-only,not-adjudicated,anchors/gaozhong-通用技术.jsonl:272
ca_9QasVHAH,通用技术,能综合多个技术领域，调查并分析个体及群体的价值观、伦理规范是如何影响技术发展的,能综合多个技术领域，调查并分析个体及群体的价值观、伦理规范是如何影响技术发展的；能分析并评价一些重要的技术对个人、社会、环境的影响，学会进行技术决策，树立牢固的社会主义生态文明观。,75,"{""min"": ""G10"", ""max"": ""G12""}",disputed,"[""A02"", ""A07"", ""A13""]",deterministic-screen-only,not-adjudicated,anchors/gaozhong-通用技术.jsonl:273
ca_EMYrwpT8,通用技术,能运用模拟试验或数学模型评价设计方案，尝试进行趋势分析和风险评估,能综合运用科学、技术、工程、数学、艺术等方面的知识，综合多个技术领域进行方案设计；能运用模拟试验或数学模型评价设计方案，尝试进行趋势分析和风险评估。,75,"{""min"": ""G10"", ""max"": ""G12""}",disputed,"[""A02"", ""A07""]",deterministic-screen-only,not-adjudicated,anchors/gaozhong-通用技术.jsonl:274
ca_sEt3hKhC,通用技术,能运用数学与工程方法进行比较和权衡，在所设计的多个方案中选定最佳方案，或改进原有方案,能综合运用多种方法，挖掘用户的潜在需求，多视角认识技术问题，形成对用户需求和技术问题的敏感性；能运用数学与工程方法进行比较和权衡，在所设计的多个方案中选定最佳方案，或改进原有方案；能自行设计技术试验，进行技术探究，熟练运用技术设计与创新的一般方法，形成较强的设计创新能力。,75,"{""min"": ""G10"", ""max"": ""G12""}",disputed,"[""A02"", ""A07""]",deterministic-screen-only,not-adjudicated,anchors/gaozhong-通用技术.jsonl:275
ca_4QNfedYD,通用技术,能选择与综合运用图样或其他技术语言表达设计构想，形成用技术语言进行思维转换的能力,能选择与综合运用图样或其他技术语言表达设计构想，形成用技术语言进行思维转换的能力。,75,"{""min"": ""G10"", ""max"": ""G12""}",llm-proposed,"[""A03"", ""A07""]",deterministic-screen-only,not-adjudicated,anchors/gaozhong-通用技术.jsonl:276
ca_7LjDZDeW,音乐,能理解音乐表现要素在音乐情感和思想内涵表达中的作用,乐作品的音乐风格及文化特征，理解音乐表现要素在音乐情感和思想内涵表达中的作用。,23,"{""min"": ""G10"", ""max"": ""G12""}",ai-reviewed,"[""A13""]",deterministic-screen-only,not-adjudicated,anchors/gaozhong-音乐.jsonl:1
ca_rsgZySFC,音乐,能在享受戏剧表演乐趣的同时，提高集体艺术表现中的合作协调能力,地排演中国戏曲、中外歌剧、音乐剧、话剧等经典作品或片段，积累戏剧表演的感性经验。在享受戏剧表演乐趣的同时，提高集体艺术表现中的合作协调能力。,36,"{""min"": ""G10"", ""max"": ""G12""}",ai-reviewed,[],deterministic-screen-only,not-adjudicated,anchors/gaozhong-音乐.jsonl:2
ca_69MNdFnu,音乐,能借助乐谱和音响，演唱和熟悉音乐作品的主题,借助乐谱和音响，演唱和熟悉音乐作品的主题。,23,"{""min"": ""G10"", ""max"": ""G12""}",ai-reviewed,[],deterministic-screen-only,not-adjudicated,anchors/gaozhong-音乐.jsonl:3
ca_CfL7CN9H,音乐,能积极参与演奏实践活动，在实践中学习并逐步掌握乐器演奏的基本方法和基本技能,积极参与演奏实践活动，在实践中学习并逐步掌握乐器演奏的基本方法和基本技能。,26,"{""min"": ""G10"", ""max"": ""G12""}",ai-reviewed,[],deterministic-screen-only,not-adjudicated,anchors/gaozhong-音乐.jsonl:4
ca_XNfCbH5N,音乐,能在重奏中独立承担一个声部的演奏任务，并与其他声部配合默契地合作演奏,在重奏中独立承担一个声部的演奏任务，并与其他声部配合默契地合作演奏。,26,"{""min"": ""G10"", ""max"": ""G12""}",ai-reviewed,[],deterministic-screen-only,not-adjudicated,anchors/gaozhong-音乐.jsonl:5
ca_vuJuAYYz,音乐,能运用相关软件进行简单的音乐编辑和创作（有条件的地区适用）,在电脑、移动智能终端或其他媒介上，运用相关软件进行简单的音乐编辑和创作（有条件的地区适用） 。,28,"{""min"": ""G10"", ""max"": ""G12""}",disputed,"[""A02""]",deterministic-screen-only,not-adjudicated,anchors/gaozhong-音乐.jsonl:6
ca_u6vv9VKy,音乐,能选择适当的题材，编创有配乐的戏剧小品或小型音乐剧，并参与排练及演出,选择适当的题材，编创有配乐的戏剧小品或小型音乐剧，并参与排练及演出。,31,"{""min"": ""G10"", ""max"": ""G12""}",ai-reviewed,[],deterministic-screen-only,not-adjudicated,anchors/gaozhong-音乐.jsonl:7
ca_WPYq2pfR,音乐,能够简要分析不同戏剧剧目的风格与特点，并对自己、他人或集体的戏剧排演做出较为客观的评价,能够简要分析不同戏剧剧目的风格与特点，并对自己、他人或集体的戏剧排演做出较为客观的评价。,31,"{""min"": ""G10"", ""max"": ""G12""}",ai-reviewed,[],deterministic-screen-only,not-adjudicated,anchors/gaozhong-音乐.jsonl:8
ca_fH2k5XE9,音乐,能参与多种形式的合唱实践，积累合唱表现的感性经验，享受合唱的乐趣,参与多种形式的合唱实践，积累合唱表现的感性经验，享受合唱的乐趣。,33,"{""min"": ""G10"", ""max"": ""G12""}",ai-reviewed,[],deterministic-screen-only,not-adjudicated,anchors/gaozhong-音乐.jsonl:9
ca_HKEEQcNh,音乐,能参与多种形式的合奏实践，积累合奏表现的感性经验，享受集体演奏的乐趣,参与多种形式的合奏实践，积累合奏表现的感性经验，享受集体演奏的乐趣。,34,"{""min"": ""G10"", ""max"": ""G12""}",ai-reviewed,[],deterministic-screen-only,not-adjudicated,anchors/gaozhong-音乐.jsonl:10
ca_6vpsDBTi,音乐,能参与中外优秀舞蹈作品或片段的学习、排演，积累舞蹈表现的感性经验,参与中外优秀舞蹈作品或片段的学习、排演，积累舞蹈表现的感性经验。至少掌握 1~2 种代表性舞种（如中外民族舞、古典舞、现代舞、芭蕾舞等）的基本舞蹈动作及动作组合。,35,"{""min"": ""G10"", ""max"": ""G12""}",disputed,"[""A02""]",deterministic-screen-only,not-adjudicated,anchors/gaozhong-音乐.jsonl:11
ca_9KzZtGW8,音乐,能掌握一定的舞蹈编创方法与技能，尝试进行舞蹈编创与排演,掌握一定的舞蹈编创方法与技能，尝试进行舞蹈编创与排演。,35,"{""min"": ""G10"", ""max"": ""G12""}",disputed,"[""A02""]",deterministic-screen-only,not-adjudicated,anchors/gaozhong-音乐.jsonl:12
ca_ucpfW45G,音乐,能较完整地演奏与自身技术水平相当的曲目，并较准确地把握和表现乐曲的内容与情感,较完整地演奏与自身技术水平相当的曲目，并较准确地把握和表现乐曲的内容与情感。,26,"{""min"": ""G10"", ""max"": ""G12""}",llm-proposed,"[""A03"", ""A13""]",deterministic-screen-only,not-adjudicated,anchors/gaozhong-音乐.jsonl:13
ca_iuP3WEwr,音乐,能依据教师或教材提供的材料和方法，编创一段相对完整的旋律（8~16 小节） ，或利用多种声音材料完成某一主题的命题创作,依据教师或教材提供的材料和方法，编创一段相对完整的旋律（8~16 小节） ，或利用多种声音材料完成某一主题的命题创作。,28,"{""min"": ""G10"", ""max"": ""G12""}",llm-proposed,"[""A03"", ""A11""]",deterministic-screen-only,not-adjudicated,anchors/gaozhong-音乐.jsonl:14
ca_VqZPT36T,音乐,能根据指定或自选的音乐即兴编创舞蹈,根据指定或自选的音乐即兴编创舞蹈。,30,"{""min"": ""G10"", ""max"": ""G12""}",llm-proposed,"[""A03""]",deterministic-screen-only,not-adjudicated,anchors/gaozhong-音乐.jsonl:15
ca_vb9UpwgQ,音乐,能学习舞蹈编排的基本常识，根据音乐设计与之相应的舞蹈动作及队形，进行舞蹈排练,学习舞蹈编排的基本常识，根据音乐设计与之相应的舞蹈动作及队形，进行舞蹈排练。,30,"{""min"": ""G10"", ""max"": ""G12""}",llm-proposed,"[""A03""]",deterministic-screen-only,not-adjudicated,anchors/gaozhong-音乐.jsonl:16
ca_mRwAS9EG,音乐,能学唱我国戏曲唱段及中外歌剧选段,学唱我国戏曲唱段及中外歌剧选段。,31,"{""min"": ""G10"", ""max"": ""G12""}",llm-proposed,"[""A03""]",deterministic-screen-only,not-adjudicated,anchors/gaozhong-音乐.jsonl:17
ca_PKuXuMvN,音乐,能识读和运用乐谱，包括简谱或五线谱,识读和运用乐谱，包括简谱或五线谱。,39,"{""min"": ""G10"", ""max"": ""G12""}",llm-proposed,"[""A03""]",deterministic-screen-only,not-adjudicated,anchors/gaozhong-音乐.jsonl:18
ca_3imhfmqb,音乐,能说出所听音乐的作品名称、表现题材、体裁形式,在聆听音乐过程中，能保持安静、专注的听赏状态；能说出所听音乐的作品名称、表现题材、体裁形式；能感受所听作品的情绪、风格等基本特点。,41,"{""min"": ""G10"", ""max"": ""G12""}",llm-proposed,"[""A03""]",deterministic-screen-only,not-adjudicated,anchors/gaozhong-音乐.jsonl:19
ca_G7vgheAb,音乐,能知道中外音乐史上有代表性的音乐家 （ 4~6 位）及其代表作品（1~2 部）,知道中外音乐史上有代表性的音乐家 （ 4~6 位）及其代表作品（1~2 部） 。,41,"{""min"": ""G10"", ""max"": ""G12""}",llm-proposed,"[""A03""]",deterministic-screen-only,not-adjudicated,anchors/gaozhong-音乐.jsonl:20
ca_FFdkBcF7,音乐,能生活中能根据自己的审美情趣和爱好，选择适宜的音乐进行欣赏，并与他人交流对音乐作品的看法和观点,生活中能根据自己的审美情趣和爱好，选择适宜的音乐进行欣赏，并与他人交流对音乐作品的看法和观点。,41,"{""min"": ""G10"", ""max"": ""G12""}",disputed,"[""A02""]",deterministic-screen-only,not-adjudicated,anchors/gaozhong-音乐.jsonl:21
ca_MsydesuC,音乐,能根据自己的音乐经验，识别所听作品的音乐体裁、表现形式及主要艺术特征,聆听不同艺术风格和表现形式的音乐，不断积累听赏音乐的经验，养成听赏音乐的良好习惯；能根据自己的音乐经验，识别所听作品的音乐体裁、表现形式及主要艺术特征；能通过自己熟悉的经典曲目，大致说出中外音乐发展的基本线索和有代表性的音乐家（6~8 位）及其代表作品（3~5 部） 。,41,"{""min"": ""G10"", ""max"": ""G12""}",llm-proposed,"[""A03""]",deterministic-screen-only,not-adjudicated,anchors/gaozhong-音乐.jsonl:22
ca_j3bkFTZ5,音乐,能通过自己熟悉的经典曲目，大致说出中外音乐发展的基本线索和有代表性的音乐家（6~8 位）及其代表作品（3~5 部）,聆听不同艺术风格和表现形式的音乐，不断积累听赏音乐的经验，养成听赏音乐的良好习惯；能根据自己的音乐经验，识别所听作品的音乐体裁、表现形式及主要艺术特征；能通过自己熟悉的经典曲目，大致说出中外音乐发展的基本线索和有代表性的音乐家（6~8 位）及其代表作品（3~5 部） 。,41,"{""min"": ""G10"", ""max"": ""G12""}",disputed,"[""A02""]",deterministic-screen-only,not-adjudicated,anchors/gaozhong-音乐.jsonl:23
ca_WzD8knUh,音乐,能够听辨并学唱所聆听作品的音乐主题,能够听辨并学唱所聆听作品的音乐主题。,41,"{""min"": ""G10"", ""max"": ""G12""}",llm-proposed,"[""A03""]",deterministic-screen-only,not-adjudicated,anchors/gaozhong-音乐.jsonl:24
ca_pexm5ehu,音乐,能根据所学知识判断、识别其风格流派或民族、地域特征,在聆听音乐过程中，能根据所学知识判断、识别其风格流派或民族、地域特征；根据中外音乐发展的基本线索，列举有代表性的音乐家及其作品，说出其中一些作曲家、作品或不同风格流派音乐的基本艺术特征。,41,"{""min"": ""G10"", ""max"": ""G12""}",disputed,"[""A02""]",deterministic-screen-only,not-adjudicated,anchors/gaozhong-音乐.jsonl:25
ca_UHAexAez,音乐,能根据中外音乐发展的基本线索，列举有代表性的音乐家及其作品,在聆听音乐过程中，能根据所学知识判断、识别其风格流派或民族、地域特征；根据中外音乐发展的基本线索，列举有代表性的音乐家及其作品，说出其中一些作曲家、作品或不同风格流派音乐的基本艺术特征。,41,"{""min"": ""G10"", ""max"": ""G12""}",llm-proposed,"[""A03""]",deterministic-screen-only,not-adjudicated,anchors/gaozhong-音乐.jsonl:26
ca_RjrfhQYu,音乐,能举例说明主要音乐要素及其组织形式在音乐表现中的作用,在欣赏音乐时，能举例说明主要音乐要素及其组织形式在音乐表现中的作用；能够根据音乐经验、社会经验和所掌握的相关文化知识，对所鉴赏作品的音乐风格、音乐表现形式和文化内涵等做出初步分析与简要评价。,41,"{""min"": ""G10"", ""max"": ""G12""}",llm-proposed,"[""A03""]",deterministic-screen-only,not-adjudicated,anchors/gaozhong-音乐.jsonl:27
ca_LjMQM5t3,音乐,能够听辨和背唱所学作品的部分音乐主题，并能说出其中一些作品的相关信息,能够听辨和背唱所学作品的部分音乐主题，并能说出其中一些作品的相关信息。,41,"{""min"": ""G10"", ""max"": ""G12""}",disputed,"[""A02""]",deterministic-screen-only,not-adjudicated,anchors/gaozhong-音乐.jsonl:28
ca_SxJ7uFXU,音乐,能运用现代信息技术搜寻和积累音乐资料，鉴赏音乐,能运用现代信息技术搜寻和积累音乐资料，鉴赏音乐；能对音乐的基本特征或风格流派及其与社会、历史、文化、民族、地域的关系有一定认识和理解，用口头交流或书面形式与他人分享。,42,"{""min"": ""G10"", ""max"": ""G12""}",disputed,"[""A02""]",deterministic-screen-only,not-adjudicated,anchors/gaozhong-音乐.jsonl:29
ca_TYLtAEg9,音乐,能跟随集体演唱歌曲（ 2~3 首） ，在演唱中能运用所学的方法和技能,能跟随集体演唱歌曲（ 2~3 首） ，在演唱中能运用所学的方法和技能，表达歌曲的情感。,42,"{""min"": ""G10"", ""max"": ""G12""}",disputed,"[""A02""]",deterministic-screen-only,not-adjudicated,anchors/gaozhong-音乐.jsonl:30
ca_BicuEAmQ,音乐,能表达歌曲的情感,能跟随集体演唱歌曲（ 2~3 首） ，在演唱中能运用所学的方法和技能，表达歌曲的情感。,42,"{""min"": ""G10"", ""max"": ""G12""}",disputed,"[""A02"", ""A13""]",deterministic-screen-only,not-adjudicated,anchors/gaozhong-音乐.jsonl:31
ca_6chRbN3H,音乐,能运用所学的方法和技能较完整地独立演唱歌曲（ 1~2 首）,能运用所学的方法和技能较完整地独立演唱歌曲（ 1~2 首） ，表达歌曲的情感。,42,"{""min"": ""G10"", ""max"": ""G12""}",disputed,"[""A02""]",deterministic-screen-only,not-adjudicated,anchors/gaozhong-音乐.jsonl:32
ca_7nytvfPB,音乐,能在生活中根据需要选择喜欢的歌曲进行演唱,对歌唱有一定兴趣，能在生活中根据需要选择喜欢的歌曲进行演唱。,42,"{""min"": ""G10"", ""max"": ""G12""}",disputed,"[""A02""]",deterministic-screen-only,not-adjudicated,anchors/gaozhong-音乐.jsonl:33
ca_DmLHCMpe,音乐,能正确运用所学的方法和技能，有表情、较准确地演唱所学的歌曲（2~3 首）,能正确运用所学的方法和技能，有表情、较准确地演唱所学的歌曲（2~3 首） ，表达歌曲的情感，体现歌曲的风格。,42,"{""min"": ""G10"", ""max"": ""G12""}",llm-proposed,"[""A03""]",deterministic-screen-only,not-adjudicated,anchors/gaozhong-音乐.jsonl:34
ca_UBR75Gz4,音乐,能表达歌曲的情感，体现歌曲的风格,能正确运用所学的方法和技能，有表情、较准确地演唱所学的歌曲（2~3 首） ，表达歌曲的情感，体现歌曲的风格。,42,"{""min"": ""G10"", ""max"": ""G12""}",disputed,"[""A02"", ""A13""]",deterministic-screen-only,not-adjudicated,anchors/gaozhong-音乐.jsonl:35
ca_rnfG9kqq,音乐,能与他人合作进行重唱或合唱（ 2~3 首） ，在合作演唱中能唱好自己的声部，并能与其他声部默契配合,能与他人合作进行重唱或合唱（ 2~3 首） ，在合作演唱中能唱好自己的声部，并能与其他声部默契配合，根据指挥对本声部提出的要求做出正确的反应。,42,"{""min"": ""G10"", ""max"": ""G12""}",disputed,"[""A02""]",deterministic-screen-only,not-adjudicated,anchors/gaozhong-音乐.jsonl:36
ca_P3TGYWEv,音乐,能有较强的视谱学唱能力和较丰富的演唱曲目积累（4~6 首）,在歌唱中能较好地运用呼吸、发声、咬字吐字等技能，声情并茂、有表情地演唱歌曲；有较强的视谱学唱能力和较丰富的演唱曲目积累（4~6 首） 。,42,"{""min"": ""G10"", ""max"": ""G12""}",disputed,"[""A02""]",deterministic-screen-only,not-adjudicated,anchors/gaozhong-音乐.jsonl:37
ca_qCawA5bw,音乐,能用所学乐器较完整地演奏短小乐曲（1~2 首）,能用所学乐器较完整地演奏短小乐曲（1~2 首） 。,43,"{""min"": ""G10"", ""max"": ""G12""}",llm-proposed,"[""A03""]",deterministic-screen-only,not-adjudicated,anchors/gaozhong-音乐.jsonl:38
ca_hHVLq6ye,音乐,能乐于参与自己感兴趣的演奏活动，并能与他人合作演奏,乐于参与自己感兴趣的演奏活动，并能与他人合作演奏。,43,"{""min"": ""G10"", ""max"": ""G12""}",disputed,"[""A02""]",deterministic-screen-only,not-adjudicated,anchors/gaozhong-音乐.jsonl:39
ca_szFzD6Pp,音乐,能区分乐队类型，辨识乐曲中主要演奏乐器的音色特点,在聆听优秀器乐作品时，能够感受到乐曲的基本情绪和风格特点，能说出乐曲的基本情况（如曲名、表现形式、流行地域或国家、民族、作曲家等） ；能区分乐队类型，辨识乐曲中主要演奏乐器的音色特点。,43,"{""min"": ""G10"", ""max"": ""G12""}",llm-proposed,"[""A03""]",deterministic-screen-only,not-adjudicated,anchors/gaozhong-音乐.jsonl:40
ca_cYMXDV4c,音乐,能运用某件乐器的基本演奏技能，较流畅地视谱演奏与自己演奏水平相当的乐曲（1~2 首）,能运用某件乐器的基本演奏技能，较流畅地视谱演奏与自己演奏水平相当的乐曲（1~2 首） 。,43,"{""min"": ""G10"", ""max"": ""G12""}",llm-proposed,"[""A03""]",deterministic-screen-only,not-adjudicated,anchors/gaozhong-音乐.jsonl:41
ca_mFELyCwn,音乐,能在集体演奏中与他人合作良好，共同完成乐曲的排演任务（ 1~2首）,在集体演奏中与他人合作良好，共同完成乐曲的排演任务（ 1~2首） 。,43,"{""min"": ""G10"", ""max"": ""G12""}",llm-proposed,"[""A03""]",deterministic-screen-only,not-adjudicated,anchors/gaozhong-音乐.jsonl:42
ca_t65Vwwdr,音乐,能较熟练运用某件乐器的演奏技能，流畅而有表现力地演奏与自己演奏水平相当的乐曲（1~2 首）,能较熟练运用某件乐器的演奏技能，流畅而有表现力地演奏与自己演奏水平相当的乐曲（1~2 首） 。,43,"{""min"": ""G10"", ""max"": ""G12""}",disputed,"[""A02""]",deterministic-screen-only,not-adjudicated,anchors/gaozhong-音乐.jsonl:43
ca_AgcgRCTc,音乐,能在重奏中能承担一个声部的演奏任务，做到与其他声部配合默契,在重奏中能承担一个声部的演奏任务，做到与其他声部配合默契。,43,"{""min"": ""G10"", ""max"": ""G12""}",disputed,"[""A02""]",deterministic-screen-only,not-adjudicated,anchors/gaozhong-音乐.jsonl:44
ca_ved7qmjK,音乐,能按总谱要求，富有表现力地完成合奏曲排演任务（1~2 首）,在合奏中，能按总谱要求，富有表现力地完成合奏曲排演任务（1~2 首） ；在合奏中能关注声部间的和谐与均衡，并对指挥动作做出正确反应。,43,"{""min"": ""G10"", ""max"": ""G12""}",llm-proposed,"[""A03""]",deterministic-screen-only,not-adjudicated,anchors/gaozhong-音乐.jsonl:45
ca_Jxr4C7Q9,音乐,能运用词曲结合的一般方法，为旋律编配歌词及为生活短语和诗词短句编创旋律,能运用词曲结合的一般方法，为旋律编配歌词及为生活短语和诗词短句编创旋律。,44,"{""min"": ""G10"", ""max"": ""G12""}",llm-proposed,"[""A03""]",deterministic-screen-only,not-adjudicated,anchors/gaozhong-音乐.jsonl:46
ca_TMzeW5Mj,音乐,能独立或与他人合作编创一个较完整的音乐片段或短曲（如有乐段感的 2 个乐句）,能独立或与他人合作编创一个较完整的音乐片段或短曲（如有乐段感的 2 个乐句） 。,44,"{""min"": ""G10"", ""max"": ""G12""}",llm-proposed,"[""A03""]",deterministic-screen-only,not-adjudicated,anchors/gaozhong-音乐.jsonl:47
ca_ZUfKWBPn,音乐,能举例说出典范音乐作品中一些常见的创作手法,能举例说出典范音乐作品中一些常见的创作手法。,44,"{""min"": ""G10"", ""max"": ""G12""}",llm-proposed,"[""A03""]",deterministic-screen-only,not-adjudicated,anchors/gaozhong-音乐.jsonl:48
ca_nrErh6zQ,音乐,能运用歌曲创作的一般方法，编创简短歌曲，或为歌曲编配简易（或即兴）伴奏,能运用歌曲创作的一般方法，编创简短歌曲，或为歌曲编配简易（或即兴）伴奏。,44,"{""min"": ""G10"", ""max"": ""G12""}",llm-proposed,"[""A03""]",deterministic-screen-only,not-adjudicated,anchors/gaozhong-音乐.jsonl:49
ca_Je4UPuP5,音乐,能独立或与他人合作编创一个完整的音乐片段或短曲（如 2 或 4 个乐句的乐段）,能独立或与他人合作编创一个完整的音乐片段或短曲（如 2 或 4 个乐句的乐段） 。,44,"{""min"": ""G10"", ""max"": ""G12""}",llm-proposed,"[""A03""]",deterministic-screen-only,not-adjudicated,anchors/gaozhong-音乐.jsonl:50
ca_WYnKmHJX,音乐,能用乐谱记录作品，并通过唱、奏或运用现代信息技术和多媒体技术将自己编创的作品展现出来,能用乐谱记录作品，并通过唱、奏或运用现代信息技术和多媒体技术将自己编创的作品展现出来。,44,"{""min"": ""G10"", ""max"": ""G12""}",llm-proposed,"[""A03""]",deterministic-screen-only,not-adjudicated,anchors/gaozhong-音乐.jsonl:51
ca_9juELYKL,音乐,能在教师指导下从创作的角度对音乐作品做出分析和评价,能在教师指导下从创作的角度对音乐作品做出分析和评价。,44,"{""min"": ""G10"", ""max"": ""G12""}",llm-proposed,"[""A03"", ""A11""]",deterministic-screen-only,not-adjudicated,anchors/gaozhong-音乐.jsonl:52
ca_wUXGD3sh,音乐,能用乐谱较准确地记录编创的作品，并能通过唱、奏或运用电脑软件将自己的习作展现出来,能用乐谱较准确地记录编创的作品，并能通过唱、奏或运用电脑软件将自己的习作展现出来。,44,"{""min"": ""G10"", ""max"": ""G12""}",llm-proposed,"[""A03""]",deterministic-screen-only,not-adjudicated,anchors/gaozhong-音乐.jsonl:53
ca_AUkJzFPN,音乐,能在电脑或其他媒介上尝试运用相关软件进行简单的音乐编创,能在电脑或其他媒介上尝试运用相关软件进行简单的音乐编创。,45,"{""min"": ""G10"", ""max"": ""G12""}",llm-proposed,"[""A03""]",deterministic-screen-only,not-adjudicated,anchors/gaozhong-音乐.jsonl:54
ca_pt2xKRt5,音乐,能对自己或他人编创的音乐作品从创作的角度做出分析和评价,能对自己或他人编创的音乐作品从创作的角度做出分析和评价。,45,"{""min"": ""G10"", ""max"": ""G12""}",llm-proposed,"[""A03""]",deterministic-screen-only,not-adjudicated,anchors/gaozhong-音乐.jsonl:55
ca_JuJnj7sd,音乐,能随音乐表演有代表性舞种（1~2 种）的基本动作或动作组合,能随音乐表演有代表性舞种（1~2 种）的基本动作或动作组合。,45,"{""min"": ""G10"", ""max"": ""G12""}",llm-proposed,"[""A03""]",deterministic-screen-only,not-adjudicated,anchors/gaozhong-音乐.jsonl:56
ca_FLz6qVAY,音乐,能从音乐的风格与特点简要分析音乐与舞蹈的关系，阐述音乐在舞蹈中的作用,能够识别有代表性的中外民族舞、古典舞、现代舞、芭蕾舞等舞种；能从音乐的风格与特点简要分析音乐与舞蹈的关系，阐述音乐在舞蹈中的作用。,45,"{""min"": ""G10"", ""max"": ""G12""}",llm-proposed,"[""A03""]",deterministic-screen-only,not-adjudicated,anchors/gaozhong-音乐.jsonl:57
ca_rze3rYPP,音乐,能随音乐表演有代表性舞种（2~3 种）的基本动作或动作组合,能随音乐表演有代表性舞种（2~3 种）的基本动作或动作组合。,45,"{""min"": ""G10"", ""max"": ""G12""}",llm-proposed,"[""A03""]",deterministic-screen-only,not-adjudicated,anchors/gaozhong-音乐.jsonl:58
ca_cqGvGqJV,音乐,能根据音乐的节奏特点和情绪、情感进行简单的舞蹈编创，或与他人合作进行舞蹈节目的编排与表演,能根据音乐的节奏特点和情绪、情感进行简单的舞蹈编创，或与他人合作进行舞蹈节目的编排与表演。,45,"{""min"": ""G10"", ""max"": ""G12""}",disputed,"[""A02"", ""A13""]",deterministic-screen-only,not-adjudicated,anchors/gaozhong-音乐.jsonl:59
ca_bs2hc2c9,音乐,能举例说明音乐在舞蹈表演中的作用,能够欣赏和评价有代表性的中外民族舞、古典舞、现代舞、芭蕾舞等舞种及音乐的特色和风格；能举例说明音乐在舞蹈表演中的作用。,45,"{""min"": ""G10"", ""max"": ""G12""}",llm-proposed,"[""A03""]",deterministic-screen-only,not-adjudicated,anchors/gaozhong-音乐.jsonl:60
ca_Zp7RUXRF,音乐,能表达音乐的情绪、情感,在独舞或群舞表演中能较好地运用肢体语言表现音乐的特点，表达音乐的情绪、情感。,45,"{""min"": ""G10"", ""max"": ""G12""}",llm-proposed,"[""A03"", ""A13""]",deterministic-screen-only,not-adjudicated,anchors/gaozhong-音乐.jsonl:61
ca_42PFCNq5,音乐,能根据音乐进行舞蹈编创，或设计与之相应的舞蹈动作及队形,初步掌握舞蹈编排的基本常识，能根据音乐进行舞蹈编创，或设计与之相应的舞蹈动作及队形。,45,"{""min"": ""G10"", ""max"": ""G12""}",llm-proposed,"[""A03""]",deterministic-screen-only,not-adjudicated,anchors/gaozhong-音乐.jsonl:62
ca_driCgZtZ,音乐,能大体区分具有代表性的中外戏剧剧种,能大体区分具有代表性的中外戏剧剧种。,46,"{""min"": ""G10"", ""max"": ""G12""}",llm-proposed,"[""A03""]",deterministic-screen-only,not-adjudicated,anchors/gaozhong-音乐.jsonl:63
ca_fHmKFMSB,音乐,能简单分析戏剧音乐的特点以及音乐与剧情发展和剧中人物的关系,在欣赏或排演戏剧时，能简单分析戏剧音乐的特点以及音乐与剧情发展和剧中人物的关系。,46,"{""min"": ""G10"", ""max"": ""G12""}",llm-proposed,"[""A03""]",deterministic-screen-only,not-adjudicated,anchors/gaozhong-音乐.jsonl:64
ca_fejAwNtm,音乐,能在音乐声中有表情地朗诵诗词、寓言和散文,能在音乐声中有表情地朗诵诗词、寓言和散文。,46,"{""min"": ""G10"", ""max"": ""G12""}",llm-proposed,"[""A03""]",deterministic-screen-only,not-adjudicated,anchors/gaozhong-音乐.jsonl:65
ca_CC2Eitwk,音乐,能参与自己感兴趣的戏剧表演活动,能参与自己感兴趣的戏剧表演活动。,46,"{""min"": ""G10"", ""max"": ""G12""}",disputed,"[""A02""]",deterministic-screen-only,not-adjudicated,anchors/gaozhong-音乐.jsonl:66
ca_krrJAHd7,音乐,能简要说出具有代表性的中外戏剧剧种的表演形式和基本特征,能简要说出具有代表性的中外戏剧剧种的表演形式和基本特征。,46,"{""min"": ""G10"", ""max"": ""G12""}",llm-proposed,"[""A03""]",deterministic-screen-only,not-adjudicated,anchors/gaozhong-音乐.jsonl:67
ca_DN2Q6tP6,音乐,能从音乐的特点、戏剧的内容与风格等角度，综合分析音乐与戏剧的关系及音乐在戏剧中的功能和作用,在欣赏或排演戏剧时，能从音乐的特点、戏剧的内容与风格等角度，综合分析音乐与戏剧的关系及音乐在戏剧中的功能和作用。,46,"{""min"": ""G10"", ""max"": ""G12""}",disputed,"[""A02""]",deterministic-screen-only,not-adjudicated,anchors/gaozhong-音乐.jsonl:68
ca_HSx97XeS,音乐,能较完整演唱 1 个短小的京剧或其他戏曲唱段，或跟随录音演唱中外著名歌剧或音乐剧片段（1~2 段）,能较完整演唱 1 个短小的京剧或其他戏曲唱段，或跟随录音演唱中外著名歌剧或音乐剧片段（1~2 段） 。,46,"{""min"": ""G10"", ""max"": ""G12""}",llm-proposed,"[""A03""]",deterministic-screen-only,not-adjudicated,anchors/gaozhong-音乐.jsonl:69
ca_RtbKkXdH,音乐,能在教师指导下与他人合作进行戏剧小品、小型音乐剧或其他形式戏剧的排练与表演（1~2 个）,能在教师指导下与他人合作进行戏剧小品、小型音乐剧或其他形式戏剧的排练与表演（1~2 个） 。,46,"{""min"": ""G10"", ""max"": ""G12""}",disputed,"[""A02"", ""A11""]",deterministic-screen-only,not-adjudicated,anchors/gaozhong-音乐.jsonl:70
ca_zBNPpX42,音乐,能概要说出我国主要的传统戏曲及中外歌剧、音乐剧的起源与发展线索、表演形式和基本特征,能概要说出我国主要的传统戏曲及中外歌剧、音乐剧的起源与发展线索、表演形式和基本特征，能对其重要代表人物的艺术成就及经典戏剧作品（1~2 部）做出简要评述。,46,"{""min"": ""G10"", ""max"": ""G12""}",disputed,"[""A02""]",deterministic-screen-only,not-adjudicated,anchors/gaozhong-音乐.jsonl:71
ca_tjwnKWXq,音乐,能举例说明音乐与戏剧的关系及音乐在戏剧中的功能和作用,能举例说明音乐与戏剧的关系及音乐在戏剧中的功能和作用；能够通过具体的戏剧作品简要阐述戏剧与社会生活、历史文化等的关系。,46,"{""min"": ""G10"", ""max"": ""G12""}",llm-proposed,"[""A03""]",deterministic-screen-only,not-adjudicated,anchors/gaozhong-音乐.jsonl:72
ca_Rw9zkXRs,音乐,能有表情地演唱或表演京剧或其他戏曲唱段、中外著名歌剧或音乐剧片段（1~2 段）,能有表情地演唱或表演京剧或其他戏曲唱段、中外著名歌剧或音乐剧片段（1~2 段） 。,46,"{""min"": ""G10"", ""max"": ""G12""}",llm-proposed,"[""A03""]",deterministic-screen-only,not-adjudicated,anchors/gaozhong-音乐.jsonl:73
ca_jnbuvDrJ,音乐,能参与组织排演戏剧小品、音乐剧或自己编创的课本剧、校园剧或经典戏剧选段,参与组织排演戏剧小品、音乐剧或自己编创的课本剧、校园剧或经典戏剧选段，能在其中担任一个角色，并根据剧本要求与他人合作进行生动的戏剧表演。,46,"{""min"": ""G10"", ""max"": ""G12""}",disputed,"[""A02""]",deterministic-screen-only,not-adjudicated,anchors/gaozhong-音乐.jsonl:74
ca_frpMtQQG,音乐,能在合唱中基本准确演唱自己的声部，力求有一定的艺术表现力,能在合唱中基本准确演唱自己的声部，力求有一定的艺术表现力。,47,"{""min"": ""G10"", ""max"": ""G12""}",disputed,"[""A02""]",deterministic-screen-only,not-adjudicated,anchors/gaozhong-音乐.jsonl:75
ca_yPNNzh8p,音乐,能与他人协同完成教师拟定的学习任务，较完整地演唱简单的合唱作品（2~3 首）,能与他人协同完成教师拟定的学习任务，较完整地演唱简单的合唱作品（2~3 首） 。,47,"{""min"": ""G10"", ""max"": ""G12""}",llm-proposed,"[""A03"", ""A11""]",deterministic-screen-only,not-adjudicated,anchors/gaozhong-音乐.jsonl:76
ca_saswjADV,音乐,能在合唱实践活动中表现出参与的积极性和主动性，善于与他人交流合作,能在合唱实践活动中表现出参与的积极性和主动性，善于与他人交流合作。,47,"{""min"": ""G10"", ""max"": ""G12""}",disputed,"[""A02""]",deterministic-screen-only,not-adjudicated,anchors/gaozhong-音乐.jsonl:77
ca_TUmxV9HR,音乐,能运用恰当的歌唱方法进行演唱,能运用恰当的歌唱方法进行演唱；能在合唱排练与表演中准确演唱自己的声部，并有一定的艺术表现力；能完整地演唱有一定难度的合唱作品（3~4 首） 。,47,"{""min"": ""G10"", ""max"": ""G12""}",disputed,"[""A02""]",deterministic-screen-only,not-adjudicated,anchors/gaozhong-音乐.jsonl:78
ca_iUjPhEVV,音乐,能在合唱排练与表演中准确演唱自己的声部，并有一定的艺术表现力,能运用恰当的歌唱方法进行演唱；能在合唱排练与表演中准确演唱自己的声部，并有一定的艺术表现力；能完整地演唱有一定难度的合唱作品（3~4 首） 。,47,"{""min"": ""G10"", ""max"": ""G12""}",llm-proposed,"[""A03""]",deterministic-screen-only,not-adjudicated,anchors/gaozhong-音乐.jsonl:79
ca_CeHGxfYY,音乐,能完整地演唱有一定难度的合唱作品（3~4 首）,能运用恰当的歌唱方法进行演唱；能在合唱排练与表演中准确演唱自己的声部，并有一定的艺术表现力；能完整地演唱有一定难度的合唱作品（3~4 首） 。,47,"{""min"": ""G10"", ""max"": ""G12""}",llm-proposed,"[""A03""]",deterministic-screen-only,not-adjudicated,anchors/gaozhong-音乐.jsonl:80
ca_7C3y3aEs,音乐,能根据作品和指挥提示进行演唱，在排练和表演中能对指挥的要求做出正确的反应,能根据作品和指挥提示进行演唱，在排练和表演中能对指挥的要求做出正确的反应。,47,"{""min"": ""G10"", ""max"": ""G12""}",llm-proposed,"[""A03""]",deterministic-screen-only,not-adjudicated,anchors/gaozhong-音乐.jsonl:81
ca_EaXKEyG6,音乐,能较熟练地运用合唱的技能与方法，演唱有较高艺术表现力的合唱作品（4~5 首）,积极参加合唱团队，能较熟练地运用合唱的技能与方法，演唱有较高艺术表现力的合唱作品（4~5 首） 。,47,"{""min"": ""G10"", ""max"": ""G12""}",disputed,"[""A02""]",deterministic-screen-only,not-adjudicated,anchors/gaozhong-音乐.jsonl:82
ca_UBgc5Q4s,音乐,能较熟练地识读合唱乐谱,能较熟练地识读合唱乐谱，理解作品的创作意图和表现要求，并对指挥的动作做出敏锐的反应。,47,"{""min"": ""G10"", ""max"": ""G12""}",llm-proposed,"[""A03""]",deterministic-screen-only,not-adjudicated,anchors/gaozhong-音乐.jsonl:83
ca_SFBYHA9x,音乐,能乐于参加合奏实践活动，在集体演奏中能较好地与他人合作,乐于参加合奏实践活动，在集体演奏中能较好地与他人合作。,48,"{""min"": ""G10"", ""max"": ""G12""}",disputed,"[""A02""]",deterministic-screen-only,not-adjudicated,anchors/gaozhong-音乐.jsonl:84
ca_vjf8sbLk,音乐,能在集体演奏中能正确地视谱奏出自己的声部，并力求有一定的艺术表现力,在集体演奏中能正确地视谱奏出自己的声部，并力求有一定的艺术表现力。,48,"{""min"": ""G10"", ""max"": ""G12""}",disputed,"[""A02""]",deterministic-screen-only,not-adjudicated,anchors/gaozhong-音乐.jsonl:85
ca_GqGLxS2T,音乐,能与他人协同完成教师拟定的学习任务，较完整地演奏简单的合奏作品（1~2 首）,能与他人协同完成教师拟定的学习任务，较完整地演奏简单的合奏作品（1~2 首） 。,48,"{""min"": ""G10"", ""max"": ""G12""}",llm-proposed,"[""A03"", ""A11""]",deterministic-screen-only,not-adjudicated,anchors/gaozhong-音乐.jsonl:86
ca_AScmcTKH,音乐,能在集体演奏实践活动中表现出参与的积极性和主动性，善于与他人交流合作,能在集体演奏实践活动中表现出参与的积极性和主动性，善于与他人交流合作。,48,"{""min"": ""G10"", ""max"": ""G12""}",disputed,"[""A02""]",deterministic-screen-only,not-adjudicated,anchors/gaozhong-音乐.jsonl:87
ca_CNjXJvxF,音乐,能运用恰当的演奏方法进行演奏,能运用恰当的演奏方法进行演奏；能在合奏排练与表演中准确演奏自己的声部，并有一定的艺术表现力；能完整演奏有一定难度的合奏作品（2~3 首） 。,48,"{""min"": ""G10"", ""max"": ""G12""}",disputed,"[""A02""]",deterministic-screen-only,not-adjudicated,anchors/gaozhong-音乐.jsonl:88
ca_B4SUw8v5,音乐,能在合奏排练与表演中准确演奏自己的声部，并有一定的艺术表现力,能运用恰当的演奏方法进行演奏；能在合奏排练与表演中准确演奏自己的声部，并有一定的艺术表现力；能完整演奏有一定难度的合奏作品（2~3 首） 。,48,"{""min"": ""G10"", ""max"": ""G12""}",llm-proposed,"[""A03""]",deterministic-screen-only,not-adjudicated,anchors/gaozhong-音乐.jsonl:89
ca_ZmZw7kBL,音乐,能完整演奏有一定难度的合奏作品（2~3 首）,能运用恰当的演奏方法进行演奏；能在合奏排练与表演中准确演奏自己的声部，并有一定的艺术表现力；能完整演奏有一定难度的合奏作品（2~3 首） 。,48,"{""min"": ""G10"", ""max"": ""G12""}",llm-proposed,"[""A03""]",deterministic-screen-only,not-adjudicated,anchors/gaozhong-音乐.jsonl:90
ca_vmaAt8Gm,音乐,能根据乐谱和指挥提示进行演奏，在排练和表演中能对指挥的要求做出正确的反应,能根据乐谱和指挥提示进行演奏，在排练和表演中能对指挥的要求做出正确的反应。,48,"{""min"": ""G10"", ""max"": ""G12""}",llm-proposed,"[""A03""]",deterministic-screen-only,not-adjudicated,anchors/gaozhong-音乐.jsonl:91
ca_yBEUYT44,音乐,能较熟练地运用演奏的技能与方法，演奏有较高艺术表现力的合奏作品（3~4 首）,积极参加乐团或乐队，能较熟练地运用演奏的技能与方法，演奏有较高艺术表现力的合奏作品（3~4 首） 。,48,"{""min"": ""G10"", ""max"": ""G12""}",disputed,"[""A02""]",deterministic-screen-only,not-adjudicated,anchors/gaozhong-音乐.jsonl:92
ca_GCaGwNTJ,音乐,能较熟练地识读合奏乐谱,能较熟练地识读合奏乐谱，理解作品的创作意图和表现要求，并对指挥的动作做出敏锐的反应；能根据自己对作品的感悟和理解，发表对作品艺术处理的意见。,48,"{""min"": ""G10"", ""max"": ""G12""}",disputed,"[""A02""]",deterministic-screen-only,not-adjudicated,anchors/gaozhong-音乐.jsonl:93
ca_PUZkj7EZ,音乐,能与他人协同完成教师拟定的学习任务，较完整地集体表演舞蹈作品（2~3 个）,能与他人协同完成教师拟定的学习任务，较完整地集体表演舞蹈作品（2~3 个） 。,48,"{""min"": ""G10"", ""max"": ""G12""}",disputed,"[""A02"", ""A11""]",deterministic-screen-only,not-adjudicated,anchors/gaozhong-音乐.jsonl:94
ca_P2NvPKcS,音乐,能在舞蹈实践活动中表现出参与的积极性和主动性，善于与他人交流合作,能在舞蹈实践活动中表现出参与的积极性和主动性，善于与他人交流合作。,49,"{""min"": ""G10"", ""max"": ""G12""}",disputed,"[""A02""]",deterministic-screen-only,not-adjudicated,anchors/gaozhong-音乐.jsonl:95
ca_3TJWACrB,音乐,能较熟练地运用舞蹈的方法和技能较完整地表现舞蹈作品（ 3~4 个）,舞蹈时能用音乐带动动作，做到动作与音乐的较好结合，能较熟练地运用舞蹈的方法和技能较完整地表现舞蹈作品（ 3~4 个） 。,49,"{""min"": ""G10"", ""max"": ""G12""}",disputed,"[""A02""]",deterministic-screen-only,not-adjudicated,anchors/gaozhong-音乐.jsonl:96
ca_MVpeBVqL,音乐,能根据舞蹈表现要求和排练指导提示进行舞蹈表演，能较准确地把握和表达所跳舞蹈的风格和体态韵味,能根据舞蹈表现要求和排练指导提示进行舞蹈表演，能较准确地把握和表达所跳舞蹈的风格和体态韵味。,49,"{""min"": ""G10"", ""max"": ""G12""}",llm-proposed,"[""A03""]",deterministic-screen-only,not-adjudicated,anchors/gaozhong-音乐.jsonl:97
ca_LcRnkJyM,音乐,能熟练地运用舞蹈的技能与方法有表现力地集体表演舞蹈（4~5 个）,积极参加舞蹈团队，能熟练地运用舞蹈的技能与方法有表现力地集体表演舞蹈（4~5 个） 。,49,"{""min"": ""G10"", ""max"": ""G12""}",llm-proposed,"[""A03""]",deterministic-screen-only,not-adjudicated,anchors/gaozhong-音乐.jsonl:98
ca_pJK4EC2x,音乐,能在舞蹈排演中能做到动作与音乐很好结合,在舞蹈排演中能做到动作与音乐很好结合，能较好地把握所跳舞蹈的风格与韵律，舞姿优美，动作流畅，形神兼备，追求美感与表现力。,49,"{""min"": ""G10"", ""max"": ""G12""}",disputed,"[""A02""]",deterministic-screen-only,not-adjudicated,anchors/gaozhong-音乐.jsonl:99
ca_EuLS2Vxf,音乐,能与舞伴密切合作、协调配合，富有艺术感染力地共同完成集体舞蹈的艺术创造,在群舞中能理解舞蹈作品的表现意图和要求，能够根据自己对作品的感悟和理解，发表对作品艺术处理的意见；能与舞伴密切合作、协调配合，富有艺术感染力地共同完成集体舞蹈的艺术创造。,49,"{""min"": ""G10"", ""max"": ""G12""}",llm-proposed,"[""A03""]",deterministic-screen-only,not-adjudicated,anchors/gaozhong-音乐.jsonl:100
ca_7sp8MP2X,音乐,能在戏剧表演中能根据剧情需要进行恰当的表现，并力求有一定的艺术表现力,在戏剧表演中能根据剧情需要进行恰当的表现，并力求有一定的艺术表现力。,49,"{""min"": ""G10"", ""max"": ""G12""}",disputed,"[""A02""]",deterministic-screen-only,not-adjudicated,anchors/gaozhong-音乐.jsonl:101
ca_zeKygadX,音乐,能与他人协同完成教师拟定的学习任务，较完整地表演戏剧作品（包括朗诵）1~2 个（段）,能与他人协同完成教师拟定的学习任务，较完整地表演戏剧作品（包括朗诵）1~2 个（段） 。,49,"{""min"": ""G10"", ""max"": ""G12""}",disputed,"[""A02"", ""A11""]",deterministic-screen-only,not-adjudicated,anchors/gaozhong-音乐.jsonl:102
ca_snQez5C6,音乐,能在戏剧实践活动中表现出参与的积极性和主动性，善于与他人交流合作,在戏剧实践活动中表现出参与的积极性和主动性，善于与他人交流合作。,49,"{""min"": ""G10"", ""max"": ""G12""}",disputed,"[""A02""]",deterministic-screen-only,not-adjudicated,anchors/gaozhong-音乐.jsonl:103
ca_ntVPkbS6,音乐,能较好地与他人合作、相互配合，完成戏剧作品的排练与表演,能较好地与他人合作、相互配合，完成戏剧作品的排练与表演；表演中能较准确地把握剧情，根据剧情需要和戏剧特点富有表现力地进行角色创造，较完整地表演戏剧作品 2~3 个（段） 。,49,"{""min"": ""G10"", ""max"": ""G12""}",llm-proposed,"[""A03""]",deterministic-screen-only,not-adjudicated,anchors/gaozhong-音乐.jsonl:104
ca_pSmAReCq,音乐,能表演中能较准确地把握剧情，根据剧情需要和戏剧特点富有表现力地进行角色创造，较完整地表演戏剧作品 2~3 个（段）,能较好地与他人合作、相互配合，完成戏剧作品的排练与表演；表演中能较准确地把握剧情，根据剧情需要和戏剧特点富有表现力地进行角色创造，较完整地表演戏剧作品 2~3 个（段） 。,49,"{""min"": ""G10"", ""max"": ""G12""}",disputed,"[""A02""]",deterministic-screen-only,not-adjudicated,anchors/gaozhong-音乐.jsonl:105
ca_yatkXzTv,音乐,能完整地表演戏剧作品 3~4 个（段）,积极参加戏剧社团，能完整地表演戏剧作品 3~4 个（段） 。,50,"{""min"": ""G10"", ""max"": ""G12""}",disputed,"[""A02""]",deterministic-screen-only,not-adjudicated,anchors/gaozhong-音乐.jsonl:106
ca_ksAfB69V,音乐,能在排演中能够根据自己对作品的感悟和理解，发表对作品艺术处理的意见，富有艺术感染力地与他人共同完成戏剧艺术的集体创造,能很好地与他人密切合作，进行戏剧排练与表演；在排演中能够根据自己对作品的感悟和理解，发表对作品艺术处理的意见，富有艺术感染力地与他人共同完成戏剧艺术的集体创造。,50,"{""min"": ""G10"", ""max"": ""G12""}",disputed,"[""A02""]",deterministic-screen-only,not-adjudicated,anchors/gaozhong-音乐.jsonl:107
ca_T7E6MBSG,音乐,能运用音乐学常识，对社会生活中的一些音乐现象做出初步分析和简要评价,能运用音乐学常识，对社会生活中的一些音乐现象做出初步分析和简要评价。,50,"{""min"": ""G10"", ""max"": ""G12""}",disputed,"[""A02""]",deterministic-screen-only,not-adjudicated,anchors/gaozhong-音乐.jsonl:108
ca_ERmaSMrM,音乐,能运用所学的音乐基础理论知识，感知、表现和解读音乐,在音乐鉴赏活动中，能运用所学的音乐基础理论知识，感知、表现和解读音乐。,50,"{""min"": ""G10"", ""max"": ""G12""}",disputed,"[""A02""]",deterministic-screen-only,not-adjudicated,anchors/gaozhong-音乐.jsonl:109
ca_2D7JR8ju,音乐,能运用所学的音乐学常识，更准确地表现音乐，表达思想感情,在歌唱、演奏等实践活动中，能运用所学的音乐学常识，更准确地表现音乐，表达思想感情；能对音乐作品或社会音乐现象进行综合分析与评价。,50,"{""min"": ""G10"", ""max"": ""G12""}",disputed,"[""A02""]",deterministic-screen-only,not-adjudicated,anchors/gaozhong-音乐.jsonl:110
ca_SEuLH8fG,音乐,能对音乐作品或社会音乐现象进行综合分析与评价,在歌唱、演奏等实践活动中，能运用所学的音乐学常识，更准确地表现音乐，表达思想感情；能对音乐作品或社会音乐现象进行综合分析与评价。,50,"{""min"": ""G10"", ""max"": ""G12""}",disputed,"[""A02""]",deterministic-screen-only,not-adjudicated,anchors/gaozhong-音乐.jsonl:111
ca_x6PZEdKi,音乐,能从音乐学的角度对音乐作品或社会音乐现象等进行有个人见解的分析与评价,能从音乐学的角度对音乐作品或社会音乐现象等进行有个人见解的分析与评价。,50,"{""min"": ""G10"", ""max"": ""G12""}",llm-proposed,"[""A03""]",deterministic-screen-only,not-adjudicated,anchors/gaozhong-音乐.jsonl:112
ca_Y2NpmRzT,音乐,能进行无升降号的单音听辨、基本节奏型听辨，并能准确模唱出来,能进行无升降号的单音听辨、基本节奏型听辨，并能准确模唱出来。,51,"{""min"": ""G10"", ""max"": ""G12""}",llm-proposed,"[""A03""]",deterministic-screen-only,not-adjudicated,anchors/gaozhong-音乐.jsonl:113
ca_8BPzqECa,音乐,能听辨 C 大调一个八度内单个的大、小三和弦（ 3~5 组） ，并用乐谱准确记录下来,能听辨 C 大调一个八度内单个的大、小三和弦（ 3~5 组） ，并用乐谱准确记录下来。,51,"{""min"": ""G10"", ""max"": ""G12""}",llm-proposed,"[""A03""]",deterministic-screen-only,not-adjudicated,anchors/gaozhong-音乐.jsonl:114
ca_qP5CTZTX,地理,能运用图片、影视资料以及数字技术等手段描述地球的宇宙环境及在太阳系中的位置,·运用图片、影视资料以及数字技术等手段，描述地球的宇宙环境、地球在太阳系中的位置，认识地球是人类唯一的家园。,15,"{""min"": ""G7"", ""max"": ""G7""}",ai-reviewed,"[""A09""]",deterministic-screen-only,not-adjudicated,anchors/geography.jsonl:1
ca_g97QAnEF,地理,运用地球仪或软件，演示地球的自转运动,• 运用地球仪或软件，演示地球的自转运动，说出地球的自转方向、周期。,16,"{""min"": ""G7"", ""max"": ""G9""}",ai-reviewed,[],deterministic-screen-only,not-adjudicated,anchors/geography.jsonl:3
ca_SbE6UuQr,地理,学习本主题后，学生能够自主演示地球的自转和公转运动,学习本主题后，学生能够自主演示地球的自转和公转运动，归纳地球的运动规律，并用现实世界中的事例证明地球运动的存在，形成尊重客观事实的科学态度；,17,"{""min"": ""G7"", ""max"": ""G9""}",ai-reviewed,"[""A09""]",deterministic-screen-only,not-adjudicated,anchors/geography.jsonl:4
ca_wy2TaEP8,地理,学习本主题后，学生能够运用地地图及其他地理工具，从不同媒体及生活体验中获取并运用有关中国地理的信息资料,学习本主题后，学生能够运用地地图及其他地理工具，从不同媒体及生活体验中获取并运用有关中国地理的信息资料，描述和说明中国基本的地理面貌，表达热爱祖国的情感；,25,"{""min"": ""G7"", ""max"": ""G9""}",ai-reviewed,"[""A09""]",deterministic-screen-only,not-adjudicated,anchors/geography.jsonl:11
ca_MuAWbS9N,地理,能够描述中国不同地区的主要地理特征,能够描述中国不同地区的主要地理特征，比较区域差异，从区域的视角说明人类活动与自然环境和资源的关系，初步形成因地制宜的发展观念；,25,"{""min"": ""G7"", ""max"": ""G9""}",ai-reviewed,[],deterministic-screen-only,not-adjudicated,anchors/geography.jsonl:12
ca_U5G7KYQT,地理,能够阅读和提取地图上的地理信息，并利用地理信息说明和分析地理事物和现象,能够阅读和提取地图上的地理信息，并利用地理信息说明和分析地理事物和现象；,27,"{""min"": ""G7"", ""max"": ""G9""}",ai-reviewed,"[""A09""]",deterministic-screen-only,not-adjudicated,anchors/geography.jsonl:15
ca_swi5HiXG,地理,能够秉持区域协调发展的观点，针对某区域出现的人地关系问题进行初步分析，并提出自己解决问题的思路（人地协调观）,能够秉持区域协调发展的观点，针对某区域出现的人地关系问题进行初步分析，并提出自己解决问题的思路（人地协调观）；,39,"{""min"": ""G7"", ""max"": ""G9""}",ai-reviewed,[],deterministic-screen-only,not-adjudicated,anchors/geography.jsonl:19
ca_uoP5DE2w,地理,能说出地球是人类唯一的家园,认识地球是人类唯一的家园,15,"{""min"": ""G7"", ""max"": ""G9""}",ai-adjudicated,[],deterministic-screen-only,not-adjudicated,anchors/geography.jsonl:20
ca_6o9ZcpDx,地理,能说出地球的自转方向是自西向东,说出地球的自转方向、周期。,16,"{""min"": ""G7"", ""max"": ""G9""}",ai-adjudicated,[],deterministic-screen-only,not-adjudicated,anchors/geography.jsonl:21
ca_Y8wZyZl7,地理,能说出地球的自转周期是一天,说出地球的自转方向、周期。,16,"{""min"": ""G7"", ""max"": ""G9""}",ai-adjudicated,[],deterministic-screen-only,not-adjudicated,anchors/geography.jsonl:22
ca_YGVcAq67,地理,能结合实例说出地球自转产生的主要自然现象及其对人们生产生活的影响,结合实例，说出地球自转产生的主要自然现象及其对人们生产生活的影响,16,"{""min"": ""G7"", ""max"": ""G9""}",ai-reviewed,[],deterministic-screen-only,not-adjudicated,anchors/geography.jsonl:23
ca_ME67hCLx,地理,能说出地球自转对人们生产生活的影响是产生时差,结合实例，说出地球自转产生的主要自然现象及其对人们生产生活的影响,16,"{""min"": ""G7"", ""max"": ""G9""}",ai-adjudicated,[],deterministic-screen-only,not-adjudicated,anchors/geography.jsonl:24
ca_V1bDl6PB,地理,能运用模型或软件演示地球的公转运动,运用模型或软件，演示地球的公转运动，说出地球的公转方向、周期。,17,"{""min"": ""G7"", ""max"": ""G9""}",ai-reviewed,[],deterministic-screen-only,not-adjudicated,anchors/geography.jsonl:25
ca_F6t88f6l,地理,能说出地球的公转周期是一年,运用模型或软件，演示地球的公转运动，说出地球的公转方向、周期。,17,"{""min"": ""G7"", ""max"": ""G9""}",ai-adjudicated,[],deterministic-screen-only,not-adjudicated,anchors/geography.jsonl:26
ca_1NxTWr9t,地理,能运用地图描述中国的地理位置与疆域特征,运用地图，描述中国的地理位置与疆域特征，说明南海诸岛是中国领土的组成部分，钓鱼岛及其附属岛屿是中国固有领土，增强国家版图意识与海洋权益意识。,23,"{""min"": ""G7"", ""max"": ""G9""}",ai-reviewed,[],deterministic-screen-only,not-adjudicated,anchors/geography.jsonl:27
ca_tDKEo7MP,地理,能说出钓鱼岛及其附属岛屿是中国固有领土,运用地图，描述中国的地理位置与疆域特征，说明南海诸岛是中国领土的组成部分，钓鱼岛及其附属岛屿是中国固有领土，增强国家版图意识与海洋权益意识。,23,"{""min"": ""G7"", ""max"": ""G9""}",ai-adjudicated,[],deterministic-screen-only,not-adjudicated,anchors/geography.jsonl:28
ca_8e2HL7IO,地理,能运用中国行政区划图识别34个省级行政区，并记住它们的简称和行政中心,运用中国行政区划图，识别34个省级行政区，记住它们的简称和行政中心。,23,"{""min"": ""G7"", ""max"": ""G9""}",ai-reviewed,[],deterministic-screen-only,not-adjudicated,anchors/geography.jsonl:29
ca_JU8VYOAW,地理,能说出秦岭—淮河是重要的自然地理界线,运用地图、图像等资料，说明秦岭—淮河等重要自然地理界线在地理分区中的意义。,24,"{""min"": ""G7"", ""max"": ""G9""}",ai-reviewed,[],deterministic-screen-only,not-adjudicated,anchors/geography.jsonl:30
ca_czeKLJBd,地理,能运用地图和相关资料说明台湾自古以来就是中国不可分割的领土,运用地图和相关资料，说明台湾的自然地理、历史文化传统和经济建设特点，认识台湾自古以来就是中国不可分割的领土，以及促进海峡两岸经济社会融合发展的意义。,24,"{""min"": ""G7"", ""max"": ""G9""}",ai-reviewed,[],deterministic-screen-only,not-adjudicated,anchors/geography.jsonl:31
ca_hwIEiZzP,地理,能说出划分南北半球、东西半球的依据是经线和纬线,午线等，说出划分南北半球、东西半球的依据。,27,"{""min"": ""G7"", ""max"": ""G9""}",ai-adjudicated,[],deterministic-screen-only,not-adjudicated,anchors/geography.jsonl:32
ca_4ZGvS7h2,地理,能说出湿地通常是指地表过湿或经常积水、生长湿地生物的地区,湿地通常是指地表过湿或经常积水、生长湿地生物的地区。,30,"{""min"": ""G7"", ""max"": ""G9""}",ai-adjudicated,[],deterministic-screen-only,not-adjudicated,anchors/geography.jsonl:33
ca_vSydX28y,地理,能说出湿地公园是以湿地良好的生态环境和多样化湿地景观资源为基础的生态型主题公园,湿地公园是以湿地良好的生态环境和多样化湿地景观资源为基础，以湿地的科普宣教、湿地功能利用、弘扬湿地文化等为主题的生态型主题公园。,30,"{""min"": ""G7"", ""max"": ""G9""}",ai-adjudicated,[],deterministic-screen-only,not-adjudicated,anchors/geography.jsonl:34
ca_E7sji1RA,地理,能说出调查家乡的地理环境及人们的社会生活是活动任务之一,一是调查家乡的地理环境及人们的社会生活,34,"{""min"": ""G7"", ""max"": ""G9""}",ai-reviewed,[],deterministic-screen-only,not-adjudicated,anchors/geography.jsonl:37
ca_iW6Cc6PB,地理,能运用图片、影视资料以及数字技术等手段描述地球的宇宙环境,·运用图片、影视资料以及数字技术等手段，描述地球的宇宙环境、地球在太阳系中的位置，认识地球是人类唯一的家园。,15,"{""min"": ""G7"", ""max"": ""G7""}",ai-reviewed,[],deterministic-screen-only,not-adjudicated,anchors/geography.jsonl:38
ca_MGCRg7Z5,地理,能运用图片、影视资料以及数字技术等手段描述地球在太阳系中的位置,·运用图片、影视资料以及数字技术等手段，描述地球的宇宙环境、地球在太阳系中的位置，认识地球是人类唯一的家园。,15,"{""min"": ""G7"", ""max"": ""G7""}",ai-reviewed,[],deterministic-screen-only,not-adjudicated,anchors/geography.jsonl:39
ca_XcmsG28t,地理,学生能够自主演示地球的自转运动,学习本主题后，学生能够自主演示地球的自转和公转运动，归纳地球的运动规律，并用现实世界中的事例证明地球运动的存在，形成尊重客观事实的科学态度；,17,"{""min"": ""G7"", ""max"": ""G9""}",ai-reviewed,[],deterministic-screen-only,not-adjudicated,anchors/geography.jsonl:40
ca_crKsH96d,地理,学生能够自主演示地球的公转运动,学习本主题后，学生能够自主演示地球的自转和公转运动，归纳地球的运动规律，并用现实世界中的事例证明地球运动的存在，形成尊重客观事实的科学态度；,17,"{""min"": ""G7"", ""max"": ""G9""}",ai-reviewed,[],deterministic-screen-only,not-adjudicated,anchors/geography.jsonl:41
ca_BVHBX7Rk,地理,学生能够运用地地图及其他地理工具，从不同媒体及生活体验中获取有关中国地理的信息资料,学习本主题后，学生能够运用地地图及其他地理工具，从不同媒体及生活体验中获取并运用有关中国地理的信息资料，描述和说明中国基本的地理面貌，表达热爱祖国的情感；,25,"{""min"": ""G7"", ""max"": ""G9""}",ai-reviewed,[],deterministic-screen-only,not-adjudicated,anchors/geography.jsonl:42
ca_Yn4i2vR7,地理,学生能够运用地地图及其他地理工具，从不同媒体及生活体验中运用有关中国地理的信息资料,学习本主题后，学生能够运用地地图及其他地理工具，从不同媒体及生活体验中获取并运用有关中国地理的信息资料，描述和说明中国基本的地理面貌，表达热爱祖国的情感；,25,"{""min"": ""G7"", ""max"": ""G9""}",ai-reviewed,[],deterministic-screen-only,not-adjudicated,anchors/geography.jsonl:43
ca_J8BGeCUf,地理,能够阅读和提取地图上的地理信息,能够阅读和提取地图上的地理信息，并利用地理信息说明和分析地理事物和现象；,27,"{""min"": ""G7"", ""max"": ""G9""}",ai-reviewed,[],deterministic-screen-only,not-adjudicated,anchors/geography.jsonl:44
ca_EWqy7sdy,地理,利用地理信息说明和分析地理事物和现象,能够阅读和提取地图上的地理信息，并利用地理信息说明和分析地理事物和现象；,27,"{""min"": ""G7"", ""max"": ""G9""}",ai-reviewed,[],deterministic-screen-only,not-adjudicated,anchors/geography.jsonl:45
ca_7MqFXK3Y,地理,能在地图上指出钓鱼岛及其附属岛屿的位置,运用地图，描述中国的地理位置与疆域特征，说明南海诸岛是中国领土的组成部分，钓鱼岛及其附属岛屿是中国固有领土，增强国家版图意识与海洋权益意识。,23,"{""min"": ""G7"", ""max"": ""G9""}",ai-reviewed,"[""A04""]",deterministic-screen-only,not-adjudicated,anchors/geography.jsonl:46
ca_JuHQMByp,地理,能说明钓鱼岛及其附属岛屿是中国固有领土,运用地图，描述中国的地理位置与疆域特征，说明南海诸岛是中国领土的组成部分，钓鱼岛及其附属岛屿是中国固有领土，增强国家版图意识与海洋权益意识。,23,"{""min"": ""G7"", ""max"": ""G9""}",ai-reviewed,"[""A04""]",deterministic-screen-only,not-adjudicated,anchors/geography.jsonl:47
ca_gKbA7ZXw,地理,能结合定义说出湿地公园的生态基础,湿地公园是以湿地良好的生态环境和多样化湿地景观资源为基础，以湿地的科普宣教、湿地功能利用、弘扬湿地文化等为主题的生态型主题公园。,30,"{""min"": ""G7"", ""max"": ""G9""}",ai-reviewed,"[""A04""]",deterministic-screen-only,not-adjudicated,anchors/geography.jsonl:48
ca_cX7LLMDU,地理,能结合定义说出湿地公园的三个主要功能主题,湿地公园是以湿地良好的生态环境和多样化湿地景观资源为基础，以湿地的科普宣教、湿地功能利用、弘扬湿地文化等为主题的生态型主题公园。,30,"{""min"": ""G7"", ""max"": ""G9""}",ai-reviewed,"[""A04""]",deterministic-screen-only,not-adjudicated,anchors/geography.jsonl:49
ca_bgX8PUfD,地理,能够运用地球科学的基础知识,学习本模块之后，学生能够运用地理信息技术或其他地理工具，观察、识别、描述与地貌、大气、水、土壤、植被等有关的自然现象；具备一定的运用考察、实验、调查等方式进行科学探究的意识和能力（地理实践力）。能够运用地球科学的基础知识，说明一些自然现象之间的关系和变化过程 （综合思维）。能够在一定程度上合理描述和解释特定区域的自然现象，并说明其对人类的影响 （区域认知、人地协调观）。本模块主要包括四方面内容：人口，城镇和乡村，产业区位选择，环境与发展。本模块旨在帮助学生了解基本社会经济活动的空间特点，树立绿色发展、共同发展、人地协调发展的观念。,17,"{""min"": ""G10"", ""max"": ""G12""}",disputed,"[""A02""]",deterministic-screen-only,not-adjudicated,anchors/geography.jsonl:50
ca_PXyzE32q,地理,能够在一定程度上合理描述和解释特定区域的自然现象，并说明其对人类的影响,学习本模块之后，学生能够运用地理信息技术或其他地理工具，观察、识别、描述与地貌、大气、水、土壤、植被等有关的自然现象；具备一定的运用考察、实验、调查等方式进行科学探究的意识和能力（地理实践力）。能够运用地球科学的基础知识，说明一些自然现象之间的关系和变化过程 （综合思维）。能够在一定程度上合理描述和解释特定区域的自然现象，并说明其对人类的影响 （区域认知、人地协调观）。本模块主要包括四方面内容：人口，城镇和乡村，产业区位选择，环境与发展。本模块旨在帮助学生了解基本社会经济活动的空间特点，树立绿色发展、共同发展、人地协调发展的观念。,17,"{""min"": ""G10"", ""max"": ""G12""}",ai-reviewed,[],deterministic-screen-only,not-adjudicated,anchors/geography.jsonl:51
ca_BxAU4FZe,地理,能够描述人文地理事物的空间现象及其变化,学习本模块之后，学生能够运用地理信息技术或其他地理工具，收集和呈现人口、城镇、产业活动等人文地理数据、图表和地图（地理实践力）。能够描述人文地理事物的空间现象及其变化，解释不同地方的人们对产业活动进行区位选择的依据 （综合思维、区域认知）。能够形成判断人类活动与资源环境问题关系的初步意识 （人地,19,"{""min"": ""G10"", ""max"": ""G12""}",ai-reviewed,[],deterministic-screen-only,not-adjudicated,anchors/geography.jsonl:52
ca_47E55bkC,地理,能解释不同地方的人们对产业活动进行区位选择的依据,学习本模块之后，学生能够运用地理信息技术或其他地理工具，收集和呈现人口、城镇、产业活动等人文地理数据、图表和地图（地理实践力）。能够描述人文地理事物的空间现象及其变化，解释不同地方的人们对产业活动进行区位选择的依据 （综合思维、区域认知）。能够形成判断人类活动与资源环境问题关系的初步意识 （人地,19,"{""min"": ""G10"", ""max"": ""G12""}",ai-reviewed,[],deterministic-screen-only,not-adjudicated,anchors/geography.jsonl:53
ca_BtCdCCgz,地理,能够形成判断人类活动与资源环境问题关系的初步意识,学习本模块之后，学生能够运用地理信息技术或其他地理工具，收集和呈现人口、城镇、产业活动等人文地理数据、图表和地图（地理实践力）。能够描述人文地理事物的空间现象及其变化，解释不同地方的人们对产业活动进行区位选择的依据 （综合思维、区域认知）。能够形成判断人类活动与资源环境问题关系的初步意识 （人地,19,"{""min"": ""G10"", ""max"": ""G12""}",disputed,"[""A02""]",deterministic-screen-only,not-adjudicated,anchors/geography.jsonl:54
ca_65tXsYAd,地理,能分析现实世界的一些自然现象、过程及其对人类活动的影响,学习本模块之后，学生能够运用地理信息技术或其他地理工具，结合地球运动、自然环境要素的物质运动和能量交换，以及自然地理基本过程，分析现实世界的一些自然现象、过程及其对人类活动的影响（综合思维、地理实践力）。能够运用地球运动、自然环境的整体性等知识，说明自然环境与人类活动之间的关系，以及尊重自然规律的重要性（人地协调观）。能够运用自然环境的整体性和地域分异规律，认识区域的自然环境，掌握因地制宜等基本地理思想方法（区域选择性必修2 区域发展本模块主要包括三方面内容：区域的概念和类型，区域发展，区域协调。本模块旨在帮助学生了解区域特征及发展路径，理解区域创新发展和转型发展的重要意义，树立因地制宜、人地和谐的区域协调发展观。,20,"{""min"": ""G10"", ""max"": ""G12""}",ai-reviewed,[],deterministic-screen-only,not-adjudicated,anchors/geography.jsonl:55
ca_7wsrfzgY,地理,能够运用地球运动、自然环境的整体性等知识,学习本模块之后，学生能够运用地理信息技术或其他地理工具，结合地球运动、自然环境要素的物质运动和能量交换，以及自然地理基本过程，分析现实世界的一些自然现象、过程及其对人类活动的影响（综合思维、地理实践力）。能够运用地球运动、自然环境的整体性等知识，说明自然环境与人类活动之间的关系，以及尊重自然规律的重要性（人地协调观）。能够运用自然环境的整体性和地域分异规律，认识区域的自然环境，掌握因地制宜等基本地理思想方法（区域选择性必修2 区域发展本模块主要包括三方面内容：区域的概念和类型，区域发展，区域协调。本模块旨在帮助学生了解区域特征及发展路径，理解区域创新发展和转型发展的重要意义，树立因地制宜、人地和谐的区域协调发展观。,20,"{""min"": ""G10"", ""max"": ""G12""}",disputed,"[""A02""]",deterministic-screen-only,not-adjudicated,anchors/geography.jsonl:56
ca_aM5dbqBM,地理,能够运用自然环境的整体性和地域分异规律,学习本模块之后，学生能够运用地理信息技术或其他地理工具，结合地球运动、自然环境要素的物质运动和能量交换，以及自然地理基本过程，分析现实世界的一些自然现象、过程及其对人类活动的影响（综合思维、地理实践力）。能够运用地球运动、自然环境的整体性等知识，说明自然环境与人类活动之间的关系，以及尊重自然规律的重要性（人地协调观）。能够运用自然环境的整体性和地域分异规律，认识区域的自然环境，掌握因地制宜等基本地理思想方法（区域选择性必修2 区域发展本模块主要包括三方面内容：区域的概念和类型，区域发展，区域协调。本模块旨在帮助学生了解区域特征及发展路径，理解区域创新发展和转型发展的重要意义，树立因地制宜、人地和谐的区域协调发展观。,20,"{""min"": ""G10"", ""max"": ""G12""}",disputed,"[""A02""]",deterministic-screen-only,not-adjudicated,anchors/geography.jsonl:57
ca_WEbWfYNE,地理,能比较、归纳不同区域发展的异同,学习本模块之后，学生能够运用地理信息技术或其他地理工具，通过案例分析、数据采集、实地调查等方式，比较、归纳不同区域发展的异同（地理实践力）。能够根据不同类型区域的发展条件和现状，分类思考和分析区域发展问题及原因 （综合思维、区域认知）。能够从人地协调的角度，对不同类型区域的发展路径作出简要解释（人地协调观）。选择性必修3 资源、环境与国家安全本模块主要包括三方面内容：自然资源开发利用，环境保护，资源、环境对国家安全的重要意义。本模块旨在帮助学生了解资源、环境与国家安全的关系，增强保护资源与环境的意识，树立维护国家安全、发展利益的观念。,22,"{""min"": ""G10"", ""max"": ""G12""}",ai-reviewed,[],deterministic-screen-only,not-adjudicated,anchors/geography.jsonl:58
ca_Wa5mWSNs,地理,能够根据不同类型区域的发展条件和现状，分类思考和分析区域发展问题及原因,学习本模块之后，学生能够运用地理信息技术或其他地理工具，通过案例分析、数据采集、实地调查等方式，比较、归纳不同区域发展的异同（地理实践力）。能够根据不同类型区域的发展条件和现状，分类思考和分析区域发展问题及原因 （综合思维、区域认知）。能够从人地协调的角度，对不同类型区域的发展路径作出简要解释（人地协调观）。选择性必修3 资源、环境与国家安全本模块主要包括三方面内容：自然资源开发利用，环境保护，资源、环境对国家安全的重要意义。本模块旨在帮助学生了解资源、环境与国家安全的关系，增强保护资源与环境的意识，树立维护国家安全、发展利益的观念。,22,"{""min"": ""G10"", ""max"": ""G12""}",disputed,"[""A02""]",deterministic-screen-only,not-adjudicated,anchors/geography.jsonl:59
ca_LLwpJ6j7,地理,能够运用地理信息技术或其他地理工具，或实地调查身边的资源、环境状况,学习本模块之后，学生能够运用地理信息技术或其他地理工具，或实地调查身边的资源、环境状况，分析问题及成因，有理有据提出可行性对策（地理实践力）。能够综合分析各种区域性或全球性资源和环境问题对国家安全的影响，了解国家资源利用现状及政策和法规对维护国家安全的意义 （综合思维、区域认知）。能够树立和谐的人地关系是国家安全的重要保障的意识（人地协调观）。,23,"{""min"": ""G10"", ""max"": ""G12""}",disputed,"[""A02""]",deterministic-screen-only,not-adjudicated,anchors/geography.jsonl:60
ca_LuLFuDLw,地理,能分析问题及成因，有理有据提出可行性对策,学习本模块之后，学生能够运用地理信息技术或其他地理工具，或实地调查身边的资源、环境状况，分析问题及成因，有理有据提出可行性对策（地理实践力）。能够综合分析各种区域性或全球性资源和环境问题对国家安全的影响，了解国家资源利用现状及政策和法规对维护国家安全的意义 （综合思维、区域认知）。能够树立和谐的人地关系是国家安全的重要保障的意识（人地协调观）。,23,"{""min"": ""G10"", ""max"": ""G12""}",disputed,"[""A02""]",deterministic-screen-only,not-adjudicated,anchors/geography.jsonl:61
ca_eeFnFVnM,地理,能够综合分析各种区域性或全球性资源和环境问题对国家安全的影响,学习本模块之后，学生能够运用地理信息技术或其他地理工具，或实地调查身边的资源、环境状况，分析问题及成因，有理有据提出可行性对策（地理实践力）。能够综合分析各种区域性或全球性资源和环境问题对国家安全的影响，了解国家资源利用现状及政策和法规对维护国家安全的意义 （综合思维、区域认知）。能够树立和谐的人地关系是国家安全的重要保障的意识（人地协调观）。,23,"{""min"": ""G10"", ""max"": ""G12""}",ai-reviewed,[],deterministic-screen-only,not-adjudicated,anchors/geography.jsonl:62
ca_mMwvcPm4,历史,能够理解中国走社会主义道路的历史必然性和探索这条道路的艰巨性和曲折性,能够理解中国走社会主义道路的历史必然性和探索这条道路的艰巨性和曲折性。,32,"{""min"": ""G7"", ""max"": ""G9""}",ai-reviewed,[],deterministic-screen-only,not-adjudicated,anchors/history.jsonl:2
ca_LzGf3MgU,历史,能够分析中国成为半殖民地半封建社会的外部原因和内部原因,如以近代中国为例，能够分析中国成为半殖民地半封建社会的外部原因和内部原因，理解民族独立和人民解放是近代中国的历史任务，认识捍卫国家主权和民族尊严是中华民族的优良传统；,60,"{""min"": ""G7"", ""max"": ""G9""}",ai-reviewed,"[""A09""]",deterministic-screen-only,not-adjudicated,anchors/history.jsonl:9
ca_KNYvyLVa,历史,能说出中国是世界上原始农业产生最早的地区之一,中国是世界上原始农业产生最早的地区之一。,17,"{""min"": ""G7"", ""max"": ""G9""}",ai-adjudicated,[],deterministic-screen-only,not-adjudicated,anchors/history.jsonl:10
ca_gfVPxRMh,历史,能说出中国历史上第一个王朝是夏朝,大约在公元前 21 世纪，中国历史上第一个王朝——夏朝建立。,17,"{""min"": ""G7"", ""max"": ""G9""}",ai-adjudicated,[],deterministic-screen-only,not-adjudicated,anchors/history.jsonl:11
ca_gtHmQcie,历史,能说出已知最早的汉字是甲骨文,知道甲骨文是已知最早的汉字,19,"{""min"": ""G7"", ""max"": ""G9""}",ai-adjudicated,[],deterministic-screen-only,not-adjudicated,anchors/history.jsonl:12
ca_6mLFDoy2,历史,能说出《黄帝内经》和名医扁鹊是这一时期的医学成就,通过《黄帝内经》和名医扁鹊，了解这一时期的医学成就,19,"{""min"": ""G7"", ""max"": ""G9""}",ai-reviewed,[],deterministic-screen-only,not-adjudicated,anchors/history.jsonl:13
ca_CzMuBPZt,历史,能说出张仲景撰写了《伤寒杂病论》,知道这一时期的重要文化和科技成就，如司马迁与《史记》、蔡伦与造纸术、张仲景与《伤寒杂病论》、华佗的故事等,20,"{""min"": ""G7"", ""max"": ""G9""}",ai-adjudicated,[],deterministic-screen-only,not-adjudicated,anchors/history.jsonl:14
ca_IVugiEZh,历史,"能说出""开元盛世""是唐朝的治世局面",通过了解隋朝的兴亡、“贞观之治”与“开元盛世”，知道隋朝速亡和唐朝兴盛的原因,20,"{""min"": ""G7"", ""max"": ""G9""}",ai-adjudicated,[],deterministic-screen-only,not-adjudicated,anchors/history.jsonl:15
ca_pDGQZL3W,历史,能说出文成公主入藏是唐朝的民族交往史事,了解科举制度创建、大运河开通、文成公主入藏、鉴真东渡、玄奘西行等史事，从制度、经济、文学艺术、民族交往、中外文化交流等方面认识隋唐王朝在世界历史上的重要地位,20,"{""min"": ""G7"", ""max"": ""G9""}",ai-adjudicated,[],deterministic-screen-only,not-adjudicated,anchors/history.jsonl:16
ca_1FZY0Ekq,历史,能说出鉴真东渡是唐朝的中外文化交流史事,了解科举制度创建、大运河开通、文成公主入藏、鉴真东渡、玄奘西行等史事，从制度、经济、文学艺术、民族交往、中外文化交流等方面认识隋唐王朝在世界历史上的重要地位,20,"{""min"": ""G7"", ""max"": ""G9""}",ai-adjudicated,[],deterministic-screen-only,not-adjudicated,anchors/history.jsonl:17
ca_HCDtal3O,历史,能说出玄奘西行是唐朝的中外文化交流史事,了解科举制度创建、大运河开通、文成公主入藏、鉴真东渡、玄奘西行等史事，从制度、经济、文学艺术、民族交往、中外文化交流等方面认识隋唐王朝在世界历史上的重要地位,20,"{""min"": ""G7"", ""max"": ""G9""}",ai-adjudicated,[],deterministic-screen-only,not-adjudicated,anchors/history.jsonl:18
ca_ZUOMPKPH,历史,能说出《本草纲目》《天工开物》《农政全书》,通过了解《本草纲目》《天工开物》《农政全书》，认识明朝的科技成就及其影响；,21,"{""min"": ""G7"", ""max"": ""G9""}",ai-adjudicated,[],deterministic-screen-only,not-adjudicated,anchors/history.jsonl:19
ca_3aWhbqVA,历史,能说出明末李自成起义，清中叶以来的政治腐败、故步自封和19世纪的国际局势,通过明末李自成起义，清中叶以来的政治腐败、故步自封和19世纪的国际局势，认识当时中国社会面临的严重危机。,21,"{""min"": ""G7"", ""max"": ""G9""}",ai-adjudicated,[],deterministic-screen-only,not-adjudicated,anchors/history.jsonl:20
ca_Pqz4eqHs,历史,能说出明朝的科技成就包括《本草纲目》《天工开物》《农政全书》,通过了解《本草纲目》《天工开物》《农政全书》，认识明朝的科技成就及其影响,21,"{""min"": ""G7"", ""max"": ""G9""}",ai-adjudicated,[],deterministic-screen-only,not-adjudicated,anchors/history.jsonl:21
ca_vzQNXGms,历史,能说出明清时期文学艺术的特色是小说和戏曲的繁荣,通过了解小说、戏曲的繁荣，知道明清时期文学艺术的特色,21,"{""min"": ""G7"", ""max"": ""G9""}",ai-adjudicated,[],deterministic-screen-only,not-adjudicated,anchors/history.jsonl:22
ca_QLwZ65qo,历史,能说出当时中国社会面临的严重危机包括明末李自成起义、清中叶以来的政治腐败、故步自封和19世纪的国际局势,通过明末李自成起义，清中叶以来的政治腐败、故步自封和19世纪的国际局势，认识当时中国社会面临的严重危机,21,"{""min"": ""G7"", ""max"": ""G9""}",ai-reviewed,[],deterministic-screen-only,not-adjudicated,anchors/history.jsonl:23
ca_ZyjNAxXe,历史,能说出中国近代史始于1840年鸦片战争,中国近代史始于1840年鸦片战争，止于1949年中华人民共和国成立，重点叙述列强侵略中国，中国逐渐成为半殖民地半封建社会；中华民族对外反抗列强侵略，对内反对封建专制统治，最终由中国共产党团结带领全国各族人民实现了民族独立、人民解放，夺取了新民主主义革命的伟大胜利。,24,"{""min"": ""G7"", ""max"": ""G9""}",ai-adjudicated,[],deterministic-screen-only,not-adjudicated,anchors/history.jsonl:24
ca_YOiw0qju,历史,能说出中国近代史止于1949年中华人民共和国成立,中国近代史始于1840年鸦片战争，止于1949年中华人民共和国成立，重点叙述列强侵略中国，中国逐渐成为半殖民地半封建社会；中华民族对外反抗列强侵略，对内反对封建专制统治，最终由中国共产党团结带领全国各族人民实现了民族独立、人民解放，夺取了新民主主义革命的伟大胜利。,24,"{""min"": ""G7"", ""max"": ""G9""}",ai-adjudicated,[],deterministic-screen-only,not-adjudicated,anchors/history.jsonl:25
ca_xKrHVIIO,历史,能说出19世纪中期，英、法等西方列强接连发动侵略中国的战争,19世纪中期，英、法等西方列强接连发动侵略中国的战争，中国的主权独立和领土完整不断遭到破坏，西方列强与中华民族的矛盾激化。19世纪70年代以后，列强对华侵略加剧，中华民族危机日益深重。,24,"{""min"": ""G7"", ""max"": ""G9""}",ai-adjudicated,[],deterministic-screen-only,not-adjudicated,anchors/history.jsonl:26
ca_MkJIs0fu,历史,能说出19世纪70年代以后，列强对华侵略加剧，中华民族危机日益深重,19世纪中期，英、法等西方列强接连发动侵略中国的战争，中国的主权独立和领土完整不断遭到破坏，西方列强与中华民族的矛盾激化。19世纪70年代以后，列强对华侵略加剧，中华民族危机日益深重。,24,"{""min"": ""G7"", ""max"": ""G9""}",ai-adjudicated,[],deterministic-screen-only,not-adjudicated,anchors/history.jsonl:27
ca_JowYjpg0,历史,能说出中国近代史的重点是叙述中国共产党团结带领全国各族人民实现了民族独立、人民解放,最终由中国共产党团结带领全国各族人民实现了民族独立、人民解放,24,"{""min"": ""G7"", ""max"": ""G9""}",ai-adjudicated,[],deterministic-screen-only,not-adjudicated,anchors/history.jsonl:28
ca_3v83tY7T,历史,能说出19世纪中期中国的主权独立和领土完整不断遭到破坏,中国的主权独立和领土完整不断遭到破坏,24,"{""min"": ""G7"", ""max"": ""G9""}",ai-reviewed,[],deterministic-screen-only,not-adjudicated,anchors/history.jsonl:29
ca_2smA12VA,历史,能说出19世纪中期西方列强与中华民族的矛盾激化,西方列强与中华民族的矛盾激化,24,"{""min"": ""G7"", ""max"": ""G9""}",ai-reviewed,[],deterministic-screen-only,not-adjudicated,anchors/history.jsonl:30
ca_UT2Lu5tk,历史,能说出19世纪70年代以后列强对华侵略加剧,19世纪70年代以后，列强对华侵略加剧,24,"{""min"": ""G7"", ""max"": ""G9""}",ai-reviewed,[],deterministic-screen-only,not-adjudicated,anchors/history.jsonl:31
ca_2NrLExJs,历史,能说出义和团运动是中国人民郁积多年反抗列强侵略义愤的总爆发,义和团运动是中国人民郁积多年反抗列强侵略义愤的总爆发,24,"{""min"": ""G7"", ""max"": ""G9""}",ai-adjudicated,[],deterministic-screen-only,not-adjudicated,anchors/history.jsonl:32
ca_MxMRY4Op,历史,能说出1921年中国共产党成立使中国革命的面貌从此焕然一新,1919年爆发的五四爱国运动，标志着中国旧民主主义革命的结束和新民主主义革命的开始。马克思主义在中国先进分子中广泛传播，1921年中国共产党成立，中国革命的面貌从此焕然一新。第一次国共合作推动了国民革命运动的高涨。国共合作破裂后，中国共产党为反抗国民党的反动统治，进行工农武装革命，在农村建立根据地，探索中国革命的新道路。,25,"{""min"": ""G7"", ""max"": ""G9""}",ai-adjudicated,[],deterministic-screen-only,not-adjudicated,anchors/history.jsonl:33
ca_pePASpCB,历史,能说出1931年日本帝国主义发动九一八事变,1931年日本帝国主义发动九一八事变，中华民族面临严重的民族危机，全国抗日救亡运动不断高涨。1937年日本帝国主义发动七七事变，以国共两党第二次合作为基础的中华民族全面抗战从此开始。中国共产党在抗战中发挥着中流砥柱的作用，中国战场也是世界反法西斯战争的东方主战场。中国人民经过浴血奋战，终于第一次取得了近代以来反抗外敌入侵的完全胜利。,25,"{""min"": ""G7"", ""max"": ""G9""}",ai-adjudicated,[],deterministic-screen-only,not-adjudicated,anchors/history.jsonl:34
ca_XapNYMfF,历史,能说出1937年日本帝国主义发动七七事变,1931年日本帝国主义发动九一八事变，中华民族面临严重的民族危机，全国抗日救亡运动不断高涨。1937年日本帝国主义发动七七事变，以国共两党第二次合作为基础的中华民族全面抗战从此开始。中国共产党在抗战中发挥着中流砥柱的作用，中国战场也是世界反法西斯战争的东方主战场。中国人民经过浴血奋战，终于第一次取得了近代以来反抗外敌入侵的完全胜利。,25,"{""min"": ""G7"", ""max"": ""G9""}",ai-adjudicated,[],deterministic-screen-only,not-adjudicated,anchors/history.jsonl:35
ca_MTS0wu4a,历史,能说出中国战场是世界反法西斯战争的东方主战场,1931年日本帝国主义发动九一八事变，中华民族面临严重的民族危机，全国抗日救亡运动不断高涨。1937年日本帝国主义发动七七事变，以国共两党第二次合作为基础的中华民族全面抗战从此开始。中国共产党在抗战中发挥着中流砥柱的作用，中国战场也是世界反法西斯战争的东方主战场。中国人民经过浴血奋战，终于第一次取得了近代以来反抗外敌入侵的完全胜利。,25,"{""min"": ""G7"", ""max"": ""G9""}",ai-adjudicated,[],deterministic-screen-only,not-adjudicated,anchors/history.jsonl:36
ca_xcIuOeCZ,历史,能说出毛泽东思想是马克思主义中国化的第一次历史性飞跃,在革命斗争中，以毛泽东同志为主要代表的中国共产党人，把马克思列宁主义基本原理同中国具体实际相结合，创立了毛泽东思想，这是马克思主义中国化的第一次历史性飞跃，为夺取新民主主义革命的胜利指明了正确方向。,25,"{""min"": ""G7"", ""max"": ""G9""}",ai-adjudicated,[],deterministic-screen-only,not-adjudicated,anchors/history.jsonl:37
ca_4upk1o6y,历史,能说出林则徐虎门销烟是两次鸦片战争期间的主要史事之一,通过了解林则徐虎门销烟、英法联军火烧圆明园、俄国割占中国北方大片领土等两次鸦片战争期间的主要史事,26,"{""min"": ""G7"", ""max"": ""G9""}",ai-reviewed,[],deterministic-screen-only,not-adjudicated,anchors/history.jsonl:38
ca_2mlwZphg,历史,能说出英法联军火烧圆明园是两次鸦片战争期间的主要史事之一,通过了解林则徐虎门销烟、英法联军火烧圆明园、俄国割占中国北方大片领土等两次鸦片战争期间的主要史事,26,"{""min"": ""G7"", ""max"": ""G9""}",ai-reviewed,[],deterministic-screen-only,not-adjudicated,anchors/history.jsonl:39
ca_GxuurSIV,历史,能说出俄国割占中国北方大片领土是两次鸦片战争期间的主要史事之一,通过了解林则徐虎门销烟、英法联军火烧圆明园、俄国割占中国北方大片领土等两次鸦片战争期间的主要史事,26,"{""min"": ""G7"", ""max"": ""G9""}",ai-reviewed,[],deterministic-screen-only,not-adjudicated,anchors/history.jsonl:40
ca_W1vBi3qI,历史,能说出京师大学堂的开办是近代新式教育发展的主要史事,通过了解开办京师大学堂、废除科举制度等近代新式教育发展的主要史事,26,"{""min"": ""G7"", ""max"": ""G9""}",ai-reviewed,[],deterministic-screen-only,not-adjudicated,anchors/history.jsonl:41
ca_pEfDN39h,历史,能说出京师大学堂的开办和科举制度的废除是近代新式教育发展的主要史事,通过了解开办京师大学堂、废除科举制度等近代新式教育发展的主要史事,26,"{""min"": ""G7"", ""max"": ""G9""}",ai-reviewed,[],deterministic-screen-only,not-adjudicated,anchors/history.jsonl:42
ca_MdxDdWTx,历史,能说出五四运动是中国新民主主义革命的开端,认识五四运动是中国新民主主义革命的开端,26,"{""min"": ""G7"", ""max"": ""G9""}",ai-adjudicated,[],deterministic-screen-only,not-adjudicated,anchors/history.jsonl:43
ca_dpNJypGc,历史,能说出陈独秀传播马克思主义是这一时期的史事之一,通过了解五四运动的基本史事，理解五四精神的内涵，认识五四运动是中国新民主主义革命的开端；通过了解陈独秀、李大钊传播马克思主义和中国共产党第一次全国代表大会的召开等史事，认识中国共产党成立的历史意义。,26,"{""min"": ""G7"", ""max"": ""G9""}",ai-adjudicated,[],deterministic-screen-only,not-adjudicated,anchors/history.jsonl:44
ca_weqP9rVl,历史,能说出李大钊传播马克思主义是这一时期的史事之一,通过了解五四运动的基本史事，理解五四精神的内涵，认识五四运动是中国新民主主义革命的开端；通过了解陈独秀、李大钊传播马克思主义和中国共产党第一次全国代表大会的召开等史事，认识中国共产党成立的历史意义。,26,"{""min"": ""G7"", ""max"": ""G9""}",ai-adjudicated,[],deterministic-screen-only,not-adjudicated,anchors/history.jsonl:45
ca_s4U7sYo3,历史,能说出中国共产党第一次全国代表大会的召开是这一时期的史事之一,通过了解五四运动的基本史事，理解五四精神的内涵，认识五四运动是中国新民主主义革命的开端；通过了解陈独秀、李大钊传播马克思主义和中国共产党第一次全国代表大会的召开等史事，认识中国共产党成立的历史意义。,26,"{""min"": ""G7"", ""max"": ""G9""}",ai-adjudicated,[],deterministic-screen-only,not-adjudicated,anchors/history.jsonl:46
ca_YsnQEavs,历史,能分析长安的历史地位,运用时空定位，分析长安、东京的历史地位，认识都城是唐宋社会繁荣的重要标志。,81,"{""min"": ""G10"", ""max"": ""G12""}",ai-reviewed,[],deterministic-screen-only,not-adjudicated,anchors/history.jsonl:47
ca_gDtAtbbB,历史,能分析东京的历史地位,运用时空定位，分析长安、东京的历史地位，认识都城是唐宋社会繁荣的重要标志。,81,"{""min"": ""G10"", ""max"": ""G12""}",ai-reviewed,[],deterministic-screen-only,not-adjudicated,anchors/history.jsonl:48
ca_8GBVNFSX,历史,能够分析中国成为半殖民地半封建社会的外部原因,如以近代中国为例，能够分析中国成为半殖民地半封建社会的外部原因和内部原因，理解民族独立和人民解放是近代中国的历史任务，认识捍卫国家主权和民族尊严是中华民族的优良传统；,60,"{""min"": ""G7"", ""max"": ""G9""}",ai-reviewed,[],deterministic-screen-only,not-adjudicated,anchors/history.jsonl:49
ca_jhftCi87,历史,能够分析中国成为半殖民地半封建社会的内部原因,如以近代中国为例，能够分析中国成为半殖民地半封建社会的外部原因和内部原因，理解民族独立和人民解放是近代中国的历史任务，认识捍卫国家主权和民族尊严是中华民族的优良传统；,60,"{""min"": ""G7"", ""max"": ""G9""}",ai-reviewed,[],deterministic-screen-only,not-adjudicated,anchors/history.jsonl:50
ca_cZn2LpYt,历史,能说出隋朝速亡的至少两个具体原因,通过了解隋朝的兴亡、“贞观之治”与“开元盛世”，知道隋朝速亡和唐朝兴盛的原因,20,"{""min"": ""G7"", ""max"": ""G9""}",ai-reviewed,"[""A04""]",deterministic-screen-only,not-adjudicated,anchors/history.jsonl:51
ca_NvAtYBdV,历史,能说出唐朝兴盛的至少两个具体原因,通过了解隋朝的兴亡、“贞观之治”与“开元盛世”，知道隋朝速亡和唐朝兴盛的原因,20,"{""min"": ""G7"", ""max"": ""G9""}",ai-reviewed,"[""A04""]",deterministic-screen-only,not-adjudicated,anchors/history.jsonl:52
ca_ZZskstJg,历史,能说出玄奘西行的名称、目的与大致路线,了解科举制度创建、大运河开通、文成公主入藏、鉴真东渡、玄奘西行等史事，从制度、经济、文学艺术、民族交往、中外文化交流等方面认识隋唐王朝在世界历史上的重要地位,20,"{""min"": ""G7"", ""max"": ""G9""}",ai-reviewed,"[""A04""]",deterministic-screen-only,not-adjudicated,anchors/history.jsonl:53
ca_iDcFGu9Z,历史,能说出鉴真东渡的名称、目的与大致路线,了解科举制度创建、大运河开通、文成公主入藏、鉴真东渡、玄奘西行等史事，从制度、经济、文学艺术、民族交往、中外文化交流等方面认识隋唐王朝在世界历史上的重要地位,20,"{""min"": ""G7"", ""max"": ""G9""}",ai-reviewed,"[""A04""]",deterministic-screen-only,not-adjudicated,anchors/history.jsonl:54
ca_E2xpDwjC,历史,能说出九一八事变发生的时间,1931年日本帝国主义发动九一八事变，中华民族面临严重的民族危机，全国抗日救亡运动不断高涨。1937年日本帝国主义发动七七事变，以国共两党第二次合作为基础的中华民族全面抗战从此开始。中国共产党在抗战中发挥着中流砥柱的作用，中国战场也是世界反法西斯战争的东方主战场。中国人民经过浴血奋战，终于第一次取得了近代以来反抗外敌入侵的完全胜利。,25,"{""min"": ""G7"", ""max"": ""G9""}",ai-reviewed,"[""A04""]",deterministic-screen-only,not-adjudicated,anchors/history.jsonl:55
ca_fY8hHpPA,历史,能说出九一八事变的发动者,1931年日本帝国主义发动九一八事变，中华民族面临严重的民族危机，全国抗日救亡运动不断高涨。1937年日本帝国主义发动七七事变，以国共两党第二次合作为基础的中华民族全面抗战从此开始。中国共产党在抗战中发挥着中流砥柱的作用，中国战场也是世界反法西斯战争的东方主战场。中国人民经过浴血奋战，终于第一次取得了近代以来反抗外敌入侵的完全胜利。,25,"{""min"": ""G7"", ""max"": ""G9""}",ai-reviewed,"[""A04""]",deterministic-screen-only,not-adjudicated,anchors/history.jsonl:56
ca_MFYzA87e,历史,能说出九一八事变的影响,1931年日本帝国主义发动九一八事变，中华民族面临严重的民族危机，全国抗日救亡运动不断高涨。1937年日本帝国主义发动七七事变，以国共两党第二次合作为基础的中华民族全面抗战从此开始。中国共产党在抗战中发挥着中流砥柱的作用，中国战场也是世界反法西斯战争的东方主战场。中国人民经过浴血奋战，终于第一次取得了近代以来反抗外敌入侵的完全胜利。,25,"{""min"": ""G7"", ""max"": ""G9""}",ai-reviewed,"[""A04""]",deterministic-screen-only,not-adjudicated,anchors/history.jsonl:57
ca_Eni93VCe,历史,能说出七七事变发生的时间,1931年日本帝国主义发动九一八事变，中华民族面临严重的民族危机，全国抗日救亡运动不断高涨。1937年日本帝国主义发动七七事变，以国共两党第二次合作为基础的中华民族全面抗战从此开始。中国共产党在抗战中发挥着中流砥柱的作用，中国战场也是世界反法西斯战争的东方主战场。中国人民经过浴血奋战，终于第一次取得了近代以来反抗外敌入侵的完全胜利。,25,"{""min"": ""G7"", ""max"": ""G9""}",ai-reviewed,"[""A04""]",deterministic-screen-only,not-adjudicated,anchors/history.jsonl:58
ca_qCZpmXGW,历史,能说出七七事变的发动者,1931年日本帝国主义发动九一八事变，中华民族面临严重的民族危机，全国抗日救亡运动不断高涨。1937年日本帝国主义发动七七事变，以国共两党第二次合作为基础的中华民族全面抗战从此开始。中国共产党在抗战中发挥着中流砥柱的作用，中国战场也是世界反法西斯战争的东方主战场。中国人民经过浴血奋战，终于第一次取得了近代以来反抗外敌入侵的完全胜利。,25,"{""min"": ""G7"", ""max"": ""G9""}",ai-reviewed,"[""A04""]",deterministic-screen-only,not-adjudicated,anchors/history.jsonl:59
ca_TC92MuPM,历史,能说出七七事变的标志意义,1931年日本帝国主义发动九一八事变，中华民族面临严重的民族危机，全国抗日救亡运动不断高涨。1937年日本帝国主义发动七七事变，以国共两党第二次合作为基础的中华民族全面抗战从此开始。中国共产党在抗战中发挥着中流砥柱的作用，中国战场也是世界反法西斯战争的东方主战场。中国人民经过浴血奋战，终于第一次取得了近代以来反抗外敌入侵的完全胜利。,25,"{""min"": ""G7"", ""max"": ""G9""}",ai-reviewed,"[""A04""]",deterministic-screen-only,not-adjudicated,anchors/history.jsonl:60
ca_EbcDAFLV,历史,能说出中共一大召开的时间,通过了解五四运动的基本史事，理解五四精神的内涵，认识五四运动是中国新民主主义革命的开端；通过了解陈独秀、李大钊传播马克思主义和中国共产党第一次全国代表大会的召开等史事，认识中国共产党成立的历史意义。,26,"{""min"": ""G7"", ""max"": ""G9""}",ai-reviewed,"[""A04""]",deterministic-screen-only,not-adjudicated,anchors/history.jsonl:61
ca_95wJGhja,历史,能说出中共一大召开的主要参会者,通过了解五四运动的基本史事，理解五四精神的内涵，认识五四运动是中国新民主主义革命的开端；通过了解陈独秀、李大钊传播马克思主义和中国共产党第一次全国代表大会的召开等史事，认识中国共产党成立的历史意义。,26,"{""min"": ""G7"", ""max"": ""G9""}",ai-reviewed,"[""A04""]",deterministic-screen-only,not-adjudicated,anchors/history.jsonl:63
ca_vHZPkP64,历史,能够初步具备用历史眼光分析现实问题的能力,学习本模块之后，学生能够了解中国和世界上重要的历史事件、历史人物、历史现象等发生或存在的时间和地点、原因和结果（唯物史观、时空观念、历史解释） ；能够知道历史遗迹、考古发现、从古代到现代的各种文献是了解历史发展的重要证据，并能够开始使用资料作为证据来检验自己对历史问题的解答（唯物史观、史料实证、历史解释） ；能够初步对中国历史和世界历史的发展建立多方面联系，以此解释历史，并能够对同类的历史事物进行比较、概括和综合（唯物史观、历史解释） ；能够掌握随着生产方式的变革所引起的世界历史从古至今、从分散到整体、从低级到高级的发展总趋势（唯物史观） ；能够初步具备用历史眼光分析现实问题的能力（历史解释） ；感悟人类文明的多元性、共容性和不平衡性，具有民族自信心；能够以开放的心态，认识到世界各地区、各民族共同推动了人类文明的进步，初步具有世界意识（唯物史观、时空观念、家国情怀） 。,29,"{""min"": ""G10"", ""max"": ""G12""}",disputed,"[""A02""]",deterministic-screen-only,not-adjudicated,anchors/history.jsonl:64
ca_NkF3irKx,历史,能通过尝试解读不同类型的史料，知道不同类型史料的价值和局限性,学习本模块之后，学生应了解搜集、整理和运用史料的基本原则和主要方法（唯物史观、史料实证） ；通过尝试解读不同类型的史料，知道不同类型史料的价值和局限性，知道如何获取不同类型的史料并将其用于历史研究（史料实证） ；在对不同史料特点和研究范例有所了解的基础上，初步了解历史比较研究法，知道综合运用不同史料进行研究的重要性（唯物史观、时空观念、史料实证、历史解释、家国情怀） 。（一）学业质量内涵学业质量是学生在完成本学科课程学习后的学业成就表现。学业质量标准是以本学科核心素养及其表现水平为主要维度（见附录 1），结合课程内容，对学生学业成就表现的总体刻画。依据不同水平学业成就表现的关键特征，学业质量标准明确将学业质量划分为不同水平，并描述了不同水平学习结果的具体表现。（二）学业质量水平学业质量水平分为4 级。水平 质量描述1-1 能够知道人类物质生活资料的生产是社会生活的基础，知道生产力是历史发展的决定因素，知道经济基础与上层建筑之间的辩证关系，了解人类社会形态从低级到高级发展的规律；能够理解唯物史观是科学的历史观。水平 质量描述1-2 能够了解所学内容的历史分期方式，理解历史时期是按时序划分的；能够知道认识史事要考虑到历史地理的状况；能够识别历史地图中的相关信息，知道古今地名的区别。1-3 能够知道史料分为文献史料、图像史料、实物史料、口述史料等多种类型；能够在解答某一历史问题时，尝试从多种渠道获取与其有关的材料；能够从所获得的史料中提取有关的信息。1-4 能够有条理地讲述历史上的事情，概述历史发展的基本进程；能够说出重要历史事件的经过及结果、重要历史人物的事略、重要历史现象的基本状况。1-5 能够发现历史上认同家乡、民族、国家的事例，知道中外优秀文化遗产的主要内容，认识社会主义核心价值观的历史依据，具有对祖国和人民的深情大爱。2-1 能够知道人类物质生活资料的生产是社会生活的基础，知道生产力是历史发展的决定因素，知道经济基础与上层建筑之间的辩证关系，了解人类社会形态从低级到高级发展的规律；能够理解唯物史观是科学的历史观。2-2 能够将某一史事定位在特定的时间和空间框架下；能够运用各种时间术语描述过去；能够利用历史年表、历史地图等方式对相关史事加以描述；能够认识事物发生的来龙去脉，理解空间和环境因素对认识历史与现实的重要性。2-3 能够认识不同类型的史料所具有的不同价值；能够掌握获取史料的基本方法；能够在对史事与现实问题进行论述的过程中，尝试运用史料作为证据论证自己的观点。2-4 能够分析有关的历史结论；能够区分历史叙述中的史实与解释；能够在叙述历史时把握历史发展的各种联系，如古今联系、中外联系等，并将历史知识与其他相关学科如地理、语文、艺术等知识加以联系；能够选择、组织和运用相关材料并使用相关历史术语，对具体史事作出解释；能够尝试从历史的角度解释现实问题。2-5 能够发现历史上认同家乡、民族、国家的事例，知道中外优秀文化遗产的主要内容，认识社会主义核心价值观的历史依据，具有对祖国和人民的深情大爱。水平 质量描述3-1 能够从生产力与生产关系、经济基础与上层建筑的辩证关系来理解历史上的发展变化和社会形态的演变过程，理解阶级斗争是推动阶级社会发展的直接动力；理解人民群众在历史发展中的重要作用；能够史论结合、实事求是地论述历史与现实问题。3-2 能够把握相关史事的时间、空间联系，运用特定的时间和空间术语对较长时段（如古代、近现代） 、较大范围（如跨国家、跨地区）的史事加以概括和说明。3-3 能够在探究特定历史问题时，自主地搜集有关史料；能够对史料进行整理和辨析，并判断其价值；能够利用不同类型史料的长处，对所探究的问题进行互证。3-4 能够分辨不同的历史解释，尝试从来源、性质和目的等多方面，说明导致这些不同解释的原因并加以评析；能够选择、组织和运用相关材料并使用相关历史术语，在正确的历史观和方法论的指导下，对系列史事作出解释。3-5 能够把握中华民族多元一体的发展趋势，以及世界历史发展的进步历程，形成正确的世界观、人生观、价值观和历史观；能够表现出对历史的反思，从历史中汲取经验教训，更全面、客观地认识历史和现实社会问题；能够将历史学习所得与家乡、民族和国家的发展繁荣结合起来，立志为新时代中国特色社会主义建设、中华民族伟大复兴作出自己的贡献。4-1 能够从生产力与生产关系、经济基础与上层建筑的辩证关系来理解历史上的发展变化和社会形态的演变过程，理解阶级斗争是推动阶级社会发展的直接动力；理解人民群众在历史发展中的重要作用；能够史论结合、实事求是地论述历史与现实问题。4-2 在对历史和现实问题进行独立探究的过程中，能够将其置于具体的时空框架下；能够选择恰当的时空尺度对其进行分析、综合、比较，在此基础上作出合理的论述；能够根据需要并运用相关材料和正确方法，独立绘制相关图表，并加以说明。4-3 能够比较、分析不同来源、不同观点的史料；能够在辨别史料作者意图的基础上利用史料；在评述历史时，能够对材料进行适当的取舍；在对历史和现实问题进行探究的过程中，能够恰当地运用史料对所探究问题进行论述；能够符合规范地引用史料。水平 质量描述4-4 能够在独立探究历史问题时，在尽可能占有史料的基础上，尝试验证以往的说法或提出新的解释；能够在正确的历史观和方法论的指导下，全面、客观地论述历史和现实问题。4-5 能够把握中华民族多元一体的发展趋势，以及世界历史发展的进步历程，形成正确的世界观、人生观、价值观和历史观；能够表现出对历史的反思，从历史中汲取经验教训，更全面、客观地认识历史和现实社会问题；能够将历史学习所得与家乡、民族和国家的发展繁荣结合起来，立志为新时代中国特色社会主义建设、中华民族伟大复兴作出自己的贡献。（三）学业质量水平与考试评价的关系高中学业质量是阶段性评价、学业水平合格性考试和等级性考试命题的重要依据。学业质量水平 2 是高中毕业生在本学科应该达到的合格要求。学业质量水平 4 是学业水平等级性考试的命题依据。（一）教学与评价建议历史教学是培养和发展学生历史学科核心素养的基本途径。要实现基于历史学科核心素养的教学，教师须确立新的认知观、教学观和评价观，从知识本位转变为素养本位，努力将学生对知识的学习过程转化为发展核心素养的过程。为此，在教学实践中，教师要将教学目标、教学内容、教学过程及教学评价等聚焦于培养和发展学生的历史学科核心素养。,48,"{""min"": ""G10"", ""max"": ""G12""}",ai-reviewed,[],deterministic-screen-only,not-adjudicated,anchors/history.jsonl:65
ca_UAd6yLm2,历史,能在对不同史料特点和研究范例有所了解的基础上，初步了解历史比较研究法,学习本模块之后，学生应了解搜集、整理和运用史料的基本原则和主要方法（唯物史观、史料实证） ；通过尝试解读不同类型的史料，知道不同类型史料的价值和局限性，知道如何获取不同类型的史料并将其用于历史研究（史料实证） ；在对不同史料特点和研究范例有所了解的基础上，初步了解历史比较研究法，知道综合运用不同史料进行研究的重要性（唯物史观、时空观念、史料实证、历史解释、家国情怀） 。（一）学业质量内涵学业质量是学生在完成本学科课程学习后的学业成就表现。学业质量标准是以本学科核心素养及其表现水平为主要维度（见附录 1），结合课程内容，对学生学业成就表现的总体刻画。依据不同水平学业成就表现的关键特征，学业质量标准明确将学业质量划分为不同水平，并描述了不同水平学习结果的具体表现。（二）学业质量水平学业质量水平分为4 级。水平 质量描述1-1 能够知道人类物质生活资料的生产是社会生活的基础，知道生产力是历史发展的决定因素，知道经济基础与上层建筑之间的辩证关系，了解人类社会形态从低级到高级发展的规律；能够理解唯物史观是科学的历史观。水平 质量描述1-2 能够了解所学内容的历史分期方式，理解历史时期是按时序划分的；能够知道认识史事要考虑到历史地理的状况；能够识别历史地图中的相关信息，知道古今地名的区别。1-3 能够知道史料分为文献史料、图像史料、实物史料、口述史料等多种类型；能够在解答某一历史问题时，尝试从多种渠道获取与其有关的材料；能够从所获得的史料中提取有关的信息。1-4 能够有条理地讲述历史上的事情，概述历史发展的基本进程；能够说出重要历史事件的经过及结果、重要历史人物的事略、重要历史现象的基本状况。1-5 能够发现历史上认同家乡、民族、国家的事例，知道中外优秀文化遗产的主要内容，认识社会主义核心价值观的历史依据，具有对祖国和人民的深情大爱。2-1 能够知道人类物质生活资料的生产是社会生活的基础，知道生产力是历史发展的决定因素，知道经济基础与上层建筑之间的辩证关系，了解人类社会形态从低级到高级发展的规律；能够理解唯物史观是科学的历史观。2-2 能够将某一史事定位在特定的时间和空间框架下；能够运用各种时间术语描述过去；能够利用历史年表、历史地图等方式对相关史事加以描述；能够认识事物发生的来龙去脉，理解空间和环境因素对认识历史与现实的重要性。2-3 能够认识不同类型的史料所具有的不同价值；能够掌握获取史料的基本方法；能够在对史事与现实问题进行论述的过程中，尝试运用史料作为证据论证自己的观点。2-4 能够分析有关的历史结论；能够区分历史叙述中的史实与解释；能够在叙述历史时把握历史发展的各种联系，如古今联系、中外联系等，并将历史知识与其他相关学科如地理、语文、艺术等知识加以联系；能够选择、组织和运用相关材料并使用相关历史术语，对具体史事作出解释；能够尝试从历史的角度解释现实问题。2-5 能够发现历史上认同家乡、民族、国家的事例，知道中外优秀文化遗产的主要内容，认识社会主义核心价值观的历史依据，具有对祖国和人民的深情大爱。水平 质量描述3-1 能够从生产力与生产关系、经济基础与上层建筑的辩证关系来理解历史上的发展变化和社会形态的演变过程，理解阶级斗争是推动阶级社会发展的直接动力；理解人民群众在历史发展中的重要作用；能够史论结合、实事求是地论述历史与现实问题。3-2 能够把握相关史事的时间、空间联系，运用特定的时间和空间术语对较长时段（如古代、近现代） 、较大范围（如跨国家、跨地区）的史事加以概括和说明。3-3 能够在探究特定历史问题时，自主地搜集有关史料；能够对史料进行整理和辨析，并判断其价值；能够利用不同类型史料的长处，对所探究的问题进行互证。3-4 能够分辨不同的历史解释，尝试从来源、性质和目的等多方面，说明导致这些不同解释的原因并加以评析；能够选择、组织和运用相关材料并使用相关历史术语，在正确的历史观和方法论的指导下，对系列史事作出解释。3-5 能够把握中华民族多元一体的发展趋势，以及世界历史发展的进步历程，形成正确的世界观、人生观、价值观和历史观；能够表现出对历史的反思，从历史中汲取经验教训，更全面、客观地认识历史和现实社会问题；能够将历史学习所得与家乡、民族和国家的发展繁荣结合起来，立志为新时代中国特色社会主义建设、中华民族伟大复兴作出自己的贡献。4-1 能够从生产力与生产关系、经济基础与上层建筑的辩证关系来理解历史上的发展变化和社会形态的演变过程，理解阶级斗争是推动阶级社会发展的直接动力；理解人民群众在历史发展中的重要作用；能够史论结合、实事求是地论述历史与现实问题。4-2 在对历史和现实问题进行独立探究的过程中，能够将其置于具体的时空框架下；能够选择恰当的时空尺度对其进行分析、综合、比较，在此基础上作出合理的论述；能够根据需要并运用相关材料和正确方法，独立绘制相关图表，并加以说明。4-3 能够比较、分析不同来源、不同观点的史料；能够在辨别史料作者意图的基础上利用史料；在评述历史时，能够对材料进行适当的取舍；在对历史和现实问题进行探究的过程中，能够恰当地运用史料对所探究问题进行论述；能够符合规范地引用史料。水平 质量描述4-4 能够在独立探究历史问题时，在尽可能占有史料的基础上，尝试验证以往的说法或提出新的解释；能够在正确的历史观和方法论的指导下，全面、客观地论述历史和现实问题。4-5 能够把握中华民族多元一体的发展趋势，以及世界历史发展的进步历程，形成正确的世界观、人生观、价值观和历史观；能够表现出对历史的反思，从历史中汲取经验教训，更全面、客观地认识历史和现实社会问题；能够将历史学习所得与家乡、民族和国家的发展繁荣结合起来，立志为新时代中国特色社会主义建设、中华民族伟大复兴作出自己的贡献。（三）学业质量水平与考试评价的关系高中学业质量是阶段性评价、学业水平合格性考试和等级性考试命题的重要依据。学业质量水平 2 是高中毕业生在本学科应该达到的合格要求。学业质量水平 4 是学业水平等级性考试的命题依据。（一）教学与评价建议历史教学是培养和发展学生历史学科核心素养的基本途径。要实现基于历史学科核心素养的教学，教师须确立新的认知观、教学观和评价观，从知识本位转变为素养本位，努力将学生对知识的学习过程转化为发展核心素养的过程。为此，在教学实践中，教师要将教学目标、教学内容、教学过程及教学评价等聚焦于培养和发展学生的历史学科核心素养。,48,"{""min"": ""G10"", ""max"": ""G12""}",ai-reviewed,[],deterministic-screen-only,not-adjudicated,anchors/history.jsonl:66
ca_H7JdxrCV,信息科技,能通过与数字设备交互的方式获取信息，解决生活中的小问题，并说出其过程,能通过与数字设备交互的方式获取信息，解决生活中的小问题，并说出其过程。,22,"{""min"": ""G3"", ""max"": ""G3""}",ai-reviewed,[],deterministic-screen-only,not-adjudicated,anchors/infotech.jsonl:2
ca_pQ9fWEmw,信息科技,在使用数字设备时不打扰他人，自觉维护社会公共秩序,(6) 在使用数字设备时不打扰他人，自觉维护社会公共秩序。,24,"{""min"": ""G3"", ""max"": ""G8""}",ai-reviewed,"[""A06""]",deterministic-screen-only,not-adjudicated,anchors/infotech.jsonl:6
ca_HzzwDNad,信息科技,尊重数字作品所有者的权益，在与他人交流时能遵守网络礼仪,尊重数字作品所有者的权益，在与他人交流时能遵守网络礼仪。,24,"{""min"": ""G3"", ""max"": ""G8""}",ai-reviewed,"[""A06""]",deterministic-screen-only,not-adjudicated,anchors/infotech.jsonl:8
ca_B8yGaFyJ,信息科技,能适应在线学习环境，通过网络与同学交流协作完成学习任务,适应在线学习环境，能通过网络完成交流，体验协作学习的过程。,28,"{""min"": ""G3"", ""max"": ""G8""}",ai-reviewed,"[""A06""]",deterministic-screen-only,not-adjudicated,anchors/infotech.jsonl:11
ca_Xt92afTM,信息科技,能根据具体应用场景，选择数字、字母或文字编码表示信息,能根据具体应用场景，选择数字、字母或文字编码表示信息，了解编码长度与所包含信息量之间的关系，知道编码的目的是作为唯一标识、建立数据间的内在联系，以便计算机识别和准确管理。,31,"{""min"": ""G3"", ""max"": ""G3""}",ai-reviewed,[],deterministic-screen-only,not-adjudicated,anchors/infotech.jsonl:12
ca_JBeHhr7S,信息科技,能用符号和编码表示问题求解所关心的对象，并用流程图等方式描述算法,能用符号和编码表示问题求解所关心的对象，采用自然语言、流程图等方式，运用三种基本控制结构及其组合，正确进行问题求解的算法描述。,36,"{""min"": ""G3"", ""max"": ""G3""}",ai-reviewed,"[""A09""]",deterministic-screen-only,not-adjudicated,anchors/infotech.jsonl:14
ca_J9Ep4WV7,信息科技,能针对不同的输入数据规模，分别数出给定算法中某些步骤执行的次数,基于给定的算法，能针对不同的输入数据规模，分别“数出”算法中某些步骤执行的次数。,36,"{""min"": ""G3"", ""max"": ""G3""}",ai-reviewed,[],deterministic-screen-only,not-adjudicated,anchors/infotech.jsonl:16
ca_XPc9DrB7,信息科技,能识别系统中的输入、计算、输出环节,能识别系统中的输入、计算、输出环节，能理解反馈在系统中的作用，能分辨输入与输出环节中的数据是开关量还是连续量，并能运用逻辑和数值运算设计简单的处理环节。,38,"{""min"": ""G3"", ""max"": ""G8""}",ai-reviewed,"[""A06"", ""A09""]",deterministic-screen-only,not-adjudicated,anchors/infotech.jsonl:19
ca_XCKjnFEp,信息科技,能利用在线平台和工具寻找生活中的过程与控制场景,能利用在线平台和工具寻找生活中的过程与控制场景，能设计用计算机实现过程与控制的方案，并在实验系统中通过编程等手段加以验证。,38,"{""min"": ""G3"", ""max"": ""G8""}",ai-reviewed,"[""A06""]",deterministic-screen-only,not-adjudicated,anchors/infotech.jsonl:21
ca_uhwFuwyt,信息科技,能理解用计算机实现过程与控制时存在的安全问题,能理解用计算机实现过程与控制时存在的安全问题，了解自主可控的系统在解决安全问题时的重要性。,38,"{""min"": ""G3"", ""max"": ""G8""}",ai-reviewed,"[""A06""]",deterministic-screen-only,not-adjudicated,anchors/infotech.jsonl:23
ca_MLzVActg,信息科技,能使用用户标识、密码和身份验证等措施做好基本防护,（6）使用互联网应用时，能够利用用户标识、密码和身份验证等措施做好基本防护，会使用加密软件对重要数据和个人信息进行加密保护。,42,"{""min"": ""G7"", ""max"": ""G9""}",ai-reviewed,"[""A09""]",deterministic-screen-only,not-adjudicated,anchors/infotech.jsonl:25
ca_Khv494wH,信息科技,能使用加密软件对重要数据和个人信息进行加密保护,（6）使用互联网应用时，能够利用用户标识、密码和身份验证等措施做好基本防护，会使用加密软件对重要数据和个人信息进行加密保护。,42,"{""min"": ""G7"", ""max"": ""G9""}",ai-reviewed,[],deterministic-screen-only,not-adjudicated,anchors/infotech.jsonl:26
ca_MAjP5tVT,信息科技,通过分析典型的人工智能应用场景,(2) 通过分析典型的人工智能应用场景，了解人工智能的基本特征及所依赖的数据、算法和算力三大技术基础。,47,"{""min"": ""G7"", ""max"": ""G9""}",ai-reviewed,[],deterministic-screen-only,not-adjudicated,anchors/infotech.jsonl:29
ca_tAdgFGLG,信息科技,通过体验人工智能的应用场景,(5) 通过体验人工智能的应用场景，了解人工智能带来的伦理与安全挑战，增强自我判断意识和责任感，做到与人工智能良好共处。,47,"{""min"": ""G7"", ""max"": ""G9""}",ai-reviewed,[],deterministic-screen-only,not-adjudicated,anchors/infotech.jsonl:31
ca_fBu4LBNf,信息科技,能识别身边的人工智能应用,能识别身边的人工智能应用，理解人工智能与现实社会的联系。,47,"{""min"": ""G7"", ""max"": ""G9""}",ai-reviewed,[],deterministic-screen-only,not-adjudicated,anchors/infotech.jsonl:32
ca_4rcbsWNX,信息科技,能设计并搭建具有数据采集、实时传输和简单控制功能的简易物联系统,能设计并搭建具有数据采集、实时传输和简单控制功能的简易物联系统，了解物联网与互联网的异同，知道网络中数据的编码、传输和呈现的原理（计算思维、数字化学习与创新）；,53,"{""min"": ""G7"", ""max"": ""G9""}",ai-reviewed,[],deterministic-screen-only,not-adjudicated,anchors/infotech.jsonl:37
ca_jb9My7E4,信息科技,能保护个人及他人隐私，自觉维护网络安全和数据安全,3. 初步具备数据安全防护能力，能保护个人及他人隐私，自觉维护网络安全和数据安全。,69,"{""min"": ""G3"", ""max"": ""G8""}",ai-reviewed,"[""A06"", ""A09""]",deterministic-screen-only,not-adjudicated,anchors/infotech.jsonl:40
ca_04EZiCNZ,信息科技,能说出数据编码的目的是保持信息社会的组织与秩序,认识数据编码的目的，理解数据编码是保持信息社会组织与秩序的科学基础,31,"{""min"": ""G1"", ""max"": ""G2""}",ai-adjudicated,[],deterministic-screen-only,not-adjudicated,anchors/infotech.jsonl:42
ca_cqH4lRb2,信息科技,能说出公民身份号码是在一套编码规则下产生的,常见的公民身份号码就是在一套编码规则下产生的,34,"{""min"": ""G1"", ""max"": ""G2""}",ai-adjudicated,[],deterministic-screen-only,not-adjudicated,anchors/infotech.jsonl:43
ca_dLBE5G3L,信息科技,能说出气温的直观感受是冷热变化，用数据表示则是具体的温度数值,人们对气温的直观感受是冷热变化，若用数据表示则是具体的温度数值,34,"{""min"": ""G1"", ""max"": ""G2""}",ai-adjudicated,[],deterministic-screen-only,not-adjudicated,anchors/infotech.jsonl:44
ca_HfqYTOcK,信息科技,能说出算法是通过明确的、可执行的操作步骤描述的问题求解方案,理解算法是通过明确的、可执行的操作步骤描述的问题求解方案,35,"{""min"": ""G5"", ""max"": ""G6""}",ai-adjudicated,[],deterministic-screen-only,not-adjudicated,anchors/infotech.jsonl:45
ca_8hQBpO8e,信息科技,能说出算法的三种基本控制结构是顺序、分支和循环,了解算法的顺序、分支和循环三种基本控制结构,35,"{""min"": ""G5"", ""max"": ""G6""}",ai-adjudicated,[],deterministic-screen-only,not-adjudicated,anchors/infotech.jsonl:46
ca_zSycsv8d,信息科技,能分析具体案例，说明反馈是过程与控制中的重要手段,通过分析具体案例，了解反馈是过程与控制中的重要手段,37,"{""min"": ""G5"", ""max"": ""G6""}",ai-reviewed,[],deterministic-screen-only,not-adjudicated,anchors/infotech.jsonl:47
ca_7c6vINB5,信息科技,能分析具体过程与控制系统的实例，说明系统的输入与输出可以是开关量或连续量,通过分析具体过程与控制系统的实例，了解系统的输入与输出可以是开关量或连续量,37,"{""min"": ""G5"", ""max"": ""G6""}",ai-reviewed,"[""A08""]",deterministic-screen-only,not-adjudicated,anchors/infotech.jsonl:48
ca_gGvKXXhM,信息科技,能说出汉诺塔游戏的规则是一次只能移动一个金片且小金片上不能放大金片,汉诺塔一共有三根银针……规定在三根银针之间移动金片时一次只能移动一个金片，并且小金片上不能放大金片。,40,"{""min"": ""G5"", ""max"": ""G6""}",ai-adjudicated,[],deterministic-screen-only,not-adjudicated,anchors/infotech.jsonl:49
ca_TDFvgpZK,信息科技,能说出互联网是当今信息社会的重要基础设施,互联网已经成为当今信息社会的重要基础设施。,41,"{""min"": ""G7"", ""max"": ""G9""}",ai-adjudicated,[],deterministic-screen-only,not-adjudicated,anchors/infotech.jsonl:50
ca_IZVMWdMH,信息科技,能说出基于互联网的创新创造是推动数字时代社会进步和国家发展的重要力量,基于互联网的创新创造是推动数字时代社会进步和国家发展的重要力量。,41,"{""min"": ""G7"", ""max"": ""G9""}",ai-adjudicated,[],deterministic-screen-only,not-adjudicated,anchors/infotech.jsonl:51
ca_mtTl8y4T,信息科技,能说出互联网协议是网络中数据编码、传输和呈现的原理依据,初步了解互联网协议，知道网络中数据的编码、传输和呈现的原理。,42,"{""min"": ""G7"", ""max"": ""G9""}",ai-adjudicated,[],deterministic-screen-only,not-adjudicated,anchors/infotech.jsonl:52
ca_BLs9jozt,信息科技,能使用网盘进行数据备份,了解云存储、云计算的原理，能够使用网盘进行数据备份,42,"{""min"": ""G7"", ""max"": ""G9""}",ai-reviewed,[],deterministic-screen-only,not-adjudicated,anchors/infotech.jsonl:53
ca_IkJVogd0,信息科技,能说出加密软件是对重要数据和个人信息进行保护的工具,会使用加密软件对重要数据和个人信息进行加密保护,42,"{""min"": ""G7"", ""max"": ""G9""}",ai-reviewed,[],deterministic-screen-only,not-adjudicated,anchors/infotech.jsonl:54
ca_fN4IHcRr,信息科技,能使用网页编辑工具、在线写作工具创建网络文档,学会使用网页编辑工具、在线写作工具等创建网络文档,42,"{""min"": ""G7"", ""max"": ""G9""}",ai-reviewed,"[""A09""]",deterministic-screen-only,not-adjudicated,anchors/infotech.jsonl:55
ca_vE1J92sD,信息科技,能说出识别网络谣言和不良数据是互联网应用的基本能力,具备识别网络谣言和不良数据的基本能力。,42,"{""min"": ""G7"", ""max"": ""G9""}",ai-reviewed,[],deterministic-screen-only,not-adjudicated,anchors/infotech.jsonl:57
ca_gN5PvzJv,信息科技,"能说出物联网的基本含义是""万物互联""",物联网的基本含义是“万物互联”,44,"{""min"": ""G5"", ""max"": ""G6""}",ai-adjudicated,[],deterministic-screen-only,not-adjudicated,anchors/infotech.jsonl:58
ca_8RXeoVtY,信息科技,能说出物联网是继互联网之后的新型信息基础设施,物联网是继互联网之后的新型信息基础设施,44,"{""min"": ""G5"", ""max"": ""G6""}",ai-adjudicated,[],deterministic-screen-only,not-adjudicated,anchors/infotech.jsonl:59
ca_FB8BIpHP,信息科技,能说出物联网是推动大数据和人工智能等信息科技发展与普及不可或缺的重要组成部分,物联网是推动大数据和人工智能等信息科技发展与普及不可或缺的重要组成部分,44,"{""min"": ""G5"", ""max"": ""G6""}",ai-adjudicated,[],deterministic-screen-only,not-adjudicated,anchors/infotech.jsonl:60
ca_8v3BkwJ5,信息科技,能说出物联网（特别是传感器系统）是连接物理世界与数字世界的纽带和媒介,了解物联网（特别是传感器系统）是连接物理世界与数字世界的纽带和媒介,44,"{""min"": ""G5"", ""max"": ""G6""}",ai-adjudicated,[],deterministic-screen-only,not-adjudicated,anchors/infotech.jsonl:61
ca_xU7AomFO,信息科技,能说出人工智能的三大技术基础是数据、算法和算力,了解人工智能的基本特征及所依赖的数据、算法和算力三大技术基础。,47,"{""min"": ""G5"", ""max"": ""G6""}",ai-adjudicated,[],deterministic-screen-only,not-adjudicated,anchors/infotech.jsonl:62
ca_lYpFGdCe,信息科技,能说出智慧社会是集成了多种具有人工智能基础设施和服务的智能生态系统的新型社会形态,了解智慧社会是集成了多种具有人工智能基础设施和服务的智能生态系统的新型社会形态,47,"{""min"": ""G5"", ""max"": ""G6""}",ai-adjudicated,[],deterministic-screen-only,not-adjudicated,anchors/infotech.jsonl:63
ca_caOEBfnA,信息科技,"能计算围棋人工智能程序""绝艺""在世界计算机围棋大赛上的获胜次数",例如，我国自主研发的围棋人工智能程序“绝艺”，多次在世界计算机围棋大赛上获得冠军。,48,"{""min"": ""G5"", ""max"": ""G6""}",ai-reviewed,[],deterministic-screen-only,not-adjudicated,anchors/infotech.jsonl:65
ca_TXA24XI4,信息科技,能判断某人能否守时,例如，现实生活中判断某个人能否守时，通常是回忆此人以往的守时情况，并作出大致推断。,48,"{""min"": ""G5"", ""max"": ""G6""}",ai-reviewed,[],deterministic-screen-only,not-adjudicated,anchors/infotech.jsonl:66
ca_0vNbvwoK,信息科技,"能说出""绝艺""诞生的初衷是通过科技创新使围棋运动焕发新的生命力",“绝艺”诞生的初衷是帮助人们更好地认识围棋、学习围棋，通过科技创新使围棋运动焕发新的生命力，让更多的人关注围棋，在围棋领域中探索、成长。,48,"{""min"": ""G5"", ""max"": ""G6""}",ai-adjudicated,[],deterministic-screen-only,not-adjudicated,anchors/infotech.jsonl:67
ca_E4IKxxE2,信息科技,"能说出""绝艺""是我国自主研发的围棋人工智能程序",例如，我国自主研发的围棋人工智能程序“绝艺”，多次在世界计算机围棋大赛上获得冠军。,48,"{""min"": ""G5"", ""max"": ""G6""}",ai-adjudicated,[],deterministic-screen-only,not-adjudicated,anchors/infotech.jsonl:69
ca_Rx6diAYs,信息科技,能用符号和编码表示问题求解所关心的对象,能用符号和编码表示问题求解所关心的对象，采用自然语言、流程图等方式，运用三种基本控制结构及其组合，正确进行问题求解的算法描述。,36,"{""min"": ""G3"", ""max"": ""G3""}",ai-reviewed,[],deterministic-screen-only,not-adjudicated,anchors/infotech.jsonl:70
ca_aDrpj24p,信息科技,能用流程图等方式描述算法,能用符号和编码表示问题求解所关心的对象，采用自然语言、流程图等方式，运用三种基本控制结构及其组合，正确进行问题求解的算法描述。,36,"{""min"": ""G3"", ""max"": ""G3""}",ai-reviewed,[],deterministic-screen-only,not-adjudicated,anchors/infotech.jsonl:71
ca_yUWT4hEc,信息科技,能识别系统中的输入环节,能识别系统中的输入、计算、输出环节，能理解反馈在系统中的作用，能分辨输入与输出环节中的数据是开关量还是连续量，并能运用逻辑和数值运算设计简单的处理环节。,38,"{""min"": ""G3"", ""max"": ""G8""}",ai-reviewed,"[""A06""]",deterministic-screen-only,not-adjudicated,anchors/infotech.jsonl:72
ca_chiuD9hJ,信息科技,能识别系统中的计算环节,能识别系统中的输入、计算、输出环节，能理解反馈在系统中的作用，能分辨输入与输出环节中的数据是开关量还是连续量，并能运用逻辑和数值运算设计简单的处理环节。,38,"{""min"": ""G3"", ""max"": ""G8""}",ai-reviewed,"[""A06""]",deterministic-screen-only,not-adjudicated,anchors/infotech.jsonl:73
ca_ZVuJjAzT,信息科技,能识别系统中的输出环节,能识别系统中的输入、计算、输出环节，能理解反馈在系统中的作用，能分辨输入与输出环节中的数据是开关量还是连续量，并能运用逻辑和数值运算设计简单的处理环节。,38,"{""min"": ""G3"", ""max"": ""G8""}",ai-reviewed,"[""A06""]",deterministic-screen-only,not-adjudicated,anchors/infotech.jsonl:74
ca_gCmxq6MC,信息科技,能够使用适当的数字化工具对网页进行编辑,（3）了解常用互联网应用中数据的构成，能够使用适当的数字化工具对网页进行编辑和发布。,42,"{""min"": ""G7"", ""max"": ""G9""}",ai-reviewed,[],deterministic-screen-only,not-adjudicated,anchors/infotech.jsonl:75
ca_BJYDUMvP,信息科技,能够使用适当的数字化工具对网页进行发布,（3）了解常用互联网应用中数据的构成，能够使用适当的数字化工具对网页进行编辑和发布。,42,"{""min"": ""G7"", ""max"": ""G9""}",ai-reviewed,[],deterministic-screen-only,not-adjudicated,anchors/infotech.jsonl:76
ca_MN9KF5ny,信息科技,能使用用户标识做好基本防护,（6）使用互联网应用时，能够利用用户标识、密码和身份验证等措施做好基本防护，会使用加密软件对重要数据和个人信息进行加密保护。,42,"{""min"": ""G7"", ""max"": ""G9""}",ai-reviewed,[],deterministic-screen-only,not-adjudicated,anchors/infotech.jsonl:77
ca_y6qQhC2c,信息科技,能使用密码做好基本防护,（6）使用互联网应用时，能够利用用户标识、密码和身份验证等措施做好基本防护，会使用加密软件对重要数据和个人信息进行加密保护。,42,"{""min"": ""G7"", ""max"": ""G9""}",ai-reviewed,[],deterministic-screen-only,not-adjudicated,anchors/infotech.jsonl:78
ca_ivcUcXqp,信息科技,能保护个人及他人隐私,3. 初步具备数据安全防护能力，能保护个人及他人隐私，自觉维护网络安全和数据安全。,69,"{""min"": ""G3"", ""max"": ""G8""}",ai-reviewed,"[""A06""]",deterministic-screen-only,not-adjudicated,anchors/infotech.jsonl:80
ca_33qJdqAq,信息科技,能自觉维护网络安全和数据安全,3. 初步具备数据安全防护能力，能保护个人及他人隐私，自觉维护网络安全和数据安全。,69,"{""min"": ""G3"", ""max"": ""G8""}",ai-reviewed,"[""A06""]",deterministic-screen-only,not-adjudicated,anchors/infotech.jsonl:81
ca_xN55mbW7,信息科技,能使用网页编辑工具创建网络文档,学会使用网页编辑工具、在线写作工具等创建网络文档,42,"{""min"": ""G7"", ""max"": ""G9""}",ai-reviewed,[],deterministic-screen-only,not-adjudicated,anchors/infotech.jsonl:82
ca_RQzim4eP,信息科技,能使用在线写作工具创建网络文档,学会使用网页编辑工具、在线写作工具等创建网络文档,42,"{""min"": ""G7"", ""max"": ""G9""}",ai-reviewed,[],deterministic-screen-only,not-adjudicated,anchors/infotech.jsonl:83
ca_fYe6WEAH,信息科技,能举出一个网络数据传输过程中需要解决的具体问题,初步了解互联网协议，知道网络中数据的编码、传输和呈现的原理。,42,"{""min"": ""G7"", ""max"": ""G9""}",ai-reviewed,"[""A04""]",deterministic-screen-only,not-adjudicated,anchors/infotech.jsonl:84
ca_BEnaDVY6,信息科技,能说明互联网协议是如何解决这个问题的,初步了解互联网协议，知道网络中数据的编码、传输和呈现的原理。,42,"{""min"": ""G7"", ""max"": ""G9""}",ai-reviewed,"[""A04""]",deterministic-screen-only,not-adjudicated,anchors/infotech.jsonl:85
ca_xP4nRXw5,信息科技,能针对给定的信息片段，指出其中可能的谣言识别特征,具备识别网络谣言和不良数据的基本能力。,42,"{""min"": ""G7"", ""max"": ""G9""}",ai-reviewed,"[""A04""]",deterministic-screen-only,not-adjudicated,anchors/infotech.jsonl:86
ca_ybAARYSY,信息科技,能针对给定的信息片段，指出其中可能的不良数据特征,具备识别网络谣言和不良数据的基本能力。,42,"{""min"": ""G7"", ""max"": ""G9""}",ai-reviewed,"[""A04""]",deterministic-screen-only,not-adjudicated,anchors/infotech.jsonl:87
ca_6p4Msmx2,信息科技,能举例说明数据在人工智能中的具体作用,了解人工智能的基本特征及所依赖的数据、算法和算力三大技术基础。,47,"{""min"": ""G5"", ""max"": ""G6""}",ai-reviewed,"[""A04""]",deterministic-screen-only,not-adjudicated,anchors/infotech.jsonl:88
ca_GXL3uZ9j,信息科技,能举例说明算法在人工智能中的具体作用,了解人工智能的基本特征及所依赖的数据、算法和算力三大技术基础。,47,"{""min"": ""G5"", ""max"": ""G6""}",ai-reviewed,"[""A04""]",deterministic-screen-only,not-adjudicated,anchors/infotech.jsonl:89
ca_gJzRp3mF,信息科技,能举例说明算力在人工智能中的具体作用,了解人工智能的基本特征及所依赖的数据、算法和算力三大技术基础。,47,"{""min"": ""G5"", ""max"": ""G6""}",ai-reviewed,"[""A04""]",deterministic-screen-only,not-adjudicated,anchors/infotech.jsonl:90
ca_9LfvmLBE,劳动,能坚持用科学的方法洗手，并独立完成洗手劳动,坚持用科学的方法洗手，独立完成与个人卫生相关的劳动。,21,"{""min"": ""G1"", ""max"": ""G2""}",ai-reviewed,[],deterministic-screen-only,not-adjudicated,anchors/labor.jsonl:1
ca_Y54HmhT6,劳动,掌握日常简单烹饪工具、器皿的使用方法和注意事项,能在家庭烹饪劳动中进行简单的食材粗加工，掌握日常简单烹饪工具、器皿的使用方法和注意事项。,22,"{""min"": ""G3"", ""max"": ""G4""}",ai-reviewed,[],deterministic-screen-only,not-adjudicated,anchors/labor.jsonl:3
ca_Ccnv47tJ,劳动,能用文字和图画表达方案构想，能对工艺作品说出优点或改进建议,初步运用文字及图画表达自己的方案构想，对工艺作品进行简单的评价。,23,"{""min"": ""G1"", ""max"": ""G1""}",ai-reviewed,[],deterministic-screen-only,not-adjudicated,anchors/labor.jsonl:6
ca_QBFd76pz,劳动,能根据家人需求设计一顿午餐或晚餐的营养食谱,能根据家人需求设计一顿午餐或晚餐的营养食谱，了解不同烹饪方法与食物营养的关系。,29,"{""min"": ""G5"", ""max"": ""G6""}",ai-reviewed,[],deterministic-screen-only,not-adjudicated,anchors/labor.jsonl:16
ca_U9H5R28K,劳动,能依据简单技术图样，规范地使用常用生产工具、设备加工制作产品的模型或原型,能依据简单技术图样，规范地使用常用生产工具、设备加工制作产品的模型或原型。,32,"{""min"": ""G5"", ""max"": ""G6""}",ai-reviewed,[],deterministic-screen-only,not-adjudicated,anchors/labor.jsonl:20
ca_pqxxNWMK,劳动,能对居室或教室的美化提出创造性解决方案并制订实施方案,能对居室和教室的美化提出具有一定创造性的解决方案，制订合理的实施方案，并能安全规范地加以实施，发展自我管理与缜密筹划的能力。,35,"{""min"": ""G7"", ""max"": ""G9""}",ai-reviewed,[],deterministic-screen-only,not-adjudicated,anchors/labor.jsonl:25
ca_K8pB26kL,劳动,能说出用笤帚扫地、用拖把拖地、用抹布擦桌椅是简单的清洁劳动,开展简单的清洁劳动，用笤帚扫地，用拖把拖地，用抹布擦桌椅等,21,"{""min"": ""G1"", ""max"": ""G2""}",ai-reviewed,[],deterministic-screen-only,not-adjudicated,anchors/labor.jsonl:42
ca_VKfEbZUn,劳动,能选择当地1~2种常见蔬菜进行种植,选择当地1～2种常见的蔬菜，如大白菜、西红柿、黄瓜等进行种植,26,"{""min"": ""G3"", ""max"": ""G4""}",ai-reviewed,[],deterministic-screen-only,not-adjudicated,anchors/labor.jsonl:43
ca_3gci6TRV,劳动,能说出1~2项传统工艺制作项目的名称,选择1～2项传统工艺制作项目，如纸工、泥工、布艺、编织等，了解制作的技能和方法。识读简单的示意图，尝试设计,26,"{""min"": ""G3"", ""max"": ""G4""}",ai-reviewed,[],deterministic-screen-only,not-adjudicated,anchors/labor.jsonl:44
ca_uwB4xSJh,劳动,能说出公益劳动与志愿服务的主要场所是校园和社区,以校园、社区为主，参加1～2项力所能及的公益劳动与志愿服务,28,"{""min"": ""G3"", ""max"": ""G4""}",ai-reviewed,[],deterministic-screen-only,not-adjudicated,anchors/labor.jsonl:45
ca_e5OzZjGo,劳动,能说出担任学校校史馆小向导的工作内容是向访客介绍学校历史,担任学校校史馆小向导，向访客介绍学校历史等,28,"{""min"": ""G3"", ""max"": ""G4""}",ai-reviewed,[],deterministic-screen-only,not-adjudicated,anchors/labor.jsonl:46
ca_DnwSarZF,劳动,能说出担任运动会、艺术节等学校重大活动志愿者的工作是作出自己的贡献,担任运动会、艺术节等学校重大活动的志愿者，作出自己的贡献,28,"{""min"": ""G3"", ""max"": ""G4""}",ai-reviewed,[],deterministic-screen-only,not-adjudicated,anchors/labor.jsonl:47
ca_1t93SyDv,劳动,能说出用简单的炒、煎、炖等烹饪方法制作2~3道家常菜,用简单的炒、煎、炖等烹饪方法制作2～3道家常菜，如西红柿炒鸡蛋、煎鸡蛋、炖骨头汤等，参与从择菜、洗菜到烧菜、装盘的完整过程。,29,"{""min"": ""G5"", ""max"": ""G6""}",ai-reviewed,"[""A09""]",deterministic-screen-only,not-adjudicated,anchors/labor.jsonl:49
ca_z7sT0Ak8,劳动,能说出西红柿炒鸡蛋、煎鸡蛋、炖骨头汤是家常菜的例子,用简单的炒、煎、炖等烹饪方法制作2～3道家常菜，如西红柿炒鸡蛋、煎鸡蛋、炖骨头汤等，参与从择菜、洗菜到烧菜、装盘的完整过程。,29,"{""min"": ""G5"", ""max"": ""G6""}",ai-reviewed,[],deterministic-screen-only,not-adjudicated,anchors/labor.jsonl:50
ca_HKyqEM9P,劳动,能说出科学膳食与身体健康的关系是密切的,了解科学膳食与身体健康密切关系,35,"{""min"": ""G7"", ""max"": ""G9""}",ai-adjudicated,[],deterministic-screen-only,not-adjudicated,anchors/labor.jsonl:51
ca_eBJdB333,劳动,能说出现代服务业劳动的特征与过程是开展符合相应要求的劳动的依据,根据所参与现代服务业劳动的特征与过程，开展符合相应要求的劳动。,40,"{""min"": ""G7"", ""max"": ""G9""}",ai-reviewed,[],deterministic-screen-only,not-adjudicated,anchors/labor.jsonl:52
ca_4BYxBipj,劳动,能说出用简单的炒的烹饪方法制作2~3道家常菜,用简单的炒、煎、炖等烹饪方法制作2～3道家常菜，如西红柿炒鸡蛋、煎鸡蛋、炖骨头汤等，参与从择菜、洗菜到烧菜、装盘的完整过程。,29,"{""min"": ""G5"", ""max"": ""G6""}",ai-reviewed,[],deterministic-screen-only,not-adjudicated,anchors/labor.jsonl:56
ca_tUpsUu5v,劳动,能说出用简单的煎的烹饪方法制作2~3道家常菜,用简单的炒、煎、炖等烹饪方法制作2～3道家常菜，如西红柿炒鸡蛋、煎鸡蛋、炖骨头汤等，参与从择菜、洗菜到烧菜、装盘的完整过程。,29,"{""min"": ""G5"", ""max"": ""G6""}",ai-reviewed,[],deterministic-screen-only,not-adjudicated,anchors/labor.jsonl:57
ca_rA6qnP83,劳动,能说出用简单的炖的烹饪方法制作2~3道家常菜,用简单的炒、煎、炖等烹饪方法制作2～3道家常菜，如西红柿炒鸡蛋、煎鸡蛋、炖骨头汤等，参与从择菜、洗菜到烧菜、装盘的完整过程。,29,"{""min"": ""G5"", ""max"": ""G6""}",ai-reviewed,[],deterministic-screen-only,not-adjudicated,anchors/labor.jsonl:58
ca_7uJkt5Af,劳动,能说出炒的操作要点,用简单的炒、煎、炖等烹饪方法制作2～3道家常菜，如西红柿炒鸡蛋、煎鸡蛋、炖骨头汤等，参与从择菜、洗菜到烧菜、装盘的完整过程。,29,"{""min"": ""G5"", ""max"": ""G6""}",ai-reviewed,"[""A04""]",deterministic-screen-only,not-adjudicated,anchors/labor.jsonl:59
ca_DfsYKb5z,劳动,能说出煎的操作要点,用简单的炒、煎、炖等烹饪方法制作2～3道家常菜，如西红柿炒鸡蛋、煎鸡蛋、炖骨头汤等，参与从择菜、洗菜到烧菜、装盘的完整过程。,29,"{""min"": ""G5"", ""max"": ""G6""}",ai-reviewed,"[""A04""]",deterministic-screen-only,not-adjudicated,anchors/labor.jsonl:60
ca_aLiwzE69,劳动,能说出炖的操作要点,用简单的炒、煎、炖等烹饪方法制作2～3道家常菜，如西红柿炒鸡蛋、煎鸡蛋、炖骨头汤等，参与从择菜、洗菜到烧菜、装盘的完整过程。,29,"{""min"": ""G5"", ""max"": ""G6""}",ai-reviewed,"[""A04""]",deterministic-screen-only,not-adjudicated,anchors/labor.jsonl:61
ca_YK9SqQvF,数学,能用数表示物体的个数或事物的顺序,能用数表示物体的个数或事物的顺序，能认、读、写万以内的数；,26,"{""min"": ""G1"", ""max"": ""G2""}",ai-reviewed,[],deterministic-screen-only,not-adjudicated,anchors/math.jsonl:1
ca_hsZ8jz4C,数学,能认、读、写万以内的数,能用数表示物体的个数或事物的顺序，能认、读、写万以内的数；,26,"{""min"": ""G1"", ""max"": ""G2""}",ai-reviewed,[],deterministic-screen-only,not-adjudicated,anchors/math.jsonl:2
ca_PyRD5Ghx,数学,能说出不同数位上的数表示的数值,能说出不同数位上的数表示的数值；,26,"{""min"": ""G1"", ""max"": ""G2""}",ai-reviewed,[],deterministic-screen-only,not-adjudicated,anchors/math.jsonl:3
ca_tUKZPC5e,数学,能用 》、《 或 = 符号连接两个数表示大小关系,能用符号表示数的大小关系（例6），形成初步的数感和符号意识。,26,"{""min"": ""G1"", ""max"": ""G2""}",ai-reviewed,[],deterministic-screen-only,not-adjudicated,anchors/math.jsonl:4
ca_9VNasAem,数学,能描述四则运算的含义,能描述四则运算的含义，知道减法是加法的逆运算、乘法是加法的简便运算、除法是乘法的逆运算；,26,"{""min"": ""G1"", ""max"": ""G2""}",ai-reviewed,[],deterministic-screen-only,not-adjudicated,anchors/math.jsonl:5
ca_F9rkKeDv,数学,能熟练口算20以内数的加减法和表内乘除法,能熟练口算20以内数的加减法和表内乘除法，能口算简单的百以内数的加减法；,26,"{""min"": ""G1"", ""max"": ""G2""}",ai-reviewed,"[""A09""]",deterministic-screen-only,not-adjudicated,anchors/math.jsonl:6
ca_mvps8H7y,数学,能口算简单的百以内数的加减法,能熟练口算20以内数的加减法和表内乘除法，能口算简单的百以内数的加减法；,26,"{""min"": ""G1"", ""max"": ""G2""}",ai-reviewed,[],deterministic-screen-only,not-adjudicated,anchors/math.jsonl:7
ca_2cp77aYv,数学,能计算两位数和三位数的加减法,能计算两位数和三位数的加减法。,26,"{""min"": ""G1"", ""max"": ""G2""}",ai-reviewed,[],deterministic-screen-only,not-adjudicated,anchors/math.jsonl:8
ca_E4RKmfQR,数学,能在熟悉的生活情境中运用数和数的运算，合理表达简单的数量关系，解决简单的问题,能在熟悉的生活情境中运用数和数的运算，合理表达简单的数量关系，解决简单的问题。,26,"{""min"": ""G1"", ""max"": ""G2""}",ai-reviewed,"[""A09""]",deterministic-screen-only,not-adjudicated,anchors/math.jsonl:9
ca_YdfHR7Pc,数学,能结合具体实例解释万以上数的含义,能结合具体实例解释万以上数的含义，能认、读、写万以上的数，会用万、亿为单位表示大数，能说出各数位的名称，理解各数位上的数表示的意义，能进行整万、整亿数的改写。,28,"{""min"": ""G3"", ""max"": ""G4""}",ai-reviewed,[],deterministic-screen-only,not-adjudicated,anchors/math.jsonl:11
ca_b6a7ihBd,数学,能认、读、写万以上的数,能结合具体实例解释万以上数的含义，能认、读、写万以上的数，会用万、亿为单位表示大数，能说出各数位的名称，理解各数位上的数表示的意义，能进行整万、整亿数的改写。,28,"{""min"": ""G3"", ""max"": ""G4""}",ai-reviewed,[],deterministic-screen-only,not-adjudicated,anchors/math.jsonl:12
ca_5jt43pUh,数学,能说出一个大数的万位或亿位名称并解释其数值含义,能结合具体实例解释万以上数的含义，能认、读、写万以上的数，会用万、亿为单位表示大数，能说出各数位的名称，理解各数位上的数表示的意义，能进行整万、整亿数的改写。,28,"{""min"": ""G3"", ""max"": ""G4""}",ai-reviewed,"[""A09""]",deterministic-screen-only,not-adjudicated,anchors/math.jsonl:13
ca_PvagbcfZ,数学,能说出万以上数中各数位的名称,能结合具体实例解释万以上数的含义，能认、读、写万以上的数，会用万、亿为单位表示大数，能说出各数位的名称，理解各数位上的数表示的意义，能进行整万、整亿数的改写。,28,"{""min"": ""G3"", ""max"": ""G4""}",ai-reviewed,[],deterministic-screen-only,not-adjudicated,anchors/math.jsonl:14
ca_cXxQKniy,数学,能在具体情境中，理解比例尺的意义，能解决与比例尺相关的问题,能在具体情境中，理解比例尺的意义，能解决与比例尺相关的问题。,28,"{""min"": ""G6"", ""max"": ""G6""}",ai-reviewed,[],deterministic-screen-only,not-adjudicated,anchors/math.jsonl:19
ca_26TqD3kA,数学,能计算两位数乘三位数和三位数除以两位数,能计算两位数乘除三位数。,29,"{""min"": ""G3"", ""max"": ""G4""}",ai-reviewed,[],deterministic-screen-only,not-adjudicated,anchors/math.jsonl:20
ca_Xj7HBSx3,数学,能直观描述小数和分数,能直观描述小数和分数，能比较简单的小数的大小和分数的大小；,29,"{""min"": ""G3"", ""max"": ""G4""}",ai-reviewed,[],deterministic-screen-only,not-adjudicated,anchors/math.jsonl:21
ca_qaCBdY9k,数学,能比较简单的小数和分数的大小,能直观描述小数和分数，能比较简单的小数的大小和分数的大小；,29,"{""min"": ""G3"", ""max"": ""G4""}",ai-reviewed,[],deterministic-screen-only,not-adjudicated,anchors/math.jsonl:22
ca_yyMBrshz,数学,能描述减法与加法的关系、除法与乘法的关系,能描述减法与加法的关系、除法与乘法的关系；,29,"{""min"": ""G3"", ""max"": ""G4""}",ai-reviewed,"[""A09""]",deterministic-screen-only,not-adjudicated,anchors/math.jsonl:23
ca_wBxFcaY6,数学,能进行整数四则混合运算（以两步为主，不超过三步），正确运用小括号和中括号,能进行整数四则混合运算（以两步为主，不超过三步），正确运用小括号和中括号。,29,"{""min"": ""G3"", ""max"": ""G4""}",ai-reviewed,[],deterministic-screen-only,not-adjudicated,anchors/math.jsonl:24
ca_Rb3WmrqW,数学,能说出运算律的含义，并能用字母表示,能说出运算律的含义，并能用字母表示；,29,"{""min"": ""G3"", ""max"": ""G4""}",ai-reviewed,"[""A09""]",deterministic-screen-only,not-adjudicated,anchors/math.jsonl:25
ca_nM8mQ6t7,数学,能运用运算律进行简便运算，解决相关的简单实际问题,能运用运算律进行简便运算，解决相关的简单实际问题，形成运算能力。,29,"{""min"": ""G3"", ""max"": ""G4""}",ai-reviewed,[],deterministic-screen-only,not-adjudicated,anchors/math.jsonl:26
ca_ycm6izW8,数学,运用四则混合运算解决问题,能在简单的实际情境中，运用四则混合运算解决问题，能选择合适的单位通过估算解决实际问题，形成初步的应用意识。,29,"{""min"": ""G3"", ""max"": ""G4""}",ai-reviewed,[],deterministic-screen-only,not-adjudicated,anchors/math.jsonl:27
ca_skPgpj3L,数学,能在简单实际情境中，选择合适的单位通过估算解决实际问题,能在简单的实际情境中，运用四则混合运算解决问题，能选择合适的单位通过估算解决实际问题，形成初步的应用意识。,29,"{""min"": ""G3"", ""max"": ""G4""}",ai-reviewed,[],deterministic-screen-only,not-adjudicated,anchors/math.jsonl:28
ca_CwMkkn3y,数学,能借助计算器进行计算，并解释计算结果的实际意义,能借助计算器进行计算，并解释计算结果的实际意义；,29,"{""min"": ""G3"", ""max"": ""G4""}",ai-reviewed,"[""A09""]",deterministic-screen-only,not-adjudicated,anchors/math.jsonl:30
ca_3rb6sZe6,数学,能判断一个自然数是否是质数或合数,能判断一个自然数是否是质数或合数。,31,"{""min"": ""G3"", ""max"": ""G4""}",ai-reviewed,[],deterministic-screen-only,not-adjudicated,anchors/math.jsonl:31
ca_Frd9SZA4,数学,能用图形或数轴表示分数和小数，并比较两个数的大小,能用直观的方式表示分数和小数，能比较两个分数的大小和两个小数的大小；,31,"{""min"": ""G3"", ""max"": ""G4""}",ai-reviewed,"[""A09""]",deterministic-screen-only,not-adjudicated,anchors/math.jsonl:32
ca_3uHyEjN5,数学,能比较两个分数的大小和两个小数的大小,能用直观的方式表示分数和小数，能比较两个分数的大小和两个小数的大小；,31,"{""min"": ""G3"", ""max"": ""G4""}",ai-reviewed,[],deterministic-screen-only,not-adjudicated,anchors/math.jsonl:33
ca_xGmxAb8a,数学,会选择合适的方法进行估算（例18）,（2）在解决实际问题的过程中，会选择合适的方法进行估算（例18）。,31,"{""min"": ""G3"", ""max"": ""G4""}",ai-reviewed,[],deterministic-screen-only,not-adjudicated,anchors/math.jsonl:34
ca_ATZazJw5,数学,能解决按比例分配的实际问题,（4）在实际情境中理解比和比例以及按比例分配的含义，能解决简单的问题。,31,"{""min"": ""G3"", ""max"": ""G4""}",ai-reviewed,[],deterministic-screen-only,not-adjudicated,anchors/math.jsonl:35
ca_trhRE2Vb,数学,能探索规律或变化趋势（如y=5x）（例21）,能探索规律或变化趋势（如$y=5x$）（例21）。,31,"{""min"": ""G3"", ""max"": ""G4""}",ai-reviewed,[],deterministic-screen-only,not-adjudicated,anchors/math.jsonl:36
ca_Lv5MhzGB,数学,能运用常见的数量关系解决实际问题并合理解释结果的实际意义,（6）能运用常见的数量关系解决实际问题，能合理解释结果的实际意义，逐步形成模型意识和几何直观，提高解决问题的能力。,31,"{""min"": ""G3"", ""max"": ""G4""}",ai-reviewed,[],deterministic-screen-only,not-adjudicated,anchors/math.jsonl:37
ca_97QpJiUQ,数学,能在解决实际问题中运用恰当的方法进行估算，并能描述估算的过程,能在解决实际问题中运用恰当的方法进行估算，并能描述估算的过程。,32,"{""min"": ""G3"", ""max"": ""G4""}",ai-reviewed,[],deterministic-screen-only,not-adjudicated,anchors/math.jsonl:40
ca_9hbKt4Gx,数学,能在具体情境中判断两个量的比并计算比值,能在具体情境中判断两个量的比，会计算比值，理解比值相同的量，能解决按比例分配的简单问题。,32,"{""min"": ""G3"", ""max"": ""G4""}",ai-reviewed,[],deterministic-screen-only,not-adjudicated,anchors/math.jsonl:41
ca_cRxCSPvS,数学,能在组合图形中说出各组成部分图形的名称,会用简单的图形拼图，能在组合图形中说出各组成部分图形的名称；,35,"{""min"": ""G1"", ""max"": ""G2""}",ai-reviewed,[],deterministic-screen-only,not-adjudicated,anchors/math.jsonl:47
ca_svwCiC3k,数学,能从立体图形上找出一个面并说出它的形状,能说出立体图形中某一个面对应的平面图形（例 24）。,35,"{""min"": ""G1"", ""max"": ""G2""}",ai-reviewed,[],deterministic-screen-only,not-adjudicated,anchors/math.jsonl:48
ca_rjapWFfz,数学,能恰当地选择长度单位米、厘米描述生活中常见物体的长度,感悟统一单位的重要性，能恰当地选择长度单位米、厘米描述生活中常见物体的长度，能进行单位之间的换算；,35,"{""min"": ""G1"", ""max"": ""G2""}",ai-reviewed,[],deterministic-screen-only,not-adjudicated,anchors/math.jsonl:49
ca_TmxSnW4W,数学,能估测一些身边常见物体的长度，并能借助工具测量生活中物体的长度（例 25）,能估测一些身边常见物体的长度，并能借助工具测量生活中物体的长度（例 25）。,35,"{""min"": ""G1"", ""max"": ""G2""}",ai-reviewed,[],deterministic-screen-only,not-adjudicated,anchors/math.jsonl:50
ca_gQK8FkcK,数学,能说出线段、射线和直线的共性与区别,能说出线段、射线和直线的共性与区别；,37,"{""min"": ""G3"", ""max"": ""G4""}",ai-reviewed,[],deterministic-screen-only,not-adjudicated,anchors/math.jsonl:52
ca_YCnx84kK,数学,能说出两点间所有连线中线段最短，并在具体情境中运用这一知识解决简单问题,知道两点间所有连线中线段最短，能在具体情境中运用“两点之间线段最短”解决简单问题；,37,"{""min"": ""G3"", ""max"": ""G4""}",ai-reviewed,"[""A08""]",deterministic-screen-only,not-adjudicated,anchors/math.jsonl:53
ca_qVvsKLFD,数学,能辨认同一平面内两条直线是否平行或垂直,能辨认同一平面内两条直线是否平行或垂直；,37,"{""min"": ""G3"", ""max"": ""G4""}",ai-reviewed,"[""A13""]",deterministic-screen-only,not-adjudicated,anchors/math.jsonl:54
ca_VVpHJTxd,数学,能辨认从不同角度观察简单物体所对应的照片或直观图,能辨认从不同角度观察简单物体所对应的照片或直观图。,37,"{""min"": ""G3"", ""max"": ""G4""}",ai-reviewed,[],deterministic-screen-only,not-adjudicated,anchors/math.jsonl:55
ca_2PgUWDZq,数学,能说出直角、锐角、钝角的特征,能说出直角、锐角、钝角的特征，能辨认平角和周角；,37,"{""min"": ""G3"", ""max"": ""G4""}",ai-reviewed,[],deterministic-screen-only,not-adjudicated,anchors/math.jsonl:56
ca_fhGqFSMT,数学,能辨认平角和周角,能说出直角、锐角、钝角的特征，能辨认平角和周角；,37,"{""min"": ""G3"", ""max"": ""G4""}",ai-reviewed,[],deterministic-screen-only,not-adjudicated,anchors/math.jsonl:57
ca_YwQwQpbx,数学,会用量角器测量角的大小,会用量角器测量角的大小，能用直尺和量角器画出指定度数的角；,37,"{""min"": ""G3"", ""max"": ""G4""}",ai-reviewed,[],deterministic-screen-only,not-adjudicated,anchors/math.jsonl:58
ca_hJ9TxmeA,数学,能用直尺和量角器画出指定度数的角,会用量角器测量角的大小，能用直尺和量角器画出指定度数的角；,37,"{""min"": ""G3"", ""max"": ""G4""}",ai-reviewed,[],deterministic-screen-only,not-adjudicated,anchors/math.jsonl:59
ca_4qKPsXyg,数学,会根据角的特征对三角形分类，认识直角三角形、锐角三角形和钝角三角形,会根据角的特征对三角形分类，认识直角三角形、锐角三角形和钝角三角形；,37,"{""min"": ""G3"", ""max"": ""G4""}",ai-reviewed,[],deterministic-screen-only,not-adjudicated,anchors/math.jsonl:60
ca_ZTbcvvYy,数学,能说出图形之间的共性与区别（例28）,能说出图形之间的共性与区别（例28）。,37,"{""min"": ""G3"", ""max"": ""G4""}",ai-reviewed,[],deterministic-screen-only,not-adjudicated,anchors/math.jsonl:61
ca_3UBKZZbU,数学,能描述长度单位千米、分米、毫米,能描述长度单位千米、分米、毫米，能进行长度单位之间的换算；,37,"{""min"": ""G3"", ""max"": ""G4""}",ai-reviewed,[],deterministic-screen-only,not-adjudicated,anchors/math.jsonl:62
ca_yHpF8d4D,数学,能在真实情境中选择合适的长度单位,能在真实情境中选择合适的长度单位。,37,"{""min"": ""G3"", ""max"": ""G4""}",ai-reviewed,[],deterministic-screen-only,not-adjudicated,anchors/math.jsonl:63
ca_ztNAvSFg,数学,能通过具体事例描述面积单位厘米2、分米2、米2,能通过具体事例描述面积单位厘米²、分米²、米²，能进行面积单位之间的换算。,37,"{""min"": ""G3"", ""max"": ""G4""}",ai-reviewed,[],deterministic-screen-only,not-adjudicated,anchors/math.jsonl:64
ca_7VhGafE2,数学,会计算长方形、正方形的周长和面积,会计算长方形、正方形的周长和面积。,38,"{""min"": ""G3"", ""max"": ""G4""}",ai-reviewed,"[""A09""]",deterministic-screen-only,not-adjudicated,anchors/math.jsonl:66
ca_A98wyEwu,数学,能利用平移或旋转解释现实生活中的现象,能在实际情境中，辨认出生活中的平移、旋转和轴对称现象，直观感知平移、旋转和轴对称的特征，能利用平移或旋转解释现实生活中的现象，形成空间观念。,38,"{""min"": ""G3"", ""max"": ""G4""}",ai-reviewed,[],deterministic-screen-only,not-adjudicated,anchors/math.jsonl:67
ca_CAMjw9by,数学,能根据已知两个角的度数求出第三个角的度数,通过对图形的操作，感知三角形内角和是180°，能根据已知两个角的度数求出第三个角的度数。,40,"{""min"": ""G5"", ""max"": ""G6""}",ai-reviewed,[],deterministic-screen-only,not-adjudicated,anchors/math.jsonl:68
ca_kG8p4kX5,数学,会计算平行四边形、三角形、梯形的面积,会计算平行四边形、三角形、梯形的面积，能用相应公式解决实际问题。,40,"{""min"": ""G5"", ""max"": ""G6""}",ai-reviewed,"[""A09""]",deterministic-screen-only,not-adjudicated,anchors/math.jsonl:69
ca_Ks37crFT,数学,能描述圆和扇形的特征,会用圆规画圆，能描述圆和扇形的特征；,40,"{""min"": ""G5"", ""max"": ""G6""}",ai-reviewed,[],deterministic-screen-only,not-adjudicated,anchors/math.jsonl:71
ca_CnA26FG8,数学,能用有序数对（限于自然数）表示点的位置,能用有序数对（限于自然数）表示点的位置，理解有序数对与方格纸上点的对应关系（例36）。,40,"{""min"": ""G5"", ""max"": ""G6""}",ai-reviewed,[],deterministic-screen-only,not-adjudicated,anchors/math.jsonl:72
ca_UHbsbg6s,数学,能在方格纸上补全简单的轴对称图形,认识轴对称图形和对称轴，能在方格纸上补全简单的轴对称图形。,40,"{""min"": ""G5"", ""max"": ""G6""}",ai-reviewed,[],deterministic-screen-only,not-adjudicated,anchors/math.jsonl:73
ca_9VTjPETh,数学,能借助方格纸设计一个简单图案,能从平移、旋转和轴对称的角度欣赏生活中的图案，能借助方格纸设计简单图案，感受数学美，形成空间观念。,40,"{""min"": ""G5"", ""max"": ""G6""}",ai-reviewed,[],deterministic-screen-only,not-adjudicated,anchors/math.jsonl:74
ca_9as97ZGM,数学,能用圆的周长和面积公式解决简单的实际问题,圆的周长和面积，能用相应公式解决简单的实际问题。,41,"{""min"": ""G5"", ""max"": ""G6""}",ai-reviewed,[],deterministic-screen-only,not-adjudicated,anchors/math.jsonl:75
ca_x8EQvCyi,数学,能辨认长方体、正方体和圆柱的展开图,认识长方体、正方体和圆柱，能说出这些图形的特征，能辨认这些图形的展开图，会计算这些图形的体积和表面积；,41,"{""min"": ""G5"", ""max"": ""G6""}",ai-reviewed,[],deterministic-screen-only,not-adjudicated,anchors/math.jsonl:77
ca_UGj4pPns,数学,能计算长方体、正方体和圆柱的体积和表面积,认识长方体、正方体和圆柱，能说出这些图形的特征，能辨认这些图形的展开图，会计算这些图形的体积和表面积；,41,"{""min"": ""G5"", ""max"": ""G6""}",ai-reviewed,"[""A09""]",deterministic-screen-only,not-adjudicated,anchors/math.jsonl:78
ca_wuucjwD4,数学,能说出圆锥的特征,认识圆锥，能说出圆锥的特征，会计算圆锥的体积；,41,"{""min"": ""G5"", ""max"": ""G6""}",ai-reviewed,[],deterministic-screen-only,not-adjudicated,anchors/math.jsonl:79
ca_84F2CACj,数学,会计算圆锥的体积,认识圆锥，能说出圆锥的特征，会计算圆锥的体积；,41,"{""min"": ""G5"", ""max"": ""G6""}",ai-reviewed,[],deterministic-screen-only,not-adjudicated,anchors/math.jsonl:80
ca_Waku2y9E,数学,能选择合适单位描述实际问题,能说出面积单位千米²、公顷和体积单位米³、分米³、厘米³，以及容积单位升、毫升，能进行单位换算，能选择合适单位描述实际问题。,41,"{""min"": ""G5"", ""max"": ""G6""}",ai-reviewed,[],deterministic-screen-only,not-adjudicated,anchors/math.jsonl:81
ca_ShpPNYa9,数学,能辨认不同方向（前面、侧面、上面）的形状图（例34）,对于简单物体，能辨认不同方向（前面、侧面、上面）的形状图（例34），能把观察的方向与相应形状图对应起来，形成空间观念。,41,"{""min"": ""G5"", ""max"": ""G6""}",ai-reviewed,[],deterministic-screen-only,not-adjudicated,anchors/math.jsonl:82
ca_RT2y7vwn,数学,能把观察的方向与相应形状图对应起来,对于简单物体，能辨认不同方向（前面、侧面、上面）的形状图（例34），能把观察的方向与相应形状图对应起来，形成空间观念。,41,"{""min"": ""G5"", ""max"": ""G6""}",ai-reviewed,[],deterministic-screen-only,not-adjudicated,anchors/math.jsonl:83
ca_eSqjTBku,数学,能根据指定参照点的具体方向和距离描述物体所处位置,能根据指定参照点的具体方向和距离描述物体所处位置；,41,"{""min"": ""G5"", ""max"": ""G6""}",ai-reviewed,[],deterministic-screen-only,not-adjudicated,anchors/math.jsonl:84
ca_SiyQABe8,数学,能在方格纸上，按给定比例画出简单图形放大或缩小后的图形,能在方格纸上，按给定比例画出简单图形放大或缩小后的图形，形成空间观念和推理意识。,41,"{""min"": ""G5"", ""max"": ""G6""}",ai-reviewed,[],deterministic-screen-only,not-adjudicated,anchors/math.jsonl:85
ca_2UwMjnnU,数学,能在方格纸上描述图形的位置,能在方格纸上描述图形的位置，能辨别和想象简单图形平移、旋转后的图形，画出简单图形沿水平或垂直方向平移后的图形，以及旋转90°后的图形（例30）；,41,"{""min"": ""G5"", ""max"": ""G6""}",ai-reviewed,[],deterministic-screen-only,not-adjudicated,anchors/math.jsonl:86
ca_QzGfEkKn,数学,能在方格纸上补全轴对称图形,知道轴对称图形的对称轴（例31），能在方格纸上补全轴对称图形，形成推理意识。,41,"{""min"": ""G5"", ""max"": ""G6""}",ai-reviewed,[],deterministic-screen-only,not-adjudicated,anchors/math.jsonl:87
ca_hGYuqWym,数学,会呈现数据整理的结果（例39）,【内容要求】（1）经历简单的数据收集和整理、描述和分析的过程，了解简单的收集数据的方法，会呈现数据整理的结果（例39）。,45,"{""min"": ""G3"", ""max"": ""G4""}",ai-reviewed,[],deterministic-screen-only,not-adjudicated,anchors/math.jsonl:92
ca_mcsy9V8v,数学,通过对数据的简单分析，感受数据蕴含着信息，体会运用数据进行表达与交流的作用,（2）通过对数据的简单分析，感受数据蕴含着信息，体会运用数据进行表达与交流的作用。,45,"{""min"": ""G3"", ""max"": ""G4""}",ai-reviewed,[],deterministic-screen-only,not-adjudicated,anchors/math.jsonl:93
ca_HfLHR4pT,数学,会用条形统计图合理表示和分析数据,（3）认识条形统计图，会用条形统计图合理表示和分析数据。,45,"{""min"": ""G3"", ""max"": ""G4""}",ai-reviewed,[],deterministic-screen-only,not-adjudicated,anchors/math.jsonl:94
ca_d4Rxr7z5,数学,能在简单的实际情境中，合理应用统计图表和平均数（例41）,（6）能在简单的实际情境中，合理应用统计图表和平均数（例41），形成初步的数据意识和应用意识。,45,"{""min"": ""G3"", ""max"": ""G4""}",ai-reviewed,"[""A09""]",deterministic-screen-only,not-adjudicated,anchors/math.jsonl:96
ca_cAq3pYiK,数学,能收集、整理具体实例中的数据，并用合适的方式描述数据,【学业要求】能收集、整理具体实例中的数据，并用合适的方式描述数据，分析与表达数据中蕴含的信息。,45,"{""min"": ""G3"", ""max"": ""G4""}",ai-reviewed,[],deterministic-screen-only,not-adjudicated,anchors/math.jsonl:97
ca_vQgMrPTN,数学,会用条形统计图、折线统计图呈现相关数据,会用条形统计图、折线统计图呈现相关数据，解释所表达的意义。,46,"{""min"": ""G3"", ""max"": ""G4""}",ai-reviewed,[],deterministic-screen-only,not-adjudicated,anchors/math.jsonl:101
ca_aZFBQdz2,数学,能结合具体情境，探索百分数的意义，解决与百分数有关的简单实际问题,（4）结合具体情境，探索百分数的意义，能解决与百分数有关的简单实际问题，感受百分数的统计意义。,47,"{""min"": ""G5"", ""max"": ""G6""}",ai-reviewed,[],deterministic-screen-only,not-adjudicated,anchors/math.jsonl:102
ca_7GA5cZwn,数学,能把数据整理成条形统计图、折线统计图,能根据问题的需要，从报纸、杂志、电视、互联网等媒体上获取数据，或者通过其他合适的方式获取数据，能把数据整理成条形统计图、折线统计图，知道条形统计图、折线统计图和扇形统计图的功能，会解释统计图表达的意义，能根据结果作出简单的判断和预测。,47,"{""min"": ""G5"", ""max"": ""G6""}",ai-reviewed,"[""A09""]",deterministic-screen-only,not-adjudicated,anchors/math.jsonl:103
ca_3cDyBTte,数学,能根据统计图表达的意义，对数据结果作出简单的判断和预测,能根据问题的需要，从报纸、杂志、电视、互联网等媒体上获取数据，或者通过其他合适的方式获取数据，能把数据整理成条形统计图、折线统计图，知道条形统计图、折线统计图和扇形统计图的功能，会解释统计图表达的意义，能根据结果作出简单的判断和预测。,47,"{""min"": ""G5"", ""max"": ""G6""}",ai-reviewed,[],deterministic-screen-only,not-adjudicated,anchors/math.jsonl:104
ca_9utLFQYK,数学,能在真实情境中理解百分数的统计意义，解决与百分数有关的简单问题,能在真实情境中理解百分数的统计意义（例45），解决与百分数有关的简单问题。,47,"{""min"": ""G5"", ""max"": ""G6""}",ai-reviewed,[],deterministic-screen-only,not-adjudicated,anchors/math.jsonl:105
ca_QqCETh82,数学,能列举生活中的随机现象，列出简单随机现象中所有可能发生的结果,能列举生活中的随机现象，列出简单随机现象中所有可能发生的结果，判断简单随机现象发生可能性的大小。,47,"{""min"": ""G5"", ""max"": ""G6""}",ai-reviewed,[],deterministic-screen-only,not-adjudicated,anchors/math.jsonl:106
ca_zGiyvwHS,数学,判断简单随机现象发生可能性的大小,能列举生活中的随机现象，列出简单随机现象中所有可能发生的结果，判断简单随机现象发生可能性的大小。,47,"{""min"": ""G5"", ""max"": ""G6""}",ai-reviewed,[],deterministic-screen-only,not-adjudicated,anchors/math.jsonl:107
ca_rRMwLLnU,数学,能根据数据提供的信息，判断随机现象发生的可能性,对于现实生活中的一些简单问题，能根据数据提供的信息，判断随机现象发生的可能性。,47,"{""min"": ""G5"", ""max"": ""G6""}",ai-reviewed,[],deterministic-screen-only,not-adjudicated,anchors/math.jsonl:108
ca_aMLsNypQ,数学,会在真实或模拟的情境中合理使用人民币,会在真实或模拟的情境中合理使用人民币；,51,"{""min"": ""G1"", ""max"": ""G2""}",ai-reviewed,[],deterministic-screen-only,not-adjudicated,anchors/math.jsonl:110
ca_Zthr3HKr,数学,能用自己的语言说出数学连环画中数学知识的意义及数量关系,能用自己的语言表达数学连环画中数学知识的意义及蕴含的数量关系，能理解他人数学连环画中的数学信息及关系，学会数学化的表达与交流。,52,"{""min"": ""G1"", ""max"": ""G2""}",ai-reviewed,[],deterministic-screen-only,not-adjudicated,anchors/math.jsonl:118
ca_PKQreZGH,数学,能用24时记时法表示时间,知道24时记时法与钟表上刻度的关系，能用24时记时法表示时间；,54,"{""min"": ""G3"", ""max"": ""G4""}",ai-reviewed,[],deterministic-screen-only,not-adjudicated,anchors/math.jsonl:119
ca_jAMXcyrq,数学,能针对具体问题与他人合作制订称重的实践方案，并能在执行方案的过程中不断反思，丰富度量的活动经验,理解“曹冲称象”的基本原理是等量的等量相等，能针对具体问题与他人合作制订称重的实践方案，并能在执行方案的过程中不断反思，丰富度量的活动经验。,54,"{""min"": ""G3"", ""max"": ""G4""}",ai-reviewed,[],deterministic-screen-only,not-adjudicated,anchors/math.jsonl:120
ca_aWGE3cJk,数学,能把这样的认识拓展到现实场景中，在简单的实际情境中正确判断方位,能把这样的认识拓展到现实场景中，在简单的实际情境中正确判断方位；,55,"{""min"": ""G3"", ""max"": ""G4""}",ai-reviewed,[],deterministic-screen-only,not-adjudicated,anchors/math.jsonl:121
ca_73VT2CFt,数学,能在现实场景中尝试以站立点为正中心（圆心），以钟表盘12个小时的点位来说明方向,了解用“几点钟方向”描述方向的方法及其主要用途，能在现实场景中尝试以站立点为正中心（圆心），以钟表盘12个小时的点位来说明方向。,55,"{""min"": ""G3"", ""max"": ""G4""}",ai-reviewed,[],deterministic-screen-only,not-adjudicated,anchors/math.jsonl:122
ca_Nr4nz2Jk,数学,会用正数和负数表示具体情境中具有相反意义的量,(1) 有理数理解负数的意义，会用正数和负数表示具体情境中具有相反意义的量；,65,"{""min"": ""G7"", ""max"": ""G9""}",ai-reviewed,[],deterministic-screen-only,not-adjudicated,anchors/math.jsonl:135
ca_7ZdCPtwK,数学,能用数轴上的点表示有理数,理解有理数的意义，能用数轴上的点表示有理数，能借助数轴体会相反数和绝对值的意义，初步体会数形结合的思想方法；,65,"{""min"": ""G7"", ""max"": ""G9""}",ai-reviewed,[],deterministic-screen-only,not-adjudicated,anchors/math.jsonl:136
ca_JL6WPUQX,数学,能比较有理数的大小,能比较有理数的大小，能求有理数的相反数和绝对值；,65,"{""min"": ""G7"", ""max"": ""G9""}",ai-reviewed,[],deterministic-screen-only,not-adjudicated,anchors/math.jsonl:137
ca_K6cXunub,数学,会运用乘方的意义准确进行有理数的乘方运算,会运用乘方的意义准确进行有理数的乘方运算；,65,"{""min"": ""G7"", ""max"": ""G9""}",ai-reviewed,[],deterministic-screen-only,not-adjudicated,anchors/math.jsonl:138
ca_dbvFPRrX,数学,能合理运用运算律简化运算,能熟练地对有理数进行加、减、乘、除、乘方及简单的混合运算（以三步以内为主），理解有理数的运算律，能合理运用运算律简化运算，能运用有理数的运算解决简单问题。,65,"{""min"": ""G7"", ""max"": ""G9""}",ai-reviewed,[],deterministic-screen-only,not-adjudicated,anchors/math.jsonl:139
ca_S6ehSGKq,数学,能运用有理数的运算解决简单问题,能熟练地对有理数进行加、减、乘、除、乘方及简单的混合运算（以三步以内为主），理解有理数的运算律，能合理运用运算律简化运算，能运用有理数的运算解决简单问题。,65,"{""min"": ""G7"", ""max"": ""G9""}",ai-reviewed,[],deterministic-screen-only,not-adjudicated,anchors/math.jsonl:140
ca_nQutTKqH,数学,能用数轴上的点表示一些具体的实数,初步认识实数与数轴上的点具有一一对应关系，能用数轴上的点表示一些具体的实数，能比较实数的大小；,65,"{""min"": ""G7"", ""max"": ""G9""}",ai-reviewed,[],deterministic-screen-only,not-adjudicated,anchors/math.jsonl:141
ca_kyxR3a8k,数学,能比较实数的大小,初步认识实数与数轴上的点具有一一对应关系，能用数轴上的点表示一些具体的实数，能比较实数的大小；,65,"{""min"": ""G7"", ""max"": ""G9""}",ai-reviewed,[],deterministic-screen-only,not-adjudicated,anchors/math.jsonl:142
ca_6LbeLBvu,数学,会用根号表示平方根、算术平方根、立方根,知道平方根、算术平方根、立方根的概念，会用根号表示平方根、算术平方根、立方根；,65,"{""min"": ""G7"", ""max"": ""G9""}",ai-reviewed,"[""A09""]",deterministic-screen-only,not-adjudicated,anchors/math.jsonl:143
ca_xdeD3grN,数学,会用计算器计算平方根和立方根,知道乘方与开方互为逆运算，会用乘方运算求百以内完全平方数的平方根和千以内完全立方数的立方根（及对应的负整数），会用计算器计算平方根和立方根；,65,"{""min"": ""G7"", ""max"": ""G9""}",ai-reviewed,[],deterministic-screen-only,not-adjudicated,anchors/math.jsonl:145
ca_mPeNYzFW,数学,能用计算器进行近似计算,初步认识近似数，在解决实际问题中，能用计算器进行近似计算，会按问题的要求进行简单的近似计算，会对结果取近似值；,65,"{""min"": ""G7"", ""max"": ""G9""}",ai-reviewed,[],deterministic-screen-only,not-adjudicated,anchors/math.jsonl:146
ca_RQ2iqEuL,数学,能运用代数式表示具体问题中简单的数量关系，体验用数学符号表达数量关系的过程,能运用代数式表示具体问题中简单的数量关系，体验用数学符号表达数量关系的过程，会选择适当的方法求代数式的值；,66,"{""min"": ""G7"", ""max"": ""G9""}",ai-reviewed,[],deterministic-screen-only,not-adjudicated,anchors/math.jsonl:147
ca_niUiNXNC,数学,会选择适当的方法求代数式的值,能运用代数式表示具体问题中简单的数量关系，体验用数学符号表达数量关系的过程，会选择适当的方法求代数式的值；,66,"{""min"": ""G7"", ""max"": ""G9""}",ai-reviewed,[],deterministic-screen-only,not-adjudicated,anchors/math.jsonl:148
ca_idAkeFJq,数学,会用科学记数法表示数（包括在计算器上表示）,会用科学记数法表示数（包括在计算器上表示）；,66,"{""min"": ""G7"", ""max"": ""G9""}",ai-reviewed,[],deterministic-screen-only,not-adjudicated,anchors/math.jsonl:149
ca_vxr36jj8,数学,能利用分式的基本性质进行约分、通分，并化简分式,知道分式的分母不能为零，能利用分式的基本性质进行约分、通分，并化简分式，能对简单的分式进行加、减、乘、除运算并将运算结果化为最简分式。,66,"{""min"": ""G7"", ""max"": ""G9""}",ai-reviewed,[],deterministic-screen-only,not-adjudicated,anchors/math.jsonl:150
ca_mVsTNkkK,数学,能运用等式的基本性质进行等式的变形,掌握等式的基本性质，能运用等式的基本性质进行等式的变形；,66,"{""min"": ""G7"", ""max"": ""G9""}",ai-reviewed,[],deterministic-screen-only,not-adjudicated,anchors/math.jsonl:152
ca_VkCQ8rcq,数学,能根据二元一次方程组的特征，选择代入消元法或加减消元法解二元一次方程组,能根据二元一次方程组的特征，选择代入消元法或加减消元法解二元一次方程组；,66,"{""min"": ""G7"", ""max"": ""G9""}",ai-reviewed,[],deterministic-screen-only,not-adjudicated,anchors/math.jsonl:153
ca_ygUHy3xh,数学,能根据具体问题的实际意义，检验方程的解是否合理,能根据具体问题的实际意义，检验方程的解是否合理。,66,"{""min"": ""G7"", ""max"": ""G9""}",ai-reviewed,[],deterministic-screen-only,not-adjudicated,anchors/math.jsonl:154
ca_LtsgPuuT,数学,在直观理解和掌握图形与几何基本事实的基础上，经历得到和验证数学结论的过程，感悟具有传递性的数学逻辑,在直观理解和掌握图形与几何基本事实的基础上，经历得到和验证数学结论的过程，感悟具有传递性的数学逻辑，形成几何直观和推理能力；,78,"{""min"": ""G7"", ""max"": ""G9""}",ai-reviewed,[],deterministic-screen-only,not-adjudicated,anchors/math.jsonl:155
ca_XHLKJgCH,数学,会用图形的运动认识、理解和表达现实世界中相应的现象,理解轴对称、旋转、平移这三类基本的图形运动，知道三类运动的基本特征，会用图形的运动认识、理解和表达现实世界中相应的现象；,78,"{""min"": ""G7"", ""max"": ""G9""}",ai-reviewed,[],deterministic-screen-only,not-adjudicated,anchors/math.jsonl:157
ca_a57nnL9p,数学,会判断简单的相似三角形,了解图形相似的意义，会判断简单的相似三角形；,78,"{""min"": ""G7"", ""max"": ""G9""}",ai-reviewed,[],deterministic-screen-only,not-adjudicated,anchors/math.jsonl:158
ca_KzK6qDmA,数学,能用坐标描述简单几何图形的位置,感悟平面直角坐标系是沟通代数与几何的桥梁，理解平面上点与坐标之间的一一对应关系，能用坐标描述简单几何图形的位置；,78,"{""min"": ""G7"", ""max"": ""G9""}",ai-reviewed,[],deterministic-screen-only,not-adjudicated,anchors/math.jsonl:159
ca_bjwRsRw6,数学,会用简单随机抽样收集数据,能根据问题的需要，设计恰当的调查问卷并会用简单随机抽样收集数据；,82,"{""min"": ""G7"", ""max"": ""G9""}",ai-reviewed,[],deterministic-screen-only,not-adjudicated,anchors/math.jsonl:161
ca_PgF2cDTQ,数学,能根据收集到的数据绘制出扇形统计图或频数直方图,能绘制扇形统计图、频数直方图，能用扇形统计图、条形统计图、折线统计图、频数直方图等整理与描述收集到的数据，能读懂扇形统计图、条形统计图、折线统计图、频数直方图等反映的数据信息，能利用频数直方图解释数据中蕴含的信息；,82,"{""min"": ""G7"", ""max"": ""G9""}",ai-reviewed,[],deterministic-screen-only,not-adjudicated,anchors/math.jsonl:162
ca_tVZua9Bk,数学,能利用频数直方图解释数据中蕴含的信息,能绘制扇形统计图、频数直方图，能用扇形统计图、条形统计图、折线统计图、频数直方图等整理与描述收集到的数据，能读懂扇形统计图、条形统计图、折线统计图、频数直方图等反映的数据信息，能利用频数直方图解释数据中蕴含的信息；,82,"{""min"": ""G7"", ""max"": ""G9""}",ai-reviewed,[],deterministic-screen-only,not-adjudicated,anchors/math.jsonl:163
ca_4F2ZC5am,数学,能计算一组数据的中位数、众数、加权平均数,能计算一组数据的中位数、众数、加权平均数，知道计算加权平均数的分布式计算方法，知道中位数、众数、平均数都能刻画这组数据的集中趋势以及它们各自的特点；,82,"{""min"": ""G7"", ""max"": ""G9""}",ai-reviewed,"[""A09""]",deterministic-screen-only,not-adjudicated,anchors/math.jsonl:164
ca_PPzdrt4A,数学,能计算一组数据的四分位数,知道百分位数和四分位数，能计算一组数据的四分位数，知道箱线图可以直观反映数据分布的信息；,82,"{""min"": ""G7"", ""max"": ""G9""}",ai-reviewed,[],deterministic-screen-only,not-adjudicated,anchors/math.jsonl:166
ca_W7nynAyn,数学,能根据数据的数字特征解释或解决问题,能根据问题的需要提取中位数、众数、平均数、四分位数、方差等数据的数字特征，能根据数据的数字特征解释或解决问题；,82,"{""min"": ""G7"", ""max"": ""G9""}",ai-reviewed,[],deterministic-screen-only,not-adjudicated,anchors/math.jsonl:167
ca_TRfX2NeE,数学,能根据需要使用恰当的统计图表整理和表示数据，并根据图表进行分析,能根据需要使用恰当的统计图表整理和表示数据，能根据统计图表分析,82,"{""min"": ""G7"", ""max"": ""G9""}",ai-reviewed,[],deterministic-screen-only,not-adjudicated,anchors/math.jsonl:168
ca_e8CgbmJc,数学,能描述简单随机事件的特征（可能结果的个数有限，每一个可能结果出现的概率相等）,能描述简单随机事件的特征（可能结果的个数有限，每一个可能结果出现的概率相等），能用列表、画树状图等方法求出简单随机事件所有可能的结果以及指定随机事件发生的所有可能结果，能计算简单随机事件的概率；,83,"{""min"": ""G7"", ""max"": ""G9""}",ai-reviewed,[],deterministic-screen-only,not-adjudicated,anchors/math.jsonl:169
ca_4mJFqABe,数学,能用列表、画树状图等方法求出简单随机事件所有可能的结果以及指定随机事件发生的所有可能结果,能描述简单随机事件的特征（可能结果的个数有限，每一个可能结果出现的概率相等），能用列表、画树状图等方法求出简单随机事件所有可能的结果以及指定随机事件发生的所有可能结果，能计算简单随机事件的概率；,83,"{""min"": ""G7"", ""max"": ""G9""}",ai-reviewed,[],deterministic-screen-only,not-adjudicated,anchors/math.jsonl:170
ca_KmwQw75g,数学,能计算简单随机事件的概率,能描述简单随机事件的特征（可能结果的个数有限，每一个可能结果出现的概率相等），能用列表、画树状图等方法求出简单随机事件所有可能的结果以及指定随机事件发生的所有可能结果，能计算简单随机事件的概率；,83,"{""min"": ""G7"", ""max"": ""G9""}",ai-reviewed,[],deterministic-screen-only,not-adjudicated,anchors/math.jsonl:171
ca_3NkuFmPc,数学,能综合运用统计与概率的思维方法解决简单的实际问题,能综合运用统计与概率的思维方法解决简单的实际问题。,83,"{""min"": ""G7"", ""max"": ""G9""}",ai-reviewed,[],deterministic-screen-only,not-adjudicated,anchors/math.jsonl:172
ca_maAjVk2r,数学,能结合现实生活中的事物，认识并描述常见的立体图形和平面图形特征,能结合现实生活中的事物，认识并描述常见的立体图形和平面图形特征，会对常见物体的长度进行测量，形成初步的空间观念和量感；,88,"{""min"": ""G1"", ""max"": ""G1""}",ai-reviewed,[],deterministic-screen-only,not-adjudicated,anchors/math.jsonl:179
ca_v24fqpCJ,数学,能用直尺测量并计算长方形和正方形的周长与面积,能认识常见的三角形和四边形，会测量、计算长方形与正方形的周长和面积，了解图形的平移、旋转和轴对称，形成空间观念、量感和初步的几何直观；,88,"{""min"": ""G3"", ""max"": ""G3""}",ai-reviewed,"[""A08""]",deterministic-screen-only,not-adjudicated,anchors/math.jsonl:182
ca_4WjO3EYz,数学,能说出第四学段（7~9年级）数与代数领域的主题是数与式、方程与不等式、函数,第四学段（7~9年级） 1. 数与式 2. 方程与不等式 3. 函数,23,"{""min"": ""G7"", ""max"": ""G9""}",ai-reviewed,[],deterministic-screen-only,not-adjudicated,anchors/math.jsonl:189
ca_bCHKWaBh,数学,能说出减法是加法的逆运算,知道减法是加法的逆运算,26,"{""min"": ""G1"", ""max"": ""G2""}",ai-adjudicated,[],deterministic-screen-only,not-adjudicated,anchors/math.jsonl:190
ca_6eLIhoVb,数学,能说出乘法是加法的简便运算,乘法是加法的简便运算,26,"{""min"": ""G1"", ""max"": ""G2""}",ai-adjudicated,[],deterministic-screen-only,not-adjudicated,anchors/math.jsonl:191
ca_l3Knq2wo,数学,能说出除法是乘法的逆运算,除法是乘法的逆运算,26,"{""min"": ""G1"", ""max"": ""G2""}",ai-adjudicated,[],deterministic-screen-only,not-adjudicated,anchors/math.jsonl:192
ca_fuzXvYOU,数学,"能说出2,3,5的倍数的特征",知道2，3，5的倍数的特征，了解公倍数和最小公倍数，了解公因数和最大公因数，了解奇数、偶数、质数（或素数）和合数。,30,"{""min"": ""G5"", ""max"": ""G6""}",ai-adjudicated,[],deterministic-screen-only,not-adjudicated,anchors/math.jsonl:195
ca_NIeVRoGG,数学,能在具体情境中描述成正比的量 y/x=k(k≠0),能在具体情境中描述成正比的量 y/x=k(k≠0)，能找出生活中成正比的量的实例；能根据给出的成正比关系的数据在方格纸上画图，了解 y=kx(k≠0) 的形式，能根据其中一个量的值计算另一个量的值。,32,"{""min"": ""G5"", ""max"": ""G6""}",ai-reviewed,[],deterministic-screen-only,not-adjudicated,anchors/math.jsonl:196
ca_vPWdAUPC,数学,能计算长方形的周长和面积,探索并掌握长方形、正方形的周长和面积的计算公式,36,"{""min"": ""G3"", ""max"": ""G4""}",ai-reviewed,[],deterministic-screen-only,not-adjudicated,anchors/math.jsonl:198
ca_bVac9QRU,数学,能探索并掌握长方形、正方形的周长和面积的计算公式,探索并掌握长方形、正方形的周长和面积的计算公式,36,"{""min"": ""G3"", ""max"": ""G4""}",ai-reviewed,[],deterministic-screen-only,not-adjudicated,anchors/math.jsonl:199
ca_gp69U1k0,数学,能计算长方形和正方形的周长与面积,探索并掌握长方形、正方形的周长和面积的计算公式,36,"{""min"": ""G3"", ""max"": ""G4""}",ai-reviewed,[],deterministic-screen-only,not-adjudicated,anchors/math.jsonl:201
ca_QVOW8KDI,数学,能说出两点之间的距离就是连接两点的线段的长度,感知线段长度与两点间距离的关系,38,"{""min"": ""G3"", ""max"": ""G4""}",ai-adjudicated,[],deterministic-screen-only,not-adjudicated,anchors/math.jsonl:202
ca_KziUnadt,数学,能说出三角形内角和是 180°,知道三角形任意两边之和大于第三边（例 32）；知道三角形内角和是 180°。,39,"{""min"": ""G5"", ""max"": ""G6""}",ai-adjudicated,[],deterministic-screen-only,not-adjudicated,anchors/math.jsonl:203
ca_pOb30KtA,数学,能说出圆的周长与其直径之比是一个定值,了解圆的周长与其直径之比是一个定值,40,"{""min"": ""G5"", ""max"": ""G6""}",ai-adjudicated,[],deterministic-screen-only,not-adjudicated,anchors/math.jsonl:204
ca_5ZxWWVJ8,数学,"能根据""两点间线段最短""的基本事实说明三角形三边关系",经历根据“两点间线段最短”的基本事实说明三角形三边关系的过程,42,"{""min"": ""G5"", ""max"": ""G6""}",ai-reviewed,[],deterministic-screen-only,not-adjudicated,anchors/math.jsonl:205
ca_JWaA2wPV,数学,能说出祖冲之是古代数学家,讲述祖冲之的故事（例 22），了解中国古代数学家的杰出贡献,42,"{""min"": ""G5"", ""max"": ""G6""}",ai-reviewed,[],deterministic-screen-only,not-adjudicated,anchors/math.jsonl:206
ca_XqBrzxg6,数学,能说出数据分类的本质是根据信息对事物进行分类,“数据分类”的本质是根据信息对事物进行分类。,43,"{""min"": ""G5"", ""max"": ""G6""}",ai-adjudicated,[],deterministic-screen-only,not-adjudicated,anchors/math.jsonl:207
ca_tcMgvYM9,数学,能说出平均数是介于最大数与最小数之间的数,知道平均数是介于最大数与最小数之间的数,45,"{""min"": ""G3"", ""max"": ""G4""}",ai-adjudicated,[],deterministic-screen-only,not-adjudicated,anchors/math.jsonl:208
ca_OAlPzObf,数学,能说出条形统计图的主要功能是表达数量的多少,知道条形统计图的主要功能是表达数量的多少,46,"{""min"": ""G5"", ""max"": ""G6""}",ai-adjudicated,[],deterministic-screen-only,not-adjudicated,anchors/math.jsonl:209
ca_dgnYxQYI,数学,能说出随机现象的基本特征是可能发生也可能不发生,感知随机现象的基本特征，可能发生也可能不发生,48,"{""min"": ""G5"", ""max"": ""G6""}",ai-adjudicated,[],deterministic-screen-only,not-adjudicated,anchors/math.jsonl:212
ca_Ii5gbk4U,数学,能说出许多随机现象发生可能性的大小是可以预测的,让学生感知，许多随机现象发生可能性的大小是可以预测的,48,"{""min"": ""G5"", ""max"": ""G6""}",ai-adjudicated,[],deterministic-screen-only,not-adjudicated,anchors/math.jsonl:213
ca_GhgVOL6i,数学,能说出第一类主题活动是融入数学知识学习的主题活动,主题活动分为两类：第一类，融入数学知识学习的主题活动。,49,"{""min"": ""G1"", ""max"": ""G2""}",ai-adjudicated,[],deterministic-screen-only,not-adjudicated,anchors/math.jsonl:215
ca_qgb8gyYh,数学,能运用数学知识及其他学科知识参与主题活动,第二类，运用数学知识及其他学科知识的主题活动。,49,"{""min"": ""G1"", ""max"": ""G2""}",ai-reviewed,[],deterministic-screen-only,not-adjudicated,anchors/math.jsonl:216
ca_xGT7Yi0b,数学,能说出最初的度量方法都是借助日常用品,知道最初的度量方法都是借助日常用品,54,"{""min"": ""G3"", ""max"": ""G4""}",ai-adjudicated,[],deterministic-screen-only,not-adjudicated,anchors/math.jsonl:217
ca_Di3yM7FG,数学,"能说出""曹冲称象""的基本原理是等量的等量相等",理解“曹冲称象”的基本原理是等量的等量相等,54,"{""min"": ""G3"", ""max"": ""G4""}",ai-adjudicated,[],deterministic-screen-only,not-adjudicated,anchors/math.jsonl:218
ca_FHyndzRV,数学,能说出度量的本质就是表达量的多少,了解最初的度量方法都是借助日常用品，理解度量的本质就是表达量的多少，知道计量单位是人为规定的；了解计量单位的发展历史，知道科学发展与度量精确的关系；在教师指导下，能对不同的量进行分类、整理、比较，丰富并发展量感。,55,"{""min"": ""G3"", ""max"": ""G4""}",ai-adjudicated,[],deterministic-screen-only,not-adjudicated,anchors/math.jsonl:220
ca_qN8BFAbQ,数学,能说出计量单位是人为规定的,了解最初的度量方法都是借助日常用品，理解度量的本质就是表达量的多少，知道计量单位是人为规定的；了解计量单位的发展历史，知道科学发展与度量精确的关系；在教师指导下，能对不同的量进行分类、整理、比较，丰富并发展量感。,55,"{""min"": ""G3"", ""max"": ""G4""}",ai-adjudicated,[],deterministic-screen-only,not-adjudicated,anchors/math.jsonl:221
ca_7GwmFATu,数学,"能运用""曹冲称象的故事""中的""总量等于各分量之和""这一方法，称出一个庞然大物的质量",例如，“曹冲称象的故事”可以从故事引入，引发学生的好奇心和探究的欲望，在理解质量单位的基础上，思考如何运用“总量等于各分量之和”称出一个庞然大物的质量，感知“等量的等量相等”这一基本事实，感悟如何用数学的思维思考现实世界。,55,"{""min"": ""G3"", ""max"": ""G4""}",ai-reviewed,[],deterministic-screen-only,not-adjudicated,anchors/math.jsonl:223
ca_K2SGBCiC,数学,能说出数与代数是数学知识体系的基础之一,数与代数是数学知识体系的基础之一,60,"{""min"": ""G5"", ""max"": ""G6""}",ai-adjudicated,[],deterministic-screen-only,not-adjudicated,anchors/math.jsonl:224
ca_LT7lyAS1,数学,"能说出乘法公式（a+b）(a-b)=a2-b2,(a±b)2=a2±2ab+b2",理解乘法公式(a+b)(a-b)=a²-b²，(a±b)²=a²±2ab+b²,62,"{""min"": ""G7"", ""max"": ""G9""}",ai-adjudicated,"[""A08""]",deterministic-screen-only,not-adjudicated,anchors/math.jsonl:225
ca_TASj6WyU,数学,能说出分式的基本性质是进行约分和通分的依据,了解分式和最简分式的概念，能利用分式的基本性质进行约分和通分,63,"{""min"": ""G7"", ""max"": ""G9""}",ai-adjudicated,[],deterministic-screen-only,not-adjudicated,anchors/math.jsonl:226
ca_OHz7AOHA,数学,能探索并理解 k 》 0 和 k 《 0 时图象的变化情况,探索并理解 k > 0 和 k < 0 时图象的变化情况,64,"{""min"": ""G7"", ""max"": ""G9""}",ai-reviewed,[],deterministic-screen-only,not-adjudicated,anchors/math.jsonl:227
ca_o3F0sWDT,数学,能说出当 k>0 和 k<0 时反比例函数 y=k/x (k≠0) 图象的整体特征,知道当 k>0 和 k<0 时反比例函数 y=k/x (k≠0) 图象的整体特征,68,"{""min"": ""G7"", ""max"": ""G9""}",ai-adjudicated,[],deterministic-screen-only,not-adjudicated,anchors/math.jsonl:230
ca_6Q1EwgXX,数学,能说出方程或不等式是现实问题中含有未知数的等量关系或不等关系的数学表达,知道方程或不等式是现实问题中含有未知数的等量关系或不等关系的数学表达,69,"{""min"": ""G7"", ""max"": ""G9""}",ai-adjudicated,[],deterministic-screen-only,not-adjudicated,anchors/math.jsonl:231
ca_Zu1DWddH,数学,能探索并掌握等腰三角形的判定定理,探索并掌握等腰三角形的判定定理：有两个角相等的三角形是等腰三角形。,72,"{""min"": ""G7"", ""max"": ""G9""}",ai-reviewed,[],deterministic-screen-only,not-adjudicated,anchors/math.jsonl:232
ca_3LZPjH8s,数学,能探索等边三角形的性质定理,探索等边三角形的性质定理：等边三角形的各角都等于60°。,72,"{""min"": ""G7"", ""max"": ""G9""}",ai-reviewed,[],deterministic-screen-only,not-adjudicated,anchors/math.jsonl:233
ca_iu287a38,数学,能说出三个角都相等的三角形是等边三角形,探索等边三角形的判定定理：三个角都相等的三角形（或有一个角是60°的等腰三角形）是等边三角形。,72,"{""min"": ""G7"", ""max"": ""G9""}",ai-adjudicated,[],deterministic-screen-only,not-adjudicated,anchors/math.jsonl:234
ca_40ei07Xd,数学,能说出有一个角是60°的等腰三角形是等边三角形,探索等边三角形的判定定理：三个角都相等的三角形（或有一个角是60°的等腰三角形）是等边三角形。,72,"{""min"": ""G7"", ""max"": ""G9""}",ai-adjudicated,[],deterministic-screen-only,not-adjudicated,anchors/math.jsonl:235
ca_G6ppUEiz,数学,能说出有两个角互余的三角形是直角三角形,掌握有两个角互余的三角形是直角三角形,73,"{""min"": ""G7"", ""max"": ""G9""}",ai-adjudicated,[],deterministic-screen-only,not-adjudicated,anchors/math.jsonl:236
ca_OuWqaIiJ,数学,能探索并证明一组对边平行且相等的四边形是平行四边形,探索并证明平行四边形的判定定理：一组对边平行且相等的四边形是平行四边形,73,"{""min"": ""G7"", ""max"": ""G9""}",ai-reviewed,[],deterministic-screen-only,not-adjudicated,anchors/math.jsonl:237
ca_cugDS6rc,数学,能探索并证明两组对边分别相等的四边形是平行四边形,探索并证明平行四边形的判定定理：两组对边分别相等的四边形是平行四边形,73,"{""min"": ""G7"", ""max"": ""G9""}",ai-reviewed,[],deterministic-screen-only,not-adjudicated,anchors/math.jsonl:238
ca_Q6Yi7Lbr,数学,能探索并证明对角线互相平分的四边形是平行四边形,探索并证明平行四边形的判定定理：对角线互相平分的四边形是平行四边形,73,"{""min"": ""G7"", ""max"": ""G9""}",ai-reviewed,[],deterministic-screen-only,not-adjudicated,anchors/math.jsonl:239
ca_HBtrliy3,数学,能说出矩形的四个角都是直角,探索并证明矩形、菱形的性质定理：矩形的四个角都是直角,73,"{""min"": ""G7"", ""max"": ""G9""}",ai-adjudicated,[],deterministic-screen-only,not-adjudicated,anchors/math.jsonl:240
ca_ON3Zt8MJ,数学,能探索并证明三个角是直角的四边形是矩形,探索并证明矩形、菱形的判定定理：三个角是直角的四边形是矩形,73,"{""min"": ""G7"", ""max"": ""G9""}",ai-reviewed,[],deterministic-screen-only,not-adjudicated,anchors/math.jsonl:241
ca_m49djdHc,数学,能探索并证明对角线相等的平行四边形是矩形,探索并证明矩形、菱形的判定定理：对角线相等的平行四边形是矩形,73,"{""min"": ""G7"", ""max"": ""G9""}",ai-reviewed,[],deterministic-screen-only,not-adjudicated,anchors/math.jsonl:242
ca_Vo5io8Y5,数学,能探索并证明四边相等的四边形是菱形,探索并证明矩形、菱形的判定定理：四边相等的四边形是菱形,73,"{""min"": ""G7"", ""max"": ""G9""}",ai-reviewed,[],deterministic-screen-only,not-adjudicated,anchors/math.jsonl:243
ca_3oy7Ih1f,数学,能探索并证明对角线互相垂直的平行四边形是菱形,探索并证明矩形、菱形的判定定理：对角线互相垂直的平行四边形是菱形,73,"{""min"": ""G7"", ""max"": ""G9""}",ai-reviewed,[],deterministic-screen-only,not-adjudicated,anchors/math.jsonl:244
ca_8tCroIx2,数学,能说出正方形既是矩形，又是菱形,正方形既是矩形，又是菱形,73,"{""min"": ""G7"", ""max"": ""G9""}",ai-adjudicated,[],deterministic-screen-only,not-adjudicated,anchors/math.jsonl:245
ca_xaJFEOfI,数学,能说出直径所对的圆周角是直角,直径所对的圆周角是直角,74,"{""min"": ""G7"", ""max"": ""G9""}",ai-adjudicated,[],deterministic-screen-only,not-adjudicated,anchors/math.jsonl:246
ca_pgXiycdV,数学,能说出90°的圆周角所对的弦是直径,90°的圆周角所对的弦是直径,74,"{""min"": ""G7"", ""max"": ""G9""}",ai-adjudicated,[],deterministic-screen-only,not-adjudicated,anchors/math.jsonl:247
ca_mIx7SWqv,数学,能判断一个命题是否错误,利用反例可以判断一个命题是错误的,74,"{""min"": ""G7"", ""max"": ""G9""}",ai-reviewed,[],deterministic-screen-only,not-adjudicated,anchors/math.jsonl:248
ca_CNvzriub,数学,能根据直棱柱的侧面展开图想象和制作模型,了解直棱柱、圆锥的侧面展开图，能根据展开图想象和制作模型。,76,"{""min"": ""G7"", ""max"": ""G9""}",ai-reviewed,[],deterministic-screen-only,not-adjudicated,anchors/math.jsonl:250
ca_Hsx3xeDg,数学,能根据圆锥的侧面展开图想象和制作模型,了解直棱柱、圆锥的侧面展开图，能根据展开图想象和制作模型。,76,"{""min"": ""G7"", ""max"": ""G9""}",ai-reviewed,[],deterministic-screen-only,not-adjudicated,anchors/math.jsonl:251
ca_yU983c3b,数学,能说出平面直角坐标系是沟通几何与代数的桥梁,平面直角坐标系是数轴的拓展，是沟通几何与代数的桥梁,80,"{""min"": ""G7"", ""max"": ""G9""}",ai-adjudicated,[],deterministic-screen-only,not-adjudicated,anchors/math.jsonl:252
ca_taC1JpOJ,数学,能计算一组简单数据的离差平方和、方差,体会刻画数据离散程度的意义，会计算一组简单数据的离差平方和、方差。,81,"{""min"": ""G7"", ""max"": ""G9""}",ai-reviewed,"[""A09""]",deterministic-screen-only,not-adjudicated,anchors/math.jsonl:254
ca_wFuXYUtX,数学,能用列表、画树状图等方法求出简单随机事件所有可能的结果,能用列表、画树状图等方法求出简单随机事件所有可能的结果,83,"{""min"": ""G7"", ""max"": ""G9""}",ai-reviewed,[],deterministic-screen-only,not-adjudicated,anchors/math.jsonl:256
ca_HoNtLGQO,数学,能说出概率是对随机事件发生可能性大小的度量,理解概率是对随机事件发生可能性大小的度量,83,"{""min"": ""G7"", ""max"": ""G9""}",ai-adjudicated,[],deterministic-screen-only,not-adjudicated,anchors/math.jsonl:257
ca_r5pwkeWJ,数学,能说出简单随机事件所有可能发生结果的个数是有限的且每个可能结果发生的概率是相等的,类简单的随机事件，其所有可能发生结果的个数是有限的，每个可能结果发生的概率是相等的,84,"{""min"": ""G7"", ""max"": ""G9""}",ai-adjudicated,[],deterministic-screen-only,not-adjudicated,anchors/math.jsonl:258
ca_bkQV1jwr,数学,能分析模型结论的合理性，主要是分析结论是否与现实吻合,分析模型结论的合理性，主要是分析结论是否与现实吻合。,86,"{""min"": ""G7"", ""max"": ""G9""}",ai-reviewed,[],deterministic-screen-only,not-adjudicated,anchors/math.jsonl:261
ca_haLZZaEJ,数学,能借助一元二次函数求解一元二次不等式,从函数观点看一元二次不等式①经历从实际情境中抽象出一元二次不等式的过程 ，了解一元二次不等式的现实意义 。能借助一元二次函数求解一元二次不等式 ，并能用集合表示一元二次不等式的解集 。②借助一元二次函数的图象 ，了解一元二次不等式与相应函数 、方程的联系 （参见案例1） 。,25,"{""min"": ""G10"", ""max"": ""G12""}",ai-reviewed,[],deterministic-screen-only,not-adjudicated,anchors/math.jsonl:262
ca_6pdHHgnH,数学,能用集合表示一元二次不等式的解集,从函数观点看一元二次不等式①经历从实际情境中抽象出一元二次不等式的过程 ，了解一元二次不等式的现实意义 。能借助一元二次函数求解一元二次不等式 ，并能用集合表示一元二次不等式的解集 。②借助一元二次函数的图象 ，了解一元二次不等式与相应函数 、方程的联系 （参见案例1） 。,25,"{""min"": ""G10"", ""max"": ""G12""}",ai-reviewed,[],deterministic-screen-only,not-adjudicated,anchors/math.jsonl:263
ca_sJW4sUmQ,数学,会用符号语言表达函数的单调性,函数性质①借助函数图象 ，会用符号语言表达函数的单调性 、最大值 、最小值，理解它们的作用和实际意义 。②结合具体函数，了解奇偶性的概念和几何意义 。③结合三角函数，了解周期性的概念和几何意义 。9 1/G3A/G25/G26/G27/G3B/G3C［1］标有的内容为选学内容 ，不作为考试要求 。,27,"{""min"": ""G10"", ""max"": ""G12""}",ai-reviewed,[],deterministic-screen-only,not-adjudicated,anchors/math.jsonl:264
ca_i87R9PQt,数学,会用符号语言表达函数的最大值,函数性质①借助函数图象 ，会用符号语言表达函数的单调性 、最大值 、最小值，理解它们的作用和实际意义 。②结合具体函数，了解奇偶性的概念和几何意义 。③结合三角函数，了解周期性的概念和几何意义 。9 1/G3A/G25/G26/G27/G3B/G3C［1］标有的内容为选学内容 ，不作为考试要求 。,27,"{""min"": ""G10"", ""max"": ""G12""}",ai-reviewed,[],deterministic-screen-only,not-adjudicated,anchors/math.jsonl:265
ca_M9VZiFuk,数学,会用符号语言表达函数的最小值,函数性质①借助函数图象 ，会用符号语言表达函数的单调性 、最大值 、最小值，理解它们的作用和实际意义 。②结合具体函数，了解奇偶性的概念和几何意义 。③结合三角函数，了解周期性的概念和几何意义 。9 1/G3A/G25/G26/G27/G3B/G3C［1］标有的内容为选学内容 ，不作为考试要求 。,27,"{""min"": ""G10"", ""max"": ""G12""}",ai-reviewed,[],deterministic-screen-only,not-adjudicated,anchors/math.jsonl:266
ca_VzAP977F,数学,能比较对数函数增长速度的差异,函数与数学模型①理解函数模型是描述客观世界中变量关系和规律的重要数学语言和工具。在实际情境中 ，会选择合适的函数类型刻画现实问题的变化规律。②结合现实情境中的具体问题 ，利用计算工具 ，比较对数函数 、一元一次函数、指数函数增长速度的差异 ，理解 “对数增长 ”“直线上升”“指数爆炸”等术语的现实含义 。③收集、阅读一些现实生活、生产实际或者经济领域中的数学模型，体会人们是如何借助函数刻画实际问题的 ，感悟数学模型中参数的现实意义。,31,"{""min"": ""G10"", ""max"": ""G12""}",ai-reviewed,[],deterministic-screen-only,not-adjudicated,anchors/math.jsonl:267
ca_p8Wcibxp,数学,能比较一元一次函数增长速度的差异,函数与数学模型①理解函数模型是描述客观世界中变量关系和规律的重要数学语言和工具。在实际情境中 ，会选择合适的函数类型刻画现实问题的变化规律。②结合现实情境中的具体问题 ，利用计算工具 ，比较对数函数 、一元一次函数、指数函数增长速度的差异 ，理解 “对数增长 ”“直线上升”“指数爆炸”等术语的现实含义 。③收集、阅读一些现实生活、生产实际或者经济领域中的数学模型，体会人们是如何借助函数刻画实际问题的 ，感悟数学模型中参数的现实意义。,31,"{""min"": ""G10"", ""max"": ""G12""}",ai-reviewed,[],deterministic-screen-only,not-adjudicated,anchors/math.jsonl:268
ca_SD9zDHPK,数学,能比较指数函数增长速度的差异,函数与数学模型①理解函数模型是描述客观世界中变量关系和规律的重要数学语言和工具。在实际情境中 ，会选择合适的函数类型刻画现实问题的变化规律。②结合现实情境中的具体问题 ，利用计算工具 ，比较对数函数 、一元一次函数、指数函数增长速度的差异 ，理解 “对数增长 ”“直线上升”“指数爆炸”等术语的现实含义 。③收集、阅读一些现实生活、生产实际或者经济领域中的数学模型，体会人们是如何借助函数刻画实际问题的 ，感悟数学模型中参数的现实意义。,31,"{""min"": ""G10"", ""max"": ""G12""}",ai-reviewed,[],deterministic-screen-only,not-adjudicated,anchors/math.jsonl:269
ca_CqiMNP94,数学,能用向量语言表述和解决现实生活中的问题,1 .平面向量及其应用向量理论具有深刻的数学内涵 、丰富的物理背景 。向量既是代数研究对象，也是几何研究对象 ，是沟通几何与代数的桥梁 。向量是描述直线、曲线、平面、曲面以及高维空间数学问题的基本工具 ，是进一步学习和研究其他数学领域问题的基础 ，在解决实际问题中发挥重要作用 。本单元的学习 ，可以帮助学生理解平面向量的几何意义和代数意义 ；掌握平面向量的概念 、运算、向量基本定理以及向量的应用；用向量语言 、方法表述和解决现实生活 、数学和物理中的问题。,33,"{""min"": ""G10"", ""max"": ""G12""}",ai-reviewed,[],deterministic-screen-only,not-adjudicated,anchors/math.jsonl:270
ca_fHxVe6z8,数学,能用向量语言表述和解决数学中的问题,1 .平面向量及其应用向量理论具有深刻的数学内涵 、丰富的物理背景 。向量既是代数研究对象，也是几何研究对象 ，是沟通几何与代数的桥梁 。向量是描述直线、曲线、平面、曲面以及高维空间数学问题的基本工具 ，是进一步学习和研究其他数学领域问题的基础 ，在解决实际问题中发挥重要作用 。本单元的学习 ，可以帮助学生理解平面向量的几何意义和代数意义 ；掌握平面向量的概念 、运算、向量基本定理以及向量的应用；用向量语言 、方法表述和解决现实生活 、数学和物理中的问题。,33,"{""min"": ""G10"", ""max"": ""G12""}",ai-reviewed,[],deterministic-screen-only,not-adjudicated,anchors/math.jsonl:271
ca_3daPmN5y,数学,能用向量语言表述和解决物理中的问题,1 .平面向量及其应用向量理论具有深刻的数学内涵 、丰富的物理背景 。向量既是代数研究对象，也是几何研究对象 ，是沟通几何与代数的桥梁 。向量是描述直线、曲线、平面、曲面以及高维空间数学问题的基本工具 ，是进一步学习和研究其他数学领域问题的基础 ，在解决实际问题中发挥重要作用 。本单元的学习 ，可以帮助学生理解平面向量的几何意义和代数意义 ；掌握平面向量的概念 、运算、向量基本定理以及向量的应用；用向量语言 、方法表述和解决现实生活 、数学和物理中的问题。,33,"{""min"": ""G10"", ""max"": ""G12""}",ai-reviewed,[],deterministic-screen-only,not-adjudicated,anchors/math.jsonl:272
ca_C2Ew4gqL,数学,能运用等差数列解决简单的实际问题和数学问题,7 3/G3A/G25/G26/G27/G3B/G3C1.数列本单元的学习 ，可以帮助学生通过对日常生活中实际问题的分析，了解数列的概念 ；探索并掌握等差数列和等比数列的变化规律 ，建立通项公式和前 狀 项和公式 ；能运用等差数列 、等比数列解决简单的实际问题和数学问题 ，感受数学模型的现实意义与应用 ；了解等差数列与一元一次函数 、等比数列与指数函数的联系 ，感受数列与函数的共性与差异 ，体会数学的整体性 。,45,"{""min"": ""G10"", ""max"": ""G12""}",ai-reviewed,[],deterministic-screen-only,not-adjudicated,anchors/math.jsonl:273
ca_MxfnZh59,数学,能运用等比数列解决简单的实际问题和数学问题,7 3/G3A/G25/G26/G27/G3B/G3C1.数列本单元的学习 ，可以帮助学生通过对日常生活中实际问题的分析，了解数列的概念 ；探索并掌握等差数列和等比数列的变化规律 ，建立通项公式和前 狀 项和公式 ；能运用等差数列 、等比数列解决简单的实际问题和数学问题 ，感受数学模型的现实意义与应用 ；了解等差数列与一元一次函数 、等比数列与指数函数的联系 ，感受数列与函数的共性与差异 ，体会数学的整体性 。,45,"{""min"": ""G10"", ""max"": ""G12""}",ai-reviewed,[],deterministic-screen-only,not-adjudicated,anchors/math.jsonl:274
ca_mbVZH2cD,数学,能运用向量的方法研究空间基本图形的位置关系,1 .空间向量与立体几何本单元的学习 ，可以帮助学生在学习平面向量的基础上 ，利用类比的方法理解空间向量的概念 、运算、基本定理和应用 ，体会平面向量和空间向量的共性和差异 ；运用向量的方法研究空间基本图形的位置关系和度量关系 ，体会向量方法和综合几何方法的共性和差异；运用向量方法解决简单的数学问题和实际问题 ，感悟向量是研究几何问题的有效工具 。,50,"{""min"": ""G10"", ""max"": ""G12""}",ai-reviewed,[],deterministic-screen-only,not-adjudicated,anchors/math.jsonl:275
ca_9dRRPrLU,数学,能运用向量的方法研究空间基本图形的度量关系,1 .空间向量与立体几何本单元的学习 ，可以帮助学生在学习平面向量的基础上 ，利用类比的方法理解空间向量的概念 、运算、基本定理和应用 ，体会平面向量和空间向量的共性和差异 ；运用向量的方法研究空间基本图形的位置关系和度量关系 ，体会向量方法和综合几何方法的共性和差异；运用向量方法解决简单的数学问题和实际问题 ，感悟向量是研究几何问题的有效工具 。,50,"{""min"": ""G10"", ""max"": ""G12""}",ai-reviewed,[],deterministic-screen-only,not-adjudicated,anchors/math.jsonl:276
ca_AExNhvcm,数学,能判断直线与圆的位置关系,圆与方程①回顾确定圆的几何要素 ，在平面直角坐标系中 ，探索并掌握圆的标准方程与一般方程 。②能根据给定直线 、圆的方程 ，判断直线与圆 、圆与圆的位置关系。③能用直线和圆的方程解决一些简单的数学问题与实际问题 。,52,"{""min"": ""G10"", ""max"": ""G12""}",ai-reviewed,[],deterministic-screen-only,not-adjudicated,anchors/math.jsonl:277
ca_n6yGF4Dm,数学,能判断圆与圆的位置关系,圆与方程①回顾确定圆的几何要素 ，在平面直角坐标系中 ，探索并掌握圆的标准方程与一般方程 。②能根据给定直线 、圆的方程 ，判断直线与圆 、圆与圆的位置关系。③能用直线和圆的方程解决一些简单的数学问题与实际问题 。,52,"{""min"": ""G10"", ""max"": ""G12""}",ai-reviewed,[],deterministic-screen-only,not-adjudicated,anchors/math.jsonl:278
ca_bj2DeP9G,数学,能运用计数原理探索排列问题,1 .计数原理分类加法计数原理和分步乘法计数原理是解决计数问题的基础 ，称为基本计数原理 。本单元的学习 ，可以帮助学生理解两个基本计数原理，运用计数原理探索排列 、组合、二项式定理等问题 。,54,"{""min"": ""G10"", ""max"": ""G12""}",ai-reviewed,[],deterministic-screen-only,not-adjudicated,anchors/math.jsonl:279
ca_t5Ls9MG6,数学,能运用计数原理探索组合问题,1 .计数原理分类加法计数原理和分步乘法计数原理是解决计数问题的基础 ，称为基本计数原理 。本单元的学习 ，可以帮助学生理解两个基本计数原理，运用计数原理探索排列 、组合、二项式定理等问题 。,54,"{""min"": ""G10"", ""max"": ""G12""}",ai-reviewed,[],deterministic-screen-only,not-adjudicated,anchors/math.jsonl:280
ca_JN2aBmrg,数学,能运用计数原理探索二项式定理问题,1 .计数原理分类加法计数原理和分步乘法计数原理是解决计数问题的基础 ，称为基本计数原理 。本单元的学习 ，可以帮助学生理解两个基本计数原理，运用计数原理探索排列 、组合、二项式定理等问题 。,54,"{""min"": ""G10"", ""max"": ""G12""}",ai-reviewed,[],deterministic-screen-only,not-adjudicated,anchors/math.jsonl:281
ca_cL2uhWND,数学,能熟练口算20以内数的加减法,能熟练口算20以内数的加减法和表内乘除法，能口算简单的百以内数的加减法；,26,"{""min"": ""G1"", ""max"": ""G2""}",ai-reviewed,[],deterministic-screen-only,not-adjudicated,anchors/math.jsonl:282
ca_i9aywprS,数学,能熟练口算表内乘除法,能熟练口算20以内数的加减法和表内乘除法，能口算简单的百以内数的加减法；,26,"{""min"": ""G1"", ""max"": ""G2""}",ai-reviewed,[],deterministic-screen-only,not-adjudicated,anchors/math.jsonl:283
ca_6bSdNiKJ,数学,能在熟悉的生活情境中运用数和数的运算,能在熟悉的生活情境中运用数和数的运算，合理表达简单的数量关系，解决简单的问题。,26,"{""min"": ""G1"", ""max"": ""G2""}",ai-reviewed,[],deterministic-screen-only,not-adjudicated,anchors/math.jsonl:284
ca_eqrLHCWe,数学,能在熟悉的生活情境中合理表达简单的数量关系,能在熟悉的生活情境中运用数和数的运算，合理表达简单的数量关系，解决简单的问题。,26,"{""min"": ""G1"", ""max"": ""G2""}",ai-reviewed,[],deterministic-screen-only,not-adjudicated,anchors/math.jsonl:285
ca_z9uWrDmV,数学,能在熟悉的生活情境中解决简单的问题,能在熟悉的生活情境中运用数和数的运算，合理表达简单的数量关系，解决简单的问题。,26,"{""min"": ""G1"", ""max"": ""G2""}",ai-reviewed,[],deterministic-screen-only,not-adjudicated,anchors/math.jsonl:286
ca_aGhwyAyL,数学,能说出一个大数的万位名称,能结合具体实例解释万以上数的含义，能认、读、写万以上的数，会用万、亿为单位表示大数，能说出各数位的名称，理解各数位上的数表示的意义，能进行整万、整亿数的改写。,28,"{""min"": ""G3"", ""max"": ""G4""}",ai-reviewed,[],deterministic-screen-only,not-adjudicated,anchors/math.jsonl:287
ca_aCGiaqar,数学,能说出一个大数的亿位名称,能结合具体实例解释万以上数的含义，能认、读、写万以上的数，会用万、亿为单位表示大数，能说出各数位的名称，理解各数位上的数表示的意义，能进行整万、整亿数的改写。,28,"{""min"": ""G3"", ""max"": ""G4""}",ai-reviewed,[],deterministic-screen-only,not-adjudicated,anchors/math.jsonl:288
ca_rq2ZpXT6,数学,能解释一个大数的万位数值含义,能结合具体实例解释万以上数的含义，能认、读、写万以上的数，会用万、亿为单位表示大数，能说出各数位的名称，理解各数位上的数表示的意义，能进行整万、整亿数的改写。,28,"{""min"": ""G3"", ""max"": ""G4""}",ai-reviewed,[],deterministic-screen-only,not-adjudicated,anchors/math.jsonl:289
ca_qSCFVPLu,数学,能解释一个大数的亿位数值含义,能结合具体实例解释万以上数的含义，能认、读、写万以上的数，会用万、亿为单位表示大数，能说出各数位的名称，理解各数位上的数表示的意义，能进行整万、整亿数的改写。,28,"{""min"": ""G3"", ""max"": ""G4""}",ai-reviewed,[],deterministic-screen-only,not-adjudicated,anchors/math.jsonl:290
ca_pRAKkUk9,数学,能描述减法与加法的关系,能描述减法与加法的关系、除法与乘法的关系；,29,"{""min"": ""G3"", ""max"": ""G4""}",ai-reviewed,[],deterministic-screen-only,not-adjudicated,anchors/math.jsonl:291
ca_8vXJprRL,数学,能描述除法与乘法的关系,能描述减法与加法的关系、除法与乘法的关系；,29,"{""min"": ""G3"", ""max"": ""G4""}",ai-reviewed,[],deterministic-screen-only,not-adjudicated,anchors/math.jsonl:292
ca_JipvJPW4,数学,能说出运算律的含义,能说出运算律的含义，并能用字母表示；,29,"{""min"": ""G3"", ""max"": ""G4""}",ai-reviewed,[],deterministic-screen-only,not-adjudicated,anchors/math.jsonl:293
ca_yzQUSDWj,数学,能用字母表示运算律,能说出运算律的含义，并能用字母表示；,29,"{""min"": ""G3"", ""max"": ""G4""}",ai-reviewed,[],deterministic-screen-only,not-adjudicated,anchors/math.jsonl:294
ca_BAmCPCwY,数学,能借助计算器进行计算,能借助计算器进行计算，并解释计算结果的实际意义；,29,"{""min"": ""G3"", ""max"": ""G4""}",ai-reviewed,[],deterministic-screen-only,not-adjudicated,anchors/math.jsonl:295
ca_GmzuJbzk,数学,能解释计算结果的实际意义,能借助计算器进行计算，并解释计算结果的实际意义；,29,"{""min"": ""G3"", ""max"": ""G4""}",ai-reviewed,[],deterministic-screen-only,not-adjudicated,anchors/math.jsonl:296
ca_bEb3LYmT,数学,能用图形或数轴表示分数,能用直观的方式表示分数和小数，能比较两个分数的大小和两个小数的大小；,31,"{""min"": ""G3"", ""max"": ""G4""}",ai-reviewed,[],deterministic-screen-only,not-adjudicated,anchors/math.jsonl:297
ca_nMYCawbc,数学,能用图形或数轴表示小数,能用直观的方式表示分数和小数，能比较两个分数的大小和两个小数的大小；,31,"{""min"": ""G3"", ""max"": ""G4""}",ai-reviewed,[],deterministic-screen-only,not-adjudicated,anchors/math.jsonl:298
ca_zDWZ5UXm,数学,能比较两个数的大小,能用直观的方式表示分数和小数，能比较两个分数的大小和两个小数的大小；,31,"{""min"": ""G3"", ""max"": ""G4""}",ai-reviewed,[],deterministic-screen-only,not-adjudicated,anchors/math.jsonl:299
ca_cem5VVVY,数学,会计算长方形的周长,会计算长方形、正方形的周长和面积。,38,"{""min"": ""G3"", ""max"": ""G4""}",ai-reviewed,[],deterministic-screen-only,not-adjudicated,anchors/math.jsonl:300
ca_khBk8JSQ,数学,会计算长方形的面积,会计算长方形、正方形的周长和面积。,38,"{""min"": ""G3"", ""max"": ""G4""}",ai-reviewed,[],deterministic-screen-only,not-adjudicated,anchors/math.jsonl:301
ca_DJE6yRRS,数学,会计算正方形的面积,会计算长方形、正方形的周长和面积。,38,"{""min"": ""G3"", ""max"": ""G4""}",ai-reviewed,[],deterministic-screen-only,not-adjudicated,anchors/math.jsonl:303
ca_juXGkySv,数学,会计算平行四边形的面积,会计算平行四边形、三角形、梯形的面积，能用相应公式解决实际问题。,40,"{""min"": ""G5"", ""max"": ""G6""}",ai-reviewed,[],deterministic-screen-only,not-adjudicated,anchors/math.jsonl:304
ca_hCGXjyva,数学,会计算三角形的面积,会计算平行四边形、三角形、梯形的面积，能用相应公式解决实际问题。,40,"{""min"": ""G5"", ""max"": ""G6""}",ai-reviewed,[],deterministic-screen-only,not-adjudicated,anchors/math.jsonl:305
ca_RVK4h7hv,数学,会计算梯形的面积,会计算平行四边形、三角形、梯形的面积，能用相应公式解决实际问题。,40,"{""min"": ""G5"", ""max"": ""G6""}",ai-reviewed,[],deterministic-screen-only,not-adjudicated,anchors/math.jsonl:306
ca_GfkKhKtA,数学,能计算正方体的体积和表面积,认识长方体、正方体和圆柱，能说出这些图形的特征，能辨认这些图形的展开图，会计算这些图形的体积和表面积；,41,"{""min"": ""G5"", ""max"": ""G6""}",ai-reviewed,[],deterministic-screen-only,not-adjudicated,anchors/math.jsonl:308
ca_z5thZXiz,数学,能计算圆柱的体积和表面积,认识长方体、正方体和圆柱，能说出这些图形的特征，能辨认这些图形的展开图，会计算这些图形的体积和表面积；,41,"{""min"": ""G5"", ""max"": ""G6""}",ai-reviewed,[],deterministic-screen-only,not-adjudicated,anchors/math.jsonl:309
ca_ukzubxSe,数学,能在简单的实际情境中，合理应用平均数,（6）能在简单的实际情境中，合理应用统计图表和平均数（例41），形成初步的数据意识和应用意识。,45,"{""min"": ""G3"", ""max"": ""G4""}",ai-reviewed,[],deterministic-screen-only,not-adjudicated,anchors/math.jsonl:311
ca_YD26xMwv,数学,能把数据整理成条形统计图,能根据问题的需要，从报纸、杂志、电视、互联网等媒体上获取数据，或者通过其他合适的方式获取数据，能把数据整理成条形统计图、折线统计图，知道条形统计图、折线统计图和扇形统计图的功能，会解释统计图表达的意义，能根据结果作出简单的判断和预测。,47,"{""min"": ""G5"", ""max"": ""G6""}",ai-reviewed,[],deterministic-screen-only,not-adjudicated,anchors/math.jsonl:312
ca_XqaYvfEL,数学,能把数据整理成折线统计图,能根据问题的需要，从报纸、杂志、电视、互联网等媒体上获取数据，或者通过其他合适的方式获取数据，能把数据整理成条形统计图、折线统计图，知道条形统计图、折线统计图和扇形统计图的功能，会解释统计图表达的意义，能根据结果作出简单的判断和预测。,47,"{""min"": ""G5"", ""max"": ""G6""}",ai-reviewed,[],deterministic-screen-only,not-adjudicated,anchors/math.jsonl:313
ca_KwiJJFSX,数学,会用根号表示平方根,知道平方根、算术平方根、立方根的概念，会用根号表示平方根、算术平方根、立方根；,65,"{""min"": ""G7"", ""max"": ""G9""}",ai-reviewed,[],deterministic-screen-only,not-adjudicated,anchors/math.jsonl:314
ca_JHBE9uu4,数学,会用根号表示算术平方根,知道平方根、算术平方根、立方根的概念，会用根号表示平方根、算术平方根、立方根；,65,"{""min"": ""G7"", ""max"": ""G9""}",ai-reviewed,[],deterministic-screen-only,not-adjudicated,anchors/math.jsonl:315
ca_uKxKjXHr,数学,会用根号表示立方根,知道平方根、算术平方根、立方根的概念，会用根号表示平方根、算术平方根、立方根；,65,"{""min"": ""G7"", ""max"": ""G9""}",ai-reviewed,[],deterministic-screen-only,not-adjudicated,anchors/math.jsonl:316
ca_FGy6ua6p,数学,能计算一组数据的中位数,能计算一组数据的中位数、众数、加权平均数，知道计算加权平均数的分布式计算方法，知道中位数、众数、平均数都能刻画这组数据的集中趋势以及它们各自的特点；,82,"{""min"": ""G7"", ""max"": ""G9""}",ai-reviewed,[],deterministic-screen-only,not-adjudicated,anchors/math.jsonl:317
ca_LYrVRQM5,数学,能计算一组数据的众数,能计算一组数据的中位数、众数、加权平均数，知道计算加权平均数的分布式计算方法，知道中位数、众数、平均数都能刻画这组数据的集中趋势以及它们各自的特点；,82,"{""min"": ""G7"", ""max"": ""G9""}",ai-reviewed,[],deterministic-screen-only,not-adjudicated,anchors/math.jsonl:318
ca_r2jfswmu,数学,能计算一组数据的加权平均数,能计算一组数据的中位数、众数、加权平均数，知道计算加权平均数的分布式计算方法，知道中位数、众数、平均数都能刻画这组数据的集中趋势以及它们各自的特点；,82,"{""min"": ""G7"", ""max"": ""G9""}",ai-reviewed,[],deterministic-screen-only,not-adjudicated,anchors/math.jsonl:319
ca_NNEhwpJC,数学,能计算一组简单数据的离差平方和,体会刻画数据离散程度的意义，会计算一组简单数据的离差平方和、方差。,81,"{""min"": ""G7"", ""max"": ""G9""}",ai-reviewed,[],deterministic-screen-only,not-adjudicated,anchors/math.jsonl:320
ca_tuxZRKFG,数学,能计算一组简单数据的方差,体会刻画数据离散程度的意义，会计算一组简单数据的离差平方和、方差。,81,"{""min"": ""G7"", ""max"": ""G9""}",ai-reviewed,[],deterministic-screen-only,not-adjudicated,anchors/math.jsonl:321
ca_d9HY2WWq,数学,能举出两个随机现象的例子,让学生感知，许多随机现象发生可能性的大小是可以预测的,48,"{""min"": ""G5"", ""max"": ""G6""}",ai-reviewed,"[""A04""]",deterministic-screen-only,not-adjudicated,anchors/math.jsonl:322
ca_HPgp6H9y,数学,能说明哪个发生的可能性更大,让学生感知，许多随机现象发生可能性的大小是可以预测的,48,"{""min"": ""G5"", ""max"": ""G6""}",ai-reviewed,"[""A04""]",deterministic-screen-only,not-adjudicated,anchors/math.jsonl:323
ca_mRRj9PUT,数学,能举例说明至少两种计量单位是人为规定的,了解最初的度量方法都是借助日常用品，理解度量的本质就是表达量的多少，知道计量单位是人为规定的；了解计量单位的发展历史，知道科学发展与度量精确的关系；在教师指导下，能对不同的量进行分类、整理、比较，丰富并发展量感。,55,"{""min"": ""G3"", ""max"": ""G4""}",ai-reviewed,"[""A04""]",deterministic-screen-only,not-adjudicated,anchors/math.jsonl:326
ca_J65hmfaF,数学,能解释计量单位的规定方式,了解最初的度量方法都是借助日常用品，理解度量的本质就是表达量的多少，知道计量单位是人为规定的；了解计量单位的发展历史，知道科学发展与度量精确的关系；在教师指导下，能对不同的量进行分类、整理、比较，丰富并发展量感。,55,"{""min"": ""G3"", ""max"": ""G4""}",ai-reviewed,"[""A04""]",deterministic-screen-only,not-adjudicated,anchors/math.jsonl:327
ca_mfkqXvbL,数学,能指出给定圆中直径所对的圆周角,直径所对的圆周角是直角,74,"{""min"": ""G7"", ""max"": ""G9""}",ai-reviewed,"[""A04""]",deterministic-screen-only,not-adjudicated,anchors/math.jsonl:328
ca_er4da4jH,数学,能说明给定圆中直径所对的圆周角的度数,直径所对的圆周角是直角,74,"{""min"": ""G7"", ""max"": ""G9""}",ai-reviewed,"[""A04""]",deterministic-screen-only,not-adjudicated,anchors/math.jsonl:329
ca_n6hq6DFs,数学,能举出两个例子，说明其中发生的可能性大小不同,理解概率是对随机事件发生可能性大小的度量,83,"{""min"": ""G7"", ""max"": ""G9""}",ai-reviewed,"[""A04""]",deterministic-screen-only,not-adjudicated,anchors/math.jsonl:330
ca_2agwgxaY,数学,能用概率数值或语言描述其大小,理解概率是对随机事件发生可能性大小的度量,83,"{""min"": ""G7"", ""max"": ""G9""}",ai-reviewed,"[""A04""]",deterministic-screen-only,not-adjudicated,anchors/math.jsonl:331
ca_VNr6AafV,数学,能够在现实情境或数学情境中 ，概括出数学对象的一般特征 ，并用集合语言予以表达,能够在现实情境或数学情境中 ，概括出数学对象的一般特征 ，并用集合语言予以表达 。初步学会用三种语言 （自然语言 、图形语言、符号语言 ）表达数学研究对象 ，并能进行转换 。掌握集合的基本关系与基本运算 。能够借助常用逻辑用语进行数学表达 、论证和交流 ，体会常用逻辑用语在数学中的作用 。能够从函数观点认识方程和不等式 ，感悟数学知识之间的关联 ，认识函数的重要性 。掌握等式与不等式的性质 。重点提升数学抽象 、逻辑推理和数学运算素养 。函数是现代数学最基本的概念 ，是描述客观世界中变量关系和规律的最为基本的数学语言和工具 ，在解决实际问题中发挥重要作用。函数是贯穿高中数学课程的主线 。,26,"{""min"": ""G10"", ""max"": ""G12""}",ai-reviewed,[],deterministic-screen-only,not-adjudicated,anchors/math.jsonl:332
ca_j46iqB3w,数学,能够借助常用逻辑用语进行数学表达 、论证和交流,能够在现实情境或数学情境中 ，概括出数学对象的一般特征 ，并用集合语言予以表达 。初步学会用三种语言 （自然语言 、图形语言、符号语言 ）表达数学研究对象 ，并能进行转换 。掌握集合的基本关系与基本运算 。能够借助常用逻辑用语进行数学表达 、论证和交流 ，体会常用逻辑用语在数学中的作用 。能够从函数观点认识方程和不等式 ，感悟数学知识之间的关联 ，认识函数的重要性 。掌握等式与不等式的性质 。重点提升数学抽象 、逻辑推理和数学运算素养 。函数是现代数学最基本的概念 ，是描述客观世界中变量关系和规律的最为基本的数学语言和工具 ，在解决实际问题中发挥重要作用。函数是贯穿高中数学课程的主线 。,26,"{""min"": ""G10"", ""max"": ""G12""}",ai-reviewed,[],deterministic-screen-only,not-adjudicated,anchors/math.jsonl:333
ca_5eTrGWvT,数学,能够从两个变量之间的依赖关系 、实数集合之间的对应关系 、函数图象的几何直观等多个角度,能够从两个变量之间的依赖关系 、实数集合之间的对应关系 、函数图象的几何直观等多个角度 ，理解函数的意义与数学表达 ；理解函数符号表达与抽象定义之间的关联 ，知道函数抽象概念的意义 。能够理解函数的单调 性 、最 大 （小）值，了 解 函 数 的 奇 偶 性、周期性；掌握一些基本函数类 （一元一次函数 、反比例函数 、一元二次函数、幂函数 、指数 函 数、对 数 函 数、三 角 函 数 等）的 背 景、能够对简单的实际问题 ，选择适当的函数构建数学模型 ，解决问题；能够从函数观点认识方程 ，并运用函数的性质求方程的近似解；能够从函数观点认识不等式 ，并运用函数的性质解不等式 。重点提升数学抽象 、数学建模 、数学运算 、直观想象和逻辑推主题三 几何与代数几何与代数是高中数学课程的主线之一 。在必修课程与选择性必修课程中，突出几何直观与代数运算之间的融合 ，即通过形与数的结合，感悟数学知识之间的关联 ，加强对数学整体性的理解 。,32,"{""min"": ""G10"", ""max"": ""G12""}",disputed,"[""A02""]",deterministic-screen-only,not-adjudicated,anchors/math.jsonl:334
ca_CHd84H4n,数学,能理解函数符号表达与抽象定义之间的关联,能够从两个变量之间的依赖关系 、实数集合之间的对应关系 、函数图象的几何直观等多个角度 ，理解函数的意义与数学表达 ；理解函数符号表达与抽象定义之间的关联 ，知道函数抽象概念的意义 。能够理解函数的单调 性 、最 大 （小）值，了 解 函 数 的 奇 偶 性、周期性；掌握一些基本函数类 （一元一次函数 、反比例函数 、一元二次函数、幂函数 、指数 函 数、对 数 函 数、三 角 函 数 等）的 背 景、能够对简单的实际问题 ，选择适当的函数构建数学模型 ，解决问题；能够从函数观点认识方程 ，并运用函数的性质求方程的近似解；能够从函数观点认识不等式 ，并运用函数的性质解不等式 。重点提升数学抽象 、数学建模 、数学运算 、直观想象和逻辑推主题三 几何与代数几何与代数是高中数学课程的主线之一 。在必修课程与选择性必修课程中，突出几何直观与代数运算之间的融合 ，即通过形与数的结合，感悟数学知识之间的关联 ，加强对数学整体性的理解 。,32,"{""min"": ""G10"", ""max"": ""G12""}",ai-reviewed,[],deterministic-screen-only,not-adjudicated,anchors/math.jsonl:335
ca_Y2eGyaTS,数学,能够从函数观点认识方程 ，并运用函数的性质求方程的近似解,能够从两个变量之间的依赖关系 、实数集合之间的对应关系 、函数图象的几何直观等多个角度 ，理解函数的意义与数学表达 ；理解函数符号表达与抽象定义之间的关联 ，知道函数抽象概念的意义 。能够理解函数的单调 性 、最 大 （小）值，了 解 函 数 的 奇 偶 性、周期性；掌握一些基本函数类 （一元一次函数 、反比例函数 、一元二次函数、幂函数 、指数 函 数、对 数 函 数、三 角 函 数 等）的 背 景、能够对简单的实际问题 ，选择适当的函数构建数学模型 ，解决问题；能够从函数观点认识方程 ，并运用函数的性质求方程的近似解；能够从函数观点认识不等式 ，并运用函数的性质解不等式 。重点提升数学抽象 、数学建模 、数学运算 、直观想象和逻辑推主题三 几何与代数几何与代数是高中数学课程的主线之一 。在必修课程与选择性必修课程中，突出几何直观与代数运算之间的融合 ，即通过形与数的结合，感悟数学知识之间的关联 ，加强对数学整体性的理解 。,32,"{""min"": ""G10"", ""max"": ""G12""}",ai-reviewed,[],deterministic-screen-only,not-adjudicated,anchors/math.jsonl:336
ca_GwsU7RKH,数学,能够从函数观点认识不等式 ，并运用函数的性质解不等式,能够从两个变量之间的依赖关系 、实数集合之间的对应关系 、函数图象的几何直观等多个角度 ，理解函数的意义与数学表达 ；理解函数符号表达与抽象定义之间的关联 ，知道函数抽象概念的意义 。能够理解函数的单调 性 、最 大 （小）值，了 解 函 数 的 奇 偶 性、周期性；掌握一些基本函数类 （一元一次函数 、反比例函数 、一元二次函数、幂函数 、指数 函 数、对 数 函 数、三 角 函 数 等）的 背 景、能够对简单的实际问题 ，选择适当的函数构建数学模型 ，解决问题；能够从函数观点认识方程 ，并运用函数的性质求方程的近似解；能够从函数观点认识不等式 ，并运用函数的性质解不等式 。重点提升数学抽象 、数学建模 、数学运算 、直观想象和逻辑推主题三 几何与代数几何与代数是高中数学课程的主线之一 。在必修课程与选择性必修课程中，突出几何直观与代数运算之间的融合 ，即通过形与数的结合，感悟数学知识之间的关联 ，加强对数学整体性的理解 。,32,"{""min"": ""G10"", ""max"": ""G12""}",ai-reviewed,[],deterministic-screen-only,not-adjudicated,anchors/math.jsonl:337
ca_jYUt5wUH,数学,能够运用向量运算解决简单的几何和物理问题,能够从多种角度理解向量概念和运算法则 ，掌握向量基本定理 ；能够运用向量运算解决简单的几何和物理问题 ，知道数学运算与逻辑推理的关系。能够理解复数的概念 ，掌握复数代数表示式的四则运算 。能够通过直观图理解空间图形 ，掌握基本空间图形及其简单组合体的概念和基本特征 ，解决简单的实际问题 。能够运用图形的概念描述图形的基本关系和基本结果 。能够证明简单的几何命题 （平行、垂直的性质定理 ） ，并会进行简单应用 。重点提升直观想象 、逻辑推理、数学运算和数学抽象素养 。主题四 概率与统计概率的研究对象是随机现象 ，为人们从不确定性的角度认识客观世界提供重要的思维模式和解决问题的方法 。统计的研究对象是数据，核心是数据分析 。概率为统计的发展提供理论基础 。,38,"{""min"": ""G10"", ""max"": ""G12""}",ai-reviewed,[],deterministic-screen-only,not-adjudicated,anchors/math.jsonl:338
ca_RbBK6sex,数学,能掌握复数代数表示式的四则运算,能够从多种角度理解向量概念和运算法则 ，掌握向量基本定理 ；能够运用向量运算解决简单的几何和物理问题 ，知道数学运算与逻辑推理的关系。能够理解复数的概念 ，掌握复数代数表示式的四则运算 。能够通过直观图理解空间图形 ，掌握基本空间图形及其简单组合体的概念和基本特征 ，解决简单的实际问题 。能够运用图形的概念描述图形的基本关系和基本结果 。能够证明简单的几何命题 （平行、垂直的性质定理 ） ，并会进行简单应用 。重点提升直观想象 、逻辑推理、数学运算和数学抽象素养 。主题四 概率与统计概率的研究对象是随机现象 ，为人们从不确定性的角度认识客观世界提供重要的思维模式和解决问题的方法 。统计的研究对象是数据，核心是数据分析 。概率为统计的发展提供理论基础 。,38,"{""min"": ""G10"", ""max"": ""G12""}",ai-reviewed,[],deterministic-screen-only,not-adjudicated,anchors/math.jsonl:339
ca_feRE5tyB,数学,能掌握基本空间图形及其简单组合体的概念和基本特征 ，解决简单的实际问题,能够从多种角度理解向量概念和运算法则 ，掌握向量基本定理 ；能够运用向量运算解决简单的几何和物理问题 ，知道数学运算与逻辑推理的关系。能够理解复数的概念 ，掌握复数代数表示式的四则运算 。能够通过直观图理解空间图形 ，掌握基本空间图形及其简单组合体的概念和基本特征 ，解决简单的实际问题 。能够运用图形的概念描述图形的基本关系和基本结果 。能够证明简单的几何命题 （平行、垂直的性质定理 ） ，并会进行简单应用 。重点提升直观想象 、逻辑推理、数学运算和数学抽象素养 。主题四 概率与统计概率的研究对象是随机现象 ，为人们从不确定性的角度认识客观世界提供重要的思维模式和解决问题的方法 。统计的研究对象是数据，核心是数据分析 。概率为统计的发展提供理论基础 。,38,"{""min"": ""G10"", ""max"": ""G12""}",ai-reviewed,[],deterministic-screen-only,not-adjudicated,anchors/math.jsonl:340
ca_mJsmjWw3,数学,能够运用图形的概念描述图形的基本关系和基本结果,能够从多种角度理解向量概念和运算法则 ，掌握向量基本定理 ；能够运用向量运算解决简单的几何和物理问题 ，知道数学运算与逻辑推理的关系。能够理解复数的概念 ，掌握复数代数表示式的四则运算 。能够通过直观图理解空间图形 ，掌握基本空间图形及其简单组合体的概念和基本特征 ，解决简单的实际问题 。能够运用图形的概念描述图形的基本关系和基本结果 。能够证明简单的几何命题 （平行、垂直的性质定理 ） ，并会进行简单应用 。重点提升直观想象 、逻辑推理、数学运算和数学抽象素养 。主题四 概率与统计概率的研究对象是随机现象 ，为人们从不确定性的角度认识客观世界提供重要的思维模式和解决问题的方法 。统计的研究对象是数据，核心是数据分析 。概率为统计的发展提供理论基础 。,38,"{""min"": ""G10"", ""max"": ""G12""}",disputed,"[""A02""]",deterministic-screen-only,not-adjudicated,anchors/math.jsonl:341
ca_hUeHM6gV,数学,能够证明简单的几何命题 （平行、垂直的性质定理 ） ，并会进行简单应用,能够从多种角度理解向量概念和运算法则 ，掌握向量基本定理 ；能够运用向量运算解决简单的几何和物理问题 ，知道数学运算与逻辑推理的关系。能够理解复数的概念 ，掌握复数代数表示式的四则运算 。能够通过直观图理解空间图形 ，掌握基本空间图形及其简单组合体的概念和基本特征 ，解决简单的实际问题 。能够运用图形的概念描述图形的基本关系和基本结果 。能够证明简单的几何命题 （平行、垂直的性质定理 ） ，并会进行简单应用 。重点提升直观想象 、逻辑推理、数学运算和数学抽象素养 。主题四 概率与统计概率的研究对象是随机现象 ，为人们从不确定性的角度认识客观世界提供重要的思维模式和解决问题的方法 。统计的研究对象是数据，核心是数据分析 。概率为统计的发展提供理论基础 。,38,"{""min"": ""G10"", ""max"": ""G12""}",ai-reviewed,[],deterministic-screen-only,not-adjudicated,anchors/math.jsonl:342
ca_gprSSmXk,数学,能够掌握古典概型的基本特征 ，根据实际问题构建概率模型 ，解决简单的实际问题,能够掌握古典概型的基本特征 ，根据实际问题构建概率模型 ，解决简单的实际问题 。能够借助古典概型初步认识有限样本空间 、随机事件，以及随机事件的概率 。能够根据实际问题的需求 ，选择恰当的抽样方法获取样本数据 ，并从中提取需要的数字特征推断总体 。能够正确运用数据分析的方法解决简单的实际问题 。能够区别统计思维与确定性思维的差异 、归纳推断与演绎证明的差异。能够结合具体问题 ，理解统计推断结果的或然性 ，正确运用统计结果解释实际问题 。重点提升数据分析 、数学建模、逻辑推理和数学运算素养 。主题五 数学建模活动与数学探究活动,42,"{""min"": ""G10"", ""max"": ""G12""}",ai-reviewed,[],deterministic-screen-only,not-adjudicated,anchors/math.jsonl:343
ca_igb8RXXJ,数学,能够根据实际问题的需求 ，选择恰当的抽样方法获取样本数据 ，并从中提取需要的数字特征推断总体,能够掌握古典概型的基本特征 ，根据实际问题构建概率模型 ，解决简单的实际问题 。能够借助古典概型初步认识有限样本空间 、随机事件，以及随机事件的概率 。能够根据实际问题的需求 ，选择恰当的抽样方法获取样本数据 ，并从中提取需要的数字特征推断总体 。能够正确运用数据分析的方法解决简单的实际问题 。能够区别统计思维与确定性思维的差异 、归纳推断与演绎证明的差异。能够结合具体问题 ，理解统计推断结果的或然性 ，正确运用统计结果解释实际问题 。重点提升数据分析 、数学建模、逻辑推理和数学运算素养 。主题五 数学建模活动与数学探究活动,42,"{""min"": ""G10"", ""max"": ""G12""}",ai-reviewed,[],deterministic-screen-only,not-adjudicated,anchors/math.jsonl:344
ca_xFdaKyGv,数学,能够正确运用数据分析的方法解决简单的实际问题,能够掌握古典概型的基本特征 ，根据实际问题构建概率模型 ，解决简单的实际问题 。能够借助古典概型初步认识有限样本空间 、随机事件，以及随机事件的概率 。能够根据实际问题的需求 ，选择恰当的抽样方法获取样本数据 ，并从中提取需要的数字特征推断总体 。能够正确运用数据分析的方法解决简单的实际问题 。能够区别统计思维与确定性思维的差异 、归纳推断与演绎证明的差异。能够结合具体问题 ，理解统计推断结果的或然性 ，正确运用统计结果解释实际问题 。重点提升数据分析 、数学建模、逻辑推理和数学运算素养 。主题五 数学建模活动与数学探究活动,42,"{""min"": ""G10"", ""max"": ""G12""}",ai-reviewed,[],deterministic-screen-only,not-adjudicated,anchors/math.jsonl:345
ca_RVEPKK4S,数学,能够区别统计思维与确定性思维的差异 、归纳推断与演绎证明的差异,能够掌握古典概型的基本特征 ，根据实际问题构建概率模型 ，解决简单的实际问题 。能够借助古典概型初步认识有限样本空间 、随机事件，以及随机事件的概率 。能够根据实际问题的需求 ，选择恰当的抽样方法获取样本数据 ，并从中提取需要的数字特征推断总体 。能够正确运用数据分析的方法解决简单的实际问题 。能够区别统计思维与确定性思维的差异 、归纳推断与演绎证明的差异。能够结合具体问题 ，理解统计推断结果的或然性 ，正确运用统计结果解释实际问题 。重点提升数据分析 、数学建模、逻辑推理和数学运算素养 。主题五 数学建模活动与数学探究活动,42,"{""min"": ""G10"", ""max"": ""G12""}",ai-reviewed,[],deterministic-screen-only,not-adjudicated,anchors/math.jsonl:346
ca_PzPeTqdi,数学,能理解统计推断结果的或然性 ，正确运用统计结果解释实际问题,能够掌握古典概型的基本特征 ，根据实际问题构建概率模型 ，解决简单的实际问题 。能够借助古典概型初步认识有限样本空间 、随机事件，以及随机事件的概率 。能够根据实际问题的需求 ，选择恰当的抽样方法获取样本数据 ，并从中提取需要的数字特征推断总体 。能够正确运用数据分析的方法解决简单的实际问题 。能够区别统计思维与确定性思维的差异 、归纳推断与演绎证明的差异。能够结合具体问题 ，理解统计推断结果的或然性 ，正确运用统计结果解释实际问题 。重点提升数据分析 、数学建模、逻辑推理和数学运算素养 。主题五 数学建模活动与数学探究活动,42,"{""min"": ""G10"", ""max"": ""G12""}",ai-reviewed,[],deterministic-screen-only,not-adjudicated,anchors/math.jsonl:347
ca_T4ED5ePi,数学,能够运用数列解决简单的实际问题,能够结合具体实例 ，理解通项公式对于数列的重要性 ，知道通项公式是这类函数的解析表达式 ；通过等差数列和等比数列的研究 ，感悟数列是可以用来刻画现实世界中一类具有递推规律事物的数学模型，掌握通项公式与前 狀 项和公式的关系 ；能够运用数列解决简单的实际问题。能够通过具体情境 ，直观理解导数概念 ，感悟极限思想 ，知道极限思想是人类深刻认识和表达现实世界必备的思维品质 。理解导数是一种借助极限的运算 ，掌握导数的基本运算规则 ，能求简单函数和简单复合函数的导数 。能够运用导数研究简单函数的性质和变化规律，能够利用导数解决简单的实际问题 。知道微积分创立过程 ，以及微积分对数学发展的作用 。重点提升数学抽象 、数学运算 、直观想象 、数学建模和逻辑推主题二 几何与代数在必修课程学习平面向量的基础上 ，本主题将学习空间向量 ，并运用空间向量研究立体几何中图形的位置关系和度量关系 。解析几何是数学发展过程中的标志性成果 ，是微积分创立的基础 。本主题将学习平面解析几何 ，通过建立坐标系 ，借助直线 、圆与圆锥曲线的几何特征 ，导出相应方程 ；用代数方法研究它们的几何性质 ，体现形与数的结合 。/G3A/G25/G26/G27/G3B/G3C,49,"{""min"": ""G10"", ""max"": ""G12""}",ai-reviewed,[],deterministic-screen-only,not-adjudicated,anchors/math.jsonl:348
ca_2m7rR7UU,数学,能够运用导数研究简单函数的性质和变化规律,能够结合具体实例 ，理解通项公式对于数列的重要性 ，知道通项公式是这类函数的解析表达式 ；通过等差数列和等比数列的研究 ，感悟数列是可以用来刻画现实世界中一类具有递推规律事物的数学模型，掌握通项公式与前 狀 项和公式的关系 ；能够运用数列解决简单的实际问题。能够通过具体情境 ，直观理解导数概念 ，感悟极限思想 ，知道极限思想是人类深刻认识和表达现实世界必备的思维品质 。理解导数是一种借助极限的运算 ，掌握导数的基本运算规则 ，能求简单函数和简单复合函数的导数 。能够运用导数研究简单函数的性质和变化规律，能够利用导数解决简单的实际问题 。知道微积分创立过程 ，以及微积分对数学发展的作用 。重点提升数学抽象 、数学运算 、直观想象 、数学建模和逻辑推主题二 几何与代数在必修课程学习平面向量的基础上 ，本主题将学习空间向量 ，并运用空间向量研究立体几何中图形的位置关系和度量关系 。解析几何是数学发展过程中的标志性成果 ，是微积分创立的基础 。本主题将学习平面解析几何 ，通过建立坐标系 ，借助直线 、圆与圆锥曲线的几何特征 ，导出相应方程 ；用代数方法研究它们的几何性质 ，体现形与数的结合 。/G3A/G25/G26/G27/G3B/G3C,49,"{""min"": ""G10"", ""max"": ""G12""}",ai-reviewed,[],deterministic-screen-only,not-adjudicated,anchors/math.jsonl:349
ca_XmGH6ACf,数学,能够利用导数解决简单的实际问题,能够结合具体实例 ，理解通项公式对于数列的重要性 ，知道通项公式是这类函数的解析表达式 ；通过等差数列和等比数列的研究 ，感悟数列是可以用来刻画现实世界中一类具有递推规律事物的数学模型，掌握通项公式与前 狀 项和公式的关系 ；能够运用数列解决简单的实际问题。能够通过具体情境 ，直观理解导数概念 ，感悟极限思想 ，知道极限思想是人类深刻认识和表达现实世界必备的思维品质 。理解导数是一种借助极限的运算 ，掌握导数的基本运算规则 ，能求简单函数和简单复合函数的导数 。能够运用导数研究简单函数的性质和变化规律，能够利用导数解决简单的实际问题 。知道微积分创立过程 ，以及微积分对数学发展的作用 。重点提升数学抽象 、数学运算 、直观想象 、数学建模和逻辑推主题二 几何与代数在必修课程学习平面向量的基础上 ，本主题将学习空间向量 ，并运用空间向量研究立体几何中图形的位置关系和度量关系 。解析几何是数学发展过程中的标志性成果 ，是微积分创立的基础 。本主题将学习平面解析几何 ，通过建立坐标系 ，借助直线 、圆与圆锥曲线的几何特征 ，导出相应方程 ；用代数方法研究它们的几何性质 ，体现形与数的结合 。/G3A/G25/G26/G27/G3B/G3C,49,"{""min"": ""G10"", ""max"": ""G12""}",ai-reviewed,[],deterministic-screen-only,not-adjudicated,anchors/math.jsonl:350
ca_P8iXbS3E,数学,能够运用空间向量解决一些简单的实际问题,能够理解空间向量的概念 、运算、背景和作用 ；能够依托空间向量建立空间图形及图形关系的想象力 ；能够掌握空间向量基本定理，体会其作用 ，并能简单应用 ；能够运用空间向量解决一些简单的实际问题，体会用向量解决一类问题的思路 。能够掌握平面解析几何解决问题的基本过程 ：根据具体问题情境的特点，建立平面直角坐标系 ；根据几何问题和图形的特点 ，用代数语言把几何问题转化成为代数问题 ；根据对几何问题 （图形 ）的分析，探索解决问题的思路 ；运用代数方法得到结论 ；给出代数结论合理的几何解释 ，解决几何问题。/G3A/G25/G26/G27/G3B/G3C能够根据不同的情境 ，建立平面直线和圆的方程 ，建立椭圆 、抛物线、双曲线的标准方程 ，能够运用代数的方法研究上述曲线之间的基本关系，能够运用平面解析几何的思想解决一些简单的实际重点提升直观想象 、数学运算 、数学建模 、逻辑推理和数学抽主题三 概率与统计本主题是必修课程中概率与统计内容的延续 ，将学习计数原理 、概率、统计的相关知识 。计数原理的内容包括两个基本计数原理 、排列与组合 、二项式定理 。概率的内容包括随机事件的条件概率 、离散型随机变量及其分布列 、正态分布 。统计的内容包括成对数据的统计相关性、一元线性回归模型 、2 × 2列联表。,53,"{""min"": ""G10"", ""max"": ""G12""}",ai-reviewed,[],deterministic-screen-only,not-adjudicated,anchors/math.jsonl:351
ca_bTWFdMsb,数学,能够掌握平面解析几何解决问题的基本过程 ：根据具体问题情境的特点，建立平面直角坐标系,能够理解空间向量的概念 、运算、背景和作用 ；能够依托空间向量建立空间图形及图形关系的想象力 ；能够掌握空间向量基本定理，体会其作用 ，并能简单应用 ；能够运用空间向量解决一些简单的实际问题，体会用向量解决一类问题的思路 。能够掌握平面解析几何解决问题的基本过程 ：根据具体问题情境的特点，建立平面直角坐标系 ；根据几何问题和图形的特点 ，用代数语言把几何问题转化成为代数问题 ；根据对几何问题 （图形 ）的分析，探索解决问题的思路 ；运用代数方法得到结论 ；给出代数结论合理的几何解释 ，解决几何问题。/G3A/G25/G26/G27/G3B/G3C能够根据不同的情境 ，建立平面直线和圆的方程 ，建立椭圆 、抛物线、双曲线的标准方程 ，能够运用代数的方法研究上述曲线之间的基本关系，能够运用平面解析几何的思想解决一些简单的实际重点提升直观想象 、数学运算 、数学建模 、逻辑推理和数学抽主题三 概率与统计本主题是必修课程中概率与统计内容的延续 ，将学习计数原理 、概率、统计的相关知识 。计数原理的内容包括两个基本计数原理 、排列与组合 、二项式定理 。概率的内容包括随机事件的条件概率 、离散型随机变量及其分布列 、正态分布 。统计的内容包括成对数据的统计相关性、一元线性回归模型 、2 × 2列联表。,53,"{""min"": ""G10"", ""max"": ""G12""}",ai-reviewed,[],deterministic-screen-only,not-adjudicated,anchors/math.jsonl:352
ca_Ve5hSNEv,数学,能运用代数方法得到结论,能够理解空间向量的概念 、运算、背景和作用 ；能够依托空间向量建立空间图形及图形关系的想象力 ；能够掌握空间向量基本定理，体会其作用 ，并能简单应用 ；能够运用空间向量解决一些简单的实际问题，体会用向量解决一类问题的思路 。能够掌握平面解析几何解决问题的基本过程 ：根据具体问题情境的特点，建立平面直角坐标系 ；根据几何问题和图形的特点 ，用代数语言把几何问题转化成为代数问题 ；根据对几何问题 （图形 ）的分析，探索解决问题的思路 ；运用代数方法得到结论 ；给出代数结论合理的几何解释 ，解决几何问题。/G3A/G25/G26/G27/G3B/G3C能够根据不同的情境 ，建立平面直线和圆的方程 ，建立椭圆 、抛物线、双曲线的标准方程 ，能够运用代数的方法研究上述曲线之间的基本关系，能够运用平面解析几何的思想解决一些简单的实际重点提升直观想象 、数学运算 、数学建模 、逻辑推理和数学抽主题三 概率与统计本主题是必修课程中概率与统计内容的延续 ，将学习计数原理 、概率、统计的相关知识 。计数原理的内容包括两个基本计数原理 、排列与组合 、二项式定理 。概率的内容包括随机事件的条件概率 、离散型随机变量及其分布列 、正态分布 。统计的内容包括成对数据的统计相关性、一元线性回归模型 、2 × 2列联表。,53,"{""min"": ""G10"", ""max"": ""G12""}",disputed,"[""A02""]",deterministic-screen-only,not-adjudicated,anchors/math.jsonl:353
ca_fk2zENwf,数学,能根据对几何问题 （图形 ）的分析，探索解决问题的思路,能够理解空间向量的概念 、运算、背景和作用 ；能够依托空间向量建立空间图形及图形关系的想象力 ；能够掌握空间向量基本定理，体会其作用 ，并能简单应用 ；能够运用空间向量解决一些简单的实际问题，体会用向量解决一类问题的思路 。能够掌握平面解析几何解决问题的基本过程 ：根据具体问题情境的特点，建立平面直角坐标系 ；根据几何问题和图形的特点 ，用代数语言把几何问题转化成为代数问题 ；根据对几何问题 （图形 ）的分析，探索解决问题的思路 ；运用代数方法得到结论 ；给出代数结论合理的几何解释 ，解决几何问题。/G3A/G25/G26/G27/G3B/G3C能够根据不同的情境 ，建立平面直线和圆的方程 ，建立椭圆 、抛物线、双曲线的标准方程 ，能够运用代数的方法研究上述曲线之间的基本关系，能够运用平面解析几何的思想解决一些简单的实际重点提升直观想象 、数学运算 、数学建模 、逻辑推理和数学抽主题三 概率与统计本主题是必修课程中概率与统计内容的延续 ，将学习计数原理 、概率、统计的相关知识 。计数原理的内容包括两个基本计数原理 、排列与组合 、二项式定理 。概率的内容包括随机事件的条件概率 、离散型随机变量及其分布列 、正态分布 。统计的内容包括成对数据的统计相关性、一元线性回归模型 、2 × 2列联表。,53,"{""min"": ""G10"", ""max"": ""G12""}",ai-reviewed,[],deterministic-screen-only,not-adjudicated,anchors/math.jsonl:354
ca_3tsyYNzY,数学,能理解离散型随机变量在描述随机现象中的作用,能够结合具体实例 ，识别和理解分类加法计数原理和分步乘法计数原理及其作用 ，并能够运用这些原理解决简单的实际问题 。能够结合具体实例 ，理解排列 、组合、二项式定理与两个计数原理的关系，能够运用两个计数原理推导排列 、组合、二项式定理的相关公式，并能够运用它们解决简单的实际问题 ，特别是概率中能够结合具体实例 ，理解随机事件的独立性和条件概率的关系 ，理解离散型随机变量在描述随机现象中的作用 ，掌握两个基本概率模型及其应用 ，了解正态分布的作用 ，进一步深入理解随机思想在解决实际问题中的作用 。能够解决成对数据统计相关性的简单实际问题 。能够结合具体实例，掌握运用一元线性回归分析的方法 。掌握运用 2 × 2列联表的方法，解决独立性检验的简单实际问题 。/G3A/G25/G26/G27/G3B/G3C重点提升数据分析 、数学建模 、逻辑推理 、数学运算和数学抽主题四 数学建模活动与数学探究活动,57,"{""min"": ""G10"", ""max"": ""G12""}",ai-reviewed,[],deterministic-screen-only,not-adjudicated,anchors/math.jsonl:355
ca_gDPxfgxk,数学,能够解决成对数据统计相关性的简单实际问题,能够结合具体实例 ，识别和理解分类加法计数原理和分步乘法计数原理及其作用 ，并能够运用这些原理解决简单的实际问题 。能够结合具体实例 ，理解排列 、组合、二项式定理与两个计数原理的关系，能够运用两个计数原理推导排列 、组合、二项式定理的相关公式，并能够运用它们解决简单的实际问题 ，特别是概率中能够结合具体实例 ，理解随机事件的独立性和条件概率的关系 ，理解离散型随机变量在描述随机现象中的作用 ，掌握两个基本概率模型及其应用 ，了解正态分布的作用 ，进一步深入理解随机思想在解决实际问题中的作用 。能够解决成对数据统计相关性的简单实际问题 。能够结合具体实例，掌握运用一元线性回归分析的方法 。掌握运用 2 × 2列联表的方法，解决独立性检验的简单实际问题 。/G3A/G25/G26/G27/G3B/G3C重点提升数据分析 、数学建模 、逻辑推理 、数学运算和数学抽主题四 数学建模活动与数学探究活动,57,"{""min"": ""G10"", ""max"": ""G12""}",ai-reviewed,[],deterministic-screen-only,not-adjudicated,anchors/math.jsonl:356
ca_9tJJ829A,数学,能掌握运用一元线性回归分析的方法,能够结合具体实例 ，识别和理解分类加法计数原理和分步乘法计数原理及其作用 ，并能够运用这些原理解决简单的实际问题 。能够结合具体实例 ，理解排列 、组合、二项式定理与两个计数原理的关系，能够运用两个计数原理推导排列 、组合、二项式定理的相关公式，并能够运用它们解决简单的实际问题 ，特别是概率中能够结合具体实例 ，理解随机事件的独立性和条件概率的关系 ，理解离散型随机变量在描述随机现象中的作用 ，掌握两个基本概率模型及其应用 ，了解正态分布的作用 ，进一步深入理解随机思想在解决实际问题中的作用 。能够解决成对数据统计相关性的简单实际问题 。能够结合具体实例，掌握运用一元线性回归分析的方法 。掌握运用 2 × 2列联表的方法，解决独立性检验的简单实际问题 。/G3A/G25/G26/G27/G3B/G3C重点提升数据分析 、数学建模 、逻辑推理 、数学运算和数学抽主题四 数学建模活动与数学探究活动,57,"{""min"": ""G10"", ""max"": ""G12""}",disputed,"[""A02""]",deterministic-screen-only,not-adjudicated,anchors/math.jsonl:357
ca_v5EtxuGe,数学,能掌握运用 2 × 2列联表的方法，解决独立性检验的简单实际问题,能够结合具体实例 ，识别和理解分类加法计数原理和分步乘法计数原理及其作用 ，并能够运用这些原理解决简单的实际问题 。能够结合具体实例 ，理解排列 、组合、二项式定理与两个计数原理的关系，能够运用两个计数原理推导排列 、组合、二项式定理的相关公式，并能够运用它们解决简单的实际问题 ，特别是概率中能够结合具体实例 ，理解随机事件的独立性和条件概率的关系 ，理解离散型随机变量在描述随机现象中的作用 ，掌握两个基本概率模型及其应用 ，了解正态分布的作用 ，进一步深入理解随机思想在解决实际问题中的作用 。能够解决成对数据统计相关性的简单实际问题 。能够结合具体实例，掌握运用一元线性回归分析的方法 。掌握运用 2 × 2列联表的方法，解决独立性检验的简单实际问题 。/G3A/G25/G26/G27/G3B/G3C重点提升数据分析 、数学建模 、逻辑推理 、数学运算和数学抽主题四 数学建模活动与数学探究活动,57,"{""min"": ""G10"", ""max"": ""G12""}",ai-reviewed,[],deterministic-screen-only,not-adjudicated,anchors/math.jsonl:358
ca_djCWV2Ad,道德与法治,能运用自己所了解的法律知识认识和评价社会生活现象，用法律维护自己作为未成年人的权益,能运用自己所了解的法律知识认识和评价社会生活现象，用法律维护自己作为未成年人的权益；,49,"{""min"": ""G7"", ""max"": ""G9""}",ai-reviewed,"[""A09""]",deterministic-screen-only,not-adjudicated,anchors/morality.jsonl:3
ca_sXS5HLyS,道德与法治,能准确讲出中国的全称,第一学段（1～2年级）能够准确讲出中国的全称，知道国旗、国歌、国徽是国家的象征，能够认识中国版图，知道主要传统节日与纪念日的来历与含义，具有作为中国人的自豪感，能够识别道路交通和安全标识，具有一定的安全意识（政治认同、法治观念）；,51,"{""min"": ""G1"", ""max"": ""G1""}",ai-reviewed,[],deterministic-screen-only,not-adjudicated,anchors/morality.jsonl:4
ca_wan5PDfY,道德与法治,能够结合日常生活讲述爱护公共设施人人有责的意义，热爱劳动、尊重劳动者,能够讲述革命英雄人物的事迹，结合家庭与社会生活简要说明优良家风的意义，举例讲述中华民族传统美德，简要分析遵守规则的重要性，能够结合日常生活讲述爱护公共设施人人有责的意义，热爱劳动、尊重劳动者，能够结合生活中的实例讲述职业没有高低贵贱之分（政治认同、道德修养、法治观念）；,51,"{""min"": ""G1"", ""max"": ""G9""}",ai-reviewed,"[""A06"", ""A13""]",deterministic-screen-only,not-adjudicated,anchors/morality.jsonl:6
ca_RwBfNCgi,道德与法治,能够结合实例讲述法律面前人人平等的原则（政治认同、法治观念）,知道马克思主义的指导地位、中国共产党的主要革命历史与党的根本宗旨，初步了解中国特色社会主义道路的意义、习近平新时代中国特色社会主义思想精髓，能够讲述人民军队在不同时期的名称由来，热爱人民军队，能够结合个人与社会生活中的实例理解法律的重要性，知道宪法是国家根本法，了解公民基本权利与义务以及未成年人的权利，能够结合实例讲述法律面前人人平等的原则(政治认同、法治观念)；,52,"{""min"": ""G5"", ""max"": ""G6""}",ai-reviewed,"[""A13""]",deterministic-screen-only,not-adjudicated,anchors/morality.jsonl:11
ca_jtP6HifZ,道德与法治,能结合实例简要说明维护国家安全的重要性,能够结合实例简要说明维护国家安全的重要性，能够结合实例论述如何维护国家利益和安全(政治认同、法治观念、责任意识)；,52,"{""min"": ""G5"", ""max"": ""G6""}",ai-reviewed,[],deterministic-screen-only,not-adjudicated,anchors/morality.jsonl:14
ca_cxZUncxx,道德与法治,运用实际案例说明与生活相关的法律规定（法治观念、责任意识）,了解习近平法治思想，具有宪法法律至上的观念，能够正确认识和行使公民权利、履行公民义务，运用实际案例说明与生活相关的法律规定（法治观念、责任意识）；,53,"{""min"": ""G7"", ""max"": ""G9""}",ai-reviewed,[],deterministic-screen-only,not-adjudicated,anchors/morality.jsonl:18
ca_WejGHnpN,道德与法治,能说出中华人民共和国,知道我们国家的全称是中华人民共和国,28,"{""min"": ""G1"", ""max"": ""G2""}",ai-reviewed,[],deterministic-screen-only,not-adjudicated,anchors/morality.jsonl:19
ca_YeSAUkE6,道德与法治,能说出我国是一个统一的多民族国家，有56个民族,知道我国是一个统一的多民族国家，有56个民族,28,"{""min"": ""G1"", ""max"": ""G2""}",ai-adjudicated,[],deterministic-screen-only,not-adjudicated,anchors/morality.jsonl:20
ca_8P0DWG97,道德与法治,能说出中国少年先锋队是中国少年儿童的群团组织,了解中国少年先锋队是中国少年儿童的群团组织,28,"{""min"": ""G1"", ""max"": ""G2""}",ai-adjudicated,[],deterministic-screen-only,not-adjudicated,anchors/morality.jsonl:21
ca_72e2QWgi,道德与法治,能说出中国少年先锋队是少年儿童学习中国特色社会主义和共产主义的学校,了解中国少年先锋队是中国少年儿童的群团组织，是少年儿童学习中国特色社会主义和共产主义的学校,28,"{""min"": ""G1"", ""max"": ""G2""}",ai-adjudicated,[],deterministic-screen-only,not-adjudicated,anchors/morality.jsonl:22
ca_sfMnk1Oy,道德与法治,能说出我们辽阔的疆域是各民族共同开拓的,知道我们辽阔的疆域是各民族共同开拓的,32,"{""min"": ""G3"", ""max"": ""G4""}",ai-adjudicated,[],deterministic-screen-only,not-adjudicated,anchors/morality.jsonl:23
ca_olBASOI6,道德与法治,能说出我们悠久的历史是各民族共同书写的,悠久的历史是各民族共同书写的,32,"{""min"": ""G3"", ""max"": ""G4""}",ai-adjudicated,[],deterministic-screen-only,not-adjudicated,anchors/morality.jsonl:24
ca_lJc7sv3D,道德与法治,能说出我们灿烂的文化是各民族共同创造的,灿烂的文化是各民族共同创造的,32,"{""min"": ""G3"", ""max"": ""G4""}",ai-adjudicated,[],deterministic-screen-only,not-adjudicated,anchors/morality.jsonl:25
ca_PvSURaUS,道德与法治,能说出我们伟大的精神是各民族共同培育的,伟大的精神是各民族共同培育的,32,"{""min"": ""G3"", ""max"": ""G4""}",ai-adjudicated,[],deterministic-screen-only,not-adjudicated,anchors/morality.jsonl:26
ca_0irr6B4C,道德与法治,能说出宪法是国家根本法,知道宪法是国家根本法、社会主义制度是中华人民共和国的根本制度。,36,"{""min"": ""G7"", ""max"": ""G9""}",ai-adjudicated,[],deterministic-screen-only,not-adjudicated,anchors/morality.jsonl:28
ca_V93UO1hc,道德与法治,能说出社会主义制度是中华人民共和国的根本制度,知道宪法是国家根本法、社会主义制度是中华人民共和国的根本制度。,36,"{""min"": ""G7"", ""max"": ""G9""}",ai-adjudicated,[],deterministic-screen-only,not-adjudicated,anchors/morality.jsonl:29
ca_LRORLOcF,道德与法治,能说出公民的权利和义务是法律规定的,认识公民的内涵，了解公民的权利和义务，树立法律面前人人平等的观念。,37,"{""min"": ""G5"", ""max"": ""G6""}",ai-reviewed,[],deterministic-screen-only,not-adjudicated,anchors/morality.jsonl:30
ca_bgwQK0Lz,道德与法治,能说出法律面前人人平等是公民的基本观念,认识公民的内涵，了解公民的权利和义务，树立法律面前人人平等的观念。,37,"{""min"": ""G5"", ""max"": ""G6""}",ai-reviewed,[],deterministic-screen-only,not-adjudicated,anchors/morality.jsonl:31
ca_BdTlN9l3,道德与法治,能说出危害国家安全特别是社会安全的行为,初步了解危害国家安全特别是社会安全的行为及防范措施。,37,"{""min"": ""G5"", ""max"": ""G6""}",ai-adjudicated,[],deterministic-screen-only,not-adjudicated,anchors/morality.jsonl:32
ca_Ey5nSj15,道德与法治,能说出全心全意为人民服务是中国共产党的根本宗旨,了解中国共产党的成立以及中国共产党带领中国人民取得革命胜利的历史，初步了解马克思主义中国化的发展进程，知道全心全意为人民服务是中国共产党的根本宗旨，激发热爱中国共产党的情感。,38,"{""min"": ""G5"", ""max"": ""G6""}",ai-adjudicated,[],deterministic-screen-only,not-adjudicated,anchors/morality.jsonl:34
ca_1ELCOkXR,道德与法治,能说出中国特色社会主义道路是指引中国发展繁荣的正确道路,明确中国特色社会主义道路是指引中国发展繁荣的正确道路,39,"{""min"": ""G5"", ""max"": ""G6""}",ai-adjudicated,[],deterministic-screen-only,not-adjudicated,anchors/morality.jsonl:35
ca_GiynzTKD,道德与法治,能说出法治是治国理政的基本方式,初步认识法治的内涵，理解法治是治国理政的基本方式。,43,"{""min"": ""G7"", ""max"": ""G9""}",ai-adjudicated,[],deterministic-screen-only,not-adjudicated,anchors/morality.jsonl:36
ca_KqbuJ6Hc,道德与法治,能说出国家统一是实现中华民族伟大复兴的历史前提和基本保证,认识国家统一是实现中华民族伟大复兴的历史前提和基本保证,43,"{""min"": ""G7"", ""max"": ""G9""}",ai-adjudicated,[],deterministic-screen-only,not-adjudicated,anchors/morality.jsonl:37
ca_KHPM6sWR,道德与法治,能说出人民代表大会制度是我国的根本政治制度,了解人民代表大会制度是我国的根本政治制度,43,"{""min"": ""G7"", ""max"": ""G9""}",ai-adjudicated,[],deterministic-screen-only,not-adjudicated,anchors/morality.jsonl:38
ca_cwbIBfJv,道德与法治,能说出中国共产党领导的多党合作和政治协商制度是我国的一项基本政治制度,了解中国共产党领导的多党合作和政治协商制度。,43,"{""min"": ""G7"", ""max"": ""G9""}",ai-reviewed,[],deterministic-screen-only,not-adjudicated,anchors/morality.jsonl:39
ca_ci41yrIf,道德与法治,能说出权力是由人民授予的，行使权力必须受法律的约束,认识主要国家机关，理解权力是由人民授予的，行使权力必须受法律的约束。,43,"{""min"": ""G7"", ""max"": ""G9""}",ai-adjudicated,[],deterministic-screen-only,not-adjudicated,anchors/morality.jsonl:40
ca_pE9Wrne2,道德与法治,能说出维护国家安全是每个公民的义务,知道维护国家安全是每个公民的义务,44,"{""min"": ""G7"", ""max"": ""G9""}",ai-adjudicated,[],deterministic-screen-only,not-adjudicated,anchors/morality.jsonl:41
ca_eQXPwe6g,道德与法治,能说出维护以联合国为核心的国际体系的意义是什么,理解维护以联合国为核心的国际体系的意义,44,"{""min"": ""G7"", ""max"": ""G9""}",ai-reviewed,[],deterministic-screen-only,not-adjudicated,anchors/morality.jsonl:42
ca_4rNCEQLx,道德与法治,能说出中华优秀传统文化的理想追求是修齐治平,了解中华优秀传统文化修齐治平的理想追求,45,"{""min"": ""G7"", ""max"": ""G9""}",ai-adjudicated,[],deterministic-screen-only,not-adjudicated,anchors/morality.jsonl:43
ca_Skua3Bmw,道德与法治,"能说出""天下兴亡，匹夫有责""体现的是担当意识",感悟天下兴亡、匹夫有责的担当意识,45,"{""min"": ""G7"", ""max"": ""G9""}",ai-reviewed,[],deterministic-screen-only,not-adjudicated,anchors/morality.jsonl:44
ca_rxR13JRH,道德与法治,能说出中国共产党的成立是开天辟地的大事变,了解中国产生了共产党，这是开天辟地的大事变,46,"{""min"": ""G7"", ""max"": ""G9""}",ai-adjudicated,[],deterministic-screen-only,not-adjudicated,anchors/morality.jsonl:45
ca_oUr6CosO,道德与法治,能说出伟大建党精神是中国共产党的精神之源,领悟伟大建党精神是中国共产党的精神之源,46,"{""min"": ""G7"", ""max"": ""G9""}",ai-adjudicated,[],deterministic-screen-only,not-adjudicated,anchors/morality.jsonl:46
ca_rw9dBPga,道德与法治,能说出新时代中国特色社会主义的伟大成就是由党领导人民创造的,了解中国共产党领导人民自信自强、守正创新，创造了新时代中国特色社会主义的伟大成就,47,"{""min"": ""G7"", ""max"": ""G9""}",ai-adjudicated,[],deterministic-screen-only,not-adjudicated,anchors/morality.jsonl:48
ca_Rhxe9l8t,道德与法治,能说出中国特色社会主义新时代是我国发展新的历史方位,了解中国特色社会主义新时代是我国发展新的历史方位，中国社会的主要矛盾发生了新变化，理解中国发展的历史方位。,48,"{""min"": ""G7"", ""max"": ""G9""}",ai-adjudicated,[],deterministic-screen-only,not-adjudicated,anchors/morality.jsonl:49
ca_6sv7lRJY,道德与法治,能说出我国新发展格局是以国内大循环为主体、国内国际双循环相互促进,了解我国以国内大循环为主体、国内国际双循环相互促进的新发展格局，推动高质量发展，知道统筹推进经济建设、政治建设、文化建设、社会建设、生态文明建设的“五位一体”总体布局。,48,"{""min"": ""G7"", ""max"": ""G9""}",ai-adjudicated,[],deterministic-screen-only,not-adjudicated,anchors/morality.jsonl:50
ca_JGTYNbPc,道德与法治,能运用自己所了解的法律知识认识和评价社会生活现象,能运用自己所了解的法律知识认识和评价社会生活现象，用法律维护自己作为未成年人的权益；,49,"{""min"": ""G7"", ""max"": ""G9""}",ai-reviewed,[],deterministic-screen-only,not-adjudicated,anchors/morality.jsonl:51
ca_GicZ2ia5,道德与法治,用法律维护自己作为未成年人的权益,能运用自己所了解的法律知识认识和评价社会生活现象，用法律维护自己作为未成年人的权益；,49,"{""min"": ""G7"", ""max"": ""G9""}",ai-reviewed,[],deterministic-screen-only,not-adjudicated,anchors/morality.jsonl:52
ca_R8xZ2XzE,道德与法治,能至少举出两个新时代中国特色社会主义伟大成就的具体例子,了解中国共产党领导人民自信自强、守正创新，创造了新时代中国特色社会主义的伟大成就,47,"{""min"": ""G7"", ""max"": ""G9""}",ai-reviewed,"[""A04""]",deterministic-screen-only,not-adjudicated,anchors/morality.jsonl:53
ca_L7MpWpQt,道德与法治,能说明新时代中国特色社会主义伟大成就是在党的领导下取得的,了解中国共产党领导人民自信自强、守正创新，创造了新时代中国特色社会主义的伟大成就,47,"{""min"": ""G7"", ""max"": ""G9""}",ai-reviewed,"[""A04""]",deterministic-screen-only,not-adjudicated,anchors/morality.jsonl:54
ca_izKZmkzH,道德与法治,能结合具体事例，说明中国特色社会主义新时代是我国发展新的历史方位,了解中国特色社会主义新时代是我国发展新的历史方位，中国社会的主要矛盾发生了新变化，理解中国发展的历史方位。,48,"{""min"": ""G7"", ""max"": ""G9""}",ai-reviewed,"[""A04""]",deterministic-screen-only,not-adjudicated,anchors/morality.jsonl:55
ca_f5T2nfEX,道德与法治,能结合具体事例，说明我国社会主要矛盾的新变化,了解中国特色社会主义新时代是我国发展新的历史方位，中国社会的主要矛盾发生了新变化，理解中国发展的历史方位。,48,"{""min"": ""G7"", ""max"": ""G9""}",ai-reviewed,"[""A04""]",deterministic-screen-only,not-adjudicated,anchors/morality.jsonl:56
ca_tmptcaiW,体育与健康,乐于参与基本运动技能学练和游戏,(2) 乐于参与基本运动技能学练和游戏，能说出参与体育活动前后的感受；,19,"{""min"": ""G1"", ""max"": ""G2""}",ai-reviewed,[],deterministic-screen-only,not-adjudicated,anchors/pe.jsonl:2
ca_4ZGDmYaQ,体育与健康,参与体能练习、游戏和比赛,(1) 参与体能练习、游戏和比赛，能说出相关的体能术语和游戏名称，体能有所发展。,21,"{""min"": ""G1"", ""max"": ""G2""}",ai-reviewed,[],deterministic-screen-only,not-adjudicated,anchors/pe.jsonl:4
ca_AKK9EbJ5,体育与健康,能描述各种体能的练习方法并在游戏和比赛中积极运用,(1) 描述各种体能的练习方法并能在游戏和比赛中积极运用，体能水平明显提高，能做到“站如松、坐如钟、卧如弓、行如风”。,23,"{""min"": ""G1"", ""max"": ""G1""}",ai-reviewed,[],deterministic-screen-only,not-adjudicated,anchors/pe.jsonl:7
ca_8CXw95T5,体育与健康,在发生各类自然灾害和公共安全事件时能自我保护、逃生和求助，溺水时能积极自救和配合他救,(3) 在发生各类自然灾害和公共安全事件时能自我保护、逃生和求助，溺水时能积极自救和配合他救，提高对各种突发事件的应变能力。,32,"{""min"": ""G7"", ""max"": ""G9""}",ai-reviewed,[],deterministic-screen-only,not-adjudicated,anchors/pe.jsonl:22
ca_DkwFwdR9,体育与健康,掌握所学球类运动项目主要的基本动作技术和组合动作技术，并运用所学的技战术参与班级内的教学比赛,(1) 掌握所学球类运动项目主要的基本动作技术和组合动作技术，并运用所学的技战术参与班级内的教学比赛；,40,"{""min"": ""G5"", ""max"": ""G6""}",ai-reviewed,"[""A11""]",deterministic-screen-only,not-adjudicated,anchors/pe.jsonl:26
ca_nuNiw3Mt,体育与健康,能描述所学田径类运动项目的动作技术要领、练习方法和比赛基本规则,能描述所学田径类运动项目的动作技术要领、练习方法和比赛基本规则；,53,"{""min"": ""G1"", ""max"": ""G9""}",ai-reviewed,"[""A06"", ""A09""]",deterministic-screen-only,not-adjudicated,anchors/pe.jsonl:35
ca_uhGtGD9f,体育与健康,安全地参与所学田径类运动项目的活动,安全地参与所学田径类运动项目的活动，能简单处理田径类运动中的轻度损伤。,53,"{""min"": ""G1"", ""max"": ""G9""}",ai-reviewed,"[""A06""]",deterministic-screen-only,not-adjudicated,anchors/pe.jsonl:36
ca_ps7EZeA5,体育与健康,能与同伴合作，做出自我保护、相互保护与帮助的动作,能与同伴合作，做出自我保护、相互保护与帮助的动作。,61,"{""min"": ""G1"", ""max"": ""G9""}",ai-reviewed,"[""A06"", ""A09""]",deterministic-screen-only,not-adjudicated,anchors/pe.jsonl:46
ca_dHnGCyRf,体育与健康,积极参与所学体操类运动项目的成套动作展示，做到动作正确、规范和连贯,积极参与所学体操类运动项目的成套动作展示，做到动作正确、规范和连贯；,67,"{""min"": ""G1"", ""max"": ""G9""}",ai-reviewed,"[""A06""]",deterministic-screen-only,not-adjudicated,anchors/pe.jsonl:50
ca_2yzQqpMG,体育与健康,运用所学体操类运动项目的比赛规则与裁判方法，承担班级内展示或比赛的部分裁判工作,能描述所学体操类运动项目的基本原理和文化，运用所学体操类运动项目的比赛规则与裁判方法，承担班级内展示或比赛的部分裁判工作；,68,"{""min"": ""G1"", ""max"": ""G9""}",ai-reviewed,"[""A06""]",deterministic-screen-only,not-adjudicated,anchors/pe.jsonl:56
ca_iaEDgjsQ,体育与健康,理解并主动运用所学体操类运动项目的安全知识，做好准备活动和自我保护,理解并主动运用所学体操类运动项目的安全知识，做好准备活动和自我保护，能主动帮助他人安全地进行运动。,68,"{""min"": ""G1"", ""max"": ""G9""}",ai-reviewed,"[""A06""]",deterministic-screen-only,not-adjudicated,anchors/pe.jsonl:57
ca_S4Dc6Dic,体育与健康,能主动运用所学体操运动的安全知识帮助同伴进行准备活动或自我保护,理解并主动运用所学体操类运动项目的安全知识，做好准备活动和自我保护，能主动帮助他人安全地进行运动。,68,"{""min"": ""G1"", ""max"": ""G1""}",ai-reviewed,[],deterministic-screen-only,not-adjudicated,anchors/pe.jsonl:58
ca_MV62Kcd3,体育与健康,做出所学水上或冰雪类运动项目的基本动作和简单组合动作，并运用于简化规则、降低要求的游戏中,（1）做出所学水上或冰雪类运动项目的基本动作和简单组合动作，并运用于简化规则、降低要求的游戏中；,72,"{""min"": ""G1"", ""max"": ""G9""}",ai-reviewed,"[""A06""]",deterministic-screen-only,not-adjudicated,anchors/pe.jsonl:59
ca_eE4ADyF7,体育与健康,能描述所学水上或冰雪类运动项目相关器材的使用和保护方法，以及比赛的基本规则,能描述所学水上或冰雪类运动项目相关器材的使用和保护方法，以及比赛的基本规则；,76,"{""min"": ""G1"", ""max"": ""G9""}",ai-reviewed,"[""A06"", ""A09""]",deterministic-screen-only,not-adjudicated,anchors/pe.jsonl:64
ca_VMbAxbBH,体育与健康,做出所学中华传统体育类运动项目的基本动作和简单组合动作，并运用于游戏中,(1) 做出所学中华传统体育类运动项目的基本动作和简单组合动作，并运用于游戏中；,84,"{""min"": ""G1"", ""max"": ""G9""}",ai-reviewed,"[""A06""]",deterministic-screen-only,not-adjudicated,anchors/pe.jsonl:70
ca_HSfx926U,体育与健康,在参与所学中华传统体育类运动项目的游戏中表现出自我安全防护行为,在参与所学中华传统体育类运动项目的游戏中表现出自我安全防护行为。,84,"{""min"": ""G1"", ""max"": ""G9""}",ai-reviewed,"[""A06""]",deterministic-screen-only,not-adjudicated,anchors/pe.jsonl:72
ca_pSx3FFnW,体育与健康,在展示或比赛中根据所学知识与技能做出合理的安全保护动作,在展示或比赛中根据所学知识与技能做出合理的安全保护动作，能提醒同伴在学练过程中使用安全防护技能，简单处理常见的运动损伤。,89,"{""min"": ""G1"", ""max"": ""G9""}",ai-reviewed,"[""A06""]",deterministic-screen-only,not-adjudicated,anchors/pe.jsonl:75
ca_gpUdskcE,体育与健康,能在展示或比赛中提醒同伴使用安全防护技能并简单处理常见的运动损伤,在展示或比赛中根据所学知识与技能做出合理的安全保护动作，能提醒同伴在学练过程中使用安全防护技能，简单处理常见的运动损伤。,89,"{""min"": ""G1"", ""max"": ""G1""}",ai-reviewed,[],deterministic-screen-only,not-adjudicated,anchors/pe.jsonl:76
ca_6p2ABmd3,体育与健康,能说出所学中华传统体育类运动项目的历史起源或文化习俗,能描述所学中华传统体育类运动项目的历史文化，解释所学动作技术的基本原理；,93,"{""min"": ""G1"", ""max"": ""G9""}",ai-reviewed,"[""A06""]",deterministic-screen-only,not-adjudicated,anchors/pe.jsonl:77
ca_hya2fMd6,体育与健康,能运用所学技术在运动中保护自己和同伴，并能进行运动后的放松恢复,熟练运用所学技术保护自己和同伴，能消除运动中产生的疲劳，并积极进行身心恢复。,93,"{""min"": ""G1"", ""max"": ""G1""}",ai-reviewed,[],deterministic-screen-only,not-adjudicated,anchors/pe.jsonl:79
ca_mLCQb56R,体育与健康,在所学中华传统体育类运动项目的展示或比赛中能遵守规则，尊重裁判，尊重对手,(3) 在所学中华传统体育类运动项目的展示或比赛中能遵守规则，尊重裁判，尊重对手；,93,"{""min"": ""G1"", ""max"": ""G9""}",ai-reviewed,"[""A06""]",deterministic-screen-only,not-adjudicated,anchors/pe.jsonl:80
ca_yMZmW4pR,体育与健康,运用情绪调控方法缓解展示或比赛中的紧张情绪,（2）有规律地参与所学新兴体育类运动项目的锻炼，与同伴融洽相处，运用情绪调控方法缓解展示或比赛中的紧张情绪；,107,"{""min"": ""G1"", ""max"": ""G9""}",ai-reviewed,"[""A06""]",deterministic-screen-only,not-adjudicated,anchors/pe.jsonl:86
ca_snG8BKJu,体育与健康,能说出移动性、非移动性和操控性技能的练习方法和动作名称,•能说出移动性、非移动性和操控性技能的练习方法和动作名称。,114,"{""min"": ""G1"", ""max"": ""G9""}",ai-reviewed,"[""A06"", ""A09""]",deterministic-screen-only,not-adjudicated,anchors/pe.jsonl:88
ca_qCLmAtWa,体育与健康,能描述体能对生活和健康的重要性,水平三• 能描述体能对生活和健康的重要性，了解体能的分类和循序渐进的体能发展原则，并在练习中加以运用；,115,"{""min"": ""G3"", ""max"": ""G3""}",ai-reviewed,[],deterministic-screen-only,not-adjudicated,anchors/pe.jsonl:91
ca_Trr7Ankp,体育与健康,能设计包含目标、内容、方法和评价的体能锻炼计划,水平四• 能写出体能练习对个人发展的重要性，设计包含目标、内容、方法和评价的体能锻炼计划，描述体能发展的超负荷原则和个性化原则。,115,"{""min"": ""G4"", ""max"": ""G4""}",ai-reviewed,"[""A09""]",deterministic-screen-only,not-adjudicated,anchors/pe.jsonl:95
ca_t3XGzU9e,体育与健康,能描述预防常见运动损伤的方法,• 进行体能练习时能注意安全，能描述预防常见运动损伤的方法，能简单处理自己或他人的运动损伤。,115,"{""min"": ""G1"", ""max"": ""G9""}",ai-reviewed,"[""A06""]",deterministic-screen-only,not-adjudicated,anchors/pe.jsonl:97
ca_4VJwdKa6,体育与健康,能说出至少两条参与体育运动的益处,• 能举例说出参与体育运动的益处，积极参与多种体育活动，关注自己的身高和体重变化，能说出体育活动中的安全常识。,116,"{""min"": ""G1"", ""max"": ""G9""}",ai-reviewed,"[""A06""]",deterministic-screen-only,not-adjudicated,anchors/pe.jsonl:101
ca_Af95MUaB,体育与健康,能描述一些运动损伤的预防措施与简单处理方法，并在生活中加以运用,• 知道体育锻炼是健康生活方式的重要组成部分，定期进行体育锻炼，能描述一些运动损伤的预防措施与简单处理方法，并在生活中加以运用。,116,"{""min"": ""G1"", ""max"": ""G9""}",ai-reviewed,"[""A06""]",deterministic-screen-only,not-adjudicated,anchors/pe.jsonl:104
ca_VdRwcZ6j,体育与健康,能做出所学球类运动项目的基本动作和简单组合动作，并在竞赛性游戏中运用，参与班级内对抗性游戏和简化规则要求的教学比赛,· 能做出所学球类运动项目的基本动作和简单组合动作，并在竞赛性游戏中运用，参与班级内对抗性游戏和简化规则要求的教学比赛；,117,"{""min"": ""G1"", ""max"": ""G9""}",ai-reviewed,"[""A06"", ""A11""]",deterministic-screen-only,not-adjudicated,anchors/pe.jsonl:109
ca_6fDD5Hsd,体育与健康,能在所学球类活动中与同伴配合完成攻防,· 乐于与同伴一起参与所学球类运动项目活动，能适应新的合作环境，做到互爱互助，表现出稳定的情绪。,117,"{""min"": ""G1"", ""max"": ""G9""}",ai-reviewed,"[""A06""]",deterministic-screen-only,not-adjudicated,anchors/pe.jsonl:111
ca_TCcRayGd,体育与健康,能说出所学球类运动项目的一些安全知识，并注意防范运动中的安全隐患,· 能说出所学球类运动项目的一些安全知识，并注意防范运动中的安全隐患。,117,"{""min"": ""G1"", ""max"": ""G9""}",ai-reviewed,"[""A06""]",deterministic-screen-only,not-adjudicated,anchors/pe.jsonl:113
ca_5YWxtq8Q,体育与健康,能简单处理运动损伤,· 安全地进行球类运动，能简单处理运动损伤。,117,"{""min"": ""G1"", ""max"": ""G9""}",ai-reviewed,"[""A06""]",deterministic-screen-only,not-adjudicated,anchors/pe.jsonl:118
ca_LY32ryEP,体育与健康,参与所学田径类运动项目学练和比赛时，能表现出稳定的情绪,• 参与所学田径类运动项目学练和比赛时，表现出稳定的情绪，能与同伴交流交往，适应游戏和比赛环境的变化。,118,"{""min"": ""G1"", ""max"": ""G1""}",ai-reviewed,[],deterministic-screen-only,not-adjudicated,anchors/pe.jsonl:122
ca_3zb2Wi7m,体育与健康,能按照规则参与田径类运动项目的比赛，并接受比赛结果,• 能按照规则参与田径类运动项目的比赛，表现出积极进取、勇敢顽强的精神，能接受比赛的结果。,119,"{""min"": ""G1"", ""max"": ""G1""}",ai-reviewed,[],deterministic-screen-only,not-adjudicated,anchors/pe.jsonl:126
ca_edXjMesK,体育与健康,能做出所学体操类运动项目的基本动作和简单组合动作，并参与简化规则、降低要求的体操类游戏和比赛,• 能做出所学体操类运动项目的基本动作和简单组合动作，并参与简化规则、降低要求的体操类游戏和比赛；,120,"{""min"": ""G1"", ""max"": ""G9""}",ai-reviewed,"[""A06""]",deterministic-screen-only,not-adjudicated,anchors/pe.jsonl:132
ca_43vx4QW6,体育与健康,能描述所学体操类运动项目学练和比赛中的安全注意事项，做出自我保护的动作,• 能描述所学体操类运动项目学练和比赛中的安全注意事项，做出自我保护的动作。,120,"{""min"": ""G1"", ""max"": ""G9""}",ai-reviewed,"[""A06""]",deterministic-screen-only,not-adjudicated,anchors/pe.jsonl:138
ca_PScEtnsa,体育与健康,能解释所学体操类运动项目的安全知识，并及时处理常见的运动损伤,- 能解释所学体操类运动项目的安全知识，并及时处理常见的运动损伤。,121,"{""min"": ""G1"", ""max"": ""G9""}",ai-reviewed,"[""A06""]",deterministic-screen-only,not-adjudicated,anchors/pe.jsonl:142
ca_jqCGHEQR,体育与健康,能说出所学水上或冰雪类运动项目的两条行为准则，并和同伴一起安全地进行游戏,- 能说出所学水上或冰雪类运动项目的行为准则，与同伴一起安全地进行游戏。,121,"{""min"": ""G1"", ""max"": ""G1""}",ai-reviewed,[],deterministic-screen-only,not-adjudicated,anchors/pe.jsonl:147
ca_XXjpAqqV,体育与健康,能做出所学中华传统体育类运动项目的基本动作和简单组合动作，参与学练基本动作和简单组合动作的游戏,(5) 中华传统体育类运动水平二·能做出所学中华传统体育类运动项目的基本动作和简单组合动作，参与学练基本动作和简单组合动作的游戏；,123,"{""min"": ""G3"", ""max"": ""G3""}",ai-reviewed,[],deterministic-screen-only,not-adjudicated,anchors/pe.jsonl:157
ca_KtdFLp3U,体育与健康,能在运动中遇到常见损伤时，运用所学知识进行初步处理,·能注意防范安全隐患，运用所学知识处理一些常见的运动损伤。,126,"{""min"": ""G7"", ""max"": ""G9""}",ai-reviewed,[],deterministic-screen-only,not-adjudicated,anchors/pe.jsonl:173
ca_S7coo7uN,体育与健康,能说出身体成分是肌肉、脂肪、骨骼及其他机体组成成分的相对百分比,知道身体成分的基础知识，如身体成分是肌肉、脂肪、骨骼及其他机体组成成分的相对百分比,20,"{""min"": ""G1"", ""max"": ""G9""}",ai-adjudicated,"[""A06""]",deterministic-screen-only,not-adjudicated,anchors/pe.jsonl:174
ca_zukGWeG2,体育与健康,能说出体育锻炼是健康生活方式的重要组成部分,认同体育锻炼是健康生活方式的重要组成部分，,31,"{""min"": ""G1"", ""max"": ""G9""}",ai-adjudicated,"[""A06""]",deterministic-screen-only,not-adjudicated,anchors/pe.jsonl:179
ca_rGI8mHio,体育与健康,能在球类运动中合理运用攻防技战术战胜对方,球类运动是人们为了实现自我发展和休闲娱乐而创造的以球为载体，在开放和对抗情境中合理运用攻防技战术，以战胜对方为直接目的,33,"{""min"": ""G7"", ""max"": ""G9""}",ai-reviewed,[],deterministic-screen-only,not-adjudicated,anchors/pe.jsonl:180
ca_FqMZrPg0,体育与健康,能说出同场对抗项目是双方在同一场地内进行的有身体接触的对抗性运动项目,前者是双方在同一场地内进行的有身体接触的对抗性运动项目（如篮球、橄榄球等）,34,"{""min"": ""G1"", ""max"": ""G9""}",ai-adjudicated,"[""A06""]",deterministic-screen-only,not-adjudicated,anchors/pe.jsonl:181
ca_iPPquU9A,体育与健康,能说出隔网对抗项目是双方在各自区域内进行的无直接身体接触的对抗性运动项目,后者是双方在各自区域内进行的无直接身体接触的对抗性运动项目（如排球、乒乓球等）,34,"{""min"": ""G1"", ""max"": ""G9""}",ai-adjudicated,"[""A06""]",deterministic-screen-only,not-adjudicated,anchors/pe.jsonl:182
ca_DAMj1sTW,体育与健康,能说出集体性球类运动项目是多人相互合作的对抗性运动项目,前者是多人相互合作的对抗性运动项目（如足球、手球等）,34,"{""min"": ""G1"", ""max"": ""G9""}",ai-adjudicated,"[""A06""]",deterministic-screen-only,not-adjudicated,anchors/pe.jsonl:183
ca_Alo3ddhN,体育与健康,能说出个体性球类运动项目是以个人为主的对抗性运动项目,后者是以个人为主的对抗性运动项目（如羽毛球、网球等）,34,"{""min"": ""G1"", ""max"": ""G9""}",ai-adjudicated,"[""A06""]",deterministic-screen-only,not-adjudicated,anchors/pe.jsonl:184
ca_fwB5uqD4,体育与健康,能通过交换手运球练习发展灵敏性,在篮球运动中加强体能练习，如通过交换手运球练习发展灵敏性,39,"{""min"": ""G1"", ""max"": ""G9""}",ai-reviewed,"[""A06""]",deterministic-screen-only,not-adjudicated,anchors/pe.jsonl:187
ca_hLdqo9AA,体育与健康,能说出篮球运动中发展心肺耐力的体能练习方法是通过固定线路的运球折返跑,通过固定线路的运球折返跑发展心肺耐力等,39,"{""min"": ""G1"", ""max"": ""G9""}",ai-reviewed,"[""A06""]",deterministic-screen-only,not-adjudicated,anchors/pe.jsonl:188
ca_fVDEFeaG,体育与健康,能说出乒乓球运动中发展灵敏性和协调性的体能练习方法是通过摸台角练习,在乒乓球运动中加强体能练习，如通过摸台角练习发展灵敏性和协调性,39,"{""min"": ""G1"", ""max"": ""G9""}",ai-reviewed,"[""A06""]",deterministic-screen-only,not-adjudicated,anchors/pe.jsonl:189
ca_ge4orsl2,体育与健康,能说出跳远的完整动作技术是蹲踞式跳远,以及蹲踞式跳远的完整动作技术,50,"{""min"": ""G1"", ""max"": ""G9""}",ai-reviewed,"[""A06""]",deterministic-screen-only,not-adjudicated,anchors/pe.jsonl:197
ca_xDkgsjk0,体育与健康,能说出初学跳远时设置起跳区宽度的标准是35~40厘米,初学跳远时可以不固定起跳点或设置宽度为35～40厘米的起跳区,53,"{""min"": ""G1"", ""max"": ""G9""}",ai-reviewed,"[""A06""]",deterministic-screen-only,not-adjudicated,anchors/pe.jsonl:203
ca_3XP2oYSv,体育与健康,能说出艺术性体操的特点是伴随音乐展现节奏明快、刚劲有力、舒展优美的动作,另一类是艺术性体操（如韵律操、健美操等），其特点是伴随音乐展现节奏明快、刚劲有力、舒展优美的动作,58,"{""min"": ""G1"", ""max"": ""G9""}",ai-adjudicated,"[""A06""]",deterministic-screen-only,not-adjudicated,anchors/pe.jsonl:210
ca_HCWRS90l,体育与健康,能说出韵律操由5~6个韵律操步法、3~4个上肢动作组成的8个八拍韵律操主要的基本动作技术,学练由5～6个韵律操步法、3～4个上肢动作组成的8个八拍韵律操主要的基本动作技术,62,"{""min"": ""G1"", ""max"": ""G9""}",ai-adjudicated,"[""A06""]",deterministic-screen-only,not-adjudicated,anchors/pe.jsonl:211
ca_O8r3zwE4,体育与健康,能说出健美操组合动作技术的时长为16个八拍,16个八拍的健美操组合动作技术,66,"{""min"": ""G1"", ""max"": ""G9""}",ai-reviewed,"[""A06""]",deterministic-screen-only,not-adjudicated,anchors/pe.jsonl:213
ca_8YwBPxBQ,体育与健康,能说出技巧运动中提高柔韧性等体能水平的方法是体前屈、体后屈、腰绕环练习,在技巧运动中提高体能水平，如通过体前屈、体后屈、腰绕环练习提高柔韧性等。,67,"{""min"": ""G1"", ""max"": ""G9""}",ai-reviewed,"[""A06""]",deterministic-screen-only,not-adjudicated,anchors/pe.jsonl:214
ca_Z0rO2xtg,体育与健康,能通过支撑后摆下练习提高上肢肌肉力量、腰腹肌肉力量、平衡能力和协调性,在低单杠运动中提高体能水平，如通过支撑后摆下练习提高上肢肌肉力量、腰腹肌肉力量、平衡能力和协调性等。,67,"{""min"": ""G1"", ""max"": ""G9""}",ai-reviewed,"[""A06""]",deterministic-screen-only,not-adjudicated,anchors/pe.jsonl:215
ca_pkBOdn1m,体育与健康,能说出健美操运动中提高心肺耐力等体能水平的方法是通过健美操成套动作练习,在健美操运动中提高体能水平，如通过健美操成套动作练习提高心肺耐力等。,67,"{""min"": ""G1"", ""max"": ""G9""}",ai-reviewed,"[""A06""]",deterministic-screen-only,not-adjudicated,anchors/pe.jsonl:216
ca_FovvY6Ql,体育与健康,能说出水上或冰雪类运动是在水环境或冰雪环境中开展的体育活动,水上或冰雪类运动是人们在水环境或冰雪环境中开展的体育活动。,69,"{""min"": ""G1"", ""max"": ""G9""}",ai-adjudicated,"[""A06""]",deterministic-screen-only,not-adjudicated,anchors/pe.jsonl:217
ca_4Ws5Fhaa,体育与健康,能说出中国式摔跤双人角力练习和比赛中体会的原则是入、跪、借力技战术,在中国式摔跤双人角力练习和比赛中，体会入、跪、借力技战术原则，在教师的提示下点到为止。,87,"{""min"": ""G1"", ""max"": ""G9""}",ai-reviewed,"[""A06""]",deterministic-screen-only,not-adjudicated,anchors/pe.jsonl:225
ca_G87OAFLo,体育与健康,能运用所学动作技术进行长拳一段拆招,在长拳单招对拆、套路对练练习和比赛中，运用所学动作技术进行长拳一段拆招，思考制胜的时机和力道等因素。,87,"{""min"": ""G1"", ""max"": ""G9""}",ai-reviewed,"[""A06""]",deterministic-screen-only,not-adjudicated,anchors/pe.jsonl:226
ca_nJdEcFF3,体育与健康,能运用舞龙矮步跑圆场接快速曲线起伏行进、靠背舞龙接龙穿身等展示或比赛中的组合动作技术进行简单战术配合,在舞龙矮步跑圆场接快速曲线起伏行进、靠背舞龙接龙穿身等展示或比赛中，运用组合动作技术并进行简单战术配合。,87,"{""min"": ""G1"", ""max"": ""G9""}",ai-reviewed,"[""A06""]",deterministic-screen-only,not-adjudicated,anchors/pe.jsonl:227
ca_O4cygnKc,体育与健康,能说出长拳的套路是长拳二段,和套路（长拳二段）,90,"{""min"": ""G7"", ""max"": ""G9""}",ai-reviewed,[],deterministic-screen-only,not-adjudicated,anchors/pe.jsonl:228
ca_LtMQMGt7,体育与健康,能说出中国式摔跤的基本原理是理解其动作技术的基础,组合动作技术（勾踢、踢别、跪披、跪揣）和套路；理解中国式摔跤动作技术的基本原理，以及中国式摔跤的文化、特点与价值，制订并实施中国式摔跤的学练计划。,91,"{""min"": ""G1"", ""max"": ""G9""}",ai-adjudicated,"[""A06""]",deterministic-screen-only,not-adjudicated,anchors/pe.jsonl:229
ca_c7TN0Qps,体育与健康,能说出中国式摔跤的文化、特点与价值是其学练计划的内容之一,组合动作技术（勾踢、踢别、跪披、跪揣）和套路；理解中国式摔跤动作技术的基本原理，以及中国式摔跤的文化、特点与价值，制订并实施中国式摔跤的学练计划。,91,"{""min"": ""G1"", ""max"": ""G9""}",ai-adjudicated,"[""A06"", ""A08""]",deterministic-screen-only,not-adjudicated,anchors/pe.jsonl:230
ca_x2f5KKA6,体育与健康,能运用所学技战术进行长拳二段拆招,将长拳的对拆、声东击西等技战术运用到个人和小组展示或比赛中，运用所学技战术进行长拳二段拆招，思考个人制胜因素的同时鼓励集体协同作战。,91,"{""min"": ""G1"", ""max"": ""G9""}",ai-reviewed,"[""A06""]",deterministic-screen-only,not-adjudicated,anchors/pe.jsonl:231
ca_DWEOOdsN,体育与健康,能说出新兴体育类运动的主要特点是形式新颖，具有较强的时尚性和挑战性,新兴体育类运动是指在国际上比较流行、在国内开展不久或国内外新创的、大众运动色彩浓郁、深受青少年喜爱的体育活动。该类运动的主要特点是形式新颖，具有较强的时尚性和挑战性。,94,"{""min"": ""G1"", ""max"": ""G9""}",ai-adjudicated,"[""A06""]",deterministic-screen-only,not-adjudicated,anchors/pe.jsonl:233
ca_cqW5gt0W,体育与健康,"能描述花样跳绳多人穿梭的""8""字跳长绳的基本要领和练习方法",学练花样跳绳的多人穿梭的“8”字跳长绳等主要的基本动作技术，并描述基本要领和练习方法,100,"{""min"": ""G1"", ""max"": ""G9""}",ai-reviewed,"[""A06""]",deterministic-screen-only,not-adjudicated,anchors/pe.jsonl:234
ca_e82n6nUI,体育与健康,能在花样跳绳的综合练习、展示或比赛中运用所学基本动作技术和组合动作技术,在花样跳绳的综合练习、展示或比赛中运用所学基本动作技术和组合动作技术，如4人不同跳法接力,100,"{""min"": ""G1"", ""max"": ""G9""}",ai-reviewed,"[""A06""]",deterministic-screen-only,not-adjudicated,anchors/pe.jsonl:237
ca_LMvNS4RS,体育与健康,"能说出花样跳绳中穿梭""8""字跳长绳、3人交互绳跳等动作",穿梭“8”字跳长绳、3人交互绳跳等，并根据自身和团队优势调控节奏及进行分工合作。,101,"{""min"": ""G1"", ""max"": ""G9""}",ai-reviewed,"[""A06""]",deterministic-screen-only,not-adjudicated,anchors/pe.jsonl:239
ca_jp9n0bN7,体育与健康,能说出体育运动是展现人体之美的最佳载体之一,体育运动是展现人体之美的最佳载体之一,112,"{""min"": ""G1"", ""max"": ""G9""}",ai-adjudicated,"[""A06""]",deterministic-screen-only,not-adjudicated,anchors/pe.jsonl:243
ca_FFPigrTj,体育与健康,能说出预防运动伤病的知识与技能,(7) 掌握预防运动伤病的知识与技能、溺水自救和配合他救的方法，掌握在踩踏事故、火灾、地震、海啸等突发事件中的自我保护和逃生技能，以及重污染天气中的户外防护方法。,32,"{""min"": ""G7"", ""max"": ""G9""}",ai-reviewed,[],deterministic-screen-only,not-adjudicated,anchors/pe.jsonl:244
ca_xkGypT9L,体育与健康,能说出溺水自救和配合他救的方法,(7) 掌握预防运动伤病的知识与技能、溺水自救和配合他救的方法，掌握在踩踏事故、火灾、地震、海啸等突发事件中的自我保护和逃生技能，以及重污染天气中的户外防护方法。,32,"{""min"": ""G7"", ""max"": ""G9""}",ai-reviewed,[],deterministic-screen-only,not-adjudicated,anchors/pe.jsonl:245
ca_dtBJHh92,体育与健康,能描述所学田径类运动项目的动作技术要领,能描述所学田径类运动项目的动作技术要领、练习方法和比赛基本规则；,53,"{""min"": ""G1"", ""max"": ""G9""}",ai-reviewed,"[""A06""]",deterministic-screen-only,not-adjudicated,anchors/pe.jsonl:246
ca_JyyNqhRG,体育与健康,能描述所学田径类运动项目的练习方法,能描述所学田径类运动项目的动作技术要领、练习方法和比赛基本规则；,53,"{""min"": ""G1"", ""max"": ""G9""}",ai-reviewed,"[""A06""]",deterministic-screen-only,not-adjudicated,anchors/pe.jsonl:247
ca_iLh7gQkE,体育与健康,能描述所学田径类运动项目的比赛基本规则,能描述所学田径类运动项目的动作技术要领、练习方法和比赛基本规则；,53,"{""min"": ""G1"", ""max"": ""G9""}",ai-reviewed,"[""A06""]",deterministic-screen-only,not-adjudicated,anchors/pe.jsonl:248
ca_wzWtRgi8,体育与健康,能与同伴合作做出自我保护的动作,能与同伴合作，做出自我保护、相互保护与帮助的动作。,61,"{""min"": ""G1"", ""max"": ""G9""}",ai-reviewed,"[""A06""]",deterministic-screen-only,not-adjudicated,anchors/pe.jsonl:249
ca_Hpz5WuQS,体育与健康,能与同伴合作做出相互保护与帮助的动作,能与同伴合作，做出自我保护、相互保护与帮助的动作。,61,"{""min"": ""G1"", ""max"": ""G9""}",ai-reviewed,"[""A06""]",deterministic-screen-only,not-adjudicated,anchors/pe.jsonl:250
ca_wpvrWJuS,体育与健康,能描述所学水上或冰雪类运动项目相关器材的使用方法,能描述所学水上或冰雪类运动项目相关器材的使用和保护方法，以及比赛的基本规则；,76,"{""min"": ""G1"", ""max"": ""G9""}",ai-reviewed,"[""A06""]",deterministic-screen-only,not-adjudicated,anchors/pe.jsonl:251
ca_Vjjqvcv8,体育与健康,能描述所学水上或冰雪类运动项目相关器材的保护方法,能描述所学水上或冰雪类运动项目相关器材的使用和保护方法，以及比赛的基本规则；,76,"{""min"": ""G1"", ""max"": ""G9""}",ai-reviewed,"[""A06""]",deterministic-screen-only,not-adjudicated,anchors/pe.jsonl:252
ca_B78bw9tF,体育与健康,能描述所学水上或冰雪类运动项目比赛的基本规则,能描述所学水上或冰雪类运动项目相关器材的使用和保护方法，以及比赛的基本规则；,76,"{""min"": ""G1"", ""max"": ""G9""}",ai-reviewed,"[""A06""]",deterministic-screen-only,not-adjudicated,anchors/pe.jsonl:253
ca_TbsGjgjg,体育与健康,能说出移动性技能的练习方法和动作名称,•能说出移动性、非移动性和操控性技能的练习方法和动作名称。,114,"{""min"": ""G1"", ""max"": ""G9""}",ai-reviewed,"[""A06""]",deterministic-screen-only,not-adjudicated,anchors/pe.jsonl:254
ca_RJjYpS7u,体育与健康,能说出非移动性技能的练习方法和动作名称,•能说出移动性、非移动性和操控性技能的练习方法和动作名称。,114,"{""min"": ""G1"", ""max"": ""G9""}",ai-reviewed,"[""A06""]",deterministic-screen-only,not-adjudicated,anchors/pe.jsonl:255
ca_gDxtgZuC,体育与健康,能说出操控性技能的练习方法和动作名称,•能说出移动性、非移动性和操控性技能的练习方法和动作名称。,114,"{""min"": ""G1"", ""max"": ""G9""}",ai-reviewed,"[""A06""]",deterministic-screen-only,not-adjudicated,anchors/pe.jsonl:256
ca_qLWXuQK3,体育与健康,能设计包含目标的体能锻炼计划,水平四• 能写出体能练习对个人发展的重要性，设计包含目标、内容、方法和评价的体能锻炼计划，描述体能发展的超负荷原则和个性化原则。,115,"{""min"": ""G4"", ""max"": ""G4""}",ai-reviewed,[],deterministic-screen-only,not-adjudicated,anchors/pe.jsonl:257
ca_wqJHctvz,体育与健康,能设计包含内容的体能锻炼计划,水平四• 能写出体能练习对个人发展的重要性，设计包含目标、内容、方法和评价的体能锻炼计划，描述体能发展的超负荷原则和个性化原则。,115,"{""min"": ""G4"", ""max"": ""G4""}",ai-reviewed,[],deterministic-screen-only,not-adjudicated,anchors/pe.jsonl:258
ca_i4GiM99q,体育与健康,能设计包含方法的体能锻炼计划,水平四• 能写出体能练习对个人发展的重要性，设计包含目标、内容、方法和评价的体能锻炼计划，描述体能发展的超负荷原则和个性化原则。,115,"{""min"": ""G4"", ""max"": ""G4""}",ai-reviewed,[],deterministic-screen-only,not-adjudicated,anchors/pe.jsonl:259
ca_2ZDP65Cm,体育与健康,能设计包含评价的体能锻炼计划,水平四• 能写出体能练习对个人发展的重要性，设计包含目标、内容、方法和评价的体能锻炼计划，描述体能发展的超负荷原则和个性化原则。,115,"{""min"": ""G4"", ""max"": ""G4""}",ai-reviewed,[],deterministic-screen-only,not-adjudicated,anchors/pe.jsonl:260
ca_WWuRYQDZ,体育与健康,能举出两个在水环境中开展的体育活动名称,水上或冰雪类运动是人们在水环境或冰雪环境中开展的体育活动。,69,"{""min"": ""G1"", ""max"": ""G9""}",ai-reviewed,"[""A04"", ""A06""]",deterministic-screen-only,not-adjudicated,anchors/pe.jsonl:261
ca_HPaMF6BV,体育与健康,能举出两个在冰雪环境中开展的体育活动名称,水上或冰雪类运动是人们在水环境或冰雪环境中开展的体育活动。,69,"{""min"": ""G1"", ""max"": ""G9""}",ai-reviewed,"[""A04"", ""A06""]",deterministic-screen-only,not-adjudicated,anchors/pe.jsonl:262
ca_xRStSyaj,体育与健康,能说出中国式摔跤学练计划中包含的文化内容,组合动作技术（勾踢、踢别、跪披、跪揣）和套路；理解中国式摔跤动作技术的基本原理，以及中国式摔跤的文化、特点与价值，制订并实施中国式摔跤的学练计划。,91,"{""min"": ""G1"", ""max"": ""G9""}",ai-reviewed,"[""A04"", ""A06""]",deterministic-screen-only,not-adjudicated,anchors/pe.jsonl:263
ca_XyFzK8qR,体育与健康,能说出中国式摔跤学练计划中包含的特点内容,组合动作技术（勾踢、踢别、跪披、跪揣）和套路；理解中国式摔跤动作技术的基本原理，以及中国式摔跤的文化、特点与价值，制订并实施中国式摔跤的学练计划。,91,"{""min"": ""G1"", ""max"": ""G9""}",ai-reviewed,"[""A04"", ""A06""]",deterministic-screen-only,not-adjudicated,anchors/pe.jsonl:264
ca_25H7YqdY,体育与健康,能说出中国式摔跤学练计划中包含的价值内容,组合动作技术（勾踢、踢别、跪披、跪揣）和套路；理解中国式摔跤动作技术的基本原理，以及中国式摔跤的文化、特点与价值，制订并实施中国式摔跤的学练计划。,91,"{""min"": ""G1"", ""max"": ""G9""}",ai-reviewed,"[""A04"", ""A06""]",deterministic-screen-only,not-adjudicated,anchors/pe.jsonl:265
ca_EDuhRsKw,物理,能说出物质世界从宏观到微观的大致尺度,（1）能描述固态、液态和气态的基本特征及在相互转化过程中的特点，能说出生活中常见的温度值，知道质量的含义，理解密度，能说出物质世界从宏观到微观的大致尺度；,18,"{""min"": ""G7"", ""max"": ""G9""}",ai-reviewed,[],deterministic-screen-only,not-adjudicated,anchors/physics.jsonl:2
ca_yHtFGbFw,物理,能通过实验或实例归纳总结物态变化过程中的吸、放热规律,能通过实验或实例，归纳总结物态变化过程中的吸、放热规律；,19,"{""min"": ""G7"", ""max"": ""G9""}",ai-reviewed,[],deterministic-screen-only,not-adjudicated,anchors/physics.jsonl:4
ca_8agveE5P,物理,在归纳或演绎中会引用证据,在归纳或演绎中会引用证据，养成使用证据的习惯；,19,"{""min"": ""G7"", ""max"": ""G9""}",ai-reviewed,[],deterministic-screen-only,not-adjudicated,anchors/physics.jsonl:5
ca_UWuV4t2K,物理,会正确使用天平、温度计等实验器材,能制订简单的实验方案，会正确使用天平、温度计等实验器材，能按实验方案操作，获得实验数据；,19,"{""min"": ""G7"", ""max"": ""G9""}",ai-reviewed,[],deterministic-screen-only,not-adjudicated,anchors/physics.jsonl:7
ca_iAuEGqaE,物理,会用简单的物理图像描述数据，根据图像特点对实验结果作出解释,会用简单的物理图像描述数据，根据图像特点对实验结果作出解释；,19,"{""min"": ""G7"", ""max"": ""G9""}",ai-reviewed,[],deterministic-screen-only,not-adjudicated,anchors/physics.jsonl:9
ca_9tG7LZES,物理,能撰写简单的实验报告,能撰写简单的实验报告。,19,"{""min"": ""G7"", ""max"": ""G9""}",ai-reviewed,[],deterministic-screen-only,not-adjudicated,anchors/physics.jsonl:10
ca_YmdyV7Wz,物理,能正确使用弹簧测力计、刻度尺等相关器材获取实验数据,能正确使用弹簧测力计、刻度尺等相关器材获取实验数据；,26,"{""min"": ""G7"", ""max"": ""G9""}",ai-reviewed,[],deterministic-screen-only,not-adjudicated,anchors/physics.jsonl:15
ca_gBLQtYiA,物理,能列举能量转化和转移的实例,（1）能列举能量转化和转移的实例，知道能量在转化和转移过程中总量保持不变。,32,"{""min"": ""G7"", ""max"": ""G9""}",ai-reviewed,[],deterministic-screen-only,not-adjudicated,anchors/physics.jsonl:17
ca_hm4wgQNE,物理,能用能量转化与守恒的观点解释常见的自然现象，解决日常生活中的有关问题,能用能量转化与守恒的观点解释常见的自然现象，解决日常生活中的有关问题，形成初步的能量观念。,33,"{""min"": ""G7"", ""max"": ""G9""}",ai-reviewed,[],deterministic-screen-only,not-adjudicated,anchors/physics.jsonl:18
ca_dyA8AaVY,物理,能根据控制变量法制订简单的探究方案,能根据控制变量法制订简单的探究方案，会正确使用电压表、电流表测量基本的电学量，正确读取和记录实验数据，并排除简单的实验故障；,33,"{""min"": ""G7"", ""max"": ""G9""}",ai-reviewed,[],deterministic-screen-only,not-adjudicated,anchors/physics.jsonl:21
ca_xwPiEkqA,物理,能用表格、图像等多种方式展示实验数据，并通过分析和处理数据得出实验结论,能用表格、图像等多种方式展示实验数据，并通过分析和处理数据得出实验结论；,33,"{""min"": ""G7"", ""max"": ""G9""}",ai-reviewed,[],deterministic-screen-only,not-adjudicated,anchors/physics.jsonl:22
ca_im3yKZ5C,物理,能撰写实验报告，书面或口头表述科学探究的过程和结果,能撰写实验报告，书面或口头表述科学探究的过程和结果。,33,"{""min"": ""G7"", ""max"": ""G9""}",ai-reviewed,[],deterministic-screen-only,not-adjudicated,anchors/physics.jsonl:23
ca_YKSCCYhy,物理,能根据所学知识和说明书等解决现实中的简单问题,有将实验探究方法及安全操作规范等运用于解决日常问题的意识，能根据所学知识和说明书等解决现实中的简单问题。,38,"{""min"": ""G8"", ""max"": ""G9""}",ai-reviewed,[],deterministic-screen-only,not-adjudicated,anchors/physics.jsonl:26
ca_NVssPMVj,物理,能根据实验数据通过归纳推理获得探究结论,能根据实验数据通过归纳推理获得探究结论；,38,"{""min"": ""G8"", ""max"": ""G9""}",ai-reviewed,[],deterministic-screen-only,not-adjudicated,anchors/physics.jsonl:27
ca_kZTsngGk,物理,能根据实验目的设计实验方案,能根据实验目的设计实验方案，会正确使用已学实验器材收集数据，能遵守实验室规则，注意实验中的安全问题；,38,"{""min"": ""G8"", ""max"": ""G9""}",ai-reviewed,[],deterministic-screen-only,not-adjudicated,anchors/physics.jsonl:28
ca_wWTFDMdG,物理,会正确使用已学实验器材收集数据,能根据实验目的设计实验方案，会正确使用已学实验器材收集数据，能遵守实验室规则，注意实验中的安全问题；,38,"{""min"": ""G8"", ""max"": ""G9""}",ai-reviewed,[],deterministic-screen-only,not-adjudicated,anchors/physics.jsonl:29
ca_8XZdG35v,物理,能遵守实验室规则，注意实验中的安全问题,能根据实验目的设计实验方案，会正确使用已学实验器材收集数据，能遵守实验室规则，注意实验中的安全问题；,38,"{""min"": ""G8"", ""max"": ""G9""}",ai-reviewed,[],deterministic-screen-only,not-adjudicated,anchors/physics.jsonl:30
ca_3RPTQTea,物理,能在跨学科实践中尝试找出影响活动成效的主要因素,(2) 能在跨学科实践中尝试找出影响活动成效的主要因素，能运用简单模型解决问题；,43,"{""min"": ""G8"", ""max"": ""G9""}",ai-reviewed,[],deterministic-screen-only,not-adjudicated,anchors/physics.jsonl:37
ca_Bh9zKT6q,物理,能在跨学科实践中运用简单模型解决问题,(2) 能在跨学科实践中尝试找出影响活动成效的主要因素，能运用简单模型解决问题；,43,"{""min"": ""G8"", ""max"": ""G8""}",ai-reviewed,[],deterministic-screen-only,not-adjudicated,anchors/physics.jsonl:38
ca_BEYAAVuQ,物理,能设计简单的跨学科实践方案,能设计简单的跨学科实践方案，能通过调查等方式收集信息，提出证据；,44,"{""min"": ""G8"", ""max"": ""G9""}",ai-reviewed,[],deterministic-screen-only,not-adjudicated,anchors/physics.jsonl:42
ca_KFZTCGDZ,物理,能从物理学视角，把所学概念和规律与实际情境联系起来，解释常见自然现象和解决常见物理问题,在学习和日常生活中，能从物理学视角观察事物，把所学概念和规律与实际情境联系起来，解释常见自然现象和解决常见物理问题，能综合运用物理概念和规律，分析和解决熟悉情境下的简单物理问题，具有初步的物理观念。,46,"{""min"": ""G8"", ""max"": ""G8""}",ai-reviewed,[],deterministic-screen-only,not-adjudicated,anchors/physics.jsonl:45
ca_vqUXSmvU,物理,会用所学模型分析常见的实际问题,在熟悉的情境中，会用所学模型分析常见的实际问题；,46,"{""min"": ""G8"", ""max"": ""G9""}",ai-reviewed,[],deterministic-screen-only,not-adjudicated,anchors/physics.jsonl:46
ca_hsKBH8sq,物理,能从物理学视角对生活中不合理的说法进行质疑并说出理由，发表自己的见解,在获取信息时，有判断信息的可靠性和合理性的意识，能从物理学视角对生活中不合理的说法进行质疑并说出理由，发表自己的见解。,47,"{""min"": ""G8"", ""max"": ""G9""}",ai-reviewed,[],deterministic-screen-only,not-adjudicated,anchors/physics.jsonl:50
ca_yxY6fvgS,物理,会正确读取和记录实验数据,能针对提出的问题，运用控制变量法等制订比较合理的科学探究方案，会正确使用学生必做实验所涉及的实验器材，并根据实验方案进行规范、安全的实验操作，会正确读取和记录实验数据，能排除简单的实验故障；,47,"{""min"": ""G8"", ""max"": ""G9""}",ai-reviewed,[],deterministic-screen-only,not-adjudicated,anchors/physics.jsonl:52
ca_AAZznGS9,物理,能针对实验问题，运用控制变量法等制订方案，并排除简单的实验故障,能针对提出的问题，运用控制变量法等制订比较合理的科学探究方案，会正确使用学生必做实验所涉及的实验器材，并根据实验方案进行规范、安全的实验操作，会正确读取和记录实验数据，能排除简单的实验故障；,47,"{""min"": ""G8"", ""max"": ""G8""}",ai-reviewed,"[""A09""]",deterministic-screen-only,not-adjudicated,anchors/physics.jsonl:53
ca_PDPD8KkH,物理,能根据实验目的整理信息,能根据实验目的整理信息，会用简单的图像或表格描述信息，能通过信息比较或图像分析发现其中的特点，进行初步的因果判断，形成结论并作出解释；,47,"{""min"": ""G8"", ""max"": ""G9""}",ai-reviewed,[],deterministic-screen-only,not-adjudicated,anchors/physics.jsonl:54
ca_TJNF5WeZ,物理,能根据实验目的，用简单的图像或表格整理并描述信息,能根据实验目的整理信息，会用简单的图像或表格描述信息，能通过信息比较或图像分析发现其中的特点，进行初步的因果判断，形成结论并作出解释；,47,"{""min"": ""G8"", ""max"": ""G9""}",ai-reviewed,[],deterministic-screen-only,not-adjudicated,anchors/physics.jsonl:55
ca_HTfPOEri,物理,能说出常见的物质是由分子、原子构成的,知道常见的物质是由分子、原子构成的,17,"{""min"": ""G8"", ""max"": ""G9""}",ai-adjudicated,"[""A09""]",deterministic-screen-only,not-adjudicated,anchors/physics.jsonl:58
ca_MGzElRqE,物理,能说出原子是由原子核和电子构成的,知道原子是由原子核和电子构成的,17,"{""min"": ""G8"", ""max"": ""G9""}",ai-adjudicated,[],deterministic-screen-only,not-adjudicated,anchors/physics.jsonl:59
ca_PeYS7i3J,物理,能说出影视剧拍摄中倒塌的楼房、滚落的石块等道具通常是用泡沫塑料制作的,影视剧拍摄中倒塌的楼房、滚落的石块等道具通常是用泡沫塑料制作的,20,"{""min"": ""G8"", ""max"": ""G9""}",ai-adjudicated,[],deterministic-screen-only,not-adjudicated,anchors/physics.jsonl:60
ca_5VSlE8B6,物理,能说出体育竞赛中的铅球是用密度大的材料制成的,体育竞赛中的铅球，则是用密度大的材料制成的,20,"{""min"": ""G8"", ""max"": ""G9""}",ai-adjudicated,[],deterministic-screen-only,not-adjudicated,anchors/physics.jsonl:61
ca_953qFGvN,物理,能说出电磁波在真空中的传播速度约为3×10^8 m/s,知道电磁波在真空中的传播速度。,25,"{""min"": ""G8"", ""max"": ""G9""}",ai-adjudicated,[],deterministic-screen-only,not-adjudicated,anchors/physics.jsonl:63
ca_BYSzYD2K,物理,能说出物理学是对相关自然现象的描述与解释,知道物理学是对相关自然现象的描述与解释，物理学研究需要观察、实验和推理,26,"{""min"": ""G8"", ""max"": ""G9""}",ai-adjudicated,[],deterministic-screen-only,not-adjudicated,anchors/physics.jsonl:64
ca_YbQu3w5v,物理,能说出匀速直线运动、杠杆、光线是物理模型,知道匀速直线运动、杠杆、光线等物理模型,26,"{""min"": ""G8"", ""max"": ""G9""}",ai-adjudicated,"[""A09""]",deterministic-screen-only,not-adjudicated,anchors/physics.jsonl:65
ca_ubYhrpPL,物理,能说出牛顿第一定律是力学基本规律之一,在探究力的作用效果、牛顿第一定律、压强大小的影响因素、声音的产生和传播条件、光的传播规律、电和磁的相互作用等学习活动中,27,"{""min"": ""G8"", ""max"": ""G9""}",ai-reviewed,[],deterministic-screen-only,not-adjudicated,anchors/physics.jsonl:67
ca_UpCcajrW,物理,能分析声带振动、鼓面振动等现象归纳声音产生的原因,通过分析声带振动、鼓面振动等现象归纳声音产生的原因,28,"{""min"": ""G7"", ""max"": ""G9""}",ai-reviewed,[],deterministic-screen-only,not-adjudicated,anchors/physics.jsonl:70
ca_UKSei5h6,物理,能说出我国家庭电路的电压是220V,例3 了解我国家庭用电的电压和频率，在家庭用电中有保护自己和他人的安全意识。,31,"{""min"": ""G8"", ""max"": ""G9""}",ai-adjudicated,[],deterministic-screen-only,not-adjudicated,anchors/physics.jsonl:74
ca_nd6eRPnZ,物理,能说出我国家庭电路的频率是50Hz,例3 了解我国家庭用电的电压和频率，在家庭用电中有保护自己和他人的安全意识。,31,"{""min"": ""G8"", ""max"": ""G9""}",ai-adjudicated,[],deterministic-screen-only,not-adjudicated,anchors/physics.jsonl:75
ca_7EUki13p,物理,"能说出能量的利用存在效率问题,100%的能量利用率只是一种理想情况",知道能量的利用存在效率问题，100%的能量利用率只是一种理想情况,33,"{""min"": ""G8"", ""max"": ""G9""}",ai-adjudicated,[],deterministic-screen-only,not-adjudicated,anchors/physics.jsonl:76
ca_QS1cF8jM,物理,能测量小球通过某段距离的速度,4.1.5 测量物体运动的速度。例5 用秒表和刻度尺，测量小球通过某段距离的速度。,36,"{""min"": ""G8"", ""max"": ""G9""}",ai-reviewed,[],deterministic-screen-only,not-adjudicated,anchors/physics.jsonl:77
ca_3Ed2e2Nh,物理,能用天平和量筒测量蜡块的密度,（1）蜡块会漂浮在水面上，尝试用天平和量筒测量蜡块的密度。,36,"{""min"": ""G8"", ""max"": ""G9""}",ai-reviewed,[],deterministic-screen-only,not-adjudicated,anchors/physics.jsonl:78
ca_gmyh3nd3,物理,能操作电子天平测量家用物品的质量,（2）用电子天平测量一些家用物品的质量，感受电子天平在操作上的优点，体会科技进步给人类生活带来的影响。,36,"{""min"": ""G8"", ""max"": ""G9""}",ai-reviewed,[],deterministic-screen-only,not-adjudicated,anchors/physics.jsonl:79
ca_8alDb665,物理,能说出探究水沸腾前后温度变化特点需要的器材是酒精灯、烧杯、温度计,4.2.1 探究水在沸腾前后温度变化的特点。例1 用酒精灯、烧杯、温度计等，探究水在沸腾前后温度变化的特点。,36,"{""min"": ""G7"", ""max"": ""G9""}",ai-reviewed,[],deterministic-screen-only,not-adjudicated,anchors/physics.jsonl:80
ca_NiHbUvTd,物理,能说出探究液体压强与哪些因素有关需要的器材是水、盐水、压强计,4.2.3 探究液体压强与哪些因素有关。例3 用水、盐水、压强计等，探究液体压强与哪些因素有关。,36,"{""min"": ""G7"", ""max"": ""G9""}",ai-reviewed,[],deterministic-screen-only,not-adjudicated,anchors/physics.jsonl:81
ca_M8FFDoSf,物理,能说出物理研究是建立在观察和实验基础上的创造性工作,能初步体会物理研究是建立在观察和实验基础上的创造性工作,38,"{""min"": ""G8"", ""max"": ""G9""}",ai-reviewed,"[""A09""]",deterministic-screen-only,not-adjudicated,anchors/physics.jsonl:82
ca_fkCGhTpV,物理,能针对实验问题，运用控制变量法等制订方案,能针对提出的问题，运用控制变量法等制订比较合理的科学探究方案，会正确使用学生必做实验所涉及的实验器材，并根据实验方案进行规范、安全的实验操作，会正确读取和记录实验数据，能排除简单的实验故障；,47,"{""min"": ""G8"", ""max"": ""G8""}",ai-reviewed,[],deterministic-screen-only,not-adjudicated,anchors/physics.jsonl:84
ca_5HFZC3Hs,物理,能排除简单的实验故障,能针对提出的问题，运用控制变量法等制订比较合理的科学探究方案，会正确使用学生必做实验所涉及的实验器材，并根据实验方案进行规范、安全的实验操作，会正确读取和记录实验数据，能排除简单的实验故障；,47,"{""min"": ""G8"", ""max"": ""G8""}",ai-reviewed,[],deterministic-screen-only,not-adjudicated,anchors/physics.jsonl:85
ca_FNN6E4cJ,物理,能说出常见的物质是由分子构成的,知道常见的物质是由分子、原子构成的,17,"{""min"": ""G8"", ""max"": ""G9""}",ai-reviewed,[],deterministic-screen-only,not-adjudicated,anchors/physics.jsonl:86
ca_JGxXsL7V,物理,能说出常见的物质是由原子构成的,知道常见的物质是由分子、原子构成的,17,"{""min"": ""G8"", ""max"": ""G9""}",ai-reviewed,[],deterministic-screen-only,not-adjudicated,anchors/physics.jsonl:87
ca_DQyKMTAT,物理,能说出匀速直线运动是物理模型,知道匀速直线运动、杠杆、光线等物理模型,26,"{""min"": ""G8"", ""max"": ""G9""}",ai-reviewed,[],deterministic-screen-only,not-adjudicated,anchors/physics.jsonl:88
ca_QkLuXyC3,物理,能说出杠杆是物理模型,知道匀速直线运动、杠杆、光线等物理模型,26,"{""min"": ""G8"", ""max"": ""G9""}",ai-reviewed,[],deterministic-screen-only,not-adjudicated,anchors/physics.jsonl:89
ca_rkGWBs7Z,物理,能说出光线是物理模型,知道匀速直线运动、杠杆、光线等物理模型,26,"{""min"": ""G8"", ""max"": ""G9""}",ai-reviewed,[],deterministic-screen-only,not-adjudicated,anchors/physics.jsonl:90
ca_zXUAWguj,物理,能说出物理研究是建立在观察基础上的创造性工作,能初步体会物理研究是建立在观察和实验基础上的创造性工作,38,"{""min"": ""G8"", ""max"": ""G9""}",ai-reviewed,[],deterministic-screen-only,not-adjudicated,anchors/physics.jsonl:91
ca_TcknU9qY,物理,能说出物理研究是建立在实验基础上的创造性工作,能初步体会物理研究是建立在观察和实验基础上的创造性工作,38,"{""min"": ""G8"", ""max"": ""G9""}",ai-reviewed,[],deterministic-screen-only,not-adjudicated,anchors/physics.jsonl:92
ca_HpBJwzvn,物理,能识别给定描述中的匀速直线运动是否被用作物理模型,知道匀速直线运动、杠杆、光线等物理模型,26,"{""min"": ""G8"", ""max"": ""G9""}",ai-reviewed,"[""A04""]",deterministic-screen-only,not-adjudicated,anchors/physics.jsonl:93
ca_tP7kreF4,物理,能识别给定描述中的杠杆是否被用作物理模型,知道匀速直线运动、杠杆、光线等物理模型,26,"{""min"": ""G8"", ""max"": ""G9""}",ai-reviewed,"[""A04""]",deterministic-screen-only,not-adjudicated,anchors/physics.jsonl:94
ca_gp8xHmZP,物理,能识别给定描述中的光线是否被用作物理模型,知道匀速直线运动、杠杆、光线等物理模型,26,"{""min"": ""G8"", ""max"": ""G9""}",ai-reviewed,"[""A04""]",deterministic-screen-only,not-adjudicated,anchors/physics.jsonl:95
ca_63F79QgU,物理,能用位移、速度、加速度等物理量描述物体的直线运动,能用位移、速度、加速度等物理量描述物体的直线运动，能用匀变速直线运动的规律解释或解决生活中的具体问题。能对物体的受力和运动情况进行分析，得出结论。能从物理学的运动与相互作用的视角分析自然与生活中的有关简单问题。了解建立质点模型的抽象方法和质点模型的适用条件，能在特定情境下将物体抽象为质点，体会物理模型建构的思想和方法。通过瞬时速度和加速度概念的建构，体会物理问题研究中的极限方法和抽象思维方法。知道证据是物理研究的基础，能使用简单直接的证据表达会做“探究加速度与物体受力、物体质量的关系”等实验。能明确科学探究实验所要解决的问题，知道制订实验方案是重要的，有控制变量的意识。会使用基本的力学实验器材获取数据，能用物理图像描述实验数据，能根据数据得出实验结论，知道实验存在误差。能表达科学探究的过程和结果。通过直线运动和牛顿运动定律的学习，认识物理学是对自然现象的描述与解释，具有学习物理学的兴趣。,22,"{""min"": ""G10"", ""max"": ""G12""}",disputed,"[""A02""]",deterministic-screen-only,not-adjudicated,anchors/physics.jsonl:96
ca_svSXZLzu,物理,能用匀变速直线运动的规律解释或解决生活中的具体问题,能用位移、速度、加速度等物理量描述物体的直线运动，能用匀变速直线运动的规律解释或解决生活中的具体问题。能对物体的受力和运动情况进行分析，得出结论。能从物理学的运动与相互作用的视角分析自然与生活中的有关简单问题。了解建立质点模型的抽象方法和质点模型的适用条件，能在特定情境下将物体抽象为质点，体会物理模型建构的思想和方法。通过瞬时速度和加速度概念的建构，体会物理问题研究中的极限方法和抽象思维方法。知道证据是物理研究的基础，能使用简单直接的证据表达会做“探究加速度与物体受力、物体质量的关系”等实验。能明确科学探究实验所要解决的问题，知道制订实验方案是重要的，有控制变量的意识。会使用基本的力学实验器材获取数据，能用物理图像描述实验数据，能根据数据得出实验结论，知道实验存在误差。能表达科学探究的过程和结果。通过直线运动和牛顿运动定律的学习，认识物理学是对自然现象的描述与解释，具有学习物理学的兴趣。,22,"{""min"": ""G10"", ""max"": ""G12""}",ai-reviewed,[],deterministic-screen-only,not-adjudicated,anchors/physics.jsonl:97
ca_U3V4pjsH,物理,能对物体的受力和运动情况进行分析，得出结论,能用位移、速度、加速度等物理量描述物体的直线运动，能用匀变速直线运动的规律解释或解决生活中的具体问题。能对物体的受力和运动情况进行分析，得出结论。能从物理学的运动与相互作用的视角分析自然与生活中的有关简单问题。了解建立质点模型的抽象方法和质点模型的适用条件，能在特定情境下将物体抽象为质点，体会物理模型建构的思想和方法。通过瞬时速度和加速度概念的建构，体会物理问题研究中的极限方法和抽象思维方法。知道证据是物理研究的基础，能使用简单直接的证据表达会做“探究加速度与物体受力、物体质量的关系”等实验。能明确科学探究实验所要解决的问题，知道制订实验方案是重要的，有控制变量的意识。会使用基本的力学实验器材获取数据，能用物理图像描述实验数据，能根据数据得出实验结论，知道实验存在误差。能表达科学探究的过程和结果。通过直线运动和牛顿运动定律的学习，认识物理学是对自然现象的描述与解释，具有学习物理学的兴趣。,22,"{""min"": ""G10"", ""max"": ""G12""}",ai-reviewed,[],deterministic-screen-only,not-adjudicated,anchors/physics.jsonl:98
ca_d2R4UDKQ,物理,能从物理学的运动与相互作用的视角分析自然与生活中的有关简单问题,能用位移、速度、加速度等物理量描述物体的直线运动，能用匀变速直线运动的规律解释或解决生活中的具体问题。能对物体的受力和运动情况进行分析，得出结论。能从物理学的运动与相互作用的视角分析自然与生活中的有关简单问题。了解建立质点模型的抽象方法和质点模型的适用条件，能在特定情境下将物体抽象为质点，体会物理模型建构的思想和方法。通过瞬时速度和加速度概念的建构，体会物理问题研究中的极限方法和抽象思维方法。知道证据是物理研究的基础，能使用简单直接的证据表达会做“探究加速度与物体受力、物体质量的关系”等实验。能明确科学探究实验所要解决的问题，知道制订实验方案是重要的，有控制变量的意识。会使用基本的力学实验器材获取数据，能用物理图像描述实验数据，能根据数据得出实验结论，知道实验存在误差。能表达科学探究的过程和结果。通过直线运动和牛顿运动定律的学习，认识物理学是对自然现象的描述与解释，具有学习物理学的兴趣。,22,"{""min"": ""G10"", ""max"": ""G12""}",disputed,"[""A02""]",deterministic-screen-only,not-adjudicated,anchors/physics.jsonl:99
ca_sb3NNmHv,物理,能知道证据是物理研究的基础,能用位移、速度、加速度等物理量描述物体的直线运动，能用匀变速直线运动的规律解释或解决生活中的具体问题。能对物体的受力和运动情况进行分析，得出结论。能从物理学的运动与相互作用的视角分析自然与生活中的有关简单问题。了解建立质点模型的抽象方法和质点模型的适用条件，能在特定情境下将物体抽象为质点，体会物理模型建构的思想和方法。通过瞬时速度和加速度概念的建构，体会物理问题研究中的极限方法和抽象思维方法。知道证据是物理研究的基础，能使用简单直接的证据表达会做“探究加速度与物体受力、物体质量的关系”等实验。能明确科学探究实验所要解决的问题，知道制订实验方案是重要的，有控制变量的意识。会使用基本的力学实验器材获取数据，能用物理图像描述实验数据，能根据数据得出实验结论，知道实验存在误差。能表达科学探究的过程和结果。通过直线运动和牛顿运动定律的学习，认识物理学是对自然现象的描述与解释，具有学习物理学的兴趣。,22,"{""min"": ""G10"", ""max"": ""G12""}",disputed,"[""A02""]",deterministic-screen-only,not-adjudicated,anchors/physics.jsonl:100
ca_56JK3WGJ,物理,"能使用简单直接的证据表达会做""探究加速度与物体受力、物体质量的关系""等实验",能用位移、速度、加速度等物理量描述物体的直线运动，能用匀变速直线运动的规律解释或解决生活中的具体问题。能对物体的受力和运动情况进行分析，得出结论。能从物理学的运动与相互作用的视角分析自然与生活中的有关简单问题。了解建立质点模型的抽象方法和质点模型的适用条件，能在特定情境下将物体抽象为质点，体会物理模型建构的思想和方法。通过瞬时速度和加速度概念的建构，体会物理问题研究中的极限方法和抽象思维方法。知道证据是物理研究的基础，能使用简单直接的证据表达会做“探究加速度与物体受力、物体质量的关系”等实验。能明确科学探究实验所要解决的问题，知道制订实验方案是重要的，有控制变量的意识。会使用基本的力学实验器材获取数据，能用物理图像描述实验数据，能根据数据得出实验结论，知道实验存在误差。能表达科学探究的过程和结果。通过直线运动和牛顿运动定律的学习，认识物理学是对自然现象的描述与解释，具有学习物理学的兴趣。,22,"{""min"": ""G10"", ""max"": ""G12""}",ai-reviewed,[],deterministic-screen-only,not-adjudicated,anchors/physics.jsonl:101
ca_wvwBbLuR,物理,能明确科学探究实验所要解决的问题,能用位移、速度、加速度等物理量描述物体的直线运动，能用匀变速直线运动的规律解释或解决生活中的具体问题。能对物体的受力和运动情况进行分析，得出结论。能从物理学的运动与相互作用的视角分析自然与生活中的有关简单问题。了解建立质点模型的抽象方法和质点模型的适用条件，能在特定情境下将物体抽象为质点，体会物理模型建构的思想和方法。通过瞬时速度和加速度概念的建构，体会物理问题研究中的极限方法和抽象思维方法。知道证据是物理研究的基础，能使用简单直接的证据表达会做“探究加速度与物体受力、物体质量的关系”等实验。能明确科学探究实验所要解决的问题，知道制订实验方案是重要的，有控制变量的意识。会使用基本的力学实验器材获取数据，能用物理图像描述实验数据，能根据数据得出实验结论，知道实验存在误差。能表达科学探究的过程和结果。通过直线运动和牛顿运动定律的学习，认识物理学是对自然现象的描述与解释，具有学习物理学的兴趣。,22,"{""min"": ""G10"", ""max"": ""G12""}",ai-reviewed,[],deterministic-screen-only,not-adjudicated,anchors/physics.jsonl:102
ca_2vf585Dc,物理,会使用基本的力学实验器材获取数据,能用位移、速度、加速度等物理量描述物体的直线运动，能用匀变速直线运动的规律解释或解决生活中的具体问题。能对物体的受力和运动情况进行分析，得出结论。能从物理学的运动与相互作用的视角分析自然与生活中的有关简单问题。了解建立质点模型的抽象方法和质点模型的适用条件，能在特定情境下将物体抽象为质点，体会物理模型建构的思想和方法。通过瞬时速度和加速度概念的建构，体会物理问题研究中的极限方法和抽象思维方法。知道证据是物理研究的基础，能使用简单直接的证据表达会做“探究加速度与物体受力、物体质量的关系”等实验。能明确科学探究实验所要解决的问题，知道制订实验方案是重要的，有控制变量的意识。会使用基本的力学实验器材获取数据，能用物理图像描述实验数据，能根据数据得出实验结论，知道实验存在误差。能表达科学探究的过程和结果。通过直线运动和牛顿运动定律的学习，认识物理学是对自然现象的描述与解释，具有学习物理学的兴趣。,22,"{""min"": ""G10"", ""max"": ""G12""}",ai-reviewed,[],deterministic-screen-only,not-adjudicated,anchors/physics.jsonl:103
ca_9kM8LuFP,物理,能用物理图像描述实验数据,能用位移、速度、加速度等物理量描述物体的直线运动，能用匀变速直线运动的规律解释或解决生活中的具体问题。能对物体的受力和运动情况进行分析，得出结论。能从物理学的运动与相互作用的视角分析自然与生活中的有关简单问题。了解建立质点模型的抽象方法和质点模型的适用条件，能在特定情境下将物体抽象为质点，体会物理模型建构的思想和方法。通过瞬时速度和加速度概念的建构，体会物理问题研究中的极限方法和抽象思维方法。知道证据是物理研究的基础，能使用简单直接的证据表达会做“探究加速度与物体受力、物体质量的关系”等实验。能明确科学探究实验所要解决的问题，知道制订实验方案是重要的，有控制变量的意识。会使用基本的力学实验器材获取数据，能用物理图像描述实验数据，能根据数据得出实验结论，知道实验存在误差。能表达科学探究的过程和结果。通过直线运动和牛顿运动定律的学习，认识物理学是对自然现象的描述与解释，具有学习物理学的兴趣。,22,"{""min"": ""G10"", ""max"": ""G12""}",ai-reviewed,[],deterministic-screen-only,not-adjudicated,anchors/physics.jsonl:104
ca_SDrWX5uB,物理,能根据数据得出实验结论,能用位移、速度、加速度等物理量描述物体的直线运动，能用匀变速直线运动的规律解释或解决生活中的具体问题。能对物体的受力和运动情况进行分析，得出结论。能从物理学的运动与相互作用的视角分析自然与生活中的有关简单问题。了解建立质点模型的抽象方法和质点模型的适用条件，能在特定情境下将物体抽象为质点，体会物理模型建构的思想和方法。通过瞬时速度和加速度概念的建构，体会物理问题研究中的极限方法和抽象思维方法。知道证据是物理研究的基础，能使用简单直接的证据表达会做“探究加速度与物体受力、物体质量的关系”等实验。能明确科学探究实验所要解决的问题，知道制订实验方案是重要的，有控制变量的意识。会使用基本的力学实验器材获取数据，能用物理图像描述实验数据，能根据数据得出实验结论，知道实验存在误差。能表达科学探究的过程和结果。通过直线运动和牛顿运动定律的学习，认识物理学是对自然现象的描述与解释，具有学习物理学的兴趣。,22,"{""min"": ""G10"", ""max"": ""G12""}",ai-reviewed,[],deterministic-screen-only,not-adjudicated,anchors/physics.jsonl:105
ca_8T9ns3sz,物理,能表达科学探究的过程和结果,能用位移、速度、加速度等物理量描述物体的直线运动，能用匀变速直线运动的规律解释或解决生活中的具体问题。能对物体的受力和运动情况进行分析，得出结论。能从物理学的运动与相互作用的视角分析自然与生活中的有关简单问题。了解建立质点模型的抽象方法和质点模型的适用条件，能在特定情境下将物体抽象为质点，体会物理模型建构的思想和方法。通过瞬时速度和加速度概念的建构，体会物理问题研究中的极限方法和抽象思维方法。知道证据是物理研究的基础，能使用简单直接的证据表达会做“探究加速度与物体受力、物体质量的关系”等实验。能明确科学探究实验所要解决的问题，知道制订实验方案是重要的，有控制变量的意识。会使用基本的力学实验器材获取数据，能用物理图像描述实验数据，能根据数据得出实验结论，知道实验存在误差。能表达科学探究的过程和结果。通过直线运动和牛顿运动定律的学习，认识物理学是对自然现象的描述与解释，具有学习物理学的兴趣。,22,"{""min"": ""G10"", ""max"": ""G12""}",ai-reviewed,[],deterministic-screen-only,not-adjudicated,anchors/physics.jsonl:106
ca_BB7heakW,物理,会用运动与相互作用的知识分析曲线运动问题,能对常见的机械运动进行分类。会用运动与相互作用的知识分析曲线运动问题，能用万有引力定律分析简单的天体运动问题，初步了解相对论时空观。能用能量的观点分析和解释常见的有关机械运能认识平抛运动、匀速圆周运动的物理模型特征。通过研究平抛运动、匀速圆周运动等运动形式，体会物理学中实验和理论推导的方法，以及化繁为简的研究方法。能使用证据说明自己的观点，能对关于机械能、曲线运动、引力的一些错误认识提出质疑。会做“探究平抛运动的特点”等实验。能明确实验需要测量的物理量，由此设计实验方案。会使用所提供的实验器材进行实验并获得数据，通过对数据的分析发现其中的特点，进而归纳出实验结论，并尝试对其作出解释。能撰写简单的实验报告。通过对行星运动规律和相对论的学习，认识到科学研究包含大胆的想象和创新，科学理论既具有相对稳定性，又是不断发展的，人类对自然的探索永无止境。具有探索自然、造福人类的意识。,26,"{""min"": ""G10"", ""max"": ""G12""}",ai-reviewed,[],deterministic-screen-only,not-adjudicated,anchors/physics.jsonl:107
ca_hhgGyiTV,物理,能用能量的观点分析和解释常见的有关机械运能认识平抛运动、匀速圆周运动的物理模型特征,能对常见的机械运动进行分类。会用运动与相互作用的知识分析曲线运动问题，能用万有引力定律分析简单的天体运动问题，初步了解相对论时空观。能用能量的观点分析和解释常见的有关机械运能认识平抛运动、匀速圆周运动的物理模型特征。通过研究平抛运动、匀速圆周运动等运动形式，体会物理学中实验和理论推导的方法，以及化繁为简的研究方法。能使用证据说明自己的观点，能对关于机械能、曲线运动、引力的一些错误认识提出质疑。会做“探究平抛运动的特点”等实验。能明确实验需要测量的物理量，由此设计实验方案。会使用所提供的实验器材进行实验并获得数据，通过对数据的分析发现其中的特点，进而归纳出实验结论，并尝试对其作出解释。能撰写简单的实验报告。通过对行星运动规律和相对论的学习，认识到科学研究包含大胆的想象和创新，科学理论既具有相对稳定性，又是不断发展的，人类对自然的探索永无止境。具有探索自然、造福人类的意识。,26,"{""min"": ""G10"", ""max"": ""G12""}",disputed,"[""A02""]",deterministic-screen-only,not-adjudicated,anchors/physics.jsonl:108
ca_pQJamnM7,物理,能使用证据说明自己的观点,能对常见的机械运动进行分类。会用运动与相互作用的知识分析曲线运动问题，能用万有引力定律分析简单的天体运动问题，初步了解相对论时空观。能用能量的观点分析和解释常见的有关机械运能认识平抛运动、匀速圆周运动的物理模型特征。通过研究平抛运动、匀速圆周运动等运动形式，体会物理学中实验和理论推导的方法，以及化繁为简的研究方法。能使用证据说明自己的观点，能对关于机械能、曲线运动、引力的一些错误认识提出质疑。会做“探究平抛运动的特点”等实验。能明确实验需要测量的物理量，由此设计实验方案。会使用所提供的实验器材进行实验并获得数据，通过对数据的分析发现其中的特点，进而归纳出实验结论，并尝试对其作出解释。能撰写简单的实验报告。通过对行星运动规律和相对论的学习，认识到科学研究包含大胆的想象和创新，科学理论既具有相对稳定性，又是不断发展的，人类对自然的探索永无止境。具有探索自然、造福人类的意识。,26,"{""min"": ""G10"", ""max"": ""G12""}",ai-reviewed,[],deterministic-screen-only,not-adjudicated,anchors/physics.jsonl:109
ca_timkKjx6,物理,能对关于机械能、曲线运动、引力的一些错误认识提出质疑,能对常见的机械运动进行分类。会用运动与相互作用的知识分析曲线运动问题，能用万有引力定律分析简单的天体运动问题，初步了解相对论时空观。能用能量的观点分析和解释常见的有关机械运能认识平抛运动、匀速圆周运动的物理模型特征。通过研究平抛运动、匀速圆周运动等运动形式，体会物理学中实验和理论推导的方法，以及化繁为简的研究方法。能使用证据说明自己的观点，能对关于机械能、曲线运动、引力的一些错误认识提出质疑。会做“探究平抛运动的特点”等实验。能明确实验需要测量的物理量，由此设计实验方案。会使用所提供的实验器材进行实验并获得数据，通过对数据的分析发现其中的特点，进而归纳出实验结论，并尝试对其作出解释。能撰写简单的实验报告。通过对行星运动规律和相对论的学习，认识到科学研究包含大胆的想象和创新，科学理论既具有相对稳定性，又是不断发展的，人类对自然的探索永无止境。具有探索自然、造福人类的意识。,26,"{""min"": ""G10"", ""max"": ""G12""}",ai-reviewed,[],deterministic-screen-only,not-adjudicated,anchors/physics.jsonl:110
ca_qb7ACevu,物理,能明确实验需要测量的物理量，由此设计实验方案,能对常见的机械运动进行分类。会用运动与相互作用的知识分析曲线运动问题，能用万有引力定律分析简单的天体运动问题，初步了解相对论时空观。能用能量的观点分析和解释常见的有关机械运能认识平抛运动、匀速圆周运动的物理模型特征。通过研究平抛运动、匀速圆周运动等运动形式，体会物理学中实验和理论推导的方法，以及化繁为简的研究方法。能使用证据说明自己的观点，能对关于机械能、曲线运动、引力的一些错误认识提出质疑。会做“探究平抛运动的特点”等实验。能明确实验需要测量的物理量，由此设计实验方案。会使用所提供的实验器材进行实验并获得数据，通过对数据的分析发现其中的特点，进而归纳出实验结论，并尝试对其作出解释。能撰写简单的实验报告。通过对行星运动规律和相对论的学习，认识到科学研究包含大胆的想象和创新，科学理论既具有相对稳定性，又是不断发展的，人类对自然的探索永无止境。具有探索自然、造福人类的意识。,26,"{""min"": ""G10"", ""max"": ""G12""}",ai-reviewed,[],deterministic-screen-only,not-adjudicated,anchors/physics.jsonl:111
ca_CAAq9XgM,物理,会用库仑定律分析点电荷之间的相互作用,能用电场强度、电势、磁感应强度等物理量描述电场或磁场的性质。会用库仑定律分析点电荷之间的相互作用，会用闭合电路欧姆定律等分析电路各部分之间电学量的相互关系，能用电势能和焦耳定律等分析电学中的能量转化问题，在实践中能做到安全用电和节约用电，具有可持续发展与环境保护的意识。知道电磁场的物质性，能说出电磁感应现象在生产生活中应用的实例，能利用场的性质解释有关电磁波的现象。形成初步的物质观、运动与相互作用观和能量观，并能以此观察和解释简单的自然现象，解决简单的实际问题。能用点电荷模型研究电荷间的相互作用，能用物理量之比定义电场强度、电势、磁感应强度等物理量，进一步了解用物理量之比定义新物理量的方法。能用电场线、磁感线等模型分析电场和磁场中比较简单的问题，并得出结论。在分析和论证过程中，能使用证据说明自会做“测量电源的电动势和内阻”等实验。能在教师指导下制订实验方案，能选用实验器材进行实验，获取实验数据；会用图像处理实验数据，能根据图像获得结论；能分析实验中存在的误差，并能提出减小误差的方法。能运用学过的物理术语撰写实验报告。通过对电磁学及能源相关内容的学习，认识科学对技术的推动作用，体会科技进步对人类生活和社会发展的影响，认识科学 ·技术·社会·环境的关系，知道保护环境、节约能源、促进可持续发展的重要意义。,32,"{""min"": ""G10"", ""max"": ""G12""}",ai-reviewed,[],deterministic-screen-only,not-adjudicated,anchors/physics.jsonl:112
ca_w42rux7u,物理,会用闭合电路欧姆定律等分析电路各部分之间电学量的相互关系,能用电场强度、电势、磁感应强度等物理量描述电场或磁场的性质。会用库仑定律分析点电荷之间的相互作用，会用闭合电路欧姆定律等分析电路各部分之间电学量的相互关系，能用电势能和焦耳定律等分析电学中的能量转化问题，在实践中能做到安全用电和节约用电，具有可持续发展与环境保护的意识。知道电磁场的物质性，能说出电磁感应现象在生产生活中应用的实例，能利用场的性质解释有关电磁波的现象。形成初步的物质观、运动与相互作用观和能量观，并能以此观察和解释简单的自然现象，解决简单的实际问题。能用点电荷模型研究电荷间的相互作用，能用物理量之比定义电场强度、电势、磁感应强度等物理量，进一步了解用物理量之比定义新物理量的方法。能用电场线、磁感线等模型分析电场和磁场中比较简单的问题，并得出结论。在分析和论证过程中，能使用证据说明自会做“测量电源的电动势和内阻”等实验。能在教师指导下制订实验方案，能选用实验器材进行实验，获取实验数据；会用图像处理实验数据，能根据图像获得结论；能分析实验中存在的误差，并能提出减小误差的方法。能运用学过的物理术语撰写实验报告。通过对电磁学及能源相关内容的学习，认识科学对技术的推动作用，体会科技进步对人类生活和社会发展的影响，认识科学 ·技术·社会·环境的关系，知道保护环境、节约能源、促进可持续发展的重要意义。,32,"{""min"": ""G10"", ""max"": ""G12""}",ai-reviewed,[],deterministic-screen-only,not-adjudicated,anchors/physics.jsonl:113
ca_C7CJUU4M,物理,能说出电磁感应现象在生产生活中应用的实例,能用电场强度、电势、磁感应强度等物理量描述电场或磁场的性质。会用库仑定律分析点电荷之间的相互作用，会用闭合电路欧姆定律等分析电路各部分之间电学量的相互关系，能用电势能和焦耳定律等分析电学中的能量转化问题，在实践中能做到安全用电和节约用电，具有可持续发展与环境保护的意识。知道电磁场的物质性，能说出电磁感应现象在生产生活中应用的实例，能利用场的性质解释有关电磁波的现象。形成初步的物质观、运动与相互作用观和能量观，并能以此观察和解释简单的自然现象，解决简单的实际问题。能用点电荷模型研究电荷间的相互作用，能用物理量之比定义电场强度、电势、磁感应强度等物理量，进一步了解用物理量之比定义新物理量的方法。能用电场线、磁感线等模型分析电场和磁场中比较简单的问题，并得出结论。在分析和论证过程中，能使用证据说明自会做“测量电源的电动势和内阻”等实验。能在教师指导下制订实验方案，能选用实验器材进行实验，获取实验数据；会用图像处理实验数据，能根据图像获得结论；能分析实验中存在的误差，并能提出减小误差的方法。能运用学过的物理术语撰写实验报告。通过对电磁学及能源相关内容的学习，认识科学对技术的推动作用，体会科技进步对人类生活和社会发展的影响，认识科学 ·技术·社会·环境的关系，知道保护环境、节约能源、促进可持续发展的重要意义。,32,"{""min"": ""G10"", ""max"": ""G12""}",ai-reviewed,[],deterministic-screen-only,not-adjudicated,anchors/physics.jsonl:114
ca_HhdN62na,物理,能利用场的性质解释有关电磁波的现象,能用电场强度、电势、磁感应强度等物理量描述电场或磁场的性质。会用库仑定律分析点电荷之间的相互作用，会用闭合电路欧姆定律等分析电路各部分之间电学量的相互关系，能用电势能和焦耳定律等分析电学中的能量转化问题，在实践中能做到安全用电和节约用电，具有可持续发展与环境保护的意识。知道电磁场的物质性，能说出电磁感应现象在生产生活中应用的实例，能利用场的性质解释有关电磁波的现象。形成初步的物质观、运动与相互作用观和能量观，并能以此观察和解释简单的自然现象，解决简单的实际问题。能用点电荷模型研究电荷间的相互作用，能用物理量之比定义电场强度、电势、磁感应强度等物理量，进一步了解用物理量之比定义新物理量的方法。能用电场线、磁感线等模型分析电场和磁场中比较简单的问题，并得出结论。在分析和论证过程中，能使用证据说明自会做“测量电源的电动势和内阻”等实验。能在教师指导下制订实验方案，能选用实验器材进行实验，获取实验数据；会用图像处理实验数据，能根据图像获得结论；能分析实验中存在的误差，并能提出减小误差的方法。能运用学过的物理术语撰写实验报告。通过对电磁学及能源相关内容的学习，认识科学对技术的推动作用，体会科技进步对人类生活和社会发展的影响，认识科学 ·技术·社会·环境的关系，知道保护环境、节约能源、促进可持续发展的重要意义。,32,"{""min"": ""G10"", ""max"": ""G12""}",ai-reviewed,[],deterministic-screen-only,not-adjudicated,anchors/physics.jsonl:115
ca_Phd69hKV,物理,能用电场线、磁感线等模型分析电场和磁场中比较简单的问题，并得出结论,能用电场强度、电势、磁感应强度等物理量描述电场或磁场的性质。会用库仑定律分析点电荷之间的相互作用，会用闭合电路欧姆定律等分析电路各部分之间电学量的相互关系，能用电势能和焦耳定律等分析电学中的能量转化问题，在实践中能做到安全用电和节约用电，具有可持续发展与环境保护的意识。知道电磁场的物质性，能说出电磁感应现象在生产生活中应用的实例，能利用场的性质解释有关电磁波的现象。形成初步的物质观、运动与相互作用观和能量观，并能以此观察和解释简单的自然现象，解决简单的实际问题。能用点电荷模型研究电荷间的相互作用，能用物理量之比定义电场强度、电势、磁感应强度等物理量，进一步了解用物理量之比定义新物理量的方法。能用电场线、磁感线等模型分析电场和磁场中比较简单的问题，并得出结论。在分析和论证过程中，能使用证据说明自会做“测量电源的电动势和内阻”等实验。能在教师指导下制订实验方案，能选用实验器材进行实验，获取实验数据；会用图像处理实验数据，能根据图像获得结论；能分析实验中存在的误差，并能提出减小误差的方法。能运用学过的物理术语撰写实验报告。通过对电磁学及能源相关内容的学习，认识科学对技术的推动作用，体会科技进步对人类生活和社会发展的影响，认识科学 ·技术·社会·环境的关系，知道保护环境、节约能源、促进可持续发展的重要意义。,32,"{""min"": ""G10"", ""max"": ""G12""}",ai-reviewed,[],deterministic-screen-only,not-adjudicated,anchors/physics.jsonl:116
ca_CFgdctqT,物理,"能在分析和论证过程中，能使用证据说明自会做""测量电源的电动势和内阻""等实验",能用电场强度、电势、磁感应强度等物理量描述电场或磁场的性质。会用库仑定律分析点电荷之间的相互作用，会用闭合电路欧姆定律等分析电路各部分之间电学量的相互关系，能用电势能和焦耳定律等分析电学中的能量转化问题，在实践中能做到安全用电和节约用电，具有可持续发展与环境保护的意识。知道电磁场的物质性，能说出电磁感应现象在生产生活中应用的实例，能利用场的性质解释有关电磁波的现象。形成初步的物质观、运动与相互作用观和能量观，并能以此观察和解释简单的自然现象，解决简单的实际问题。能用点电荷模型研究电荷间的相互作用，能用物理量之比定义电场强度、电势、磁感应强度等物理量，进一步了解用物理量之比定义新物理量的方法。能用电场线、磁感线等模型分析电场和磁场中比较简单的问题，并得出结论。在分析和论证过程中，能使用证据说明自会做“测量电源的电动势和内阻”等实验。能在教师指导下制订实验方案，能选用实验器材进行实验，获取实验数据；会用图像处理实验数据，能根据图像获得结论；能分析实验中存在的误差，并能提出减小误差的方法。能运用学过的物理术语撰写实验报告。通过对电磁学及能源相关内容的学习，认识科学对技术的推动作用，体会科技进步对人类生活和社会发展的影响，认识科学 ·技术·社会·环境的关系，知道保护环境、节约能源、促进可持续发展的重要意义。,32,"{""min"": ""G10"", ""max"": ""G12""}",disputed,"[""A02""]",deterministic-screen-only,not-adjudicated,anchors/physics.jsonl:117
ca_sUpr7k29,物理,能在教师指导下制订实验方案,能用电场强度、电势、磁感应强度等物理量描述电场或磁场的性质。会用库仑定律分析点电荷之间的相互作用，会用闭合电路欧姆定律等分析电路各部分之间电学量的相互关系，能用电势能和焦耳定律等分析电学中的能量转化问题，在实践中能做到安全用电和节约用电，具有可持续发展与环境保护的意识。知道电磁场的物质性，能说出电磁感应现象在生产生活中应用的实例，能利用场的性质解释有关电磁波的现象。形成初步的物质观、运动与相互作用观和能量观，并能以此观察和解释简单的自然现象，解决简单的实际问题。能用点电荷模型研究电荷间的相互作用，能用物理量之比定义电场强度、电势、磁感应强度等物理量，进一步了解用物理量之比定义新物理量的方法。能用电场线、磁感线等模型分析电场和磁场中比较简单的问题，并得出结论。在分析和论证过程中，能使用证据说明自会做“测量电源的电动势和内阻”等实验。能在教师指导下制订实验方案，能选用实验器材进行实验，获取实验数据；会用图像处理实验数据，能根据图像获得结论；能分析实验中存在的误差，并能提出减小误差的方法。能运用学过的物理术语撰写实验报告。通过对电磁学及能源相关内容的学习，认识科学对技术的推动作用，体会科技进步对人类生活和社会发展的影响，认识科学 ·技术·社会·环境的关系，知道保护环境、节约能源、促进可持续发展的重要意义。,32,"{""min"": ""G10"", ""max"": ""G12""}",ai-reviewed,"[""A11""]",deterministic-screen-only,not-adjudicated,anchors/physics.jsonl:118
ca_5xrahtDT,物理,能选用实验器材进行实验，获取实验数据,能用电场强度、电势、磁感应强度等物理量描述电场或磁场的性质。会用库仑定律分析点电荷之间的相互作用，会用闭合电路欧姆定律等分析电路各部分之间电学量的相互关系，能用电势能和焦耳定律等分析电学中的能量转化问题，在实践中能做到安全用电和节约用电，具有可持续发展与环境保护的意识。知道电磁场的物质性，能说出电磁感应现象在生产生活中应用的实例，能利用场的性质解释有关电磁波的现象。形成初步的物质观、运动与相互作用观和能量观，并能以此观察和解释简单的自然现象，解决简单的实际问题。能用点电荷模型研究电荷间的相互作用，能用物理量之比定义电场强度、电势、磁感应强度等物理量，进一步了解用物理量之比定义新物理量的方法。能用电场线、磁感线等模型分析电场和磁场中比较简单的问题，并得出结论。在分析和论证过程中，能使用证据说明自会做“测量电源的电动势和内阻”等实验。能在教师指导下制订实验方案，能选用实验器材进行实验，获取实验数据；会用图像处理实验数据，能根据图像获得结论；能分析实验中存在的误差，并能提出减小误差的方法。能运用学过的物理术语撰写实验报告。通过对电磁学及能源相关内容的学习，认识科学对技术的推动作用，体会科技进步对人类生活和社会发展的影响，认识科学 ·技术·社会·环境的关系，知道保护环境、节约能源、促进可持续发展的重要意义。,32,"{""min"": ""G10"", ""max"": ""G12""}",ai-reviewed,[],deterministic-screen-only,not-adjudicated,anchors/physics.jsonl:119
ca_Y7hjpURU,物理,会用图像处理实验数据,能用电场强度、电势、磁感应强度等物理量描述电场或磁场的性质。会用库仑定律分析点电荷之间的相互作用，会用闭合电路欧姆定律等分析电路各部分之间电学量的相互关系，能用电势能和焦耳定律等分析电学中的能量转化问题，在实践中能做到安全用电和节约用电，具有可持续发展与环境保护的意识。知道电磁场的物质性，能说出电磁感应现象在生产生活中应用的实例，能利用场的性质解释有关电磁波的现象。形成初步的物质观、运动与相互作用观和能量观，并能以此观察和解释简单的自然现象，解决简单的实际问题。能用点电荷模型研究电荷间的相互作用，能用物理量之比定义电场强度、电势、磁感应强度等物理量，进一步了解用物理量之比定义新物理量的方法。能用电场线、磁感线等模型分析电场和磁场中比较简单的问题，并得出结论。在分析和论证过程中，能使用证据说明自会做“测量电源的电动势和内阻”等实验。能在教师指导下制订实验方案，能选用实验器材进行实验，获取实验数据；会用图像处理实验数据，能根据图像获得结论；能分析实验中存在的误差，并能提出减小误差的方法。能运用学过的物理术语撰写实验报告。通过对电磁学及能源相关内容的学习，认识科学对技术的推动作用，体会科技进步对人类生活和社会发展的影响，认识科学 ·技术·社会·环境的关系，知道保护环境、节约能源、促进可持续发展的重要意义。,32,"{""min"": ""G10"", ""max"": ""G12""}",disputed,"[""A02""]",deterministic-screen-only,not-adjudicated,anchors/physics.jsonl:120
ca_McDjkwQs,物理,能分析实验中存在的误差，并能提出减小误差的方法,能用电场强度、电势、磁感应强度等物理量描述电场或磁场的性质。会用库仑定律分析点电荷之间的相互作用，会用闭合电路欧姆定律等分析电路各部分之间电学量的相互关系，能用电势能和焦耳定律等分析电学中的能量转化问题，在实践中能做到安全用电和节约用电，具有可持续发展与环境保护的意识。知道电磁场的物质性，能说出电磁感应现象在生产生活中应用的实例，能利用场的性质解释有关电磁波的现象。形成初步的物质观、运动与相互作用观和能量观，并能以此观察和解释简单的自然现象，解决简单的实际问题。能用点电荷模型研究电荷间的相互作用，能用物理量之比定义电场强度、电势、磁感应强度等物理量，进一步了解用物理量之比定义新物理量的方法。能用电场线、磁感线等模型分析电场和磁场中比较简单的问题，并得出结论。在分析和论证过程中，能使用证据说明自会做“测量电源的电动势和内阻”等实验。能在教师指导下制订实验方案，能选用实验器材进行实验，获取实验数据；会用图像处理实验数据，能根据图像获得结论；能分析实验中存在的误差，并能提出减小误差的方法。能运用学过的物理术语撰写实验报告。通过对电磁学及能源相关内容的学习，认识科学对技术的推动作用，体会科技进步对人类生活和社会发展的影响，认识科学 ·技术·社会·环境的关系，知道保护环境、节约能源、促进可持续发展的重要意义。,32,"{""min"": ""G10"", ""max"": ""G12""}",ai-reviewed,[],deterministic-screen-only,not-adjudicated,anchors/physics.jsonl:121
ca_MSdMRSLE,物理,能运用学过的物理术语撰写实验报告,能用电场强度、电势、磁感应强度等物理量描述电场或磁场的性质。会用库仑定律分析点电荷之间的相互作用，会用闭合电路欧姆定律等分析电路各部分之间电学量的相互关系，能用电势能和焦耳定律等分析电学中的能量转化问题，在实践中能做到安全用电和节约用电，具有可持续发展与环境保护的意识。知道电磁场的物质性，能说出电磁感应现象在生产生活中应用的实例，能利用场的性质解释有关电磁波的现象。形成初步的物质观、运动与相互作用观和能量观，并能以此观察和解释简单的自然现象，解决简单的实际问题。能用点电荷模型研究电荷间的相互作用，能用物理量之比定义电场强度、电势、磁感应强度等物理量，进一步了解用物理量之比定义新物理量的方法。能用电场线、磁感线等模型分析电场和磁场中比较简单的问题，并得出结论。在分析和论证过程中，能使用证据说明自会做“测量电源的电动势和内阻”等实验。能在教师指导下制订实验方案，能选用实验器材进行实验，获取实验数据；会用图像处理实验数据，能根据图像获得结论；能分析实验中存在的误差，并能提出减小误差的方法。能运用学过的物理术语撰写实验报告。通过对电磁学及能源相关内容的学习，认识科学对技术的推动作用，体会科技进步对人类生活和社会发展的影响，认识科学 ·技术·社会·环境的关系，知道保护环境、节约能源、促进可持续发展的重要意义。,32,"{""min"": ""G10"", ""max"": ""G12""}",disputed,"[""A02""]",deterministic-screen-only,not-adjudicated,anchors/physics.jsonl:122
ca_NUJxxhHT,物理,能用动量和机械能的知识分析和解释机械运动现象，解决一维碰撞问题,能从理论推导和实验验证的角度，理解动量守恒定律，深化对物体之间相互作用规律的理解。能用动量和机械能的知识分析和解释机械运动现象，解决一维碰撞问题。能用恰当的物理量描述简谐运动和机械波，能说明机械波的特点，并能解释生产生活中的有关现象。知道光的干涉、衍射和偏振现象及其应用，认识光的波动性，知道光是能根据现实生活中的振动或摆动的特点，建构简谐运动、单摆等物理模型。能运用这些模型分析问题，通过推理得到结论，对相关现象作出解释。会用系统的思想和守恒的思想分析物理问题。能恰当使用证据说明自己的观点，质疑他人的观点。能从运动定律、动量守恒、能量守恒等不同角度思考物理问题。会做“用单摆测量重力加速度的大小”等实验。能恰当选用基本的实验器材进行实验，会设计实验方案，能对实验器材进行规范操作，获得实验数据。认识实验误差是不可避免的，具有尽量减小实验误差的意识。能通过不同方式分析数据，获得结论，并尝试作出解释。能用科学的语言撰写实验报告。通过对动量守恒定律等内容的学习，认识到物理规律的内在一致性和适用范围，认识到物理研究是建立在观察和实验基础上的一项创造性工作，在研究中必须坚持实事求是的态度。,36,"{""min"": ""G10"", ""max"": ""G12""}",disputed,"[""A02""]",deterministic-screen-only,not-adjudicated,anchors/physics.jsonl:123
ca_a4kjauB5,物理,能用恰当的物理量描述简谐运动和机械波,能从理论推导和实验验证的角度，理解动量守恒定律，深化对物体之间相互作用规律的理解。能用动量和机械能的知识分析和解释机械运动现象，解决一维碰撞问题。能用恰当的物理量描述简谐运动和机械波，能说明机械波的特点，并能解释生产生活中的有关现象。知道光的干涉、衍射和偏振现象及其应用，认识光的波动性，知道光是能根据现实生活中的振动或摆动的特点，建构简谐运动、单摆等物理模型。能运用这些模型分析问题，通过推理得到结论，对相关现象作出解释。会用系统的思想和守恒的思想分析物理问题。能恰当使用证据说明自己的观点，质疑他人的观点。能从运动定律、动量守恒、能量守恒等不同角度思考物理问题。会做“用单摆测量重力加速度的大小”等实验。能恰当选用基本的实验器材进行实验，会设计实验方案，能对实验器材进行规范操作，获得实验数据。认识实验误差是不可避免的，具有尽量减小实验误差的意识。能通过不同方式分析数据，获得结论，并尝试作出解释。能用科学的语言撰写实验报告。通过对动量守恒定律等内容的学习，认识到物理规律的内在一致性和适用范围，认识到物理研究是建立在观察和实验基础上的一项创造性工作，在研究中必须坚持实事求是的态度。,36,"{""min"": ""G10"", ""max"": ""G12""}",ai-reviewed,[],deterministic-screen-only,not-adjudicated,anchors/physics.jsonl:124
ca_BEVAY9pE,物理,能说明机械波的特点，并能解释生产生活中的有关现象,能从理论推导和实验验证的角度，理解动量守恒定律，深化对物体之间相互作用规律的理解。能用动量和机械能的知识分析和解释机械运动现象，解决一维碰撞问题。能用恰当的物理量描述简谐运动和机械波，能说明机械波的特点，并能解释生产生活中的有关现象。知道光的干涉、衍射和偏振现象及其应用，认识光的波动性，知道光是能根据现实生活中的振动或摆动的特点，建构简谐运动、单摆等物理模型。能运用这些模型分析问题，通过推理得到结论，对相关现象作出解释。会用系统的思想和守恒的思想分析物理问题。能恰当使用证据说明自己的观点，质疑他人的观点。能从运动定律、动量守恒、能量守恒等不同角度思考物理问题。会做“用单摆测量重力加速度的大小”等实验。能恰当选用基本的实验器材进行实验，会设计实验方案，能对实验器材进行规范操作，获得实验数据。认识实验误差是不可避免的，具有尽量减小实验误差的意识。能通过不同方式分析数据，获得结论，并尝试作出解释。能用科学的语言撰写实验报告。通过对动量守恒定律等内容的学习，认识到物理规律的内在一致性和适用范围，认识到物理研究是建立在观察和实验基础上的一项创造性工作，在研究中必须坚持实事求是的态度。,36,"{""min"": ""G10"", ""max"": ""G12""}",disputed,"[""A02""]",deterministic-screen-only,not-adjudicated,anchors/physics.jsonl:125
ca_2jM7Zgwc,物理,能知道光是能根据现实生活中的振动或摆动的特点，建构简谐运动、单摆等物理模型,能从理论推导和实验验证的角度，理解动量守恒定律，深化对物体之间相互作用规律的理解。能用动量和机械能的知识分析和解释机械运动现象，解决一维碰撞问题。能用恰当的物理量描述简谐运动和机械波，能说明机械波的特点，并能解释生产生活中的有关现象。知道光的干涉、衍射和偏振现象及其应用，认识光的波动性，知道光是能根据现实生活中的振动或摆动的特点，建构简谐运动、单摆等物理模型。能运用这些模型分析问题，通过推理得到结论，对相关现象作出解释。会用系统的思想和守恒的思想分析物理问题。能恰当使用证据说明自己的观点，质疑他人的观点。能从运动定律、动量守恒、能量守恒等不同角度思考物理问题。会做“用单摆测量重力加速度的大小”等实验。能恰当选用基本的实验器材进行实验，会设计实验方案，能对实验器材进行规范操作，获得实验数据。认识实验误差是不可避免的，具有尽量减小实验误差的意识。能通过不同方式分析数据，获得结论，并尝试作出解释。能用科学的语言撰写实验报告。通过对动量守恒定律等内容的学习，认识到物理规律的内在一致性和适用范围，认识到物理研究是建立在观察和实验基础上的一项创造性工作，在研究中必须坚持实事求是的态度。,36,"{""min"": ""G10"", ""max"": ""G12""}",disputed,"[""A02""]",deterministic-screen-only,not-adjudicated,anchors/physics.jsonl:126
ca_4uh4tGBe,物理,会用系统的思想和守恒的思想分析物理问题,能从理论推导和实验验证的角度，理解动量守恒定律，深化对物体之间相互作用规律的理解。能用动量和机械能的知识分析和解释机械运动现象，解决一维碰撞问题。能用恰当的物理量描述简谐运动和机械波，能说明机械波的特点，并能解释生产生活中的有关现象。知道光的干涉、衍射和偏振现象及其应用，认识光的波动性，知道光是能根据现实生活中的振动或摆动的特点，建构简谐运动、单摆等物理模型。能运用这些模型分析问题，通过推理得到结论，对相关现象作出解释。会用系统的思想和守恒的思想分析物理问题。能恰当使用证据说明自己的观点，质疑他人的观点。能从运动定律、动量守恒、能量守恒等不同角度思考物理问题。会做“用单摆测量重力加速度的大小”等实验。能恰当选用基本的实验器材进行实验，会设计实验方案，能对实验器材进行规范操作，获得实验数据。认识实验误差是不可避免的，具有尽量减小实验误差的意识。能通过不同方式分析数据，获得结论，并尝试作出解释。能用科学的语言撰写实验报告。通过对动量守恒定律等内容的学习，认识到物理规律的内在一致性和适用范围，认识到物理研究是建立在观察和实验基础上的一项创造性工作，在研究中必须坚持实事求是的态度。,36,"{""min"": ""G10"", ""max"": ""G12""}",ai-reviewed,[],deterministic-screen-only,not-adjudicated,anchors/physics.jsonl:127
ca_gCpP9CZ3,物理,能恰当使用证据说明自己的观点，质疑他人的观点,能从理论推导和实验验证的角度，理解动量守恒定律，深化对物体之间相互作用规律的理解。能用动量和机械能的知识分析和解释机械运动现象，解决一维碰撞问题。能用恰当的物理量描述简谐运动和机械波，能说明机械波的特点，并能解释生产生活中的有关现象。知道光的干涉、衍射和偏振现象及其应用，认识光的波动性，知道光是能根据现实生活中的振动或摆动的特点，建构简谐运动、单摆等物理模型。能运用这些模型分析问题，通过推理得到结论，对相关现象作出解释。会用系统的思想和守恒的思想分析物理问题。能恰当使用证据说明自己的观点，质疑他人的观点。能从运动定律、动量守恒、能量守恒等不同角度思考物理问题。会做“用单摆测量重力加速度的大小”等实验。能恰当选用基本的实验器材进行实验，会设计实验方案，能对实验器材进行规范操作，获得实验数据。认识实验误差是不可避免的，具有尽量减小实验误差的意识。能通过不同方式分析数据，获得结论，并尝试作出解释。能用科学的语言撰写实验报告。通过对动量守恒定律等内容的学习，认识到物理规律的内在一致性和适用范围，认识到物理研究是建立在观察和实验基础上的一项创造性工作，在研究中必须坚持实事求是的态度。,36,"{""min"": ""G10"", ""max"": ""G12""}",ai-reviewed,[],deterministic-screen-only,not-adjudicated,anchors/physics.jsonl:128
ca_YWTY6d4K,物理,"会做""用单摆测量重力加速度的大小""等实验",能从理论推导和实验验证的角度，理解动量守恒定律，深化对物体之间相互作用规律的理解。能用动量和机械能的知识分析和解释机械运动现象，解决一维碰撞问题。能用恰当的物理量描述简谐运动和机械波，能说明机械波的特点，并能解释生产生活中的有关现象。知道光的干涉、衍射和偏振现象及其应用，认识光的波动性，知道光是能根据现实生活中的振动或摆动的特点，建构简谐运动、单摆等物理模型。能运用这些模型分析问题，通过推理得到结论，对相关现象作出解释。会用系统的思想和守恒的思想分析物理问题。能恰当使用证据说明自己的观点，质疑他人的观点。能从运动定律、动量守恒、能量守恒等不同角度思考物理问题。会做“用单摆测量重力加速度的大小”等实验。能恰当选用基本的实验器材进行实验，会设计实验方案，能对实验器材进行规范操作，获得实验数据。认识实验误差是不可避免的，具有尽量减小实验误差的意识。能通过不同方式分析数据，获得结论，并尝试作出解释。能用科学的语言撰写实验报告。通过对动量守恒定律等内容的学习，认识到物理规律的内在一致性和适用范围，认识到物理研究是建立在观察和实验基础上的一项创造性工作，在研究中必须坚持实事求是的态度。,36,"{""min"": ""G10"", ""max"": ""G12""}",ai-reviewed,[],deterministic-screen-only,not-adjudicated,anchors/physics.jsonl:129
ca_Bzgna2Tt,物理,能恰当选用基本的实验器材进行实验,能从理论推导和实验验证的角度，理解动量守恒定律，深化对物体之间相互作用规律的理解。能用动量和机械能的知识分析和解释机械运动现象，解决一维碰撞问题。能用恰当的物理量描述简谐运动和机械波，能说明机械波的特点，并能解释生产生活中的有关现象。知道光的干涉、衍射和偏振现象及其应用，认识光的波动性，知道光是能根据现实生活中的振动或摆动的特点，建构简谐运动、单摆等物理模型。能运用这些模型分析问题，通过推理得到结论，对相关现象作出解释。会用系统的思想和守恒的思想分析物理问题。能恰当使用证据说明自己的观点，质疑他人的观点。能从运动定律、动量守恒、能量守恒等不同角度思考物理问题。会做“用单摆测量重力加速度的大小”等实验。能恰当选用基本的实验器材进行实验，会设计实验方案，能对实验器材进行规范操作，获得实验数据。认识实验误差是不可避免的，具有尽量减小实验误差的意识。能通过不同方式分析数据，获得结论，并尝试作出解释。能用科学的语言撰写实验报告。通过对动量守恒定律等内容的学习，认识到物理规律的内在一致性和适用范围，认识到物理研究是建立在观察和实验基础上的一项创造性工作，在研究中必须坚持实事求是的态度。,36,"{""min"": ""G10"", ""max"": ""G12""}",ai-reviewed,[],deterministic-screen-only,not-adjudicated,anchors/physics.jsonl:130
ca_YRmrSzuR,物理,能对实验器材进行规范操作，获得实验数据,能从理论推导和实验验证的角度，理解动量守恒定律，深化对物体之间相互作用规律的理解。能用动量和机械能的知识分析和解释机械运动现象，解决一维碰撞问题。能用恰当的物理量描述简谐运动和机械波，能说明机械波的特点，并能解释生产生活中的有关现象。知道光的干涉、衍射和偏振现象及其应用，认识光的波动性，知道光是能根据现实生活中的振动或摆动的特点，建构简谐运动、单摆等物理模型。能运用这些模型分析问题，通过推理得到结论，对相关现象作出解释。会用系统的思想和守恒的思想分析物理问题。能恰当使用证据说明自己的观点，质疑他人的观点。能从运动定律、动量守恒、能量守恒等不同角度思考物理问题。会做“用单摆测量重力加速度的大小”等实验。能恰当选用基本的实验器材进行实验，会设计实验方案，能对实验器材进行规范操作，获得实验数据。认识实验误差是不可避免的，具有尽量减小实验误差的意识。能通过不同方式分析数据，获得结论，并尝试作出解释。能用科学的语言撰写实验报告。通过对动量守恒定律等内容的学习，认识到物理规律的内在一致性和适用范围，认识到物理研究是建立在观察和实验基础上的一项创造性工作，在研究中必须坚持实事求是的态度。,36,"{""min"": ""G10"", ""max"": ""G12""}",disputed,"[""A02""]",deterministic-screen-only,not-adjudicated,anchors/physics.jsonl:131
ca_SCUFR9rg,物理,能通过不同方式分析数据，获得结论，并尝试作出解释,能从理论推导和实验验证的角度，理解动量守恒定律，深化对物体之间相互作用规律的理解。能用动量和机械能的知识分析和解释机械运动现象，解决一维碰撞问题。能用恰当的物理量描述简谐运动和机械波，能说明机械波的特点，并能解释生产生活中的有关现象。知道光的干涉、衍射和偏振现象及其应用，认识光的波动性，知道光是能根据现实生活中的振动或摆动的特点，建构简谐运动、单摆等物理模型。能运用这些模型分析问题，通过推理得到结论，对相关现象作出解释。会用系统的思想和守恒的思想分析物理问题。能恰当使用证据说明自己的观点，质疑他人的观点。能从运动定律、动量守恒、能量守恒等不同角度思考物理问题。会做“用单摆测量重力加速度的大小”等实验。能恰当选用基本的实验器材进行实验，会设计实验方案，能对实验器材进行规范操作，获得实验数据。认识实验误差是不可避免的，具有尽量减小实验误差的意识。能通过不同方式分析数据，获得结论，并尝试作出解释。能用科学的语言撰写实验报告。通过对动量守恒定律等内容的学习，认识到物理规律的内在一致性和适用范围，认识到物理研究是建立在观察和实验基础上的一项创造性工作，在研究中必须坚持实事求是的态度。,36,"{""min"": ""G10"", ""max"": ""G12""}",ai-reviewed,[],deterministic-screen-only,not-adjudicated,anchors/physics.jsonl:132
ca_jjEEuXzy,物理,能用科学的语言撰写实验报告,能从理论推导和实验验证的角度，理解动量守恒定律，深化对物体之间相互作用规律的理解。能用动量和机械能的知识分析和解释机械运动现象，解决一维碰撞问题。能用恰当的物理量描述简谐运动和机械波，能说明机械波的特点，并能解释生产生活中的有关现象。知道光的干涉、衍射和偏振现象及其应用，认识光的波动性，知道光是能根据现实生活中的振动或摆动的特点，建构简谐运动、单摆等物理模型。能运用这些模型分析问题，通过推理得到结论，对相关现象作出解释。会用系统的思想和守恒的思想分析物理问题。能恰当使用证据说明自己的观点，质疑他人的观点。能从运动定律、动量守恒、能量守恒等不同角度思考物理问题。会做“用单摆测量重力加速度的大小”等实验。能恰当选用基本的实验器材进行实验，会设计实验方案，能对实验器材进行规范操作，获得实验数据。认识实验误差是不可避免的，具有尽量减小实验误差的意识。能通过不同方式分析数据，获得结论，并尝试作出解释。能用科学的语言撰写实验报告。通过对动量守恒定律等内容的学习，认识到物理规律的内在一致性和适用范围，认识到物理研究是建立在观察和实验基础上的一项创造性工作，在研究中必须坚持实事求是的态度。,36,"{""min"": ""G10"", ""max"": ""G12""}",disputed,"[""A02""]",deterministic-screen-only,not-adjudicated,anchors/physics.jsonl:133
ca_hR4cE5WW,物理,能分析带电粒子在磁场中运动的问题和电磁感应的问题,能理解法拉第电磁感应定律、楞次定律的内涵。能分析带电粒子在磁场中运动的问题和电磁感应的问题。能描述电磁振荡的过程，利用场的物质性和场具有能量的性质解释有关电磁波的现象，能说出电磁技术在生产生活、科技和军事等方面的一些重要应用。能认识简单的自动控制装置。能根据电磁感应、电磁振荡和电磁波理论解释生产生活中的电磁现象，能对常用电子设备、家用电器中有关的一些电磁元件或部件的工作原理作出解释。能进一步应用磁感线、匀强磁场等模型综合分析磁场和电磁感应问题。能恰当使用证据推出物理结论或质疑已有结论。能通过与法拉第电磁感应定律和楞次定律有关的科学探究，掌握对实验证据进行分析与归纳的方法，能从实验归纳和理论演绎等不同方式来研会做“探究影响感应电流方向的因素”等实验。能根据检验假设的思路，制订科学探究实验方案。能正确操作实验器材，获得可靠的实验数据，通过分析数据、发现规律，进而通过归纳形成简洁的、具有普遍意义的结论。能分析实验中存在的误差，能判断误差的来源。能写出完整的科学探究报告。通过对电磁感应、交变电流及电磁波等内容的学习，能根据电磁理论的发展过程及其对人类社会影响的历史，了解科技对人类生活和社会发展的影响，体会基础科学的重大发现在工业革命和社会发展中,40,"{""min"": ""G10"", ""max"": ""G12""}",ai-reviewed,[],deterministic-screen-only,not-adjudicated,anchors/physics.jsonl:134
ca_QVHYUduX,物理,能描述电磁振荡的过程，利用场的物质性和场具有能量的性质解释有关电磁波的现象,能理解法拉第电磁感应定律、楞次定律的内涵。能分析带电粒子在磁场中运动的问题和电磁感应的问题。能描述电磁振荡的过程，利用场的物质性和场具有能量的性质解释有关电磁波的现象，能说出电磁技术在生产生活、科技和军事等方面的一些重要应用。能认识简单的自动控制装置。能根据电磁感应、电磁振荡和电磁波理论解释生产生活中的电磁现象，能对常用电子设备、家用电器中有关的一些电磁元件或部件的工作原理作出解释。能进一步应用磁感线、匀强磁场等模型综合分析磁场和电磁感应问题。能恰当使用证据推出物理结论或质疑已有结论。能通过与法拉第电磁感应定律和楞次定律有关的科学探究，掌握对实验证据进行分析与归纳的方法，能从实验归纳和理论演绎等不同方式来研会做“探究影响感应电流方向的因素”等实验。能根据检验假设的思路，制订科学探究实验方案。能正确操作实验器材，获得可靠的实验数据，通过分析数据、发现规律，进而通过归纳形成简洁的、具有普遍意义的结论。能分析实验中存在的误差，能判断误差的来源。能写出完整的科学探究报告。通过对电磁感应、交变电流及电磁波等内容的学习，能根据电磁理论的发展过程及其对人类社会影响的历史，了解科技对人类生活和社会发展的影响，体会基础科学的重大发现在工业革命和社会发展中,40,"{""min"": ""G10"", ""max"": ""G12""}",ai-reviewed,[],deterministic-screen-only,not-adjudicated,anchors/physics.jsonl:135
ca_z7HyC33g,物理,能说出电磁技术在生产生活、科技和军事等方面的一些重要应用,能理解法拉第电磁感应定律、楞次定律的内涵。能分析带电粒子在磁场中运动的问题和电磁感应的问题。能描述电磁振荡的过程，利用场的物质性和场具有能量的性质解释有关电磁波的现象，能说出电磁技术在生产生活、科技和军事等方面的一些重要应用。能认识简单的自动控制装置。能根据电磁感应、电磁振荡和电磁波理论解释生产生活中的电磁现象，能对常用电子设备、家用电器中有关的一些电磁元件或部件的工作原理作出解释。能进一步应用磁感线、匀强磁场等模型综合分析磁场和电磁感应问题。能恰当使用证据推出物理结论或质疑已有结论。能通过与法拉第电磁感应定律和楞次定律有关的科学探究，掌握对实验证据进行分析与归纳的方法，能从实验归纳和理论演绎等不同方式来研会做“探究影响感应电流方向的因素”等实验。能根据检验假设的思路，制订科学探究实验方案。能正确操作实验器材，获得可靠的实验数据，通过分析数据、发现规律，进而通过归纳形成简洁的、具有普遍意义的结论。能分析实验中存在的误差，能判断误差的来源。能写出完整的科学探究报告。通过对电磁感应、交变电流及电磁波等内容的学习，能根据电磁理论的发展过程及其对人类社会影响的历史，了解科技对人类生活和社会发展的影响，体会基础科学的重大发现在工业革命和社会发展中,40,"{""min"": ""G10"", ""max"": ""G12""}",disputed,"[""A02""]",deterministic-screen-only,not-adjudicated,anchors/physics.jsonl:136
ca_xiRfmevn,物理,能根据电磁感应、电磁振荡和电磁波理论解释生产生活中的电磁现象,能理解法拉第电磁感应定律、楞次定律的内涵。能分析带电粒子在磁场中运动的问题和电磁感应的问题。能描述电磁振荡的过程，利用场的物质性和场具有能量的性质解释有关电磁波的现象，能说出电磁技术在生产生活、科技和军事等方面的一些重要应用。能认识简单的自动控制装置。能根据电磁感应、电磁振荡和电磁波理论解释生产生活中的电磁现象，能对常用电子设备、家用电器中有关的一些电磁元件或部件的工作原理作出解释。能进一步应用磁感线、匀强磁场等模型综合分析磁场和电磁感应问题。能恰当使用证据推出物理结论或质疑已有结论。能通过与法拉第电磁感应定律和楞次定律有关的科学探究，掌握对实验证据进行分析与归纳的方法，能从实验归纳和理论演绎等不同方式来研会做“探究影响感应电流方向的因素”等实验。能根据检验假设的思路，制订科学探究实验方案。能正确操作实验器材，获得可靠的实验数据，通过分析数据、发现规律，进而通过归纳形成简洁的、具有普遍意义的结论。能分析实验中存在的误差，能判断误差的来源。能写出完整的科学探究报告。通过对电磁感应、交变电流及电磁波等内容的学习，能根据电磁理论的发展过程及其对人类社会影响的历史，了解科技对人类生活和社会发展的影响，体会基础科学的重大发现在工业革命和社会发展中,40,"{""min"": ""G10"", ""max"": ""G12""}",ai-reviewed,[],deterministic-screen-only,not-adjudicated,anchors/physics.jsonl:137
ca_5UYRH4wY,物理,能进一步应用磁感线、匀强磁场等模型综合分析磁场和电磁感应问题,能理解法拉第电磁感应定律、楞次定律的内涵。能分析带电粒子在磁场中运动的问题和电磁感应的问题。能描述电磁振荡的过程，利用场的物质性和场具有能量的性质解释有关电磁波的现象，能说出电磁技术在生产生活、科技和军事等方面的一些重要应用。能认识简单的自动控制装置。能根据电磁感应、电磁振荡和电磁波理论解释生产生活中的电磁现象，能对常用电子设备、家用电器中有关的一些电磁元件或部件的工作原理作出解释。能进一步应用磁感线、匀强磁场等模型综合分析磁场和电磁感应问题。能恰当使用证据推出物理结论或质疑已有结论。能通过与法拉第电磁感应定律和楞次定律有关的科学探究，掌握对实验证据进行分析与归纳的方法，能从实验归纳和理论演绎等不同方式来研会做“探究影响感应电流方向的因素”等实验。能根据检验假设的思路，制订科学探究实验方案。能正确操作实验器材，获得可靠的实验数据，通过分析数据、发现规律，进而通过归纳形成简洁的、具有普遍意义的结论。能分析实验中存在的误差，能判断误差的来源。能写出完整的科学探究报告。通过对电磁感应、交变电流及电磁波等内容的学习，能根据电磁理论的发展过程及其对人类社会影响的历史，了解科技对人类生活和社会发展的影响，体会基础科学的重大发现在工业革命和社会发展中,40,"{""min"": ""G10"", ""max"": ""G12""}",ai-reviewed,[],deterministic-screen-only,not-adjudicated,anchors/physics.jsonl:138
ca_dQb3jLqu,物理,能恰当使用证据推出物理结论或质疑已有结论,能理解法拉第电磁感应定律、楞次定律的内涵。能分析带电粒子在磁场中运动的问题和电磁感应的问题。能描述电磁振荡的过程，利用场的物质性和场具有能量的性质解释有关电磁波的现象，能说出电磁技术在生产生活、科技和军事等方面的一些重要应用。能认识简单的自动控制装置。能根据电磁感应、电磁振荡和电磁波理论解释生产生活中的电磁现象，能对常用电子设备、家用电器中有关的一些电磁元件或部件的工作原理作出解释。能进一步应用磁感线、匀强磁场等模型综合分析磁场和电磁感应问题。能恰当使用证据推出物理结论或质疑已有结论。能通过与法拉第电磁感应定律和楞次定律有关的科学探究，掌握对实验证据进行分析与归纳的方法，能从实验归纳和理论演绎等不同方式来研会做“探究影响感应电流方向的因素”等实验。能根据检验假设的思路，制订科学探究实验方案。能正确操作实验器材，获得可靠的实验数据，通过分析数据、发现规律，进而通过归纳形成简洁的、具有普遍意义的结论。能分析实验中存在的误差，能判断误差的来源。能写出完整的科学探究报告。通过对电磁感应、交变电流及电磁波等内容的学习，能根据电磁理论的发展过程及其对人类社会影响的历史，了解科技对人类生活和社会发展的影响，体会基础科学的重大发现在工业革命和社会发展中,40,"{""min"": ""G10"", ""max"": ""G12""}",ai-reviewed,[],deterministic-screen-only,not-adjudicated,anchors/physics.jsonl:139
ca_idFuPMVM,物理,能掌握对实验证据进行分析与归纳的方法,能理解法拉第电磁感应定律、楞次定律的内涵。能分析带电粒子在磁场中运动的问题和电磁感应的问题。能描述电磁振荡的过程，利用场的物质性和场具有能量的性质解释有关电磁波的现象，能说出电磁技术在生产生活、科技和军事等方面的一些重要应用。能认识简单的自动控制装置。能根据电磁感应、电磁振荡和电磁波理论解释生产生活中的电磁现象，能对常用电子设备、家用电器中有关的一些电磁元件或部件的工作原理作出解释。能进一步应用磁感线、匀强磁场等模型综合分析磁场和电磁感应问题。能恰当使用证据推出物理结论或质疑已有结论。能通过与法拉第电磁感应定律和楞次定律有关的科学探究，掌握对实验证据进行分析与归纳的方法，能从实验归纳和理论演绎等不同方式来研会做“探究影响感应电流方向的因素”等实验。能根据检验假设的思路，制订科学探究实验方案。能正确操作实验器材，获得可靠的实验数据，通过分析数据、发现规律，进而通过归纳形成简洁的、具有普遍意义的结论。能分析实验中存在的误差，能判断误差的来源。能写出完整的科学探究报告。通过对电磁感应、交变电流及电磁波等内容的学习，能根据电磁理论的发展过程及其对人类社会影响的历史，了解科技对人类生活和社会发展的影响，体会基础科学的重大发现在工业革命和社会发展中,40,"{""min"": ""G10"", ""max"": ""G12""}",disputed,"[""A02""]",deterministic-screen-only,not-adjudicated,anchors/physics.jsonl:140
ca_Kd42ATKD,物理,"能从实验归纳和理论演绎等不同方式来研会做""探究影响感应电流方向的因素""等实验",能理解法拉第电磁感应定律、楞次定律的内涵。能分析带电粒子在磁场中运动的问题和电磁感应的问题。能描述电磁振荡的过程，利用场的物质性和场具有能量的性质解释有关电磁波的现象，能说出电磁技术在生产生活、科技和军事等方面的一些重要应用。能认识简单的自动控制装置。能根据电磁感应、电磁振荡和电磁波理论解释生产生活中的电磁现象，能对常用电子设备、家用电器中有关的一些电磁元件或部件的工作原理作出解释。能进一步应用磁感线、匀强磁场等模型综合分析磁场和电磁感应问题。能恰当使用证据推出物理结论或质疑已有结论。能通过与法拉第电磁感应定律和楞次定律有关的科学探究，掌握对实验证据进行分析与归纳的方法，能从实验归纳和理论演绎等不同方式来研会做“探究影响感应电流方向的因素”等实验。能根据检验假设的思路，制订科学探究实验方案。能正确操作实验器材，获得可靠的实验数据，通过分析数据、发现规律，进而通过归纳形成简洁的、具有普遍意义的结论。能分析实验中存在的误差，能判断误差的来源。能写出完整的科学探究报告。通过对电磁感应、交变电流及电磁波等内容的学习，能根据电磁理论的发展过程及其对人类社会影响的历史，了解科技对人类生活和社会发展的影响，体会基础科学的重大发现在工业革命和社会发展中,40,"{""min"": ""G10"", ""max"": ""G12""}",disputed,"[""A02""]",deterministic-screen-only,not-adjudicated,anchors/physics.jsonl:141
ca_jeG7aBdM,物理,能根据检验假设的思路，制订科学探究实验方案,能理解法拉第电磁感应定律、楞次定律的内涵。能分析带电粒子在磁场中运动的问题和电磁感应的问题。能描述电磁振荡的过程，利用场的物质性和场具有能量的性质解释有关电磁波的现象，能说出电磁技术在生产生活、科技和军事等方面的一些重要应用。能认识简单的自动控制装置。能根据电磁感应、电磁振荡和电磁波理论解释生产生活中的电磁现象，能对常用电子设备、家用电器中有关的一些电磁元件或部件的工作原理作出解释。能进一步应用磁感线、匀强磁场等模型综合分析磁场和电磁感应问题。能恰当使用证据推出物理结论或质疑已有结论。能通过与法拉第电磁感应定律和楞次定律有关的科学探究，掌握对实验证据进行分析与归纳的方法，能从实验归纳和理论演绎等不同方式来研会做“探究影响感应电流方向的因素”等实验。能根据检验假设的思路，制订科学探究实验方案。能正确操作实验器材，获得可靠的实验数据，通过分析数据、发现规律，进而通过归纳形成简洁的、具有普遍意义的结论。能分析实验中存在的误差，能判断误差的来源。能写出完整的科学探究报告。通过对电磁感应、交变电流及电磁波等内容的学习，能根据电磁理论的发展过程及其对人类社会影响的历史，了解科技对人类生活和社会发展的影响，体会基础科学的重大发现在工业革命和社会发展中,40,"{""min"": ""G10"", ""max"": ""G12""}",ai-reviewed,[],deterministic-screen-only,not-adjudicated,anchors/physics.jsonl:142
ca_UzG7c8f9,物理,能分析实验中存在的误差,能理解法拉第电磁感应定律、楞次定律的内涵。能分析带电粒子在磁场中运动的问题和电磁感应的问题。能描述电磁振荡的过程，利用场的物质性和场具有能量的性质解释有关电磁波的现象，能说出电磁技术在生产生活、科技和军事等方面的一些重要应用。能认识简单的自动控制装置。能根据电磁感应、电磁振荡和电磁波理论解释生产生活中的电磁现象，能对常用电子设备、家用电器中有关的一些电磁元件或部件的工作原理作出解释。能进一步应用磁感线、匀强磁场等模型综合分析磁场和电磁感应问题。能恰当使用证据推出物理结论或质疑已有结论。能通过与法拉第电磁感应定律和楞次定律有关的科学探究，掌握对实验证据进行分析与归纳的方法，能从实验归纳和理论演绎等不同方式来研会做“探究影响感应电流方向的因素”等实验。能根据检验假设的思路，制订科学探究实验方案。能正确操作实验器材，获得可靠的实验数据，通过分析数据、发现规律，进而通过归纳形成简洁的、具有普遍意义的结论。能分析实验中存在的误差，能判断误差的来源。能写出完整的科学探究报告。通过对电磁感应、交变电流及电磁波等内容的学习，能根据电磁理论的发展过程及其对人类社会影响的历史，了解科技对人类生活和社会发展的影响，体会基础科学的重大发现在工业革命和社会发展中,40,"{""min"": ""G10"", ""max"": ""G12""}",ai-reviewed,[],deterministic-screen-only,not-adjudicated,anchors/physics.jsonl:143
ca_gnqpB4tq,物理,能判断误差的来源,能理解法拉第电磁感应定律、楞次定律的内涵。能分析带电粒子在磁场中运动的问题和电磁感应的问题。能描述电磁振荡的过程，利用场的物质性和场具有能量的性质解释有关电磁波的现象，能说出电磁技术在生产生活、科技和军事等方面的一些重要应用。能认识简单的自动控制装置。能根据电磁感应、电磁振荡和电磁波理论解释生产生活中的电磁现象，能对常用电子设备、家用电器中有关的一些电磁元件或部件的工作原理作出解释。能进一步应用磁感线、匀强磁场等模型综合分析磁场和电磁感应问题。能恰当使用证据推出物理结论或质疑已有结论。能通过与法拉第电磁感应定律和楞次定律有关的科学探究，掌握对实验证据进行分析与归纳的方法，能从实验归纳和理论演绎等不同方式来研会做“探究影响感应电流方向的因素”等实验。能根据检验假设的思路，制订科学探究实验方案。能正确操作实验器材，获得可靠的实验数据，通过分析数据、发现规律，进而通过归纳形成简洁的、具有普遍意义的结论。能分析实验中存在的误差，能判断误差的来源。能写出完整的科学探究报告。通过对电磁感应、交变电流及电磁波等内容的学习，能根据电磁理论的发展过程及其对人类社会影响的历史，了解科技对人类生活和社会发展的影响，体会基础科学的重大发现在工业革命和社会发展中,40,"{""min"": ""G10"", ""max"": ""G12""}",ai-reviewed,[],deterministic-screen-only,not-adjudicated,anchors/physics.jsonl:144
ca_gV5DWNf3,物理,能写出完整的科学探究报告,能理解法拉第电磁感应定律、楞次定律的内涵。能分析带电粒子在磁场中运动的问题和电磁感应的问题。能描述电磁振荡的过程，利用场的物质性和场具有能量的性质解释有关电磁波的现象，能说出电磁技术在生产生活、科技和军事等方面的一些重要应用。能认识简单的自动控制装置。能根据电磁感应、电磁振荡和电磁波理论解释生产生活中的电磁现象，能对常用电子设备、家用电器中有关的一些电磁元件或部件的工作原理作出解释。能进一步应用磁感线、匀强磁场等模型综合分析磁场和电磁感应问题。能恰当使用证据推出物理结论或质疑已有结论。能通过与法拉第电磁感应定律和楞次定律有关的科学探究，掌握对实验证据进行分析与归纳的方法，能从实验归纳和理论演绎等不同方式来研会做“探究影响感应电流方向的因素”等实验。能根据检验假设的思路，制订科学探究实验方案。能正确操作实验器材，获得可靠的实验数据，通过分析数据、发现规律，进而通过归纳形成简洁的、具有普遍意义的结论。能分析实验中存在的误差，能判断误差的来源。能写出完整的科学探究报告。通过对电磁感应、交变电流及电磁波等内容的学习，能根据电磁理论的发展过程及其对人类社会影响的历史，了解科技对人类生活和社会发展的影响，体会基础科学的重大发现在工业革命和社会发展中,40,"{""min"": ""G10"", ""max"": ""G12""}",disputed,"[""A02""]",deterministic-screen-only,not-adjudicated,anchors/physics.jsonl:145
ca_HcsLAn2S,物理,能用分子动理论解释固体、液体和气体的微观结构及特点,能用分子动理论解释固体、液体和气体的微观结构及特点。能用气体实验定律、热力学定律解释生产生活中的一些现象，解决一些实际问题。能用爱因斯坦光电效应方程说明光电效应现象，知道光的波粒二象性。了解原子、原子核的结构和特点，能说明原子核的衰变、裂变、聚变和放射现象。知道四种基本的相互作用。具有较为完整的认识建构理想气体、原子核式结构等模型的必要性，能在一定条件下应用理想气体模型分析和研究实际气体的问题，能用等温、等压、等容的理想过程正确认识和分析现实生活中的气体状态变化。能运用概率统计的方法对热现象问题进行分析，并能恰当、合理地使用证据得出物理结论。具有多视角观察和分析物理问题的能力。会做“用油膜法估测分子的大小”等实验。知道测量微观物理量的思想和方法，能通过科学、合理的操作获得实验数据，并能在实验中体现减小误差的方法。能运用恰当的方式处理数据并得出正确结论。能写出完整、规范的实验报告，正确表达科学探究的过程通过关于热学、原子与原子核以及波粒二象性等相关内容的学习，知道所有物理结论都必须接受实践的检验，在学习与研究中做到实事求是，不迷信权威，能与他人合作。通过对热力学定律和核能等内容的学习，知道科学技术对人类生活和社会发展的积极影响，但同时也会带来一系列问题，认识到人与自然是生命共同体，人类必须尊重自然，遵循自然规律。,44,"{""min"": ""G10"", ""max"": ""G12""}",disputed,"[""A02""]",deterministic-screen-only,not-adjudicated,anchors/physics.jsonl:146
ca_ftRkHcks,物理,能用气体实验定律、热力学定律解释生产生活中的一些现象，解决一些实际问题,能用分子动理论解释固体、液体和气体的微观结构及特点。能用气体实验定律、热力学定律解释生产生活中的一些现象，解决一些实际问题。能用爱因斯坦光电效应方程说明光电效应现象，知道光的波粒二象性。了解原子、原子核的结构和特点，能说明原子核的衰变、裂变、聚变和放射现象。知道四种基本的相互作用。具有较为完整的认识建构理想气体、原子核式结构等模型的必要性，能在一定条件下应用理想气体模型分析和研究实际气体的问题，能用等温、等压、等容的理想过程正确认识和分析现实生活中的气体状态变化。能运用概率统计的方法对热现象问题进行分析，并能恰当、合理地使用证据得出物理结论。具有多视角观察和分析物理问题的能力。会做“用油膜法估测分子的大小”等实验。知道测量微观物理量的思想和方法，能通过科学、合理的操作获得实验数据，并能在实验中体现减小误差的方法。能运用恰当的方式处理数据并得出正确结论。能写出完整、规范的实验报告，正确表达科学探究的过程通过关于热学、原子与原子核以及波粒二象性等相关内容的学习，知道所有物理结论都必须接受实践的检验，在学习与研究中做到实事求是，不迷信权威，能与他人合作。通过对热力学定律和核能等内容的学习，知道科学技术对人类生活和社会发展的积极影响，但同时也会带来一系列问题，认识到人与自然是生命共同体，人类必须尊重自然，遵循自然规律。,44,"{""min"": ""G10"", ""max"": ""G12""}",ai-reviewed,[],deterministic-screen-only,not-adjudicated,anchors/physics.jsonl:147
ca_RTbNDa62,物理,能用爱因斯坦光电效应方程说明光电效应现象,能用分子动理论解释固体、液体和气体的微观结构及特点。能用气体实验定律、热力学定律解释生产生活中的一些现象，解决一些实际问题。能用爱因斯坦光电效应方程说明光电效应现象，知道光的波粒二象性。了解原子、原子核的结构和特点，能说明原子核的衰变、裂变、聚变和放射现象。知道四种基本的相互作用。具有较为完整的认识建构理想气体、原子核式结构等模型的必要性，能在一定条件下应用理想气体模型分析和研究实际气体的问题，能用等温、等压、等容的理想过程正确认识和分析现实生活中的气体状态变化。能运用概率统计的方法对热现象问题进行分析，并能恰当、合理地使用证据得出物理结论。具有多视角观察和分析物理问题的能力。会做“用油膜法估测分子的大小”等实验。知道测量微观物理量的思想和方法，能通过科学、合理的操作获得实验数据，并能在实验中体现减小误差的方法。能运用恰当的方式处理数据并得出正确结论。能写出完整、规范的实验报告，正确表达科学探究的过程通过关于热学、原子与原子核以及波粒二象性等相关内容的学习，知道所有物理结论都必须接受实践的检验，在学习与研究中做到实事求是，不迷信权威，能与他人合作。通过对热力学定律和核能等内容的学习，知道科学技术对人类生活和社会发展的积极影响，但同时也会带来一系列问题，认识到人与自然是生命共同体，人类必须尊重自然，遵循自然规律。,44,"{""min"": ""G10"", ""max"": ""G12""}",ai-reviewed,[],deterministic-screen-only,not-adjudicated,anchors/physics.jsonl:148
ca_WyNFPZbW,物理,能说明原子核的衰变、裂变、聚变和放射现象,能用分子动理论解释固体、液体和气体的微观结构及特点。能用气体实验定律、热力学定律解释生产生活中的一些现象，解决一些实际问题。能用爱因斯坦光电效应方程说明光电效应现象，知道光的波粒二象性。了解原子、原子核的结构和特点，能说明原子核的衰变、裂变、聚变和放射现象。知道四种基本的相互作用。具有较为完整的认识建构理想气体、原子核式结构等模型的必要性，能在一定条件下应用理想气体模型分析和研究实际气体的问题，能用等温、等压、等容的理想过程正确认识和分析现实生活中的气体状态变化。能运用概率统计的方法对热现象问题进行分析，并能恰当、合理地使用证据得出物理结论。具有多视角观察和分析物理问题的能力。会做“用油膜法估测分子的大小”等实验。知道测量微观物理量的思想和方法，能通过科学、合理的操作获得实验数据，并能在实验中体现减小误差的方法。能运用恰当的方式处理数据并得出正确结论。能写出完整、规范的实验报告，正确表达科学探究的过程通过关于热学、原子与原子核以及波粒二象性等相关内容的学习，知道所有物理结论都必须接受实践的检验，在学习与研究中做到实事求是，不迷信权威，能与他人合作。通过对热力学定律和核能等内容的学习，知道科学技术对人类生活和社会发展的积极影响，但同时也会带来一系列问题，认识到人与自然是生命共同体，人类必须尊重自然，遵循自然规律。,44,"{""min"": ""G10"", ""max"": ""G12""}",ai-reviewed,[],deterministic-screen-only,not-adjudicated,anchors/physics.jsonl:149
ca_gcbTtKUU,物理,能在一定条件下应用理想气体模型分析和研究实际气体的问题,能用分子动理论解释固体、液体和气体的微观结构及特点。能用气体实验定律、热力学定律解释生产生活中的一些现象，解决一些实际问题。能用爱因斯坦光电效应方程说明光电效应现象，知道光的波粒二象性。了解原子、原子核的结构和特点，能说明原子核的衰变、裂变、聚变和放射现象。知道四种基本的相互作用。具有较为完整的认识建构理想气体、原子核式结构等模型的必要性，能在一定条件下应用理想气体模型分析和研究实际气体的问题，能用等温、等压、等容的理想过程正确认识和分析现实生活中的气体状态变化。能运用概率统计的方法对热现象问题进行分析，并能恰当、合理地使用证据得出物理结论。具有多视角观察和分析物理问题的能力。会做“用油膜法估测分子的大小”等实验。知道测量微观物理量的思想和方法，能通过科学、合理的操作获得实验数据，并能在实验中体现减小误差的方法。能运用恰当的方式处理数据并得出正确结论。能写出完整、规范的实验报告，正确表达科学探究的过程通过关于热学、原子与原子核以及波粒二象性等相关内容的学习，知道所有物理结论都必须接受实践的检验，在学习与研究中做到实事求是，不迷信权威，能与他人合作。通过对热力学定律和核能等内容的学习，知道科学技术对人类生活和社会发展的积极影响，但同时也会带来一系列问题，认识到人与自然是生命共同体，人类必须尊重自然，遵循自然规律。,44,"{""min"": ""G10"", ""max"": ""G12""}",ai-reviewed,[],deterministic-screen-only,not-adjudicated,anchors/physics.jsonl:150
ca_NRsRaGq3,物理,能用等温、等压、等容的理想过程正确认识和分析现实生活中的气体状态变化,能用分子动理论解释固体、液体和气体的微观结构及特点。能用气体实验定律、热力学定律解释生产生活中的一些现象，解决一些实际问题。能用爱因斯坦光电效应方程说明光电效应现象，知道光的波粒二象性。了解原子、原子核的结构和特点，能说明原子核的衰变、裂变、聚变和放射现象。知道四种基本的相互作用。具有较为完整的认识建构理想气体、原子核式结构等模型的必要性，能在一定条件下应用理想气体模型分析和研究实际气体的问题，能用等温、等压、等容的理想过程正确认识和分析现实生活中的气体状态变化。能运用概率统计的方法对热现象问题进行分析，并能恰当、合理地使用证据得出物理结论。具有多视角观察和分析物理问题的能力。会做“用油膜法估测分子的大小”等实验。知道测量微观物理量的思想和方法，能通过科学、合理的操作获得实验数据，并能在实验中体现减小误差的方法。能运用恰当的方式处理数据并得出正确结论。能写出完整、规范的实验报告，正确表达科学探究的过程通过关于热学、原子与原子核以及波粒二象性等相关内容的学习，知道所有物理结论都必须接受实践的检验，在学习与研究中做到实事求是，不迷信权威，能与他人合作。通过对热力学定律和核能等内容的学习，知道科学技术对人类生活和社会发展的积极影响，但同时也会带来一系列问题，认识到人与自然是生命共同体，人类必须尊重自然，遵循自然规律。,44,"{""min"": ""G10"", ""max"": ""G12""}",ai-reviewed,[],deterministic-screen-only,not-adjudicated,anchors/physics.jsonl:151
ca_AXCnwENx,物理,能运用概率统计的方法对热现象问题进行分析，并能恰当、合理地使用证据得出物理结论,能用分子动理论解释固体、液体和气体的微观结构及特点。能用气体实验定律、热力学定律解释生产生活中的一些现象，解决一些实际问题。能用爱因斯坦光电效应方程说明光电效应现象，知道光的波粒二象性。了解原子、原子核的结构和特点，能说明原子核的衰变、裂变、聚变和放射现象。知道四种基本的相互作用。具有较为完整的认识建构理想气体、原子核式结构等模型的必要性，能在一定条件下应用理想气体模型分析和研究实际气体的问题，能用等温、等压、等容的理想过程正确认识和分析现实生活中的气体状态变化。能运用概率统计的方法对热现象问题进行分析，并能恰当、合理地使用证据得出物理结论。具有多视角观察和分析物理问题的能力。会做“用油膜法估测分子的大小”等实验。知道测量微观物理量的思想和方法，能通过科学、合理的操作获得实验数据，并能在实验中体现减小误差的方法。能运用恰当的方式处理数据并得出正确结论。能写出完整、规范的实验报告，正确表达科学探究的过程通过关于热学、原子与原子核以及波粒二象性等相关内容的学习，知道所有物理结论都必须接受实践的检验，在学习与研究中做到实事求是，不迷信权威，能与他人合作。通过对热力学定律和核能等内容的学习，知道科学技术对人类生活和社会发展的积极影响，但同时也会带来一系列问题，认识到人与自然是生命共同体，人类必须尊重自然，遵循自然规律。,44,"{""min"": ""G10"", ""max"": ""G12""}",disputed,"[""A02""]",deterministic-screen-only,not-adjudicated,anchors/physics.jsonl:152
ca_hQY5TmF6,物理,能通过科学、合理的操作获得实验数据，并能在实验中体现减小误差的方法,能用分子动理论解释固体、液体和气体的微观结构及特点。能用气体实验定律、热力学定律解释生产生活中的一些现象，解决一些实际问题。能用爱因斯坦光电效应方程说明光电效应现象，知道光的波粒二象性。了解原子、原子核的结构和特点，能说明原子核的衰变、裂变、聚变和放射现象。知道四种基本的相互作用。具有较为完整的认识建构理想气体、原子核式结构等模型的必要性，能在一定条件下应用理想气体模型分析和研究实际气体的问题，能用等温、等压、等容的理想过程正确认识和分析现实生活中的气体状态变化。能运用概率统计的方法对热现象问题进行分析，并能恰当、合理地使用证据得出物理结论。具有多视角观察和分析物理问题的能力。会做“用油膜法估测分子的大小”等实验。知道测量微观物理量的思想和方法，能通过科学、合理的操作获得实验数据，并能在实验中体现减小误差的方法。能运用恰当的方式处理数据并得出正确结论。能写出完整、规范的实验报告，正确表达科学探究的过程通过关于热学、原子与原子核以及波粒二象性等相关内容的学习，知道所有物理结论都必须接受实践的检验，在学习与研究中做到实事求是，不迷信权威，能与他人合作。通过对热力学定律和核能等内容的学习，知道科学技术对人类生活和社会发展的积极影响，但同时也会带来一系列问题，认识到人与自然是生命共同体，人类必须尊重自然，遵循自然规律。,44,"{""min"": ""G10"", ""max"": ""G12""}",ai-reviewed,[],deterministic-screen-only,not-adjudicated,anchors/physics.jsonl:153
ca_qbPgynPc,物理,能运用恰当的方式处理数据并得出正确结论,能用分子动理论解释固体、液体和气体的微观结构及特点。能用气体实验定律、热力学定律解释生产生活中的一些现象，解决一些实际问题。能用爱因斯坦光电效应方程说明光电效应现象，知道光的波粒二象性。了解原子、原子核的结构和特点，能说明原子核的衰变、裂变、聚变和放射现象。知道四种基本的相互作用。具有较为完整的认识建构理想气体、原子核式结构等模型的必要性，能在一定条件下应用理想气体模型分析和研究实际气体的问题，能用等温、等压、等容的理想过程正确认识和分析现实生活中的气体状态变化。能运用概率统计的方法对热现象问题进行分析，并能恰当、合理地使用证据得出物理结论。具有多视角观察和分析物理问题的能力。会做“用油膜法估测分子的大小”等实验。知道测量微观物理量的思想和方法，能通过科学、合理的操作获得实验数据，并能在实验中体现减小误差的方法。能运用恰当的方式处理数据并得出正确结论。能写出完整、规范的实验报告，正确表达科学探究的过程通过关于热学、原子与原子核以及波粒二象性等相关内容的学习，知道所有物理结论都必须接受实践的检验，在学习与研究中做到实事求是，不迷信权威，能与他人合作。通过对热力学定律和核能等内容的学习，知道科学技术对人类生活和社会发展的积极影响，但同时也会带来一系列问题，认识到人与自然是生命共同体，人类必须尊重自然，遵循自然规律。,44,"{""min"": ""G10"", ""max"": ""G12""}",ai-reviewed,[],deterministic-screen-only,not-adjudicated,anchors/physics.jsonl:154
ca_m9ggZJNQ,体育与健康,能用组成成分的相对百分比来描述两个人的身体成分差异,知道身体成分的基础知识，如身体成分是肌肉、脂肪、骨骼及其他机体组成成分的相对百分比,20,"{""min"": ""G1"", ""max"": ""G9""}",ai-reviewed,"[""A04"", ""A06"", ""A08""]",deterministic-screen-only,not-adjudicated,anchors/rewrite-体育与健康.jsonl:1
ca_X98wZ8zi,体育与健康,能说出至少两种体育锻炼对健康的益处,认同体育锻炼是健康生活方式的重要组成部分，,31,"{""min"": ""G1"", ""max"": ""G9""}",ai-reviewed,"[""A04"", ""A06"", ""A08""]",deterministic-screen-only,not-adjudicated,anchors/rewrite-体育与健康.jsonl:2
ca_c4QyhSCd,体育与健康,能举例说出两个同场对抗项目的共同特征,前者是双方在同一场地内进行的有身体接触的对抗性运动项目（如篮球、橄榄球等）,34,"{""min"": ""G1"", ""max"": ""G9""}",ai-reviewed,"[""A04"", ""A06"", ""A08""]",deterministic-screen-only,not-adjudicated,anchors/rewrite-体育与健康.jsonl:3
ca_ZtBAT3gU,体育与健康,能举例说出两种集体性球类运动项目，并说明它们是多人合作的对抗性运动,前者是多人相互合作的对抗性运动项目（如足球、手球等）,34,"{""min"": ""G1"", ""max"": ""G9""}",ai-reviewed,"[""A04"", ""A06""]",deterministic-screen-only,not-adjudicated,anchors/rewrite-体育与健康.jsonl:4
ca_WqzWjYv7,体育与健康,能从给出的运动项目列表中，正确区分出个体性对抗项目与团队性对抗项目,后者是以个人为主的对抗性运动项目（如羽毛球、网球等）,34,"{""min"": ""G1"", ""max"": ""G9""}",ai-reviewed,"[""A04"", ""A06"", ""A08""]",deterministic-screen-only,not-adjudicated,anchors/rewrite-体育与健康.jsonl:5
ca_5CAAgTLc,体育与健康,能指出在固定线路的运球折返跑练习中，需要控制呼吸节奏,通过固定线路的运球折返跑发展心肺耐力等,39,"{""min"": ""G1"", ""max"": ""G9""}",ai-reviewed,"[""A04"", ""A06""]",deterministic-screen-only,not-adjudicated,anchors/rewrite-体育与健康.jsonl:6
ca_adz4dBuc,体育与健康,能描述艺术性体操至少两个动作特点，并配合口头模仿或简单身体动作展示,另一类是艺术性体操（如韵律操、健美操等），其特点是伴随音乐展现节奏明快、刚劲有力、舒展优美的动作,58,"{""min"": ""G1"", ""max"": ""G9""}",ai-reviewed,"[""A04"", ""A06"", ""A08""]",deterministic-screen-only,not-adjudicated,anchors/rewrite-体育与健康.jsonl:8
ca_7aW6CujA,体育与健康,能从一段韵律操视频中，指出其中包含的步法动作和上肢动作，并说明其组合结构,学练由5～6个韵律操步法、3～4个上肢动作组成的8个八拍韵律操主要的基本动作技术,62,"{""min"": ""G1"", ""max"": ""G9""}",ai-reviewed,"[""A04"", ""A06"", ""A08""]",deterministic-screen-only,not-adjudicated,anchors/rewrite-体育与健康.jsonl:9
ca_eJDjHiPm,体育与健康,能准确说出健美操组合动作技术的时长为16个八拍,16个八拍的健美操组合动作技术,66,"{""min"": ""G1"", ""max"": ""G9""}",ai-reviewed,"[""A04"", ""A06""]",deterministic-screen-only,not-adjudicated,anchors/rewrite-体育与健康.jsonl:10
ca_tQymKhqw,体育与健康,能举出两个分别在水环境和冰雪环境中开展的体育活动名称,水上或冰雪类运动是人们在水环境或冰雪环境中开展的体育活动。,69,"{""min"": ""G1"", ""max"": ""G9""}",ai-reviewed,"[""A04"", ""A06"", ""A08"", ""A09""]",deterministic-screen-only,not-adjudicated,anchors/rewrite-体育与健康.jsonl:11
ca_UxfmiB9K,体育与健康,能说出长拳二段是长拳的一种常见套路,和套路（长拳二段）,90,"{""min"": ""G7"", ""max"": ""G9""}",ai-reviewed,"[""A04""]",deterministic-screen-only,not-adjudicated,anchors/rewrite-体育与健康.jsonl:12
ca_nyxV6adC,体育与健康,能结合具体动作，说明一个中国式摔跤动作技术的基本原理,组合动作技术（勾踢、踢别、跪披、跪揣）和套路；理解中国式摔跤动作技术的基本原理，以及中国式摔跤的文化、特点与价值，制订并实施中国式摔跤的学练计划。,91,"{""min"": ""G1"", ""max"": ""G9""}",ai-reviewed,"[""A04"", ""A06"", ""A08""]",deterministic-screen-only,not-adjudicated,anchors/rewrite-体育与健康.jsonl:13
ca_6fEzhzYX,体育与健康,能说出中国式摔跤学练计划中包含的文化、特点与价值内容,组合动作技术（勾踢、踢别、跪披、跪揣）和套路；理解中国式摔跤动作技术的基本原理，以及中国式摔跤的文化、特点与价值，制订并实施中国式摔跤的学练计划。,91,"{""min"": ""G1"", ""max"": ""G9""}",ai-reviewed,"[""A04"", ""A06"", ""A08"", ""A09""]",deterministic-screen-only,not-adjudicated,anchors/rewrite-体育与健康.jsonl:14
ca_cKNYpcGp,体育与健康,"能举出两个符合""形式新颖、时尚、有挑战性""特征的新兴体育运动例子",新兴体育类运动是指在国际上比较流行、在国内开展不久或国内外新创的、大众运动色彩浓郁、深受青少年喜爱的体育活动。该类运动的主要特点是形式新颖，具有较强的时尚性和挑战性。,94,"{""min"": ""G1"", ""max"": ""G9""}",ai-reviewed,"[""A04"", ""A06""]",deterministic-screen-only,not-adjudicated,anchors/rewrite-体育与健康.jsonl:15
ca_wpRWb8Vk,信息科技,能举例说明至少两种数据编码方式如何维持信息社会的组织与秩序,认识数据编码的目的，理解数据编码是保持信息社会组织与秩序的科学基础,31,"{""min"": ""G1"", ""max"": ""G2""}",ai-reviewed,"[""A04""]",deterministic-screen-only,not-adjudicated,anchors/rewrite-信息科技.jsonl:1
ca_VtRrmpGZ,信息科技,能举例说明一个算法是如何通过明确的、可执行的操作步骤来描述问题求解方案的,理解算法是通过明确的、可执行的操作步骤描述的问题求解方案,35,"{""min"": ""G5"", ""max"": ""G6""}",ai-reviewed,"[""A04""]",deterministic-screen-only,not-adjudicated,anchors/rewrite-信息科技.jsonl:2
ca_MGabi85q,信息科技,能识别并标记给定流程图或伪代码中的顺序、分支、循环三种控制结构,了解算法的顺序、分支和循环三种基本控制结构,35,"{""min"": ""G5"", ""max"": ""G6""}",ai-reviewed,"[""A04"", ""A08""]",deterministic-screen-only,not-adjudicated,anchors/rewrite-信息科技.jsonl:3
ca_Wpufernc,信息科技,能举例说明互联网在信息社会中的至少两种具体作用,互联网已经成为当今信息社会的重要基础设施。,41,"{""min"": ""G7"", ""max"": ""G9""}",ai-reviewed,"[""A04"", ""A08""]",deterministic-screen-only,not-adjudicated,anchors/rewrite-信息科技.jsonl:4
ca_u42w8a8y,信息科技,能举出至少两个基于互联网的创新创造实例，并说明它们如何推动了社会进步或国家发展,基于互联网的创新创造是推动数字时代社会进步和国家发展的重要力量。,41,"{""min"": ""G7"", ""max"": ""G9""}",ai-reviewed,"[""A04""]",deterministic-screen-only,not-adjudicated,anchors/rewrite-信息科技.jsonl:5
ca_L82Wxv3d,信息科技,能举出一个网络数据传输过程中需要解决的具体问题，并说明互联网协议是如何解决这个问题的,初步了解互联网协议，知道网络中数据的编码、传输和呈现的原理。,42,"{""min"": ""G7"", ""max"": ""G9""}",ai-reviewed,"[""A04"", ""A08"", ""A09""]",deterministic-screen-only,not-adjudicated,anchors/rewrite-信息科技.jsonl:6
ca_kEFjRXsv,信息科技,能说出加密软件是保护重要数据和个人信息的工具,会使用加密软件对重要数据和个人信息进行加密保护,42,"{""min"": ""G7"", ""max"": ""G9""}",ai-reviewed,"[""A04""]",deterministic-screen-only,not-adjudicated,anchors/rewrite-信息科技.jsonl:7
ca_i5bLbGkg,信息科技,能针对给定的信息片段，指出其中至少两个可能的谣言识别或不良数据特征,具备识别网络谣言和不良数据的基本能力。,42,"{""min"": ""G7"", ""max"": ""G9""}",ai-reviewed,"[""A04"", ""A09""]",deterministic-screen-only,not-adjudicated,anchors/rewrite-信息科技.jsonl:8
ca_VNSEaNew,信息科技,"能举例说明物联网如何实现""万物互联""",物联网的基本含义是“万物互联”,44,"{""min"": ""G5"", ""max"": ""G6""}",ai-reviewed,"[""A04"", ""A08""]",deterministic-screen-only,not-adjudicated,anchors/rewrite-信息科技.jsonl:9
ca_kLcUCKpD,信息科技,能举例说明物联网如何为大数据和人工智能的发展提供数据基础或应用场景,物联网是推动大数据和人工智能等信息科技发展与普及不可或缺的重要组成部分,44,"{""min"": ""G5"", ""max"": ""G6""}",ai-reviewed,"[""A04"", ""A08""]",deterministic-screen-only,not-adjudicated,anchors/rewrite-信息科技.jsonl:10
ca_9LJiRQnJ,信息科技,能列举物联网或传感器系统的两个实际应用案例，并说明其连接了物理世界与数字世界,了解物联网（特别是传感器系统）是连接物理世界与数字世界的纽带和媒介,44,"{""min"": ""G5"", ""max"": ""G6""}",ai-reviewed,"[""A04""]",deterministic-screen-only,not-adjudicated,anchors/rewrite-信息科技.jsonl:11
ca_Gc6n4JR3,信息科技,能举例说明数据、算法和算力在人工智能中的具体作用,了解人工智能的基本特征及所依赖的数据、算法和算力三大技术基础。,47,"{""min"": ""G5"", ""max"": ""G6""}",ai-reviewed,"[""A04"", ""A09""]",deterministic-screen-only,not-adjudicated,anchors/rewrite-信息科技.jsonl:12
ca_V9P2QMmf,信息科技,能结合具体实例，描述智慧社会中至少两种人工智能基础设施或服务如何协同运作,了解智慧社会是集成了多种具有人工智能基础设施和服务的智能生态系统的新型社会形态,47,"{""min"": ""G5"", ""max"": ""G6""}",ai-reviewed,"[""A04"", ""A08""]",deterministic-screen-only,not-adjudicated,anchors/rewrite-信息科技.jsonl:13
ca_E4ZyPrEL,劳动,能说出两种传统工艺制作项目的名称及其主要材料,选择1～2项传统工艺制作项目，如纸工、泥工、布艺、编织等，了解制作的技能和方法。识读简单的示意图，尝试设计,26,"{""min"": ""G3"", ""max"": ""G4""}",ai-reviewed,"[""A04""]",deterministic-screen-only,not-adjudicated,anchors/rewrite-劳动.jsonl:1
ca_JHBx8WZa,劳动,能说出校园和社区中1-2项具体的公益劳动与志愿服务活动,以校园、社区为主，参加1～2项力所能及的公益劳动与志愿服务,28,"{""min"": ""G3"", ""max"": ""G4""}",ai-reviewed,"[""A04""]",deterministic-screen-only,not-adjudicated,anchors/rewrite-劳动.jsonl:2
ca_rnMsnSd5,劳动,能说出炒、煎、炖三种烹饪方法的操作要点,用简单的炒、煎、炖等烹饪方法制作2～3道家常菜，如西红柿炒鸡蛋、煎鸡蛋、炖骨头汤等，参与从择菜、洗菜到烧菜、装盘的完整过程。,29,"{""min"": ""G5"", ""max"": ""G6""}",ai-reviewed,"[""A04"", ""A09""]",deterministic-screen-only,not-adjudicated,anchors/rewrite-劳动.jsonl:3
ca_SXTadM6g,劳动,能举例说明至少两种膳食选择如何影响身体健康,了解科学膳食与身体健康密切关系,35,"{""min"": ""G7"", ""max"": ""G9""}",ai-reviewed,"[""A04"", ""A08""]",deterministic-screen-only,not-adjudicated,anchors/rewrite-劳动.jsonl:5
ca_X7i4gijR,劳动,能根据现代服务业劳动的特征与过程，说明其对劳动要求的规定,根据所参与现代服务业劳动的特征与过程，开展符合相应要求的劳动。,40,"{""min"": ""G7"", ""max"": ""G9""}",ai-reviewed,"[""A04""]",deterministic-screen-only,not-adjudicated,anchors/rewrite-劳动.jsonl:6
ca_S93d7kCi,化学,能举出至少一个实例，说明实验探究或模型建构如何帮助解决化学问题,体会实验探究和模型建构是化学科学研究的基本方法,19,"{""min"": ""G9"", ""max"": ""G9""}",ai-reviewed,"[""A04"", ""A09""]",deterministic-screen-only,not-adjudicated,anchors/rewrite-化学.jsonl:1
ca_5Y3xvJ49,化学,能举例说明至少两种基本化学实验技能在探究活动中的具体作用,具备基本的化学实验技能是学习化学和进行探究活动的基础和保证,20,"{""min"": ""G9"", ""max"": ""G9""}",ai-reviewed,"[""A04"", ""A08""]",deterministic-screen-only,not-adjudicated,anchors/rewrite-化学.jsonl:3
ca_CnAxTs2Q,化学,能从给出的几种物质中，识别出哪些是金属矿物,知道大多数金属在自然界中是以金属矿物形式存在的,26,"{""min"": ""G9"", ""max"": ""G9""}",ai-reviewed,"[""A04"", ""A08""]",deterministic-screen-only,not-adjudicated,anchors/rewrite-化学.jsonl:4
ca_7njgyMrj,化学,能针对一个具体的资源浪费或过度消耗现象，说出一种保护或节约该资源的合理措施,认识空气、水、金属矿物是宝贵的自然资源，形成保护和节约资源的可持续发展意识与社会责任。,27,"{""min"": ""G9"", ""max"": ""G9""}",ai-reviewed,"[""A04"", ""A08""]",deterministic-screen-only,not-adjudicated,anchors/rewrite-化学.jsonl:5
ca_Z5DfRE89,化学,能从《天工开物》的描述中，指出至少一项我国古代金属冶炼的具体成就,《天工开物》中对我国古代金属冶炼成就的描述,29,"{""min"": ""G7"", ""max"": ""G9""}",ai-reviewed,"[""A04""]",deterministic-screen-only,not-adjudicated,anchors/rewrite-化学.jsonl:6
ca_gDQVD4M9,化学,能列举两种由元素组成的常见物质（如水、二氧化碳），并指出其元素组成,认识物质是由元素组成的,30,"{""min"": ""G9"", ""max"": ""G9""}",ai-reviewed,"[""A04"", ""A08""]",deterministic-screen-only,not-adjudicated,anchors/rewrite-化学.jsonl:7
ca_UUdbyQzs,化学,能判断给定化学反应前后，反应物与生成物中元素种类是否一致,了解在化学反应中元素的种类是不变的,30,"{""min"": ""G9"", ""max"": ""G9""}",ai-reviewed,"[""A04"", ""A08""]",deterministic-screen-only,not-adjudicated,anchors/rewrite-化学.jsonl:8
ca_97wETXAC,化学,能用图示或语言描述原子核与核外电子在原子中的位置关系,认识原子是由原子核和核外电子构成的,30,"{""min"": ""G9"", ""max"": ""G9""}",ai-reviewed,"[""A04"", ""A08""]",deterministic-screen-only,not-adjudicated,anchors/rewrite-化学.jsonl:9
ca_yj7LiRq6,历史,能说出《黄帝内经》和扁鹊是战国至秦汉时期的医学成就,通过《黄帝内经》和名医扁鹊，了解这一时期的医学成就,19,"{""min"": ""G7"", ""max"": ""G9""}",ai-reviewed,"[""A04""]",deterministic-screen-only,not-adjudicated,anchors/rewrite-历史.jsonl:1
ca_2A3ebCA2,历史,能说出张仲景撰写了《伤寒杂病论》及其主要贡献,知道这一时期的重要文化和科技成就，如司马迁与《史记》、蔡伦与造纸术、张仲景与《伤寒杂病论》、华佗的故事等,20,"{""min"": ""G7"", ""max"": ""G9""}",ai-reviewed,"[""A04""]",deterministic-screen-only,not-adjudicated,anchors/rewrite-历史.jsonl:2
ca_TnfRrqVa,历史,能说出隋朝速亡和唐朝兴盛的至少两个具体原因,通过了解隋朝的兴亡、“贞观之治”与“开元盛世”，知道隋朝速亡和唐朝兴盛的原因,20,"{""min"": ""G7"", ""max"": ""G9""}",ai-reviewed,"[""A04"", ""A09""]",deterministic-screen-only,not-adjudicated,anchors/rewrite-历史.jsonl:3
ca_9N4Zq9q6,历史,能从文成公主入藏的史事中，举例说明其促进了唐蕃之间的民族交往,了解科举制度创建、大运河开通、文成公主入藏、鉴真东渡、玄奘西行等史事，从制度、经济、文学艺术、民族交往、中外文化交流等方面认识隋唐王朝在世界历史上的重要地位,20,"{""min"": ""G7"", ""max"": ""G9""}",ai-reviewed,"[""A04"", ""A08""]",deterministic-screen-only,not-adjudicated,anchors/rewrite-历史.jsonl:4
ca_NPg3y45G,历史,能说出鉴真东渡是唐朝中外文化交流的史事，并指出其目的地,了解科举制度创建、大运河开通、文成公主入藏、鉴真东渡、玄奘西行等史事，从制度、经济、文学艺术、民族交往、中外文化交流等方面认识隋唐王朝在世界历史上的重要地位,20,"{""min"": ""G7"", ""max"": ""G9""}",ai-reviewed,"[""A04"", ""A08""]",deterministic-screen-only,not-adjudicated,anchors/rewrite-历史.jsonl:5
ca_b5vgEyBF,历史,能说出玄奘西行与鉴真东渡两项史事的名称、目的与大致路线,了解科举制度创建、大运河开通、文成公主入藏、鉴真东渡、玄奘西行等史事，从制度、经济、文学艺术、民族交往、中外文化交流等方面认识隋唐王朝在世界历史上的重要地位,20,"{""min"": ""G7"", ""max"": ""G9""}",ai-reviewed,"[""A04"", ""A09""]",deterministic-screen-only,not-adjudicated,anchors/rewrite-历史.jsonl:6
ca_RVY72fr5,历史,能举例说明明清时期小说或戏曲繁荣的具体表现,通过了解小说、戏曲的繁荣，知道明清时期文学艺术的特色,21,"{""min"": ""G7"", ""max"": ""G9""}",ai-reviewed,"[""A04""]",deterministic-screen-only,not-adjudicated,anchors/rewrite-历史.jsonl:7
ca_EEmERJcv,历史,能列举出明末李自成起义、清中叶政治腐败、故步自封和19世纪国际局势这四项导致中国社会危机的因素,通过明末李自成起义，清中叶以来的政治腐败、故步自封和19世纪的国际局势，认识当时中国社会面临的严重危机,21,"{""min"": ""G7"", ""max"": ""G9""}",ai-reviewed,"[""A04""]",deterministic-screen-only,not-adjudicated,anchors/rewrite-历史.jsonl:8
ca_FW9UMUZU,历史,能指出中国近代史的起止年份及对应的标志性事件,中国近代史始于1840年鸦片战争，止于1949年中华人民共和国成立，重点叙述列强侵略中国，中国逐渐成为半殖民地半封建社会；中华民族对外反抗列强侵略，对内反对封建专制统治，最终由中国共产党团结带领全国各族人民实现了民族独立、人民解放，夺取了新民主主义革命的伟大胜利。,24,"{""min"": ""G7"", ""max"": ""G9""}",ai-reviewed,"[""A04"", ""A08""]",deterministic-screen-only,not-adjudicated,anchors/rewrite-历史.jsonl:9
ca_GE8TjkxW,历史,能列举19世纪70年代后列强对华侵略加剧的两个具体表现，并说明其如何加深了中华民族危机,19世纪中期，英、法等西方列强接连发动侵略中国的战争，中国的主权独立和领土完整不断遭到破坏，西方列强与中华民族的矛盾激化。19世纪70年代以后，列强对华侵略加剧，中华民族危机日益深重。,24,"{""min"": ""G7"", ""max"": ""G9""}",ai-reviewed,"[""A04""]",deterministic-screen-only,not-adjudicated,anchors/rewrite-历史.jsonl:10
ca_3uPzzvHd,历史,能列举出19世纪中期中国主权独立和领土完整遭到破坏的两个具体事例,中国的主权独立和领土完整不断遭到破坏,24,"{""min"": ""G7"", ""max"": ""G9""}",ai-reviewed,"[""A04""]",deterministic-screen-only,not-adjudicated,anchors/rewrite-历史.jsonl:11
ca_mELHKS5n,历史,能列举19世纪70年代以后列强对华侵略加剧的两个具体事例,19世纪70年代以后，列强对华侵略加剧,24,"{""min"": ""G7"", ""max"": ""G9""}",ai-reviewed,"[""A04""]",deterministic-screen-only,not-adjudicated,anchors/rewrite-历史.jsonl:12
ca_Cvut2mYR,历史,能用一句话向他人解释义和团运动爆发的核心原因,义和团运动是中国人民郁积多年反抗列强侵略义愤的总爆发,24,"{""min"": ""G7"", ""max"": ""G9""}",ai-reviewed,"[""A04"", ""A08""]",deterministic-screen-only,not-adjudicated,anchors/rewrite-历史.jsonl:13
ca_sUVVgNYS,历史,能说出九一八事变发生的时间、发动者及其影响,1931年日本帝国主义发动九一八事变，中华民族面临严重的民族危机，全国抗日救亡运动不断高涨。1937年日本帝国主义发动七七事变，以国共两党第二次合作为基础的中华民族全面抗战从此开始。中国共产党在抗战中发挥着中流砥柱的作用，中国战场也是世界反法西斯战争的东方主战场。中国人民经过浴血奋战，终于第一次取得了近代以来反抗外敌入侵的完全胜利。,25,"{""min"": ""G7"", ""max"": ""G9""}",ai-reviewed,"[""A04"", ""A08"", ""A09""]",deterministic-screen-only,not-adjudicated,anchors/rewrite-历史.jsonl:14
ca_jQc2Y5cH,历史,能说出七七事变发生的时间、发动者及其标志意义,1931年日本帝国主义发动九一八事变，中华民族面临严重的民族危机，全国抗日救亡运动不断高涨。1937年日本帝国主义发动七七事变，以国共两党第二次合作为基础的中华民族全面抗战从此开始。中国共产党在抗战中发挥着中流砥柱的作用，中国战场也是世界反法西斯战争的东方主战场。中国人民经过浴血奋战，终于第一次取得了近代以来反抗外敌入侵的完全胜利。,25,"{""min"": ""G7"", ""max"": ""G9""}",ai-reviewed,"[""A04"", ""A08"", ""A09""]",deterministic-screen-only,not-adjudicated,anchors/rewrite-历史.jsonl:15
ca_M2maVTMZ,历史,能说出京师大学堂的开办与废除科举制度是近代新式教育发展的两项主要史事,通过了解开办京师大学堂、废除科举制度等近代新式教育发展的主要史事,26,"{""min"": ""G7"", ""max"": ""G9""}",ai-reviewed,"[""A04""]",deterministic-screen-only,not-adjudicated,anchors/rewrite-历史.jsonl:16
ca_S8DuHj7z,历史,能说出陈独秀传播马克思主义是五四运动后中国共产党成立前的重要史事之一,通过了解五四运动的基本史事，理解五四精神的内涵，认识五四运动是中国新民主主义革命的开端；通过了解陈独秀、李大钊传播马克思主义和中国共产党第一次全国代表大会的召开等史事，认识中国共产党成立的历史意义。,26,"{""min"": ""G7"", ""max"": ""G9""}",disputed,"[""A02"", ""A04""]",deterministic-screen-only,not-adjudicated,anchors/rewrite-历史.jsonl:17
ca_LhSee5nH,历史,能列举李大钊在中国传播马克思主义的至少两件具体史事,通过了解五四运动的基本史事，理解五四精神的内涵，认识五四运动是中国新民主主义革命的开端；通过了解陈独秀、李大钊传播马克思主义和中国共产党第一次全国代表大会的召开等史事，认识中国共产党成立的历史意义。,26,"{""min"": ""G7"", ""max"": ""G9""}",ai-reviewed,"[""A04""]",deterministic-screen-only,not-adjudicated,anchors/rewrite-历史.jsonl:18
ca_4HcGVVad,历史,能说出中共一大召开的时间、地点和主要参会者,通过了解五四运动的基本史事，理解五四精神的内涵，认识五四运动是中国新民主主义革命的开端；通过了解陈独秀、李大钊传播马克思主义和中国共产党第一次全国代表大会的召开等史事，认识中国共产党成立的历史意义。,26,"{""min"": ""G7"", ""max"": ""G9""}",ai-reviewed,"[""A04"", ""A08"", ""A09""]",deterministic-screen-only,not-adjudicated,anchors/rewrite-历史.jsonl:19
ca_RQJSwUHZ,地理,能结合地球仪演示地球自西向东的自转方向,说出地球的自转方向、周期。,16,"{""min"": ""G7"", ""max"": ""G9""}",ai-reviewed,"[""A04""]",deterministic-screen-only,not-adjudicated,anchors/rewrite-地理.jsonl:2
ca_kfR8FRKS,地理,能用地球仪演示地球自转的方向和周期,说出地球的自转方向、周期。,16,"{""min"": ""G7"", ""max"": ""G9""}",ai-reviewed,"[""A04""]",deterministic-screen-only,not-adjudicated,anchors/rewrite-地理.jsonl:3
ca_3gBpq7uF,地理,能举例说明地球自转对人们生产生活造成时差的具体表现,结合实例，说出地球自转产生的主要自然现象及其对人们生产生活的影响,16,"{""min"": ""G7"", ""max"": ""G9""}",ai-reviewed,"[""A04"", ""A08""]",deterministic-screen-only,not-adjudicated,anchors/rewrite-地理.jsonl:4
ca_GjSef3BV,地理,能使用地球仪或软件，演示地球公转的方向和周期,运用模型或软件，演示地球的公转运动，说出地球的公转方向、周期。,17,"{""min"": ""G7"", ""max"": ""G9""}",ai-reviewed,"[""A04"", ""A08""]",deterministic-screen-only,not-adjudicated,anchors/rewrite-地理.jsonl:5
ca_zgEvt74G,地理,能在地图上指出钓鱼岛及其附属岛屿的位置，并说明其是中国固有领土,运用地图，描述中国的地理位置与疆域特征，说明南海诸岛是中国领土的组成部分，钓鱼岛及其附属岛屿是中国固有领土，增强国家版图意识与海洋权益意识。,23,"{""min"": ""G7"", ""max"": ""G9""}",ai-reviewed,"[""A04"", ""A08"", ""A09""]",deterministic-screen-only,not-adjudicated,anchors/rewrite-地理.jsonl:6
ca_WtgmJpEU,地理,能根据定义，从一组图片或描述中识别出湿地,湿地通常是指地表过湿或经常积水、生长湿地生物的地区。,30,"{""min"": ""G7"", ""max"": ""G9""}",ai-reviewed,"[""A04"", ""A08""]",deterministic-screen-only,not-adjudicated,anchors/rewrite-地理.jsonl:7
ca_azkVrdRV,地理,能结合定义，说出湿地公园的生态基础和三个主要功能主题,湿地公园是以湿地良好的生态环境和多样化湿地景观资源为基础，以湿地的科普宣教、湿地功能利用、弘扬湿地文化等为主题的生态型主题公园。,30,"{""min"": ""G7"", ""max"": ""G9""}",ai-reviewed,"[""A04"", ""A09""]",deterministic-screen-only,not-adjudicated,anchors/rewrite-地理.jsonl:8
ca_eMnST7ZV,地理,能说出家乡地理环境的两个主要特征及其对人们社会生活的一个具体影响,一是调查家乡的地理环境及人们的社会生活,34,"{""min"": ""G7"", ""max"": ""G9""}",ai-reviewed,"[""A04""]",deterministic-screen-only,not-adjudicated,anchors/rewrite-地理.jsonl:9
ca_r4hvyjyX,数学,能用加法算式表示一个乘法算式所对应的连加运算,乘法是加法的简便运算,26,"{""min"": ""G1"", ""max"": ""G2""}",ai-reviewed,"[""A04"", ""A08""]",deterministic-screen-only,not-adjudicated,anchors/rewrite-数学.jsonl:1
ca_kwyViDAz,数学,能用一个乘法算式解释对应的除法算式,除法是乘法的逆运算,26,"{""min"": ""G1"", ""max"": ""G2""}",ai-reviewed,"[""A04"", ""A08""]",deterministic-screen-only,not-adjudicated,anchors/rewrite-数学.jsonl:2
ca_JBPnXs7s,数学,能准确指出两个已知点，并说出连接它们的线段长度就是这两点间的距离,感知线段长度与两点间距离的关系,38,"{""min"": ""G3"", ""max"": ""G4""}",ai-reviewed,"[""A04""]",deterministic-screen-only,not-adjudicated,anchors/rewrite-数学.jsonl:3
ca_bQQ8xxF2,数学,能举例说明圆的周长与直径之比的恒定性,了解圆的周长与其直径之比是一个定值,40,"{""min"": ""G5"", ""max"": ""G6""}",ai-reviewed,"[""A04"", ""A08""]",deterministic-screen-only,not-adjudicated,anchors/rewrite-数学.jsonl:4
ca_ydqijQaz,数学,能判断一组数据的平均数是否在最大数与最小数之间,知道平均数是介于最大数与最小数之间的数,45,"{""min"": ""G3"", ""max"": ""G4""}",ai-reviewed,"[""A04""]",deterministic-screen-only,not-adjudicated,anchors/rewrite-数学.jsonl:5
ca_i85sHjxW,数学,能从多个统计图中，指出使用条形统计图来表达数量多少的实例,知道条形统计图的主要功能是表达数量的多少,46,"{""min"": ""G5"", ""max"": ""G6""}",ai-reviewed,"[""A04""]",deterministic-screen-only,not-adjudicated,anchors/rewrite-数学.jsonl:6
ca_FTnQUjww,数学,能举出两个生活中的随机现象，并说明它们可能发生也可能不发生,感知随机现象的基本特征，可能发生也可能不发生,48,"{""min"": ""G5"", ""max"": ""G6""}",ai-reviewed,"[""A04"", ""A08""]",deterministic-screen-only,not-adjudicated,anchors/rewrite-数学.jsonl:7
ca_jQVMHu9D,数学,能举出两个随机现象的例子，并说明哪个发生的可能性更大,让学生感知，许多随机现象发生可能性的大小是可以预测的,48,"{""min"": ""G5"", ""max"": ""G6""}",ai-reviewed,"[""A04"", ""A08"", ""A09""]",deterministic-screen-only,not-adjudicated,anchors/rewrite-数学.jsonl:8
ca_WgCehUEC,数学,能说出第一类主题活动的名称，并说明其核心特征是融入数学知识学习,主题活动分为两类：第一类，融入数学知识学习的主题活动。,49,"{""min"": ""G1"", ""max"": ""G2""}",disputed,"[""A02"", ""A04"", ""A09""]",deterministic-screen-only,not-adjudicated,anchors/rewrite-数学.jsonl:9
ca_E5xPj8rt,数学,能举出一个借助日常用品进行度量的例子，并说明度量的是什么,知道最初的度量方法都是借助日常用品,54,"{""min"": ""G3"", ""max"": ""G4""}",ai-reviewed,"[""A04"", ""A08""]",deterministic-screen-only,not-adjudicated,anchors/rewrite-数学.jsonl:10
ca_e5SbNrA5,数学,能举例说明度量的本质是表达量的多少,了解最初的度量方法都是借助日常用品，理解度量的本质就是表达量的多少，知道计量单位是人为规定的；了解计量单位的发展历史，知道科学发展与度量精确的关系；在教师指导下，能对不同的量进行分类、整理、比较，丰富并发展量感。,55,"{""min"": ""G3"", ""max"": ""G4""}",ai-reviewed,"[""A04""]",deterministic-screen-only,not-adjudicated,anchors/rewrite-数学.jsonl:11
ca_NE8NnHya,数学,能举例说明至少两种计量单位（如长度、质量）是人为规定的，并解释其规定方式,了解最初的度量方法都是借助日常用品，理解度量的本质就是表达量的多少，知道计量单位是人为规定的；了解计量单位的发展历史，知道科学发展与度量精确的关系；在教师指导下，能对不同的量进行分类、整理、比较，丰富并发展量感。,55,"{""min"": ""G3"", ""max"": ""G4""}",ai-reviewed,"[""A04"", ""A09""]",deterministic-screen-only,not-adjudicated,anchors/rewrite-数学.jsonl:12
ca_uHD2N9is,数学,能举例说明数与代数如何支撑其他数学知识的学习,数与代数是数学知识体系的基础之一,60,"{""min"": ""G5"", ""max"": ""G6""}",ai-reviewed,"[""A04"", ""A08""]",deterministic-screen-only,not-adjudicated,anchors/rewrite-数学.jsonl:13
ca_qikVHL75,数学,能正确描述一次函数 y = kx + b 在 k>0 与 k<0 时，图象在坐标系中的上升与下降趋势,探索并理解 k > 0 和 k < 0 时图象的变化情况,64,"{""min"": ""G7"", ""max"": ""G9""}",ai-reviewed,"[""A04""]",deterministic-screen-only,not-adjudicated,anchors/rewrite-数学.jsonl:14
ca_nCRdhiKP,数学,能根据 k 的正负，画出反比例函数 y=k/x 的大致图象，并指出其所在象限,知道当 k>0 和 k<0 时反比例函数 y=k/x (k≠0) 图象的整体特征,68,"{""min"": ""G7"", ""max"": ""G9""}",ai-reviewed,"[""A04"", ""A08""]",deterministic-screen-only,not-adjudicated,anchors/rewrite-数学.jsonl:15
ca_wpQJXaLk,数学,能从给定的现实问题中，识别并写出对应的方程或不等式,知道方程或不等式是现实问题中含有未知数的等量关系或不等关系的数学表达,69,"{""min"": ""G7"", ""max"": ""G9""}",ai-reviewed,"[""A04"", ""A08""]",deterministic-screen-only,not-adjudicated,anchors/rewrite-数学.jsonl:16
ca_curGQJ5b,数学,能根据给定条件（如三个角相等或一个角为60°的等腰三角形）判定一个三角形是否为等边三角形，并说明理由,探索等边三角形的判定定理：三个角都相等的三角形（或有一个角是60°的等腰三角形）是等边三角形。,72,"{""min"": ""G7"", ""max"": ""G9""}",ai-reviewed,"[""A04"", ""A08""]",deterministic-screen-only,not-adjudicated,anchors/rewrite-数学.jsonl:17
ca_MuNguAY3,数学,能通过计算两个锐角的和是否为90度，判定一个三角形是否为直角三角形,掌握有两个角互余的三角形是直角三角形,73,"{""min"": ""G7"", ""max"": ""G9""}",ai-reviewed,"[""A04"", ""A08""]",deterministic-screen-only,not-adjudicated,anchors/rewrite-数学.jsonl:18
ca_MYtgfxW4,数学,能指出矩形中任意一个角并说明它是直角,探索并证明矩形、菱形的性质定理：矩形的四个角都是直角,73,"{""min"": ""G7"", ""max"": ""G9""}",ai-reviewed,"[""A04"", ""A08""]",deterministic-screen-only,not-adjudicated,anchors/rewrite-数学.jsonl:19
ca_Vbi4kGKF,数学,能指出给定圆中直径所对的圆周角并说明其度数,直径所对的圆周角是直角,74,"{""min"": ""G7"", ""max"": ""G9""}",ai-reviewed,"[""A04"", ""A08"", ""A09""]",deterministic-screen-only,not-adjudicated,anchors/rewrite-数学.jsonl:20
ca_2mKMEG42,数学,能在几何图形中识别出90°圆周角所对的弦，并判断该弦是否为直径,90°的圆周角所对的弦是直径,74,"{""min"": ""G7"", ""max"": ""G9""}",ai-reviewed,"[""A04"", ""A08""]",deterministic-screen-only,not-adjudicated,anchors/rewrite-数学.jsonl:21
ca_yNQm93sv,数学,能举例说明平面直角坐标系如何将一个几何图形（如三角形）的顶点位置用坐标表示出来,平面直角坐标系是数轴的拓展，是沟通几何与代数的桥梁,80,"{""min"": ""G7"", ""max"": ""G9""}",ai-reviewed,"[""A04"", ""A08""]",deterministic-screen-only,not-adjudicated,anchors/rewrite-数学.jsonl:22
ca_L5zx25rS,数学,能举出两个例子，说明其中发生的可能性大小不同，并用概率数值或语言描述其大小,理解概率是对随机事件发生可能性大小的度量,83,"{""min"": ""G7"", ""max"": ""G9""}",ai-reviewed,"[""A04"", ""A08"", ""A09""]",deterministic-screen-only,not-adjudicated,anchors/rewrite-数学.jsonl:23
ca_ae9wCC9P,数学,能列举一个简单随机事件，并说明其所有可能结果的个数是有限的且每个结果发生的概率相等,类简单的随机事件，其所有可能发生结果的个数是有限的，每个可能结果发生的概率是相等的,84,"{""min"": ""G7"", ""max"": ""G9""}",ai-reviewed,"[""A04""]",deterministic-screen-only,not-adjudicated,anchors/rewrite-数学.jsonl:24
ca_4beZFVHx,物理,能写出电磁波在真空中的传播速度，并正确指出其数值的单位,知道电磁波在真空中的传播速度。,25,"{""min"": ""G8"", ""max"": ""G9""}",ai-reviewed,"[""A04"", ""A08""]",deterministic-screen-only,not-adjudicated,anchors/rewrite-物理.jsonl:1
ca_Qvk9kRLF,物理,能举例说明物理学如何描述与解释一个具体的自然现象,知道物理学是对相关自然现象的描述与解释，物理学研究需要观察、实验和推理,26,"{""min"": ""G8"", ""max"": ""G9""}",ai-reviewed,"[""A04""]",deterministic-screen-only,not-adjudicated,anchors/rewrite-物理.jsonl:2
ca_gFFKP4xB,物理,能识别给定描述中的匀速直线运动、杠杆或光线是否被用作物理模型,知道匀速直线运动、杠杆、光线等物理模型,26,"{""min"": ""G8"", ""max"": ""G9""}",ai-reviewed,"[""A04"", ""A09""]",deterministic-screen-only,not-adjudicated,anchors/rewrite-物理.jsonl:3
ca_RD8CrGEL,物理,能指出牛顿第一定律描述了物体在不受外力时的运动状态,在探究力的作用效果、牛顿第一定律、压强大小的影响因素、声音的产生和传播条件、光的传播规律、电和磁的相互作用等学习活动中,27,"{""min"": ""G8"", ""max"": ""G9""}",ai-reviewed,"[""A04""]",deterministic-screen-only,not-adjudicated,anchors/rewrite-物理.jsonl:4
ca_WtYc88Su,物理,"能说明家庭电路电压是220V,并指出在电路操作前应断开总开关的原因",例3 了解我国家庭用电的电压和频率，在家庭用电中有保护自己和他人的安全意识。,31,"{""min"": ""G8"", ""max"": ""G9""}",ai-reviewed,"[""A04"", ""A08""]",deterministic-screen-only,not-adjudicated,anchors/rewrite-物理.jsonl:5
ca_MihFEYR2,物理,能说明家庭电路频率对常用电器工作的影响,例3 了解我国家庭用电的电压和频率，在家庭用电中有保护自己和他人的安全意识。,31,"{""min"": ""G8"", ""max"": ""G9""}",ai-reviewed,"[""A04"", ""A08""]",deterministic-screen-only,not-adjudicated,anchors/rewrite-物理.jsonl:6
ca_gAPtyVLw,物理,能结合生活实例，解释为什么能量的利用效率无法达到100%,知道能量的利用存在效率问题，100%的能量利用率只是一种理想情况,33,"{""min"": ""G8"", ""max"": ""G9""}",ai-reviewed,"[""A04"", ""A08""]",deterministic-screen-only,not-adjudicated,anchors/rewrite-物理.jsonl:7
ca_gZ7cAsHi,物理,能说出至少一个物理发现是如何同时依赖观察和实验的实例,能初步体会物理研究是建立在观察和实验基础上的创造性工作,38,"{""min"": ""G8"", ""max"": ""G9""}",ai-reviewed,"[""A04""]",deterministic-screen-only,not-adjudicated,anchors/rewrite-物理.jsonl:8
ca_penXUKR5,生物学,能举例说出两个具体生物体并指出其基本单位是细胞,1.1 细胞是生物体结构和功能的基本单位,16,"{""min"": ""G7"", ""max"": ""G9""}",ai-reviewed,"[""A04""]",deterministic-screen-only,not-adjudicated,anchors/rewrite-生物学.jsonl:1
ca_ECMKMbG6,生物学,能举例说明细胞核在遗传中的作用,1.1.5 细胞核是遗传信息库,16,"{""min"": ""G7"", ""max"": ""G9""}",ai-reviewed,"[""A04"", ""A08""]",deterministic-screen-only,not-adjudicated,anchors/rewrite-生物学.jsonl:2
ca_85GJgjhy,生物学,能举出一种生物的实例，指出其不同结构层次并解释功能与结构的关系,识别给定生物材料所属的结构层次，并阐明生物体在结构和功能上是一个有机整体。,17,"{""min"": ""G7"", ""max"": ""G9""}",ai-reviewed,"[""A04""]",deterministic-screen-only,not-adjudicated,anchors/rewrite-生物学.jsonl:3
ca_H243SMZ7,生物学,能举例说出至少两项与细胞研究有关的科学研究成果,与细胞研究有关的科学研究成果，如克隆羊“多莉”、克隆猴“中中”“华华”等,18,"{""min"": ""G7"", ""max"": ""G9""}",ai-reviewed,"[""A04"", ""A08""]",deterministic-screen-only,not-adjudicated,anchors/rewrite-生物学.jsonl:4
ca_dz7mEv3g,生物学,"能举出至少两项与细胞研究有关的科学研究成果，如克隆羊""多莉""或克隆猴""中中""""华华""",与细胞研究有关的科学研究成果，如克隆羊“多莉”、克隆猴“中中”“华华”等,18,"{""min"": ""G7"", ""max"": ""G9""}",ai-reviewed,"[""A04""]",deterministic-screen-only,not-adjudicated,anchors/rewrite-生物学.jsonl:5
ca_qRFEg2TF,生物学,能指出藻类结构简单且能进行光合作用的两个特征,藻类是能够进行光合作用的结构简单的生物,19,"{""min"": ""G7"", ""max"": ""G9""}",ai-reviewed,"[""A04""]",deterministic-screen-only,not-adjudicated,anchors/rewrite-生物学.jsonl:6
ca_83CxGWTm,生物学,能举例说明真菌是单细胞或多细胞生物，并指出其细胞核的形态特征,真菌是单细胞或多细胞生物，有成形的细胞核,19,"{""min"": ""G7"", ""max"": ""G9""}",ai-reviewed,"[""A04"", ""A08""]",deterministic-screen-only,not-adjudicated,anchors/rewrite-生物学.jsonl:7
ca_p6JHv75S,生物学,能举例说明生物圈包含森林、海洋等至少两种生态系统,3.1.6 生物圈是包含多种类型生态系统的最大生态系统,22,"{""min"": ""G7"", ""max"": ""G9""}",ai-reviewed,"[""A04"", ""A08""]",deterministic-screen-only,not-adjudicated,anchors/rewrite-生物学.jsonl:8
ca_Dw3T8efX,生物学,能指出花的结构图中雄蕊和雌蕊的位置并说明其功能,花中最重要的结构是雄蕊和雌蕊,24,"{""min"": ""G7"", ""max"": ""G9""}",ai-reviewed,"[""A04"", ""A08"", ""A09""]",deterministic-screen-only,not-adjudicated,anchors/rewrite-生物学.jsonl:9
ca_xXrhPE4z,生物学,能说出呼吸系统由哪两部分构成，并说明其主要功能,5.3.1 呼吸系统由呼吸道和肺构成，其主要功能是从大气中摄取代谢所需要的氧气，排出代谢产生的二氧化碳,28,"{""min"": ""G7"", ""max"": ""G9""}",ai-reviewed,"[""A04""]",deterministic-screen-only,not-adjudicated,anchors/rewrite-生物学.jsonl:10
ca_26kDMmyV,生物学,能用模型或图示说明骨骼肌、骨和关节在运动中的协作关系,5.5.3 人体的运动是在神经系统支配下，由肌肉牵拉着骨围绕关节进行的,28,"{""min"": ""G7"", ""max"": ""G9""}",ai-reviewed,"[""A04"", ""A08""]",deterministic-screen-only,not-adjudicated,anchors/rewrite-生物学.jsonl:11
ca_WUdm8HWV,生物学,能列举出至少两种不同类型的传染病（如寄生虫病、细菌性传染病、病毒性传染病）并说明它们对人体健康的威胁,6.1.2 常见的寄生虫病（如血吸虫病、肠道蠕虫病等）、细菌性传染病（如淋病）、病毒性传染病（如严重急性呼吸综合征、新型冠状病毒肺炎、艾滋病、乙型肝炎、丙型肝炎等）是人体健康的威胁,29,"{""min"": ""G7"", ""max"": ""G9""}",ai-reviewed,"[""A04"", ""A08"", ""A09""]",deterministic-screen-only,not-adjudicated,anchors/rewrite-生物学.jsonl:12
ca_yQRt3Kx3,生物学,能说出至少一条证明DNA是遗传物质的实验证据,7.2.1 DNA是主要的遗传物质,33,"{""min"": ""G7"", ""max"": ""G9""}",ai-reviewed,"[""A04"", ""A08""]",deterministic-screen-only,not-adjudicated,anchors/rewrite-生物学.jsonl:13
ca_TUPLCCfP,生物学,能通过分析家庭成员的染色体组成，判断某成员的性别,7.2.3 基因位于染色体上，人的性别是由性染色体的组成决定的,33,"{""min"": ""G7"", ""max"": ""G9""}",ai-reviewed,"[""A04"", ""A08""]",deterministic-screen-only,not-adjudicated,anchors/rewrite-生物学.jsonl:14
ca_2s2EK3ud,生物学,能举例说明基因组成和环境如何共同决定生物的某一性状,7.2.4 生物的性状是由基因组成和环境共同决定的,33,"{""min"": ""G7"", ""max"": ""G9""}",ai-reviewed,"[""A04""]",deterministic-screen-only,not-adjudicated,anchors/rewrite-生物学.jsonl:15
ca_GbENFZna,生物学,能指出至少两条具体的化石证据，并说明它们分别支持了哪种生物进化关系,8.1.2 化石记录是生物进化的直接证据,33,"{""min"": ""G7"", ""max"": ""G9""}",ai-reviewed,"[""A04"", ""A08""]",deterministic-screen-only,not-adjudicated,anchors/rewrite-生物学.jsonl:16
ca_AzJnvFQg,生物学,能用具体生物实例说明自然选择如何导致生物多样性,8.2 多种多样的生物是经过自然选择长期进化的结果,33,"{""min"": ""G7"", ""max"": ""G9""}",ai-reviewed,"[""A04"", ""A08""]",deterministic-screen-only,not-adjudicated,anchors/rewrite-生物学.jsonl:17
ca_iMLR8kt4,科学,能说出空气与水对人类生活和生产活动的两项重要用途,1.2 空气与水是重要的物质,24,"{""min"": ""G1"", ""max"": ""G6""}",ai-reviewed,"[""A04"", ""A06"", ""A08""]",deterministic-screen-only,not-adjudicated,anchors/rewrite-科学.jsonl:2
ca_9cBjrFLv,科学,能判断一个具体实例中，力是否是导致物体运动状态改变的原因,3.1 力是改变物体运动状态的原因,24,"{""min"": ""G1"", ""max"": ""G6""}",ai-reviewed,"[""A04"", ""A06""]",deterministic-screen-only,not-adjudicated,anchors/rewrite-科学.jsonl:3
ca_qXYgQ24V,科学,能举例说明至少两种生物体的结构或生命活动依赖于细胞,5.3 细胞是生物体结构与生命活动的基本单位,25,"{""min"": ""G1"", ""max"": ""G6""}",ai-reviewed,"[""A04"", ""A06"", ""A08""]",deterministic-screen-only,not-adjudicated,anchors/rewrite-科学.jsonl:4
ca_PEJuSJi2,科学,能说出人的生命起点是受精卵，并指出其在母体内的发育场所,8.3 人的生命是从受精卵开始的,25,"{""min"": ""G1"", ""max"": ""G6""}",ai-reviewed,"[""A04"", ""A06"", ""A08""]",deterministic-screen-only,not-adjudicated,anchors/rewrite-科学.jsonl:5
ca_WybTdveM,科学,能通过感官描述空气的物理性质，如颜色和气味,认识空气是无色、无味的气体。,26,"{""min"": ""G1"", ""max"": ""G2""}",ai-reviewed,"[""A04"", ""A08"", ""A09""]",deterministic-screen-only,not-adjudicated,anchors/rewrite-科学.jsonl:6
ca_qniq5VnE,科学,能列举出至少两种生活中形成风的方法，并说明其原理,⑥知道风是一种空气流动的现象，列举生活中常见的形成风的一些方法。,27,"{""min"": ""G3"", ""max"": ""G4""}",ai-reviewed,"[""A04"", ""A08""]",deterministic-screen-only,not-adjudicated,anchors/rewrite-科学.jsonl:7
ca_xZWyEG45,科学,能列举空气中两种主要成分并说明它们分别约占空气体积的百分比,知道空气是一种混合物以及它的主要成分。,31,"{""min"": ""G5"", ""max"": ""G6""}",ai-reviewed,"[""A04"", ""A08""]",deterministic-screen-only,not-adjudicated,anchors/rewrite-科学.jsonl:8
ca_UZTEv9jY,科学,能举例说出三种物质及其构成的微观粒子类型,知道已知的绝大多数物质是由分子、原子、离子等微观粒子构成的，,31,"{""min"": ""G7"", ""max"": ""G9""}",ai-reviewed,"[""A04"", ""A08""]",deterministic-screen-only,not-adjudicated,anchors/rewrite-科学.jsonl:9
ca_NS7Fzf83,科学,能判断给定的变化是否属于物理变化，并说明理由,物理变化是物质的状态发生了改变，没有新物质生成,35,"{""min"": ""G1"", ""max"": ""G6""}",ai-reviewed,"[""A04"", ""A06"", ""A08""]",deterministic-screen-only,not-adjudicated,anchors/rewrite-科学.jsonl:10
ca_xryQqMe6,科学,能举例说明一个化学变化中物质性质的改变和新物质的生成,化学变化是物质的性质发生了改变，有新物质生成,35,"{""min"": ""G1"", ""max"": ""G6""}",ai-reviewed,"[""A04"", ""A06""]",deterministic-screen-only,not-adjudicated,anchors/rewrite-科学.jsonl:11
ca_tZU9baHQ,科学,能用图示或文字描述一个化学反应中，反应物原子如何重新组合生成新物质,化学变化通过化学反应得以实现，其实质是原子的重新组合,35,"{""min"": ""G7"", ""max"": ""G9""}",ai-reviewed,"[""A04"", ""A08""]",deterministic-screen-only,not-adjudicated,anchors/rewrite-科学.jsonl:12
ca_nCCmJWwZ,科学,能通过对比实验，说明搅拌和温度高低对物质在水中溶解快慢的影响,④知道是否搅拌和温度高低是影响物质在水中溶解快慢的常见因素。,36,"{""min"": ""G3"", ""max"": ""G4""}",ai-reviewed,"[""A04"", ""A09""]",deterministic-screen-only,not-adjudicated,anchors/rewrite-科学.jsonl:13
ca_UAijUvVR,科学,能举例说明推力和拉力如何改变物体的形状,②知道推力和拉力是常见的力，力可以使物体的形状发生改变。,42,"{""min"": ""G1"", ""max"": ""G2""}",ai-reviewed,"[""A04""]",deterministic-screen-only,not-adjudicated,anchors/rewrite-科学.jsonl:14
ca_UaYwYmKY,科学,能列举出两个以上缺少任一必要元件就无法工作的电路实例,⑦知道电源、导线、用电器和开关是构成电路的必要元件；说明形成电路的条件，切断闭合回路是控制电流的一种方法。,42,"{""min"": ""G3"", ""max"": ""G4""}",ai-reviewed,"[""A04"", ""A08""]",deterministic-screen-only,not-adjudicated,anchors/rewrite-科学.jsonl:15
ca_FTrXfVtx,科学,能举例说明相互作用是导致物体形变或运动状态变化的原因,相互作用是物体发生形变或发生运动状态变化的原因,48,"{""min"": ""G7"", ""max"": ""G9""}",ai-reviewed,"[""A04""]",deterministic-screen-only,not-adjudicated,anchors/rewrite-科学.jsonl:16
ca_3eQdJUVn,科学,能举例说明至少两种生物体（如植物、动物）的基本结构单位是细胞,知道细胞是生物体的基本结构单位。,57,"{""min"": ""G5"", ""max"": ""G6""}",ai-reviewed,"[""A04"", ""A09""]",deterministic-screen-only,not-adjudicated,anchors/rewrite-科学.jsonl:17
ca_W78UJjaF,科学,能举例说明判断某一区域内的某类生物是否构成一个种群,⑳知道种群是由一定区域内同种生物的所有个体组成的。,59,"{""min"": ""G7"", ""max"": ""G9""}",ai-reviewed,"[""A04"", ""A08""]",deterministic-screen-only,not-adjudicated,anchors/rewrite-科学.jsonl:18
ca_4gHnNEPy,科学,能说出至少两种依据食物类型进行的动物分类，并举例说明,利用动物图片进行分类（如根据动物获取的食物将动物进行分类）,62,"{""min"": ""G3"", ""max"": ""G4""}",ai-reviewed,"[""A04""]",deterministic-screen-only,not-adjudicated,anchors/rewrite-科学.jsonl:19
ca_dXThj42G,科学,能说出当地至少三种主要的经济作物、观赏植物和珍稀植物的名称,调查当地主要的经济作物、观赏植物和珍稀植物,62,"{""min"": ""G3"", ""max"": ""G4""}",ai-reviewed,"[""A04"", ""A09""]",deterministic-screen-only,not-adjudicated,anchors/rewrite-科学.jsonl:20
ca_8arcytcv,科学,能列举出当地近年来新出现的至少两种食用植物品种名称,调查当地近年来新出现的食用植物品种,62,"{""min"": ""G3"", ""max"": ""G4""}",ai-reviewed,"[""A04""]",deterministic-screen-only,not-adjudicated,anchors/rewrite-科学.jsonl:21
ca_m5BPrBNe,科学,能针对某一城市，列举出其行道树树种变化的两个具体实例，并说明其背后的一个可能原因,调查各地行道树树种的变化及其背后的原因,62,"{""min"": ""G5"", ""max"": ""G6""}",ai-reviewed,"[""A04"", ""A09""]",deterministic-screen-only,not-adjudicated,anchors/rewrite-科学.jsonl:22
ca_GDSEwR8h,科学,能指出生物体系统在维持稳态时，同时进行物质循环、能量流动和信息交流反馈的具体实例,生物体是一个在内部和外部不断进行物质循环、能量流动和信息交流与反馈的开放系统，能通过自我调节机制维持稳态。,63,"{""min"": ""G7"", ""max"": ""G9""}",ai-reviewed,"[""A04"", ""A08"", ""A09""]",deterministic-screen-only,not-adjudicated,anchors/rewrite-科学.jsonl:23
ca_NQSVFNpn,科学,能描述至少两种所观察到的动物取食行为或争斗行为的具体表现,7～9年级：观察动物取食、争斗等行为,72,"{""min"": ""G7"", ""max"": ""G9""}",ai-reviewed,"[""A04""]",deterministic-screen-only,not-adjudicated,anchors/rewrite-科学.jsonl:24
ca_BTKvtAkq,科学,能描述蚯蚓对光刺激和热刺激的反应行为,7～9年级：观察蚯蚓对刺激（如光、热）的反应,72,"{""min"": ""G7"", ""max"": ""G9""}",ai-reviewed,"[""A04""]",deterministic-screen-only,not-adjudicated,anchors/rewrite-科学.jsonl:25
ca_Waqk7QJN,科学,能描述蚂蚁（或蜜蜂）社群中不同成员的分工或行为特点,7～9年级：观察蚂蚁（或蜜蜂）的社群行为,72,"{""min"": ""G7"", ""max"": ""G9""}",ai-reviewed,"[""A04""]",deterministic-screen-only,not-adjudicated,anchors/rewrite-科学.jsonl:26
ca_ARmxnb6Y,科学,能描述鸟类筑巢与育雏、迁徙行为的至少两个具体特征,7～9年级：观察鸟类的筑巢与育雏、迁徙行为,72,"{""min"": ""G7"", ""max"": ""G9""}",ai-reviewed,"[""A04"", ""A09""]",deterministic-screen-only,not-adjudicated,anchors/rewrite-科学.jsonl:27
ca_kZdmambs,科学,能指出图示中叶芽发育成枝条的对应关系,知道枝条和叶都是由叶芽发育而来的。,75,"{""min"": ""G7"", ""max"": ""G9""}",ai-reviewed,"[""A04"", ""A08""]",deterministic-screen-only,not-adjudicated,anchors/rewrite-科学.jsonl:28
ca_XUMJwfwU,科学,能用一段话说明太阳系在银河系中的位置,地球是太阳系中的一颗行星，地球和月球组成地月系，太阳、绕太阳运转的行星及其卫星和各类小天体组成太阳系，太阳是银河系中的一颗普通恒星，银河系是宇宙中的一个普通星系。,79,"{""min"": ""G1"", ""max"": ""G9""}",ai-reviewed,"[""A04"", ""A06"", ""A08""]",deterministic-screen-only,not-adjudicated,anchors/rewrite-科学.jsonl:29
ca_inSiWYy2,科学,能连续描述至少三天月亮形状的变化趋势,③知道每天观察到的月亮形状是变化的。,80,"{""min"": ""G1"", ""max"": ""G2""}",ai-reviewed,"[""A04"", ""A08""]",deterministic-screen-only,not-adjudicated,anchors/rewrite-科学.jsonl:30
ca_76AhhG9F,科学,能指出地球在太阳系示意图中的位置，并说出太阳系中另外两颗行星的名称,①知道地球是一个球体，是太阳系中的一颗行星，太阳系有八颗行星。,80,"{""min"": ""G3"", ""max"": ""G4""}",ai-reviewed,"[""A04"", ""A08""]",deterministic-screen-only,not-adjudicated,anchors/rewrite-科学.jsonl:31
ca_Cyr2GPAb,科学,能指出或描述月球表面的一个显著特征（如环形山、月海等）,③知道月球是地球的天然卫星；通过望远镜观察或利用图片资料，了解月球表面的概况。,80,"{""min"": ""G3"", ""max"": ""G4""}",ai-reviewed,"[""A04"", ""A08""]",deterministic-screen-only,not-adjudicated,anchors/rewrite-科学.jsonl:32
ca_2UVFEMyv,科学,能用至少两个具体例子说明太阳系、银河系或宇宙是动态演化的,初步形成太阳系、银河系、宇宙动态演化的思想,83,"{""min"": ""G7"", ""max"": ""G9""}",ai-reviewed,"[""A04"", ""A09""]",deterministic-screen-only,not-adjudicated,anchors/rewrite-科学.jsonl:33
ca_gBE67izk,科学,能操作三球仪，演示出地球绕太阳公转、月球绕地球公转的相对运动,7～9年级：利用三球仪模拟地球、月球和太阳的相对运动,84,"{""min"": ""G7"", ""max"": ""G9""}",ai-reviewed,"[""A04"", ""A09""]",deterministic-screen-only,not-adjudicated,anchors/rewrite-科学.jsonl:34
ca_vRCKBuX3,科学,能举例说明流水和地壳运动各自如何塑造地表形态,大气运动形成了天气和气候现象，岩石风化形成了土壤，流水和地壳运动是塑造地表形态的重要力量。,85,"{""min"": ""G1"", ""max"": ""G6""}",ai-reviewed,"[""A04"", ""A06"", ""A09""]",deterministic-screen-only,not-adjudicated,anchors/rewrite-科学.jsonl:35
ca_RnSnMBnH,科学,能从图片或实物中指出至少两块不同的岩石，并说明它们属于岩石而非矿物,③知道地球表面覆盖着岩石，岩石是由矿物组成的；,86,"{""min"": ""G5"", ""max"": ""G6""}",ai-reviewed,"[""A04"", ""A08""]",deterministic-screen-only,not-adjudicated,anchors/rewrite-科学.jsonl:36
ca_J3twmwjv,科学,能用一句话解释火山喷发和地震的共同成因,④知道火山喷发和地震是地球内部能量集中释放产生的自然现象。,86,"{""min"": ""G5"", ""max"": ""G6""}",ai-reviewed,"[""A04"", ""A08""]",deterministic-screen-only,not-adjudicated,anchors/rewrite-科学.jsonl:37
ca_ufd5aRGQ,科学,能说出地球由哪些外部圈层和内部圈层组成,使学生认识到：地球是一个有机的整体，由外部圈层和内部圈层组成,89,"{""min"": ""G1"", ""max"": ""G6""}",ai-reviewed,"[""A04"", ""A06""]",deterministic-screen-only,not-adjudicated,anchors/rewrite-科学.jsonl:38
ca_MPCyt8uQ,科学,能举例说明地球是人类与动植物共同的家园这一事实,知道地球是人类与动植物共同的家园,91,"{""min"": ""G1"", ""max"": ""G2""}",ai-reviewed,"[""A04""]",deterministic-screen-only,not-adjudicated,anchors/rewrite-科学.jsonl:39
ca_qF2LZfhm,科学,能举例说明土壤在农业生产中的两种具体作用,③知道土壤是农业生产的基础，树立保护土壤资源的意识。,92,"{""min"": ""G3"", ""max"": ""G4""}",ai-reviewed,"[""A04"", ""A08""]",deterministic-screen-only,not-adjudicated,anchors/rewrite-科学.jsonl:40
ca_gFZrPNbn,科学,能列举出我国两种主要的自然灾害类型及其多发地区,知道我国是一个自然灾害多发的国家,94,"{""min"": ""G7"", ""max"": ""G9""}",ai-reviewed,"[""A04"", ""A08""]",deterministic-screen-only,not-adjudicated,anchors/rewrite-科学.jsonl:41
ca_iAaPtPBU,科学,能举例说出三种人造物及其设计或制造者,①知道我们周围的人造物是由人设计并制造出来的，观察和区别身边的自然物和人造物。,97,"{""min"": ""G1"", ""max"": ""G2""}",ai-reviewed,"[""A04""]",deterministic-screen-only,not-adjudicated,anchors/rewrite-科学.jsonl:42
ca_3utv2w8H,科学,能通过观察或实验，判断不同季节日晷晷面角度是否需要调节，并说明理由,为了使晷针影子匀速转动，不同季节日晷晷面角度是否需要调节？,106,"{""min"": ""G7"", ""max"": ""G9""}",ai-reviewed,"[""A04""]",deterministic-screen-only,not-adjudicated,anchors/rewrite-科学.jsonl:43
ca_wm8s2k9w,科学,能举例说明材料选择和成本计算如何体现思维训练,又如，材料选择、成本计算，是思维训练的载体,113,"{""min"": ""G7"", ""max"": ""G9""}",ai-reviewed,"[""A04""]",deterministic-screen-only,not-adjudicated,anchors/rewrite-科学.jsonl:44
ca_jD4ZHzAw,科学,能按顺序说出制作飞船模型并加入电路的三个主要步骤,③实施计划。在教师指导下，做出飞船模型并适当进行艺术处理（如图9所示），同时把电路加入。,116,"{""min"": ""G5"", ""max"": ""G6""}",ai-reviewed,"[""A04""]",deterministic-screen-only,not-adjudicated,anchors/rewrite-科学.jsonl:45
ca_W8Q4Qhaq,艺术,能完整、准确地演唱《中华人民共和国国歌》,学唱《中华人民共和国国歌》，以及富有中华优秀传统文化特色、主题鲜明、技法简洁的短小歌曲，以儿歌、童谣为主。,23,"{""min"": ""G1"", ""max"": ""G2""}",ai-reviewed,"[""A04"", ""A08""]",deterministic-screen-only,not-adjudicated,anchors/rewrite-艺术.jsonl:1
ca_2YLUPFTb,艺术,能举例说出两个广义的音乐作品可以是一组动作或舞蹈的例子,广义的音乐作品也可以是一组动作或舞蹈,46,"{""min"": ""G7"", ""max"": ""G9""}",ai-reviewed,"[""A04""]",deterministic-screen-only,not-adjudicated,anchors/rewrite-艺术.jsonl:2
ca_DJ7J6zbB,艺术,能举出至少两个广义音乐作品的例子，并说明它们是戏剧片段或其他形式,广义的音乐作品也可以是戏剧片段等,46,"{""min"": ""G7"", ""max"": ""G9""}",ai-reviewed,"[""A04"", ""A08""]",deterministic-screen-only,not-adjudicated,anchors/rewrite-艺术.jsonl:3
ca_Y5dZuJqc,艺术,能举例说出两种中国民间传统工艺及其产地,知道中国传统工艺来自民间，是中华民族文化艺术的瑰宝。,58,"{""min"": ""G1"", ""max"": ""G2""}",ai-reviewed,"[""A04"", ""A08""]",deterministic-screen-only,not-adjudicated,anchors/rewrite-艺术.jsonl:4
ca_MHJvkF8d,艺术,能用草图或语言描述一个室内场景中物体近大远小的透视关系,观察室内或室外物体在空间中“近大远小”的变化规律，了解平行透视的知识。,62,"{""min"": ""G3"", ""max"": ""G4""}",ai-reviewed,"[""A04""]",deterministic-screen-only,not-adjudicated,anchors/rewrite-艺术.jsonl:5
ca_fxdVfb5z,艺术,能举例说明两件生活用品如何体现了实用与美观相结合的设计原则,观察学习与生活用品，了解“实用与美观相结合”的设计原则,62,"{""min"": ""G3"", ""max"": ""G4""}",ai-reviewed,"[""A04""]",deterministic-screen-only,not-adjudicated,anchors/rewrite-艺术.jsonl:6
ca_RXPwf3WJ,艺术,能运用对称、比例等形式原理，分析并评述一件建筑作品的造型特点,运用形状、色彩、空间等造型元素，以及对称、节奏、比例、变化、统一等形式原理，欣赏、评述各国不同民族的建筑，领略各民族的智慧与深厚的文化底蕴。,66,"{""min"": ""G5"", ""max"": ""G6""}",ai-reviewed,"[""A04"", ""A09""]",deterministic-screen-only,not-adjudicated,anchors/rewrite-艺术.jsonl:7
ca_gShB8Fhi,艺术,能举例说出至少两种中国传统绘画的典型题材或技法，并说明其文化寓意,了解中国传统绘画的主要特点，知道中国传统绘画是中华优秀传统文化的重要组成部分。,68,"{""min"": ""G7"", ""max"": ""G9""}",ai-reviewed,"[""A04"", ""A08"", ""A09""]",deterministic-screen-only,not-adjudicated,anchors/rewrite-艺术.jsonl:8
ca_T8vBLFSD,艺术,能举例说出两件不同国家的美术作品，并说明它们各自承载了哪种文化特征,世界各国的美术作品是不同文化的重要载体,72,"{""min"": ""G5"", ""max"": ""G6""}",ai-reviewed,"[""A04"", ""A08""]",deterministic-screen-only,not-adjudicated,anchors/rewrite-艺术.jsonl:9
ca_SkXX5piw,艺术,能举例说明美术如何用于表达个人情感、描绘他人或反映周围环境,美术是认识与表现自我、他人和周围世界的重要方式,72,"{""min"": ""G5"", ""max"": ""G6""}",ai-reviewed,"[""A04"", ""A08"", ""A09"", ""A13""]",deterministic-screen-only,not-adjudicated,anchors/rewrite-艺术.jsonl:10
ca_qVuE8SG2,艺术,能举例说明传统工艺创作中继承与创新的具体表现,继承与创新是传统工艺创作的重要原则,72,"{""min"": ""G5"", ""max"": ""G6""}",ai-reviewed,"[""A04"", ""A08""]",deterministic-screen-only,not-adjudicated,anchors/rewrite-艺术.jsonl:11
ca_VN2kREMc,艺术,能举例说明一个设计作品如何同时满足形式美感、实用功能和社会责任的要求,理解形式、功能和社会责任相统一的设计原则。,76,"{""min"": ""G7"", ""max"": ""G9""}",ai-reviewed,"[""A04"", ""A09""]",deterministic-screen-only,not-adjudicated,anchors/rewrite-艺术.jsonl:12
ca_z3MvQNLP,艺术,能说出3~7年级舞蹈学习任务中「小型歌舞剧表演」和「即兴表演」的名称,3~7年级主要依托音乐及体育与健康、综合实践活动实施，学习任务为小型歌舞剧表演、即兴表演,81,"{""min"": ""G3"", ""max"": ""G7""}",ai-reviewed,"[""A04"", ""A06""]",deterministic-screen-only,not-adjudicated,anchors/rewrite-艺术.jsonl:13
ca_Ue3kgnet,艺术,能说出戏剧游戏重点学习的声音、肢体、情感表现方法各一种,通过戏剧游戏重点学习声音、肢体、情感的表现方法和技能。,90,"{""min"": ""G7"", ""max"": ""G9""}",ai-reviewed,"[""A04"", ""A09"", ""A13""]",deterministic-screen-only,not-adjudicated,anchors/rewrite-艺术.jsonl:14
ca_GjY4KkZS,艺术,能说出第四学段学习任务1的具体内容是什么,第四学段（8～9年级）学习任务1：演出舞台剧目,91,"{""min"": ""G7"", ""max"": ""G9""}",ai-reviewed,"[""A04""]",deterministic-screen-only,not-adjudicated,anchors/rewrite-艺术.jsonl:15
ca_xkDNtkD2,英语,能识别并说出一个语法结构在形式、意义和使用三个方面的特征,在语言使用中，语法知识是“形式—意义—使用”的统一体，,28,"{""min"": ""G1"", ""max"": ""G9""}",ai-reviewed,"[""A04"", ""A06"", ""A08"", ""A09""]",deterministic-screen-only,not-adjudicated,anchors/rewrite-英语.jsonl:1
ca_CcSmE3iN,英语,能说出根据实际情况接触并学习的约200个单词中，属于哪个具体主题范围,另外可以根据实际情况接触并学习相关主题范围内约200个单词，,28,"{""min"": ""G1"", ""max"": ""G9""}",ai-reviewed,"[""A04"", ""A06""]",deterministic-screen-only,not-adjudicated,anchors/rewrite-英语.jsonl:2
ca_sRbDSa8f,英语,能针对一个具体文化现象，说出其背后可能反映的态度或价值观,文化知识的学习不限于了解和记忆具体的知识点，更重要的是发现、判断其背后的态度和价值观。,30,"{""min"": ""G1"", ""max"": ""G9""}",ai-reviewed,"[""A04"", ""A06"", ""A13""]",deterministic-screen-only,not-adjudicated,anchors/rewrite-英语.jsonl:3
ca_vAb4SYxj,英语,能举例说出至少两种通过分类来记忆词汇的具体方法,通过分类等方法加深对词汇的理解和记忆；,39,"{""min"": ""G1"", ""max"": ""G9""}",ai-reviewed,"[""A04"", ""A06""]",deterministic-screen-only,not-adjudicated,anchors/rewrite-英语.jsonl:4
ca_rFsX9pPy,英语,能说出至少两种自己尝试过的英语学习方法，并解释选择它们的原因,主动了解英语学习方法，探索适合自己的学习方法；,39,"{""min"": ""G1"", ""max"": ""G9""}",ai-reviewed,"[""A04"", ""A06""]",deterministic-screen-only,not-adjudicated,anchors/rewrite-英语.jsonl:5
ca_WucuiXyk,英语,能举例说明一种学习内容与个人经历之间有意义的联系,在学习内容与个人经历之间建立有意义的联系；,39,"{""min"": ""G1"", ""max"": ""G9""}",ai-reviewed,"[""A04"", ""A06""]",deterministic-screen-only,not-adjudicated,anchors/rewrite-英语.jsonl:6
ca_7AbztAgh,英语,能说出至少两种合理规划时间的具体方法，并解释其如何提升学习效率,6. 合理规划、分配、利用和管理时间，提升学习效率和自控力；,40,"{""min"": ""G1"", ""max"": ""G9""}",ai-reviewed,"[""A04"", ""A06"", ""A09""]",deterministic-screen-only,not-adjudicated,anchors/rewrite-英语.jsonl:7
ca_QYCyqHcg,英语,能根据给定主题，绘制或填写一张包含至少三个要点的信息结构图,5. 在学习中善于利用信息结构图等理解主题；,40,"{""min"": ""G1"", ""max"": ""G9""}",ai-reviewed,"[""A04"", ""A06""]",deterministic-screen-only,not-adjudicated,anchors/rewrite-英语.jsonl:8
ca_Bdn9TZpa,英语,能举出两个具体例子，说明词汇学习可以通过语境猜测或词根分析等方式进行,要让学生认识到词汇学习不是单纯的词汇记忆和机械的操练。,46,"{""min"": ""G7"", ""max"": ""G9""}",ai-reviewed,"[""A04"", ""A09""]",deterministic-screen-only,not-adjudicated,anchors/rewrite-英语.jsonl:9
ca_xYzT5Dc7,语文,能说出自己本学年计划阅读的两三部名著名称,每学年阅读两三部名著,22,"{""min"": ""G7"", ""max"": ""G9""}",ai-reviewed,"[""A04""]",deterministic-screen-only,not-adjudicated,anchors/rewrite-语文.jsonl:1
ca_HK6TDssW,语文,能从给定书单或阅读记录中，统计并陈述体现三类文化的作品所占比例,体现中华优秀传统文化、革命文化、社会主义先进文化的作品，应占60%～70%,26,"{""min"": ""G7"", ""max"": ""G9""}",ai-reviewed,"[""A04"", ""A08""]",deterministic-screen-only,not-adjudicated,anchors/rewrite-语文.jsonl:2
ca_UVqyCg9r,语文,能讲述《小英雄雨来》或《雷锋的故事》中的一个动人故事,阅读表现英雄模范事迹的图书，如《小英雄雨来》《雷锋的故事》等，讲述英雄模范的动人故事。,39,"{""min"": ""G3"", ""max"": ""G4""}",ai-reviewed,"[""A04""]",deterministic-screen-only,not-adjudicated,anchors/rewrite-语文.jsonl:3
ca_P9gPDTGW,语文,能列举出《革命烈士诗抄》《红岩》《红星照耀中国》这三部作品中的两部，并说明它们都属于革命文学作品,阅读革命文学作品，如《革命烈士诗抄》《红岩》《红星照耀中国》等,40,"{""min"": ""G7"", ""max"": ""G9""}",ai-reviewed,"[""A04"", ""A09""]",deterministic-screen-only,not-adjudicated,anchors/rewrite-语文.jsonl:4
ca_88cN56V3,语文,能围绕一个学习活动，列出调查各阶段需要从哪些方面获取材料,能围绕学习活动展开调查，从多方面获取活动各阶段的材料,47,"{""min"": ""G5"", ""max"": ""G6""}",ai-reviewed,"[""A04""]",deterministic-screen-only,not-adjudicated,anchors/rewrite-语文.jsonl:5
ca_aKJXFnk6,语文,能用规范的行楷字书写一段日常记录文字,在日常记录中使用规范、通行的行楷字,49,"{""min"": ""G7"", ""max"": ""G9""}",ai-reviewed,"[""A04""]",deterministic-screen-only,not-adjudicated,anchors/rewrite-语文.jsonl:6
ca_eNn2EZFk,语文,能列举至少两种在学习活动中获取资料的渠道，并说明选择该渠道的理由,能利用图书馆等多种渠道获取资料，整理相关学习内容，完善自己的认识，撰写活动总结,49,"{""min"": ""G7"", ""max"": ""G9""}",ai-reviewed,"[""A04""]",deterministic-screen-only,not-adjudicated,anchors/rewrite-语文.jsonl:8
ca_VSj3c56Q,道德与法治,能举例说出两个民族共同开拓辽阔疆域的具体史实,知道我们辽阔的疆域是各民族共同开拓的,32,"{""min"": ""G3"", ""max"": ""G4""}",ai-reviewed,"[""A04"", ""A08""]",deterministic-screen-only,not-adjudicated,anchors/rewrite-道德与法治.jsonl:2
ca_fLXxgFYF,道德与法治,能举例说明我们伟大的精神是各民族共同培育的,伟大的精神是各民族共同培育的,32,"{""min"": ""G3"", ""max"": ""G4""}",ai-reviewed,"[""A04""]",deterministic-screen-only,not-adjudicated,anchors/rewrite-道德与法治.jsonl:3
ca_XjPj9AMH,道德与法治,能准确说出宪法是国家的根本法、社会主义制度是中华人民共和国的根本制度,知道宪法是国家根本法、社会主义制度是中华人民共和国的根本制度。,36,"{""min"": ""G7"", ""max"": ""G9""}",ai-reviewed,"[""A04""]",deterministic-screen-only,not-adjudicated,anchors/rewrite-道德与法治.jsonl:5
ca_YzxvgLtu,道德与法治,能列举至少两项法律规定的公民权利和义务,认识公民的内涵，了解公民的权利和义务，树立法律面前人人平等的观念。,37,"{""min"": ""G5"", ""max"": ""G6""}",ai-reviewed,"[""A04""]",deterministic-screen-only,not-adjudicated,anchors/rewrite-道德与法治.jsonl:6
ca_nzGuAupu,道德与法治,能列举至少两种危害社会安全的具体行为并说明其危害,初步了解危害国家安全特别是社会安全的行为及防范措施。,37,"{""min"": ""G5"", ""max"": ""G6""}",ai-reviewed,"[""A04"", ""A08""]",deterministic-screen-only,not-adjudicated,anchors/rewrite-道德与法治.jsonl:7
ca_UEvd4yqe,道德与法治,能结合至少一个历史事例，说明中国共产党是如何为人民服务的,了解中国共产党的成立以及中国共产党带领中国人民取得革命胜利的历史，初步了解马克思主义中国化的发展进程，知道全心全意为人民服务是中国共产党的根本宗旨，激发热爱中国共产党的情感。,38,"{""min"": ""G5"", ""max"": ""G6""}",ai-reviewed,"[""A04"", ""A08""]",deterministic-screen-only,not-adjudicated,anchors/rewrite-道德与法治.jsonl:8
ca_Huy4jgLb,道德与法治,能结合实例说明中国特色社会主义道路如何指引中国发展繁荣,明确中国特色社会主义道路是指引中国发展繁荣的正确道路,39,"{""min"": ""G5"", ""max"": ""G6""}",ai-reviewed,"[""A04""]",deterministic-screen-only,not-adjudicated,anchors/rewrite-道德与法治.jsonl:9
ca_MtVJQD4u,道德与法治,能举例说明国家统一如何为中华民族伟大复兴提供历史前提和基本保证,认识国家统一是实现中华民族伟大复兴的历史前提和基本保证,43,"{""min"": ""G7"", ""max"": ""G9""}",ai-reviewed,"[""A04""]",deterministic-screen-only,not-adjudicated,anchors/rewrite-道德与法治.jsonl:10
ca_YqB94TDV,道德与法治,能结合具体事例，说明国家机关行使权力时必须遵守法律,认识主要国家机关，理解权力是由人民授予的，行使权力必须受法律的约束。,43,"{""min"": ""G7"", ""max"": ""G9""}",ai-reviewed,"[""A04"", ""A08""]",deterministic-screen-only,not-adjudicated,anchors/rewrite-道德与法治.jsonl:11
ca_DeFQLNiU,道德与法治,能列举至少两种维护国家安全的具体行为,知道维护国家安全是每个公民的义务,44,"{""min"": ""G7"", ""max"": ""G9""}",ai-reviewed,"[""A04"", ""A08""]",deterministic-screen-only,not-adjudicated,anchors/rewrite-道德与法治.jsonl:12
ca_CZARDAQy,道德与法治,能至少从两个方面说明维护以联合国为核心的国际体系对维护世界和平与促进全球合作的必要性,理解维护以联合国为核心的国际体系的意义,44,"{""min"": ""G7"", ""max"": ""G9""}",ai-reviewed,"[""A04""]",deterministic-screen-only,not-adjudicated,anchors/rewrite-道德与法治.jsonl:13
ca_5J8DDFgr,道德与法治,能举例说明修齐治平理想在个人、家庭、国家层面的具体追求,了解中华优秀传统文化修齐治平的理想追求,45,"{""min"": ""G7"", ""max"": ""G9""}",ai-reviewed,"[""A04"", ""A08""]",deterministic-screen-only,not-adjudicated,anchors/rewrite-道德与法治.jsonl:14
ca_4ciieZrg,道德与法治,能结合具体事例，说明为什么说中国共产党的成立是开天辟地的大事变,了解中国产生了共产党，这是开天辟地的大事变,46,"{""min"": ""G7"", ""max"": ""G9""}",ai-reviewed,"[""A04""]",deterministic-screen-only,not-adjudicated,anchors/rewrite-道德与法治.jsonl:15
ca_xsMFS87z,道德与法治,能说出伟大建党精神是中国共产党精神谱系的源头，并列举其核心内涵,领悟伟大建党精神是中国共产党的精神之源,46,"{""min"": ""G7"", ""max"": ""G9""}",ai-reviewed,"[""A04"", ""A08""]",deterministic-screen-only,not-adjudicated,anchors/rewrite-道德与法治.jsonl:16
ca_NPBYw8dv,道德与法治,能至少举出两个新时代中国特色社会主义伟大成就的具体例子，并说明它们是在党的领导下取得的,了解中国共产党领导人民自信自强、守正创新，创造了新时代中国特色社会主义的伟大成就,47,"{""min"": ""G7"", ""max"": ""G9""}",ai-reviewed,"[""A04"", ""A08"", ""A09""]",deterministic-screen-only,not-adjudicated,anchors/rewrite-道德与法治.jsonl:17
ca_jeRVG4cP,道德与法治,能结合具体事例，说明中国特色社会主义新时代是我国发展新的历史方位，并解释我国社会主要矛盾的新变化,了解中国特色社会主义新时代是我国发展新的历史方位，中国社会的主要矛盾发生了新变化，理解中国发展的历史方位。,48,"{""min"": ""G7"", ""max"": ""G9""}",ai-reviewed,"[""A04"", ""A09""]",deterministic-screen-only,not-adjudicated,anchors/rewrite-道德与法治.jsonl:18
ca_ErehPmCs,道德与法治,"能结合实例说明我国新发展格局中""国内大循环""与""国内国际双循环""的相互关系",了解我国以国内大循环为主体、国内国际双循环相互促进的新发展格局，推动高质量发展，知道统筹推进经济建设、政治建设、文化建设、社会建设、生态文明建设的“五位一体”总体布局。,48,"{""min"": ""G7"", ""max"": ""G9""}",ai-reviewed,"[""A04""]",deterministic-screen-only,not-adjudicated,anchors/rewrite-道德与法治.jsonl:19
ca_DXckPTEF,科学,能依据颜色、形状或大小等外部特征对常见物体进行比较和分类,能依据一些外部特征对常见物体进行比较和分类。,30,"{""min"": ""G1"", ""max"": ""G1""}",ai-reviewed,[],deterministic-screen-only,not-adjudicated,anchors/science.jsonl:3
ca_2v8Gu7th,科学,能仔细观察和比较，如实表达观察到的现象,能仔细观察和比较，如实表达观察到的现象；,30,"{""min"": ""G1"", ""max"": ""G9""}",ai-reviewed,"[""A06""]",deterministic-screen-only,not-adjudicated,anchors/science.jsonl:5
ca_iRDXtzxf,科学,能说出空气受热会膨胀，风是空气流动的现象,能说出空气受热会膨胀，风是空气流动的现象。,30,"{""min"": ""G1"", ""max"": ""G9""}",ai-reviewed,"[""A06""]",deterministic-screen-only,not-adjudicated,anchors/science.jsonl:8
ca_ypSwnRdE,科学,能比较水的三种状态在形状和体积上的不同点,能比较水的三种状态的不同点，能利用证据说明空气占据空间、充满各处的性质等。,30,"{""min"": ""G3"", ""max"": ""G3""}",ai-reviewed,"[""A08""]",deterministic-screen-only,not-adjudicated,anchors/science.jsonl:9
ca_FQ9SdRvu,科学,能说明常见材料在水中的沉浮现象、导热性及其用途,能说明常见材料在水中的沉浮现象、导热性及其用途，能解释水在日常生活中的三态变化现象及引起变化的主要因素，知道空气是一种混合物以及它的主要成分。,31,"{""min"": ""G1"", ""max"": ""G9""}",ai-reviewed,"[""A06"", ""A09""]",deterministic-screen-only,not-adjudicated,anchors/science.jsonl:12
ca_m859i382,科学,能解释水在日常生活中的三态变化现象及引起变化的主要因素,能说明常见材料在水中的沉浮现象、导热性及其用途，能解释水在日常生活中的三态变化现象及引起变化的主要因素，知道空气是一种混合物以及它的主要成分。,31,"{""min"": ""G1"", ""max"": ""G9""}",ai-reviewed,"[""A06""]",deterministic-screen-only,not-adjudicated,anchors/science.jsonl:13
ca_6Uw4ec8R,科学,能以生活中的实例分析水的三态变化与温度的关系,能比较和分析常见材料在水中的沉浮现象、导热性，能以生活中的实例分析水的三态变化与温度的关系。,31,"{""min"": ""G1"", ""max"": ""G9""}",ai-reviewed,"[""A06""]",deterministic-screen-only,not-adjudicated,anchors/science.jsonl:15
ca_n4BD2rPj,科学,能客观描述溶解实验中观察到的现象,对生活中的溶解现象产生探究兴趣，能客观描述观察到的现象。,37,"{""min"": ""G1"", ""max"": ""G1""}",ai-reviewed,[],deterministic-screen-only,not-adjudicated,anchors/science.jsonl:28
ca_KEhw3mDQ,科学,能设计对比实验探究物质在水中溶解快慢的影响因素,能设计对比实验探究物质在水中溶解快慢的影响因素，能用简单的文字和图画描述观察到的现象。,38,"{""min"": ""G1"", ""max"": ""G9""}",ai-reviewed,"[""A06""]",deterministic-screen-only,not-adjudicated,anchors/science.jsonl:30
ca_K6WAHfqt,科学,能举出至少一个化学变化的例子，并说明它如何产生新物质或伴随能量转化,认识通过化学变化可以实现物质的转化，产生新物质，并伴随能的转化，能举例说明化学变化在自然界和生产生活中的重要应用价值；,38,"{""min"": ""G1"", ""max"": ""G1""}",ai-reviewed,[],deterministic-screen-only,not-adjudicated,anchors/science.jsonl:36
ca_jv53GyN7,科学,能举例说明力可以改变物体的形状,能举例说明力可以改变物体的形状，能使用方位名词说出物体所处的位置和方向，能举例说明磁铁具有磁力。,45,"{""min"": ""G1"", ""max"": ""G9""}",ai-reviewed,"[""A06""]",deterministic-screen-only,not-adjudicated,anchors/science.jsonl:44
ca_jtNpMbmt,科学,能使用方位名词说出物体所处的位置和方向,能举例说明力可以改变物体的形状，能使用方位名词说出物体所处的位置和方向，能举例说明磁铁具有磁力。,45,"{""min"": ""G1"", ""max"": ""G9""}",ai-reviewed,"[""A06""]",deterministic-screen-only,not-adjudicated,anchors/science.jsonl:45
ca_iqUxxCWV,科学,能举例说明磁铁具有磁力,能举例说明力可以改变物体的形状，能使用方位名词说出物体所处的位置和方向，能举例说明磁铁具有磁力。,45,"{""min"": ""G1"", ""max"": ""G9""}",ai-reviewed,"[""A06""]",deterministic-screen-only,not-adjudicated,anchors/science.jsonl:46
ca_SWLr29Py,科学,能说明常见的物体运动方式（如滑动、滚动）及其特点,能说明常见的物体运动方式和特点，知道速度可以描述物体运动的快慢；,45,"{""min"": ""G1"", ""max"": ""G9""}",ai-reviewed,"[""A06""]",deterministic-screen-only,not-adjudicated,anchors/science.jsonl:48
ca_MnSPc5zd,科学,能利用磁铁的基本性质解释生活中的现象,能利用磁铁的基本性质解释某些生活现象。,46,"{""min"": ""G2"", ""max"": ""G2""}",ai-reviewed,[],deterministic-screen-only,not-adjudicated,anchors/science.jsonl:54
ca_4PmKq8cs,科学,能在动手连接电路等活动中，耐心操作、反复检查,能在动手连接电路等活动中，耐心操作、反复检查；,46,"{""min"": ""G1"", ""max"": ""G9""}",ai-reviewed,"[""A06""]",deterministic-screen-only,not-adjudicated,anchors/science.jsonl:59
ca_iJ3gudF9,科学,能说明有些力是通过接触物体施加的，有些力是不直接接触物体施加的，力可以改变物体的运动状态,5～6年级能说明有些力是通过接触物体施加的，有些力是不直接接触物体施加的，力可以改变物体的运动状态；,46,"{""min"": ""G1"", ""max"": ""G9""}",ai-reviewed,"[""A06""]",deterministic-screen-only,not-adjudicated,anchors/science.jsonl:60
ca_GMHHbYEW,科学,能解释人眼看到光源和物体的原因,能解释人眼看到光源和物体的原因；,46,"{""min"": ""G1"", ""max"": ""G9""}",ai-reviewed,"[""A06""]",deterministic-screen-only,not-adjudicated,anchors/science.jsonl:61
ca_WpaDfMRb,科学,能分析光的行进路线及反射现象,能运用分析、推理的方法认识地球引力，能分析光的行进路线及反射现象。,46,"{""min"": ""G1"", ""max"": ""G9""}",ai-reviewed,"[""A06""]",deterministic-screen-only,not-adjudicated,anchors/science.jsonl:64
ca_pkyXZHvw,科学,能通过观察和实验认识光在传播过程中会发生折射现象,能通过观察和实验理解常见的力对物体运动的作用，能通过观察、查阅资料等方法了解地球引力，能通过实验认识光在传播过程中会发生折射现象，能设计制作简单的光学物品。,46,"{""min"": ""G8"", ""max"": ""G8""}",disputed,"[""A02"", ""A10""]",deterministic-screen-only,not-adjudicated,anchors/science.jsonl:66
ca_DfGbmT4E,科学,能识别生活中各种能的形式，举例说明运动的物体具有能量,能识别生活中各种能的形式，举例说明运动的物体具有能量。,52,"{""min"": ""G1"", ""max"": ""G9""}",ai-reviewed,"[""A06"", ""A09""]",deterministic-screen-only,not-adjudicated,anchors/science.jsonl:82
ca_UiNnyxGh,科学,能设计实验，探究常见物体的热胀冷缩现象,能设计实验，探究常见物体的热胀冷缩现象；,52,"{""min"": ""G1"", ""max"": ""G9""}",ai-reviewed,"[""A06""]",deterministic-screen-only,not-adjudicated,anchors/science.jsonl:85
ca_JPQfHP42,科学,能简单解释能的转化现象,能对自然界中存在的各种形式的能进行简单分类，能简单解释能的转化现象；,52,"{""min"": ""G1"", ""max"": ""G9""}",ai-reviewed,"[""A06""]",deterministic-screen-only,not-adjudicated,anchors/science.jsonl:87
ca_EGpSQPS4,科学,能用比热容的物理意义直接计算热量问题,能用案例分析归纳改变内能的两种方式，能用比热容的物理意义直接计算热量问题，能根据燃料的热值计算热机的能耗问题。,53,"{""min"": ""G1"", ""max"": ""G9""}",ai-reviewed,"[""A06""]",deterministic-screen-only,not-adjudicated,anchors/science.jsonl:91
ca_UTWKdUvU,科学,能根据燃料的热值计算热机的能耗问题,能用案例分析归纳改变内能的两种方式，能用比热容的物理意义直接计算热量问题，能根据燃料的热值计算热机的能耗问题。,53,"{""min"": ""G1"", ""max"": ""G9""}",ai-reviewed,"[""A06""]",deterministic-screen-only,not-adjudicated,anchors/science.jsonl:92
ca_98FgvnED,科学,能比较生物与非生物的特征，说出生物与非生物的不同特点,能比较生物与非生物的特征，说出生物与非生物的不同特点；,59,"{""min"": ""G1"", ""max"": ""G1""}",ai-reviewed,"[""A09""]",deterministic-screen-only,not-adjudicated,anchors/science.jsonl:100
ca_5dr5TXRd,科学,能说出常见动物和植物都有的两个共同特征,能描述常见动物、植物的共同特征；,59,"{""min"": ""G1"", ""max"": ""G1""}",ai-reviewed,[],deterministic-screen-only,not-adjudicated,anchors/science.jsonl:101
ca_64h5wKbY,科学,能描述人体用于呼吸和用于摄取养分的器官,能描述人体用于呼吸的器官、用于摄取养分的器官。,59,"{""min"": ""G3"", ""max"": ""G3""}",ai-reviewed,[],deterministic-screen-only,not-adjudicated,anchors/science.jsonl:102
ca_x2UHx9VU,科学,能说出植物和动物的基本生存需要，并指出其某些结构具有帮助维持生存的功能,能说出植物和动物都有基本生存需要，认识到植物、动物的某些结构具有帮助其维持自身生存的相应功能。,66,"{""min"": ""G1"", ""max"": ""G1""}",ai-reviewed,"[""A09""]",deterministic-screen-only,not-adjudicated,anchors/science.jsonl:114
ca_mpi9Lzth,科学,能列举影响健康的因素,5～6年级认识动物能适应环境变化，能列举影响健康的因素。,71,"{""min"": ""G1"", ""max"": ""G9""}",ai-reviewed,"[""A06""]",deterministic-screen-only,not-adjudicated,anchors/science.jsonl:132
ca_NDHyCLD9,科学,能举例说出已灭绝生物和当今某些生物的相似之处,5～6年级能举例说出已灭绝生物和当今某些生物的相似之处，认识进化现象。,76,"{""min"": ""G5"", ""max"": ""G5""}",ai-reviewed,[],deterministic-screen-only,not-adjudicated,anchors/science.jsonl:139
ca_8YQywGBX,科学,能举例说出季节变化对动植物和人类生活的影响,1～2年级能描述太阳的位置变化和月亮的形状变化，能举例说出季节变化对动植物和人类生活的影响。,82,"{""min"": ""G1"", ""max"": ""G9""}",ai-reviewed,"[""A06"", ""A09""]",deterministic-screen-only,not-adjudicated,anchors/science.jsonl:147
ca_3Vt6cKcs,科学,能在教师指导下，利用太阳的位置辨认方向,能在教师指导下，通过多种感官，观察并描述太阳东升西落、月亮形状变化和季节变化等自然现象，能利用太阳的位置辨认方向。,82,"{""min"": ""G1"", ""max"": ""G1""}",ai-reviewed,"[""A11""]",deterministic-screen-only,not-adjudicated,anchors/science.jsonl:148
ca_N655s6Ey,科学,能说出常见的天气现象,能说出常见的天气现象，知道天气变化的影响；,87,"{""min"": ""G7"", ""max"": ""G9""}",ai-reviewed,[],deterministic-screen-only,not-adjudicated,anchors/science.jsonl:156
ca_TDZK6R3n,科学,能在好奇心驱使下，对天气变化和土壤中的动植物表现出探究兴趣，乐于表达和分享,能在好奇心驱使下，对天气变化和土壤中的动植物表现出探究兴趣，乐于表达和分享。,87,"{""min"": ""G7"", ""max"": ""G9""}",ai-reviewed,[],deterministic-screen-only,not-adjudicated,anchors/science.jsonl:157
ca_aegyyUtz,科学,能通过比较与分类，区分可再生和不可再生资源,能通过比较与分类，区分可再生和不可再生资源；,94,"{""min"": ""G1"", ""max"": ""G1""}",ai-reviewed,[],deterministic-screen-only,not-adjudicated,anchors/science.jsonl:172
ca_YZ6U6w7v,科学,能使用锤子、安全剪刀、放大镜等简单工具制作简单的作品,学会使用锤子、安全剪刀、放大镜等简单工具，能应用身边常见材料和简单工具制作简单的作品；,99,"{""min"": ""G1"", ""max"": ""G1""}",ai-reviewed,[],deterministic-screen-only,not-adjudicated,anchors/science.jsonl:177
ca_MFGhKGHi,科学,能用身边常见材料和简单工具制作简单的作品,学会使用锤子、安全剪刀、放大镜等简单工具，能应用身边常见材料和简单工具制作简单的作品；,99,"{""min"": ""G1"", ""max"": ""G9""}",ai-reviewed,"[""A06""]",deterministic-screen-only,not-adjudicated,anchors/science.jsonl:178
ca_iT2mW4rX,科学,能归纳总结常见产品或工程的主要外在特征,能归纳总结常见产品或工程的主要外在特征，能拆开简单产品并复原，能举例说出一些技术产品所涉及的科学概念或原理。,100,"{""min"": ""G1"", ""max"": ""G9""}",ai-reviewed,"[""A06""]",deterministic-screen-only,not-adjudicated,anchors/science.jsonl:179
ca_Da2zAAsf,科学,能尝试应用所学科学原理设计并制作简单的装置,能尝试应用所学科学原理设计并制作简单的装置，能进行模拟演示并简要解释如何提高效率。,100,"{""min"": ""G1"", ""max"": ""G9""}",ai-reviewed,"[""A06""]",deterministic-screen-only,not-adjudicated,anchors/science.jsonl:185
ca_zGhKkWk6,科学,能基于观察提出并描述一个简单的制作问题,能基于观察提出并描述一个简单的制作问题。,111,"{""min"": ""G1"", ""max"": ""G9""}",ai-reviewed,"[""A06""]",deterministic-screen-only,not-adjudicated,anchors/science.jsonl:191
ca_Vdp369WA,科学,能使用常见的工具和材料制作简单实物模型，能发现实物模型的不足,能使用常见的工具和材料制作简单实物模型，能发现实物模型的不足。,111,"{""min"": ""G3"", ""max"": ""G3""}",ai-reviewed,[],deterministic-screen-only,not-adjudicated,anchors/science.jsonl:193
ca_T86XkmTV,科学,能对观察到的物体和现象的外在特征进行简单的比较和分类，并简要交流探究过程与结论,1~2年级能从对身边具体现象与事物的观察、比较中提出感兴趣的问题，作出简单猜想，借助多种感官和简单的工具，观察并描述生活中常见的物体和材料、动物和植物等具体事物与现象的外在特征及构成要素，能对这些特征和现象进行简单的比较、分类，并简要交流探究过程与结论；,119,"{""min"": ""G1"", ""max"": ""G2""}",ai-reviewed,[],deterministic-screen-only,not-adjudicated,anchors/science.jsonl:200
ca_mCSatHY7,科学,能利用工具测量并描述常见物体的特征和材料的性能,能利用工具测量、描述常见物体的特征和材料的性能，描述物体的运动，识别日常生活中各种形式的能；,120,"{""min"": ""G3"", ""max"": ""G3""}",ai-reviewed,"[""A09""]",deterministic-screen-only,not-adjudicated,anchors/science.jsonl:202
ca_s6GHEVvf,科学,能观察并描述熟悉现象与事物的构成要素,能在熟悉的情境中，观察并描述熟悉的具体现象与事物的构成要素，分析并表达要素之间的关系，找到它们之间重要的、共同的特征，使用模型或者自己设计制作模型解释简单的科学现象；,120,"{""min"": ""G1"", ""max"": ""G1""}",ai-reviewed,[],deterministic-screen-only,not-adjudicated,anchors/science.jsonl:207
ca_5TGEJmDm,科学,能有依据地质疑别人的观点，尝试利用所学科学原理,能有依据地质疑别人的观点，尝试利用所学科学原理，运用多种材料、多种思路、多种方法完成探究和实践；,121,"{""min"": ""G1"", ""max"": ""G9""}",ai-reviewed,"[""A06""]",deterministic-screen-only,not-adjudicated,anchors/science.jsonl:211
ca_hymPp5rU,科学,能结合生物的生存条件以及动物与植物相互关系等知识，简单描述生物与生物、生物与环境之间相互依存的关系,能结合生物的生存条件以及动物与植物相互关系等知识，简单描述生物与生物、生物与环境之间相互依存的关系；,121,"{""min"": ""G1"", ""max"": ""G9""}",ai-reviewed,"[""A06"", ""A09""]",deterministic-screen-only,not-adjudicated,anchors/science.jsonl:216
ca_AfmqQ4Xz,科学,能比较事物的本质特征，抽象概括常见事物的共同属性，并按照本质特征和共同属性进行分类,能比较事物的本质特征，抽象概括常见事物的共同属性，并按照本质特征和共同属性进行分类；,122,"{""min"": ""G7"", ""max"": ""G9""}",ai-reviewed,[],deterministic-screen-only,not-adjudicated,anchors/science.jsonl:222
ca_cevXLLuQ,科学,能解释物质的一些基本性质，从分子水平解释物质的结构及状态变化,能解释物质的一些基本性质，从分子水平解释物质的结构及状态变化，运用简单模型解释常见物质的运动及物体间、物体系统中的相互作用，论证能的转化与能量守恒；,123,"{""min"": ""G7"", ""max"": ""G9""}",ai-reviewed,[],deterministic-screen-only,not-adjudicated,anchors/science.jsonl:226
ca_xrtQTMnS,科学,能结合实例解释资源短缺、环境污染和生态破坏等问题及其原因,能结合实例解释资源短缺、环境污染和生态破坏等问题及其原因，理解人类解决环境污染和生态破坏等问题的对策；,123,"{""min"": ""G7"", ""max"": ""G9""}",ai-reviewed,"[""A09""]",deterministic-screen-only,not-adjudicated,anchors/science.jsonl:229
ca_87i7JGyp,科学,能根据问题需要选择材料建构模型，并解释模型中各要素的作用,能根据所要解决的真实问题的需要建构模型，分析、解释模型所涉及的各个要素及结构，解释并模拟相关的科学现象和过程，展示对相关概念、原理、系统的理解，表达事物整体与局部的关系；,123,"{""min"": ""G7"", ""max"": ""G9""}",ai-reviewed,[],deterministic-screen-only,not-adjudicated,anchors/science.jsonl:231
ca_sBKyArTT,科学,能应用创造性思维的基本方法，从多角度提出具有新颖性和合理性的观点,能根据创意设计的基本要求，应用创造性思维的基本方法，突破思维定势，基于所形成的科学概念和科学方法，从多角度提出具有新颖性和合理性的观点；,124,"{""min"": ""G7"", ""max"": ""G9""}",ai-reviewed,[],deterministic-screen-only,not-adjudicated,anchors/science.jsonl:233
ca_7kcSRxxZ,科学,能辩证看待科学技术成果的使用对人类和社会造成的影响,关注并正确评价与科学技术有关的热点问题，能辩证看待科学技术成果的使用对人类和社会造成的影响；,124,"{""min"": ""G7"", ""max"": ""G9""}",ai-reviewed,[],deterministic-screen-only,not-adjudicated,anchors/science.jsonl:234
ca_q9hxLg3N,科学,能如实记录观察到的信息,能如实记录观察到的信息。,146,"{""min"": ""G1"", ""max"": ""G9""}",ai-reviewed,"[""A06""]",deterministic-screen-only,not-adjudicated,anchors/science.jsonl:239
ca_7TbWX5vQ,科学,能针对简单问题，基于事实与证据，利用分析或比较方法建构一个解释性模型,2. 科学思维：（1）针对真实情境中的简单问题，能基于事实与证据，利用分析、比较等思维方法建构模型。,185,"{""min"": ""G7"", ""max"": ""G9""}",ai-reviewed,[],deterministic-screen-only,not-adjudicated,anchors/science.jsonl:241
ca_k4tmKQlR,科学,能说出科学课程设置了13个学科核心概念,科学课程设置13个学科核心概念，是所有学生在义务教育阶段应该掌握的科学课程的核心内容。,23,"{""min"": ""G1"", ""max"": ""G6""}",ai-adjudicated,"[""A06""]",deterministic-screen-only,not-adjudicated,anchors/science.jsonl:246
ca_6jWjyXkf,科学,能说出空气与水是重要的物质,1.2 空气与水是重要的物质,24,"{""min"": ""G1"", ""max"": ""G6""}",ai-adjudicated,"[""A06""]",deterministic-screen-only,not-adjudicated,anchors/science.jsonl:247
ca_8nPIsBtR,科学,能说出金属及合金是重要的材料,1.3 金属及合金是重要的材料,24,"{""min"": ""G1"", ""max"": ""G6""}",ai-adjudicated,"[""A06""]",deterministic-screen-only,not-adjudicated,anchors/science.jsonl:248
ca_0ejYUAL6,科学,能说出力是改变物体运动状态的原因,3.1 力是改变物体运动状态的原因,24,"{""min"": ""G1"", ""max"": ""G6""}",ai-adjudicated,"[""A06""]",deterministic-screen-only,not-adjudicated,anchors/science.jsonl:249
ca_6JfUcXJK,科学,能说出细胞是生物体结构与生命活动的基本单位,5.3 细胞是生物体结构与生命活动的基本单位,25,"{""min"": ""G1"", ""max"": ""G6""}",ai-adjudicated,"[""A06""]",deterministic-screen-only,not-adjudicated,anchors/science.jsonl:250
ca_Np0vMe02,科学,能说出人的生命是从受精卵开始的,8.3 人的生命是从受精卵开始的,25,"{""min"": ""G1"", ""max"": ""G6""}",ai-adjudicated,"[""A06""]",deterministic-screen-only,not-adjudicated,anchors/science.jsonl:251
ca_7khj08RT,科学,能说出地球是一颗行星,9.1 地球是一颗行星,25,"{""min"": ""G1"", ""max"": ""G6""}",ai-adjudicated,"[""A06""]",deterministic-screen-only,not-adjudicated,anchors/science.jsonl:252
ca_cYjGfI7O,科学,能说出月球是地球的卫星,9.4 月球是地球的卫星,25,"{""min"": ""G1"", ""max"": ""G6""}",ai-adjudicated,"[""A06""]",deterministic-screen-only,not-adjudicated,anchors/science.jsonl:253
ca_znunDVjR,科学,能说出空气是无色、无味的气体,认识空气是无色、无味的气体。,26,"{""min"": ""G1"", ""max"": ""G2""}",ai-adjudicated,[],deterministic-screen-only,not-adjudicated,anchors/science.jsonl:254
ca_pBLr2Olr,科学,能举例说出生活中常见的金属,⑤举例说出生活中常见的金属，知道金属是常见的材料。,27,"{""min"": ""G1"", ""max"": ""G2""}",ai-reviewed,[],deterministic-screen-only,not-adjudicated,anchors/science.jsonl:255
ca_9Wpvvej2,科学,能说出风是一种空气流动的现象,⑥知道风是一种空气流动的现象，列举生活中常见的形成风的一些方法。,27,"{""min"": ""G3"", ""max"": ""G4""}",ai-adjudicated,[],deterministic-screen-only,not-adjudicated,anchors/science.jsonl:256
ca_EbLtPDbe,科学,能说出空气是一种混合物以及它的主要成分,知道空气是一种混合物以及它的主要成分。,31,"{""min"": ""G5"", ""max"": ""G6""}",ai-adjudicated,[],deterministic-screen-only,not-adjudicated,anchors/science.jsonl:257
ca_8RMbLtw4,科学,能说出已知的绝大多数物质是由元素组成的,认识已知的绝大多数物质是由元素组成的，,31,"{""min"": ""G7"", ""max"": ""G9""}",ai-adjudicated,[],deterministic-screen-only,not-adjudicated,anchors/science.jsonl:258
ca_pqoMNF40,科学,能说出已知的绝大多数物质是由分子、原子、离子等微观粒子构成的,知道已知的绝大多数物质是由分子、原子、离子等微观粒子构成的，,31,"{""min"": ""G7"", ""max"": ""G9""}",ai-adjudicated,[],deterministic-screen-only,not-adjudicated,anchors/science.jsonl:259
ca_iUmSmYcB,科学,能说出物理变化是物质的状态发生了改变，没有新物质生成,物理变化是物质的状态发生了改变，没有新物质生成,35,"{""min"": ""G1"", ""max"": ""G6""}",ai-adjudicated,"[""A06""]",deterministic-screen-only,not-adjudicated,anchors/science.jsonl:261
ca_xmROhvzD,科学,能说出化学变化是物质的性质发生了改变，有新物质生成,化学变化是物质的性质发生了改变，有新物质生成,35,"{""min"": ""G1"", ""max"": ""G6""}",ai-adjudicated,"[""A06""]",deterministic-screen-only,not-adjudicated,anchors/science.jsonl:262
ca_EC5ejMTF,科学,能说出化学变化的实质是原子的重新组合,化学变化通过化学反应得以实现，其实质是原子的重新组合,35,"{""min"": ""G7"", ""max"": ""G9""}",ai-adjudicated,[],deterministic-screen-only,not-adjudicated,anchors/science.jsonl:263
ca_Vbg4cv92,科学,能说出水结冰、冰熔化、水蒸发和水蒸气凝结是加热或冷却时常见物质发生的状态变化,②描述加热或冷却时常见物质发生的状态变化，如水结冰、冰熔化、水蒸发和水蒸气凝结。,36,"{""min"": ""G3"", ""max"": ""G4""}",ai-adjudicated,"[""A08""]",deterministic-screen-only,not-adjudicated,anchors/science.jsonl:264
ca_cvPPJHbz,科学,能说出是否搅拌和温度高低是影响物质在水中溶解快慢的常见因素,④知道是否搅拌和温度高低是影响物质在水中溶解快慢的常见因素。,36,"{""min"": ""G3"", ""max"": ""G4""}",ai-adjudicated,[],deterministic-screen-only,not-adjudicated,anchors/science.jsonl:265
ca_XfiTIhAM,科学,能说出化学变化的本质是原子的重新组合,理解化学变化的本质是原子的重新组合,37,"{""min"": ""G7"", ""max"": ""G9""}",ai-adjudicated,[],deterministic-screen-only,not-adjudicated,anchors/science.jsonl:266
ca_q0RxiAu7,科学,能说出推力和拉力是常见的力,②知道推力和拉力是常见的力，力可以使物体的形状发生改变。,42,"{""min"": ""G1"", ""max"": ""G2""}",ai-adjudicated,[],deterministic-screen-only,not-adjudicated,anchors/science.jsonl:267
ca_7LrflvaG,科学,能说出电源、导线、用电器和开关是构成电路的必要元件,⑦知道电源、导线、用电器和开关是构成电路的必要元件；说明形成电路的条件，切断闭合回路是控制电流的一种方法。,42,"{""min"": ""G3"", ""max"": ""G4""}",ai-adjudicated,[],deterministic-screen-only,not-adjudicated,anchors/science.jsonl:268
ca_fPvUUdIp,科学,能说出有些材料是导体，容易导电；有些材料是绝缘体，不容易导电,⑧知道有些材料是导体，容易导电；有些材料是绝缘体，不容易导电。,42,"{""min"": ""G3"", ""max"": ""G4""}",ai-adjudicated,[],deterministic-screen-only,not-adjudicated,anchors/science.jsonl:269
ca_gscUD1zB,科学,能通过制作简易装置改变振动的幅度与频率,知道声音有高低和强弱之声，声音高低和强弱的变化是由于振动的变化引起的；制作能产生不同高低、强弱声音的简易装置。,43,"{""min"": ""G3"", ""max"": ""G4""}",ai-reviewed,[],deterministic-screen-only,not-adjudicated,anchors/science.jsonl:270
ca_y1m87TsQ,科学,能列举生活中常见的力（如重力、摩擦力、弹力）,列举生活中常见的力（如重力、摩擦力、弹力），,43,"{""min"": ""G7"", ""max"": ""G9""}",ai-reviewed,[],deterministic-screen-only,not-adjudicated,anchors/science.jsonl:271
ca_qhG86o7R,科学,能举例说明二力平衡的条件，以及力是物体运动状态变化的原因,⑥举例说明二力平衡的条件，以及力是物体运动状态变化的原因。,44,"{""min"": ""G7"", ""max"": ""G9""}",ai-reviewed,[],deterministic-screen-only,not-adjudicated,anchors/science.jsonl:272
ca_DsgznU5s,科学,能说明有些力是通过接触物体施加的，有些力是不直接接触物体施加的,能说明有些力是通过接触物体施加的，有些力是不直接接触物体施加的,46,"{""min"": ""G1"", ""max"": ""G9""}",ai-reviewed,"[""A06""]",deterministic-screen-only,not-adjudicated,anchors/science.jsonl:273
ca_FYmO6fd6,科学,能用相同路程比时间或相同时间比路程的方法，比较两个物体的运动快慢,让学生用相同路程比时间或相同时间比路程的方法，比较两个物体的运动快慢。,48,"{""min"": ""G1"", ""max"": ""G6""}",ai-reviewed,"[""A06""]",deterministic-screen-only,not-adjudicated,anchors/science.jsonl:274
ca_SZzX4KAu,科学,能说出相互作用是物体发生形变或发生运动状态变化的原因,相互作用是物体发生形变或发生运动状态变化的原因,48,"{""min"": ""G7"", ""max"": ""G9""}",ai-adjudicated,[],deterministic-screen-only,not-adjudicated,anchors/science.jsonl:275
ca_g7CDvcXQ,科学,能比较两个物体运动快慢，相同时间比路程或相同路程比时间,开展比较两个物体运动快慢的活动，相同时间比路程或相同路程比时间,49,"{""min"": ""G1"", ""max"": ""G6""}",ai-reviewed,"[""A06""]",deterministic-screen-only,not-adjudicated,anchors/science.jsonl:276
ca_NLrxDJ1m,科学,能测量并描述物体的温度,②描述测量物体温度的方法，知道摄氏度是表示物体冷热程度的常用温度标准单位。,50,"{""min"": ""G3"", ""max"": ""G4""}",ai-reviewed,"[""A08""]",deterministic-screen-only,not-adjudicated,anchors/science.jsonl:277
ca_L5dOKbhB,科学,"能说出""永动机""是不可能实现的",初步了解“永动机”是不可能实现的。,51,"{""min"": ""G7"", ""max"": ""G9""}",ai-adjudicated,[],deterministic-screen-only,not-adjudicated,anchors/science.jsonl:278
ca_om7Ilykz,科学,能说出太阳是地球上各种能量的最主要来源,认识太阳是地球上各种能量的最主要来源,52,"{""min"": ""G7"", ""max"": ""G9""}",ai-adjudicated,[],deterministic-screen-only,not-adjudicated,anchors/science.jsonl:279
ca_YfgBpQ0g,科学,能说出热机是将内能转化为机械能的工具,热机是人类将内能转化成机械能的重要工具,54,"{""min"": ""G1"", ""max"": ""G6""}",ai-adjudicated,"[""A06""]",deterministic-screen-only,not-adjudicated,anchors/science.jsonl:280
ca_SzWpbXLx,科学,能举例说明动物和植物都是生物,①举例说明动物和植物都是生物。,56,"{""min"": ""G1"", ""max"": ""G2""}",ai-reviewed,[],deterministic-screen-only,not-adjudicated,anchors/science.jsonl:281
ca_48jKLSrh,科学,能列举当地的植物资源，尤其是与人类生活密切相关的植物,④说出植物的某些共同特征；列举当地的植物资源，尤其是与人类生活密切相关的植物。,56,"{""min"": ""G3"", ""max"": ""G4""}",ai-reviewed,[],deterministic-screen-only,not-adjudicated,anchors/science.jsonl:282
ca_OXUxu5g4,科学,能举例说出感冒、痢疾等疾病是由微生物引起的,举例说出感冒、痢疾等疾病是由微生物引起的。,57,"{""min"": ""G5"", ""max"": ""G6""}",ai-reviewed,[],deterministic-screen-only,not-adjudicated,anchors/science.jsonl:283
ca_rgOqS7Df,科学,能说出细胞是生物体的基本结构单位,知道细胞是生物体的基本结构单位。,57,"{""min"": ""G5"", ""max"": ""G6""}",ai-adjudicated,[],deterministic-screen-only,not-adjudicated,anchors/science.jsonl:284
ca_hyVu7bq0,科学,能说出脑是认知、情感、意志和行为的生物学基础,说出脑是认知、情感、意志和行为的生物学基础,57,"{""min"": ""G5"", ""max"": ""G6""}",ai-adjudicated,"[""A13""]",deterministic-screen-only,not-adjudicated,anchors/science.jsonl:285
ca_vGVGOabh,科学,能说出种群是由一定区域内同种生物的所有个体组成的,⑳知道种群是由一定区域内同种生物的所有个体组成的。,59,"{""min"": ""G7"", ""max"": ""G9""}",ai-adjudicated,[],deterministic-screen-only,not-adjudicated,anchors/science.jsonl:286
ca_x8emHlDT,科学,能识别周围的生物和非生物,1～2年级，可让学生识别周围的生物和非生物,61,"{""min"": ""G1"", ""max"": ""G2""}",ai-reviewed,[],deterministic-screen-only,not-adjudicated,anchors/science.jsonl:287
ca_fcC35IDz,科学,能观察并分析常见的生物，对其进行排序和分类,3～4年级，可让学生根据观察和分析，对常见的生物进行排序和分类,61,"{""min"": ""G3"", ""max"": ""G4""}",ai-reviewed,[],deterministic-screen-only,not-adjudicated,anchors/science.jsonl:288
ca_Hudo9H2v,科学,能说出7~9年级学生应能制作生命系统构成层次的概念图,再进一步整合种群、群落、生态系统、生物圈等相关概念，制作生命系统构成层次的概念图,61,"{""min"": ""G7"", ""max"": ""G9""}",ai-reviewed,"[""A05"", ""A11""]",deterministic-screen-only,not-adjudicated,anchors/science.jsonl:294
ca_l78Frdub,科学,1~2年级学生能运用能识别生物的信息化手段，观察、识别校园或社区中的生物,1～2年级：运用能识别生物的信息化手段，观察、识别校园或社区中的生物,61,"{""min"": ""G1"", ""max"": ""G2""}",ai-reviewed,[],deterministic-screen-only,not-adjudicated,anchors/science.jsonl:295
ca_xcTl8fJ8,科学,能说出动物图片分类的依据是获取的食物,利用动物图片进行分类（如根据动物获取的食物将动物进行分类）,62,"{""min"": ""G3"", ""max"": ""G4""}",ai-reviewed,[],deterministic-screen-only,not-adjudicated,anchors/science.jsonl:297
ca_tvr5zQit,科学,能说出调查的对象是当地主要的经济作物、观赏植物和珍稀植物,调查当地主要的经济作物、观赏植物和珍稀植物,62,"{""min"": ""G3"", ""max"": ""G4""}",ai-reviewed,[],deterministic-screen-only,not-adjudicated,anchors/science.jsonl:301
ca_EqZ2ODBn,科学,能说出调查的对象是当地近年来新出现的食用植物品种,调查当地近年来新出现的食用植物品种,62,"{""min"": ""G3"", ""max"": ""G4""}",ai-reviewed,[],deterministic-screen-only,not-adjudicated,anchors/science.jsonl:302
ca_oAeZBU4s,科学,能说出调查的对象是各地行道树树种的变化及其背后的原因,调查各地行道树树种的变化及其背后的原因,62,"{""min"": ""G5"", ""max"": ""G6""}",ai-reviewed,[],deterministic-screen-only,not-adjudicated,anchors/science.jsonl:303
ca_swmLhGBF,科学,能说出生物体是一个在内部和外部不断进行物质循环、能量流动和信息交流与反馈的开放系统,生物体是一个在内部和外部不断进行物质循环、能量流动和信息交流与反馈的开放系统，能通过自我调节机制维持稳态。,63,"{""min"": ""G7"", ""max"": ""G9""}",ai-adjudicated,[],deterministic-screen-only,not-adjudicated,anchors/science.jsonl:305
ca_fEA6ksyH,科学,能以体温调节为例说明人体是一个统一的整体,⑧以体温调节为例，说明人体是一个统一的整体。,65,"{""min"": ""G7"", ""max"": ""G9""}",ai-reviewed,[],deterministic-screen-only,not-adjudicated,anchors/science.jsonl:306
ca_3bZNHIV7,科学,能说明生态系统中物质和能量是沿着食物链与食物网流动的,③说明生态系统中物质和能量是沿着食物链与食物网流动的，说出生态平衡的现象和意义。,69,"{""min"": ""G7"", ""max"": ""G9""}",ai-reviewed,[],deterministic-screen-only,not-adjudicated,anchors/science.jsonl:308
ca_JpJngc3c,科学,能举例说明良好的生活习惯是健康的保障,举例说明良好的生活习惯是健康的保障,70,"{""min"": ""G7"", ""max"": ""G9""}",ai-reviewed,"[""A13""]",deterministic-screen-only,not-adjudicated,anchors/science.jsonl:309
ca_U7GgVizO,科学,能说出3~4年级学生应调查不同环境中植物、动物的类型和数量,3～4年级，可让学生调查不同环境中的植物、动物的类型和数量。,72,"{""min"": ""G3"", ""max"": ""G4""}",ai-reviewed,"[""A05"", ""A09"", ""A11""]",deterministic-screen-only,not-adjudicated,anchors/science.jsonl:310
ca_6e6Ghayy,科学,能说出3~4年级学生应观察对比沙漠、盐碱地及海底植物的外部形态的异同,3～4年级：利用图片或实物，观察对比沙漠、盐碱地及海底植物的外部形态的异同,72,"{""min"": ""G3"", ""max"": ""G4""}",ai-reviewed,"[""A05"", ""A09"", ""A11""]",deterministic-screen-only,not-adjudicated,anchors/science.jsonl:312
ca_ZZqB8uTv,科学,能说出7~9年级学生应观察动物取食、争斗等行为,7～9年级：观察动物取食、争斗等行为,72,"{""min"": ""G7"", ""max"": ""G9""}",ai-reviewed,"[""A05"", ""A09"", ""A11""]",deterministic-screen-only,not-adjudicated,anchors/science.jsonl:313
ca_TbQvMfZa,科学,能说出7~9年级学生应观察蚯蚓对刺激（如光、热）的反应,7～9年级：观察蚯蚓对刺激（如光、热）的反应,72,"{""min"": ""G7"", ""max"": ""G9""}",ai-reviewed,"[""A05"", ""A11""]",deterministic-screen-only,not-adjudicated,anchors/science.jsonl:314
ca_0nSa2sri,科学,能说出7~9年级学生应观察蚂蚁（或蜜蜂）的社群行为,7～9年级：观察蚂蚁（或蜜蜂）的社群行为,72,"{""min"": ""G7"", ""max"": ""G9""}",ai-reviewed,"[""A05"", ""A11""]",deterministic-screen-only,not-adjudicated,anchors/science.jsonl:315
ca_1fVemFIw,科学,能说出7~9年级学生应观察鸟类的筑巢与育雏、迁徙行为,7～9年级：观察鸟类的筑巢与育雏、迁徙行为,72,"{""min"": ""G7"", ""max"": ""G9""}",ai-reviewed,"[""A05"", ""A09"", ""A11""]",deterministic-screen-only,not-adjudicated,anchors/science.jsonl:316
ca_gUWUmxjJ,科学,能观察比较植物的向光性、向地性、向水性及对外界其他刺激的反应,7～9年级：观察比较植物的向光性、向地性、向水性及对外界其他刺激的反应（如含羞草对触摸、震动的反应）。,72,"{""min"": ""G7"", ""max"": ""G9""}",ai-reviewed,"[""A09""]",deterministic-screen-only,not-adjudicated,anchors/science.jsonl:317
ca_W3docYiv,科学,能根据化石资料举例说出已灭绝的生物，并描述和比较灭绝生物与当今某些生物的相似之处,根据化石资料，举例说出已灭绝的生物；描述和比较灭绝生物与当今某些生物的相似之处。,75,"{""min"": ""G5"", ""max"": ""G6""}",ai-reviewed,"[""A09""]",deterministic-screen-only,not-adjudicated,anchors/science.jsonl:318
ca_Hy0fPsTM,科学,能说出枝条和叶都是由叶芽发育而来的,知道枝条和叶都是由叶芽发育而来的。,75,"{""min"": ""G7"", ""max"": ""G9""}",ai-adjudicated,[],deterministic-screen-only,not-adjudicated,anchors/science.jsonl:319
ca_LYyihjN0,科学,能举例说明生物的性状是由基因控制的,说出遗传物质的作用，知道DNA、基因和染色体的关系，知道决定人性别的因素；举例说明生物的性状是由基因控制的。,75,"{""min"": ""G7"", ""max"": ""G9""}",ai-reviewed,[],deterministic-screen-only,not-adjudicated,anchors/science.jsonl:320
ca_K0dXhyrz,科学,能说出近亲结婚的危害是增加遗传病发病率,从遗传学角度说出近亲结婚的危害，认同优生优育。,76,"{""min"": ""G7"", ""max"": ""G9""}",ai-adjudicated,"[""A08""]",deterministic-screen-only,not-adjudicated,anchors/science.jsonl:321
ca_Ox8CwWcf,科学,能说出拉马克和达尔文是提出生物进化观点的科学家,扮演拉马克、达尔文等科学家，提出各自的生物进化观点,78,"{""min"": ""G7"", ""max"": ""G9""}",ai-reviewed,[],deterministic-screen-only,not-adjudicated,anchors/science.jsonl:322
ca_MOOdpO5B,科学,能说出地球是太阳系中的一颗行星,地球是太阳系中的一颗行星，地球和月球组成地月系，太阳、绕太阳运转的行星及其卫星和各类小天体组成太阳系，太阳是银河系中的一颗普通恒星，银河系是宇宙中的一个普通星系。,79,"{""min"": ""G1"", ""max"": ""G9""}",ai-adjudicated,"[""A06""]",deterministic-screen-only,not-adjudicated,anchors/science.jsonl:323
ca_56aNLr3O,科学,能说出太阳是银河系中的一颗普通恒星,地球是太阳系中的一颗行星，地球和月球组成地月系，太阳、绕太阳运转的行星及其卫星和各类小天体组成太阳系，太阳是银河系中的一颗普通恒星，银河系是宇宙中的一个普通星系。,79,"{""min"": ""G1"", ""max"": ""G9""}",ai-adjudicated,"[""A06""]",deterministic-screen-only,not-adjudicated,anchors/science.jsonl:324
ca_ZLO9YKCg,科学,能说出银河系是宇宙中的一个普通星系,地球是太阳系中的一颗行星，地球和月球组成地月系，太阳、绕太阳运转的行星及其卫星和各类小天体组成太阳系，太阳是银河系中的一颗普通恒星，银河系是宇宙中的一个普通星系。,79,"{""min"": ""G1"", ""max"": ""G9""}",ai-adjudicated,"[""A06""]",deterministic-screen-only,not-adjudicated,anchors/science.jsonl:325
ca_kx5AEixl,科学,能说出每天观察到的月亮形状是变化的,③知道每天观察到的月亮形状是变化的。,80,"{""min"": ""G1"", ""max"": ""G2""}",ai-adjudicated,[],deterministic-screen-only,not-adjudicated,anchors/science.jsonl:326
ca_m48cVRo5,科学,能说出地球是一个球体,①知道地球是一个球体，是太阳系中的一颗行星，太阳系有八颗行星。,80,"{""min"": ""G3"", ""max"": ""G4""}",ai-adjudicated,[],deterministic-screen-only,not-adjudicated,anchors/science.jsonl:327
ca_6KH24Pe0,科学,能说出月球是地球的天然卫星,③知道月球是地球的天然卫星；通过望远镜观察或利用图片资料，了解月球表面的概况。,80,"{""min"": ""G3"", ""max"": ""G4""}",ai-adjudicated,[],deterministic-screen-only,not-adjudicated,anchors/science.jsonl:328
ca_C6kkISwh,科学,能说出太阳是一颗恒星，是太阳系的中心天体,⑤比较太阳、地球、月球的相对大小，知道太阳是一颗恒星，是太阳系的中心天体，描述太阳系八颗行星在太阳系中的相对位置。,80,"{""min"": ""G5"", ""max"": ""G6""}",ai-adjudicated,[],deterministic-screen-only,not-adjudicated,anchors/science.jsonl:329
ca_ORQRjrr8,科学,能说出太阳系、银河系、宇宙是动态演化的,初步形成太阳系、银河系、宇宙动态演化的思想,83,"{""min"": ""G7"", ""max"": ""G9""}",ai-reviewed,[],deterministic-screen-only,not-adjudicated,anchors/science.jsonl:331
ca_1Gjv3P0f,科学,能测量并记录一天中不同时刻的物体影长,3～4年级：测量并记录一天中不同时刻的物体影长。,84,"{""min"": ""G3"", ""max"": ""G4""}",ai-reviewed,[],deterministic-screen-only,not-adjudicated,anchors/science.jsonl:332
ca_ja89YmaW,科学,能说出7~9年级学生需要利用三球仪模拟地球、月球和太阳的相对运动,7～9年级：利用三球仪模拟地球、月球和太阳的相对运动,84,"{""min"": ""G7"", ""max"": ""G9""}",ai-reviewed,[],deterministic-screen-only,not-adjudicated,anchors/science.jsonl:333
ca_jBkpBRGV,科学,能说出流水和地壳运动是塑造地表形态的重要力量,大气运动形成了天气和气候现象，岩石风化形成了土壤，流水和地壳运动是塑造地表形态的重要力量。,85,"{""min"": ""G1"", ""max"": ""G6""}",ai-adjudicated,"[""A06""]",deterministic-screen-only,not-adjudicated,anchors/science.jsonl:334
ca_4GTdRW6R,科学,能说出地球表面被大气包围着，大气是运动的,①知道地球表面被大气包围着，大气是运动的；,86,"{""min"": ""G3"", ""max"": ""G4""}",ai-adjudicated,[],deterministic-screen-only,not-adjudicated,anchors/science.jsonl:335
ca_Wb3Qk5zF,科学,能说出地球表面覆盖着岩石，岩石是由矿物组成的,③知道地球表面覆盖着岩石，岩石是由矿物组成的；,86,"{""min"": ""G5"", ""max"": ""G6""}",ai-adjudicated,[],deterministic-screen-only,not-adjudicated,anchors/science.jsonl:336
ca_QaJfoGi5,科学,能说出火山喷发和地震是地球内部能量集中释放产生的自然现象,④知道火山喷发和地震是地球内部能量集中释放产生的自然现象。,86,"{""min"": ""G5"", ""max"": ""G6""}",ai-adjudicated,[],deterministic-screen-only,not-adjudicated,anchors/science.jsonl:337
ca_MUWE3HLD,科学,能说出岩石是由矿物组成的,知道岩石是由矿物组成的,88,"{""min"": ""G5"", ""max"": ""G6""}",ai-adjudicated,[],deterministic-screen-only,not-adjudicated,anchors/science.jsonl:338
ca_DX7omnHJ,科学,能说出地球是一个有机的整体，由外部圈层和内部圈层组成,使学生认识到：地球是一个有机的整体，由外部圈层和内部圈层组成,89,"{""min"": ""G1"", ""max"": ""G6""}",ai-adjudicated,"[""A06""]",deterministic-screen-only,not-adjudicated,anchors/science.jsonl:339
ca_su9uOypk,科学,能说出地球是人类与动植物共同的家园,知道地球是人类与动植物共同的家园,91,"{""min"": ""G1"", ""max"": ""G2""}",ai-adjudicated,[],deterministic-screen-only,not-adjudicated,anchors/science.jsonl:343
ca_ZU9HMXt8,科学,能说出土壤是农业生产的基础,③知道土壤是农业生产的基础，树立保护土壤资源的意识。,92,"{""min"": ""G3"", ""max"": ""G4""}",ai-adjudicated,[],deterministic-screen-only,not-adjudicated,anchors/science.jsonl:344
ca_lktqMaB5,科学,能说出我国是一个自然灾害多发的国家,知道我国是一个自然灾害多发的国家,94,"{""min"": ""G7"", ""max"": ""G9""}",ai-adjudicated,[],deterministic-screen-only,not-adjudicated,anchors/science.jsonl:345
ca_RiDNlt2u,科学,"能围绕""水是生命之源""""我们只有一个地球""等主题制作与展示手抄报、宣传海报",3～4年级：围绕“水是生命之源”“我们只有一个地球”等主题，制作与展示手抄报、宣传海报，组织科普图书读书会等活动。,96,"{""min"": ""G3"", ""max"": ""G4""}",ai-reviewed,"[""A09""]",deterministic-screen-only,not-adjudicated,anchors/science.jsonl:346
ca_ZTMq83zD,科学,能说出我们周围的人造物是由人设计并制造出来的,①知道我们周围的人造物是由人设计并制造出来的，观察和区别身边的自然物和人造物。,97,"{""min"": ""G1"", ""max"": ""G2""}",ai-adjudicated,[],deterministic-screen-only,not-adjudicated,anchors/science.jsonl:350
ca_VFmGwYvd,科学,能结合指南针中的小磁针是磁铁、可以用来指示南北的知识，设计制作简易指南针,结合“指南针中的小磁针是磁铁，可以用来指示南北”的知识，设计制作简易指南针,104,"{""min"": ""G3"", ""max"": ""G4""}",ai-reviewed,[],deterministic-screen-only,not-adjudicated,anchors/science.jsonl:360
ca_5zkD6tUR,科学,能说出为使晷针影子匀速转动，不同季节日晷晷面角度是否需要调节,为了使晷针影子匀速转动，不同季节日晷晷面角度是否需要调节？,106,"{""min"": ""G7"", ""max"": ""G9""}",ai-reviewed,[],deterministic-screen-only,not-adjudicated,anchors/science.jsonl:361
ca_8N9uzw8J,科学,能说出材料选择、成本计算是思维训练的载体,又如，材料选择、成本计算，是思维训练的载体,113,"{""min"": ""G7"", ""max"": ""G9""}",ai-adjudicated,[],deterministic-screen-only,not-adjudicated,anchors/science.jsonl:362
ca_QQxo3ghc,科学,能制作比较简单的作品,1～4年级，可以制作比较简单的作品,113,"{""min"": ""G1"", ""max"": ""G4""}",ai-reviewed,"[""A06""]",deterministic-screen-only,not-adjudicated,anchors/science.jsonl:364
ca_awjpncg3,科学,能设计并制作装置或模型，利用其进行深入研究,项目研究是围绕真实情境开展学习的方式，要通过技术与工程方法设计制作装置或模型，利用装置或模型进行深入研究，发展实践能力和创造能力。,114,"{""min"": ""G3"", ""max"": ""G9""}",ai-reviewed,"[""A06""]",deterministic-screen-only,not-adjudicated,anchors/science.jsonl:366
ca_bXghC2fS,科学,能用A4纸和胶水制作一个单跨纸桥,明确问题。用A4纸和胶水制作一个单跨纸桥,115,"{""min"": ""G1"", ""max"": ""G2""}",ai-reviewed,[],deterministic-screen-only,not-adjudicated,anchors/science.jsonl:367
ca_Mt7Ij9qZ,科学,能制作纸桥并集中展示，介绍制作经历,发布成果。集中展示纸桥，让学生介绍自己制作纸桥的经历,115,"{""min"": ""G1"", ""max"": ""G2""}",ai-reviewed,[],deterministic-screen-only,not-adjudicated,anchors/science.jsonl:368
ca_Joh79JjJ,科学,能以项目研究的方式制作简易小乐器、简单创意电路、弹射纸飞机,以项目研究的方式制作简易小乐器、简单创意电路、弹射纸飞机等，培养动手能力，体验工程实践的要素。,116,"{""min"": ""G3"", ""max"": ""G4""}",ai-reviewed,"[""A09""]",deterministic-screen-only,not-adjudicated,anchors/science.jsonl:369
ca_nPzTqrU2,科学,能说出模拟飞船对接活动中实施计划的步骤是做出飞船模型并加入电路,③实施计划。在教师指导下，做出飞船模型并适当进行艺术处理（如图9所示），同时把电路加入。,116,"{""min"": ""G5"", ""max"": ""G6""}",ai-reviewed,[],deterministic-screen-only,not-adjudicated,anchors/science.jsonl:371
ca_6tAHqESA,科学,能通过感官描述空气的颜色,认识空气是无色、无味的气体。,26,"{""min"": ""G1"", ""max"": ""G2""}",ai-reviewed,"[""A04""]",deterministic-screen-only,not-adjudicated,anchors/science.jsonl:372
ca_BHgCc2Rr,科学,能通过感官描述空气的气味,认识空气是无色、无味的气体。,26,"{""min"": ""G1"", ""max"": ""G2""}",ai-reviewed,"[""A04""]",deterministic-screen-only,not-adjudicated,anchors/science.jsonl:373
ca_VKU9hc8E,科学,能通过对比实验说明搅拌对物质在水中溶解快慢的影响,④知道是否搅拌和温度高低是影响物质在水中溶解快慢的常见因素。,36,"{""min"": ""G3"", ""max"": ""G4""}",ai-reviewed,"[""A04""]",deterministic-screen-only,not-adjudicated,anchors/science.jsonl:374
ca_d2XpK8Ar,科学,能通过对比实验说明温度高低对物质在水中溶解快慢的影响,④知道是否搅拌和温度高低是影响物质在水中溶解快慢的常见因素。,36,"{""min"": ""G3"", ""max"": ""G4""}",ai-reviewed,"[""A04""]",deterministic-screen-only,not-adjudicated,anchors/science.jsonl:375
ca_BsA6zckM,科学,能举例说明植物的基本结构单位是细胞,知道细胞是生物体的基本结构单位。,57,"{""min"": ""G5"", ""max"": ""G6""}",ai-reviewed,"[""A04""]",deterministic-screen-only,not-adjudicated,anchors/science.jsonl:376
ca_k4YJVvaJ,科学,能举例说明动物的基本结构单位是细胞,知道细胞是生物体的基本结构单位。,57,"{""min"": ""G5"", ""max"": ""G6""}",ai-reviewed,"[""A04""]",deterministic-screen-only,not-adjudicated,anchors/science.jsonl:377
ca_ktExETxK,科学,能说出当地至少三种主要的经济作物的名称,调查当地主要的经济作物、观赏植物和珍稀植物,62,"{""min"": ""G3"", ""max"": ""G4""}",ai-reviewed,"[""A04""]",deterministic-screen-only,not-adjudicated,anchors/science.jsonl:378
ca_bU9dpKBa,科学,能说出当地至少三种主要的观赏植物的名称,调查当地主要的经济作物、观赏植物和珍稀植物,62,"{""min"": ""G3"", ""max"": ""G4""}",ai-reviewed,"[""A04""]",deterministic-screen-only,not-adjudicated,anchors/science.jsonl:379
ca_wdNyu3ey,科学,能说出当地至少三种主要的珍稀植物的名称,调查当地主要的经济作物、观赏植物和珍稀植物,62,"{""min"": ""G3"", ""max"": ""G4""}",ai-reviewed,"[""A04""]",deterministic-screen-only,not-adjudicated,anchors/science.jsonl:380
ca_34ywyJGf,科学,能针对某一城市列举出其行道树树种变化的两个具体实例,调查各地行道树树种的变化及其背后的原因,62,"{""min"": ""G5"", ""max"": ""G6""}",ai-reviewed,"[""A04""]",deterministic-screen-only,not-adjudicated,anchors/science.jsonl:381
ca_KYMvmgyA,科学,能针对某一城市说明其行道树树种变化背后的一个可能原因,调查各地行道树树种的变化及其背后的原因,62,"{""min"": ""G5"", ""max"": ""G6""}",ai-reviewed,"[""A04""]",deterministic-screen-only,not-adjudicated,anchors/science.jsonl:382
ca_2e6tTVX3,科学,能指出生物体系统在维持稳态时，同时进行物质循环的具体实例,生物体是一个在内部和外部不断进行物质循环、能量流动和信息交流与反馈的开放系统，能通过自我调节机制维持稳态。,63,"{""min"": ""G7"", ""max"": ""G9""}",ai-reviewed,"[""A04""]",deterministic-screen-only,not-adjudicated,anchors/science.jsonl:383
ca_h4XdifhS,科学,能指出生物体系统在维持稳态时，同时进行能量流动的具体实例,生物体是一个在内部和外部不断进行物质循环、能量流动和信息交流与反馈的开放系统，能通过自我调节机制维持稳态。,63,"{""min"": ""G7"", ""max"": ""G9""}",ai-reviewed,"[""A04""]",deterministic-screen-only,not-adjudicated,anchors/science.jsonl:384
ca_KkxaQ5Ug,科学,能指出生物体系统在维持稳态时，同时进行信息交流反馈的具体实例,生物体是一个在内部和外部不断进行物质循环、能量流动和信息交流与反馈的开放系统，能通过自我调节机制维持稳态。,63,"{""min"": ""G7"", ""max"": ""G9""}",ai-reviewed,"[""A04""]",deterministic-screen-only,not-adjudicated,anchors/science.jsonl:385
ca_ExjQvhXG,科学,能描述鸟类筑巢与育雏行为的至少两个具体特征,7～9年级：观察鸟类的筑巢与育雏、迁徙行为,72,"{""min"": ""G7"", ""max"": ""G9""}",ai-reviewed,"[""A04""]",deterministic-screen-only,not-adjudicated,anchors/science.jsonl:386
ca_QKH8xRw5,科学,能描述鸟类迁徙行为的至少两个具体特征,7～9年级：观察鸟类的筑巢与育雏、迁徙行为,72,"{""min"": ""G7"", ""max"": ""G9""}",ai-reviewed,"[""A04""]",deterministic-screen-only,not-adjudicated,anchors/science.jsonl:387
ca_r38sLk9n,科学,能用至少两个具体例子说明太阳系是动态演化的,初步形成太阳系、银河系、宇宙动态演化的思想,83,"{""min"": ""G7"", ""max"": ""G9""}",ai-reviewed,"[""A04""]",deterministic-screen-only,not-adjudicated,anchors/science.jsonl:388
ca_4Lmxb8Dh,科学,能用至少两个具体例子说明银河系是动态演化的,初步形成太阳系、银河系、宇宙动态演化的思想,83,"{""min"": ""G7"", ""max"": ""G9""}",ai-reviewed,"[""A04""]",deterministic-screen-only,not-adjudicated,anchors/science.jsonl:389
ca_QZXARsqP,科学,能用至少两个具体例子说明宇宙是动态演化的,初步形成太阳系、银河系、宇宙动态演化的思想,83,"{""min"": ""G7"", ""max"": ""G9""}",ai-reviewed,"[""A04""]",deterministic-screen-only,not-adjudicated,anchors/science.jsonl:390
ca_43JQQ5wK,科学,能操作三球仪，演示出地球绕太阳公转的相对运动,7～9年级：利用三球仪模拟地球、月球和太阳的相对运动,84,"{""min"": ""G7"", ""max"": ""G9""}",ai-reviewed,"[""A04""]",deterministic-screen-only,not-adjudicated,anchors/science.jsonl:391
ca_jeNQmF3T,科学,能操作三球仪，演示出月球绕地球公转的相对运动,7～9年级：利用三球仪模拟地球、月球和太阳的相对运动,84,"{""min"": ""G7"", ""max"": ""G9""}",ai-reviewed,"[""A04""]",deterministic-screen-only,not-adjudicated,anchors/science.jsonl:392
ca_bKbF7hhc,科学,能举例说明流水如何塑造地表形态,大气运动形成了天气和气候现象，岩石风化形成了土壤，流水和地壳运动是塑造地表形态的重要力量。,85,"{""min"": ""G1"", ""max"": ""G6""}",ai-reviewed,"[""A04"", ""A06""]",deterministic-screen-only,not-adjudicated,anchors/science.jsonl:393
ca_DwEv8dgr,科学,能举例说明地壳运动如何塑造地表形态,大气运动形成了天气和气候现象，岩石风化形成了土壤，流水和地壳运动是塑造地表形态的重要力量。,85,"{""min"": ""G1"", ""max"": ""G6""}",ai-reviewed,"[""A04"", ""A06""]",deterministic-screen-only,not-adjudicated,anchors/science.jsonl:394
ca_SkDb6e3r,科学,能说明常见材料在水中的沉浮现象,能说明常见材料在水中的沉浮现象、导热性及其用途，能解释水在日常生活中的三态变化现象及引起变化的主要因素，知道空气是一种混合物以及它的主要成分。,31,"{""min"": ""G1"", ""max"": ""G9""}",ai-reviewed,"[""A06""]",deterministic-screen-only,not-adjudicated,anchors/science.jsonl:395
ca_QS73GYLV,科学,能说明常见材料的导热性,能说明常见材料在水中的沉浮现象、导热性及其用途，能解释水在日常生活中的三态变化现象及引起变化的主要因素，知道空气是一种混合物以及它的主要成分。,31,"{""min"": ""G1"", ""max"": ""G9""}",ai-reviewed,"[""A06""]",deterministic-screen-only,not-adjudicated,anchors/science.jsonl:396
ca_j9i8nKgd,科学,能说明常见材料的用途,能说明常见材料在水中的沉浮现象、导热性及其用途，能解释水在日常生活中的三态变化现象及引起变化的主要因素，知道空气是一种混合物以及它的主要成分。,31,"{""min"": ""G1"", ""max"": ""G9""}",ai-reviewed,"[""A06""]",deterministic-screen-only,not-adjudicated,anchors/science.jsonl:397
ca_LvxTaNmP,科学,能识别生活中各种能的形式,能识别生活中各种能的形式，举例说明运动的物体具有能量。,52,"{""min"": ""G1"", ""max"": ""G9""}",ai-reviewed,"[""A06""]",deterministic-screen-only,not-adjudicated,anchors/science.jsonl:398
ca_MGtxHfGu,科学,能举例说明运动的物体具有能量,能识别生活中各种能的形式，举例说明运动的物体具有能量。,52,"{""min"": ""G1"", ""max"": ""G9""}",ai-reviewed,"[""A06""]",deterministic-screen-only,not-adjudicated,anchors/science.jsonl:399
ca_BAQtXbkq,科学,能比较生物与非生物的特征,能比较生物与非生物的特征，说出生物与非生物的不同特点；,59,"{""min"": ""G1"", ""max"": ""G1""}",ai-reviewed,[],deterministic-screen-only,not-adjudicated,anchors/science.jsonl:400
ca_GhHbFXnL,科学,能说出生物与非生物的不同特点,能比较生物与非生物的特征，说出生物与非生物的不同特点；,59,"{""min"": ""G1"", ""max"": ""G1""}",ai-reviewed,[],deterministic-screen-only,not-adjudicated,anchors/science.jsonl:401
ca_GRdtgs7G,科学,能说出植物和动物的基本生存需要,能说出植物和动物都有基本生存需要，认识到植物、动物的某些结构具有帮助其维持自身生存的相应功能。,66,"{""min"": ""G1"", ""max"": ""G1""}",ai-reviewed,[],deterministic-screen-only,not-adjudicated,anchors/science.jsonl:402
ca_KR7N4UG8,科学,能指出植物和动物的某些结构具有帮助维持生存的功能,能说出植物和动物都有基本生存需要，认识到植物、动物的某些结构具有帮助其维持自身生存的相应功能。,66,"{""min"": ""G1"", ""max"": ""G1""}",ai-reviewed,[],deterministic-screen-only,not-adjudicated,anchors/science.jsonl:403
ca_A6TKjuxf,科学,能举例说出季节变化对动植物的影响,1～2年级能描述太阳的位置变化和月亮的形状变化，能举例说出季节变化对动植物和人类生活的影响。,82,"{""min"": ""G1"", ""max"": ""G9""}",ai-reviewed,"[""A06""]",deterministic-screen-only,not-adjudicated,anchors/science.jsonl:404
ca_WHMqLgMv,科学,能举例说出季节变化对人类生活的影响,1～2年级能描述太阳的位置变化和月亮的形状变化，能举例说出季节变化对动植物和人类生活的影响。,82,"{""min"": ""G1"", ""max"": ""G9""}",ai-reviewed,"[""A06""]",deterministic-screen-only,not-adjudicated,anchors/science.jsonl:405
ca_4ut9FX6H,科学,能利用工具测量常见物体的特征,能利用工具测量、描述常见物体的特征和材料的性能，描述物体的运动，识别日常生活中各种形式的能；,120,"{""min"": ""G3"", ""max"": ""G3""}",ai-reviewed,[],deterministic-screen-only,not-adjudicated,anchors/science.jsonl:406
ca_hVsJQr97,科学,能利用工具测量常见物体的材料的性能,能利用工具测量、描述常见物体的特征和材料的性能，描述物体的运动，识别日常生活中各种形式的能；,120,"{""min"": ""G3"", ""max"": ""G3""}",ai-reviewed,[],deterministic-screen-only,not-adjudicated,anchors/science.jsonl:407
ca_StsYG44Y,科学,能利用工具描述常见物体的特征,能利用工具测量、描述常见物体的特征和材料的性能，描述物体的运动，识别日常生活中各种形式的能；,120,"{""min"": ""G3"", ""max"": ""G3""}",ai-reviewed,[],deterministic-screen-only,not-adjudicated,anchors/science.jsonl:408
ca_uSHwCu4t,科学,能利用工具描述常见物体的材料的性能,能利用工具测量、描述常见物体的特征和材料的性能，描述物体的运动，识别日常生活中各种形式的能；,120,"{""min"": ""G3"", ""max"": ""G3""}",ai-reviewed,[],deterministic-screen-only,not-adjudicated,anchors/science.jsonl:409
ca_ZFxHCv7d,科学,能结合生物的生存条件以及动物与植物相互关系等知识，简单描述生物与生物之间相互依存的关系,能结合生物的生存条件以及动物与植物相互关系等知识，简单描述生物与生物、生物与环境之间相互依存的关系；,121,"{""min"": ""G1"", ""max"": ""G9""}",ai-reviewed,"[""A06""]",deterministic-screen-only,not-adjudicated,anchors/science.jsonl:410
ca_8ugQh2VM,科学,能结合生物的生存条件以及动物与植物相互关系等知识，简单描述生物与环境之间相互依存的关系,能结合生物的生存条件以及动物与植物相互关系等知识，简单描述生物与生物、生物与环境之间相互依存的关系；,121,"{""min"": ""G1"", ""max"": ""G9""}",ai-reviewed,"[""A06""]",deterministic-screen-only,not-adjudicated,anchors/science.jsonl:411
ca_rpnw2JgZ,科学,能结合实例解释资源短缺等问题及其原因,能结合实例解释资源短缺、环境污染和生态破坏等问题及其原因，理解人类解决环境污染和生态破坏等问题的对策；,123,"{""min"": ""G7"", ""max"": ""G9""}",ai-reviewed,[],deterministic-screen-only,not-adjudicated,anchors/science.jsonl:412
ca_xWzfKCg4,科学,能结合实例解释环境污染等问题及其原因,能结合实例解释资源短缺、环境污染和生态破坏等问题及其原因，理解人类解决环境污染和生态破坏等问题的对策；,123,"{""min"": ""G7"", ""max"": ""G9""}",ai-reviewed,[],deterministic-screen-only,not-adjudicated,anchors/science.jsonl:413
ca_qEpEsRuN,科学,能结合实例解释生态破坏等问题及其原因,能结合实例解释资源短缺、环境污染和生态破坏等问题及其原因，理解人类解决环境污染和生态破坏等问题的对策；,123,"{""min"": ""G7"", ""max"": ""G9""}",ai-reviewed,[],deterministic-screen-only,not-adjudicated,anchors/science.jsonl:414
ca_dv32R2fF,科学,能说出3~4年级学生应调查不同环境中动物的类型和数量,3～4年级，可让学生调查不同环境中的植物、动物的类型和数量。,72,"{""min"": ""G3"", ""max"": ""G4""}",ai-reviewed,"[""A05"", ""A11""]",deterministic-screen-only,not-adjudicated,anchors/science.jsonl:416
ca_5wRMnz47,科学,能说出3~4年级学生应观察对比沙漠植物的外部形态的异同,3～4年级：利用图片或实物，观察对比沙漠、盐碱地及海底植物的外部形态的异同,72,"{""min"": ""G3"", ""max"": ""G4""}",ai-reviewed,"[""A05"", ""A11""]",deterministic-screen-only,not-adjudicated,anchors/science.jsonl:417
ca_FLKPbexT,科学,能说出3~4年级学生应观察对比海底植物的外部形态的异同,3～4年级：利用图片或实物，观察对比沙漠、盐碱地及海底植物的外部形态的异同,72,"{""min"": ""G3"", ""max"": ""G4""}",ai-reviewed,"[""A05"", ""A11""]",deterministic-screen-only,not-adjudicated,anchors/science.jsonl:419
ca_Y3DBGveb,科学,能说出7~9年级学生应观察鸟类的筑巢与育雏,7～9年级：观察鸟类的筑巢与育雏、迁徙行为,72,"{""min"": ""G7"", ""max"": ""G9""}",ai-reviewed,"[""A05"", ""A11""]",deterministic-screen-only,not-adjudicated,anchors/science.jsonl:422
ca_TbePnTgb,科学,能观察比较植物的向光性,7～9年级：观察比较植物的向光性、向地性、向水性及对外界其他刺激的反应（如含羞草对触摸、震动的反应）。,72,"{""min"": ""G7"", ""max"": ""G9""}",ai-reviewed,[],deterministic-screen-only,not-adjudicated,anchors/science.jsonl:424
ca_7WfvjB88,科学,能观察比较植物的向地性,7～9年级：观察比较植物的向光性、向地性、向水性及对外界其他刺激的反应（如含羞草对触摸、震动的反应）。,72,"{""min"": ""G7"", ""max"": ""G9""}",ai-reviewed,[],deterministic-screen-only,not-adjudicated,anchors/science.jsonl:425
ca_XtpmAUhU,科学,能观察比较植物的向水性,7～9年级：观察比较植物的向光性、向地性、向水性及对外界其他刺激的反应（如含羞草对触摸、震动的反应）。,72,"{""min"": ""G7"", ""max"": ""G9""}",ai-reviewed,[],deterministic-screen-only,not-adjudicated,anchors/science.jsonl:426
ca_EZFNtauz,科学,能观察比较植物对外界其他刺激的反应,7～9年级：观察比较植物的向光性、向地性、向水性及对外界其他刺激的反应（如含羞草对触摸、震动的反应）。,72,"{""min"": ""G7"", ""max"": ""G9""}",ai-reviewed,[],deterministic-screen-only,not-adjudicated,anchors/science.jsonl:427
ca_4kgzgZJv,科学,能根据化石资料举例说出已灭绝的生物,根据化石资料，举例说出已灭绝的生物；描述和比较灭绝生物与当今某些生物的相似之处。,75,"{""min"": ""G5"", ""max"": ""G6""}",ai-reviewed,[],deterministic-screen-only,not-adjudicated,anchors/science.jsonl:428
ca_7nPhTaLs,科学,能描述灭绝生物与当今某些生物的相似之处,根据化石资料，举例说出已灭绝的生物；描述和比较灭绝生物与当今某些生物的相似之处。,75,"{""min"": ""G5"", ""max"": ""G6""}",ai-reviewed,[],deterministic-screen-only,not-adjudicated,anchors/science.jsonl:429
ca_dTfJCmx7,科学,能比较灭绝生物与当今某些生物的相似之处,根据化石资料，举例说出已灭绝的生物；描述和比较灭绝生物与当今某些生物的相似之处。,75,"{""min"": ""G5"", ""max"": ""G6""}",ai-reviewed,[],deterministic-screen-only,not-adjudicated,anchors/science.jsonl:430
ca_k4JwNiQg,科学,"能围绕""水是生命之源""等主题制作与展示手抄报",3～4年级：围绕“水是生命之源”“我们只有一个地球”等主题，制作与展示手抄报、宣传海报，组织科普图书读书会等活动。,96,"{""min"": ""G3"", ""max"": ""G4""}",ai-reviewed,[],deterministic-screen-only,not-adjudicated,anchors/science.jsonl:431
ca_MHNWrUq5,科学,"能围绕""水是生命之源""等主题制作与展示宣传海报",3～4年级：围绕“水是生命之源”“我们只有一个地球”等主题，制作与展示手抄报、宣传海报，组织科普图书读书会等活动。,96,"{""min"": ""G3"", ""max"": ""G4""}",ai-reviewed,[],deterministic-screen-only,not-adjudicated,anchors/science.jsonl:432
ca_baGncDnQ,科学,能以项目研究的方式制作简易小乐器,以项目研究的方式制作简易小乐器、简单创意电路、弹射纸飞机等，培养动手能力，体验工程实践的要素。,116,"{""min"": ""G3"", ""max"": ""G4""}",ai-reviewed,[],deterministic-screen-only,not-adjudicated,anchors/science.jsonl:433
ca_k4naq7dX,科学,能以项目研究的方式制作简单创意电路,以项目研究的方式制作简易小乐器、简单创意电路、弹射纸飞机等，培养动手能力，体验工程实践的要素。,116,"{""min"": ""G3"", ""max"": ""G4""}",ai-reviewed,[],deterministic-screen-only,not-adjudicated,anchors/science.jsonl:434
ca_tExgYxu3,科学,能以项目研究的方式制作弹射纸飞机,以项目研究的方式制作简易小乐器、简单创意电路、弹射纸飞机等，培养动手能力，体验工程实践的要素。,116,"{""min"": ""G3"", ""max"": ""G4""}",ai-reviewed,[],deterministic-screen-only,not-adjudicated,anchors/science.jsonl:435
